"draw","k_best","deltaD","amplitude","phase","delta_log_x","scale_ratio","converged","boundary","in_region"
1,31.1674669867947,271.779166740996,0.242075296838119,0.829857398539078,0.201594351887553,1.22335165715567,TRUE,FALSE,TRUE
2,31.3265306122449,291.098207283045,0.251103432750261,-0.643278356190908,0.200570736190098,1.22210005588453,TRUE,FALSE,TRUE
3,31.2310924369748,350.292117885404,0.27481946816395,0.112926912826274,0.20118365439375,1.22284933285476,TRUE,FALSE,TRUE
4,31.1356542617047,329.507479622766,0.266629790219672,1.12167663290701,0.201800330077136,1.22360366686859,TRUE,FALSE,TRUE
5,31.2629051620648,231.324742731204,0.223331386181013,-0.082905926651177,0.200978932527479,1.22259901448086,TRUE,FALSE,TRUE
6,31.421968787515,294.088817711072,0.252183004305814,-1.63785171200073,0.199961541228317,1.22135578541362,TRUE,FALSE,TRUE
7,31.1674669867947,312.470481201638,0.259707681799771,0.784571875093192,0.201594351887553,1.22335165715567,TRUE,FALSE,TRUE
8,31.390156062425,295.763801265119,0.252763500185084,-1.36755078074456,0.200164194618349,1.22160332238523,TRUE,FALSE,TRUE
9,31.2947178871549,328.113765361856,0.266583615342826,-0.320515524831712,0.200774626882275,1.22234925611478,TRUE,FALSE,TRUE
10,31.2310924369748,278.328529685378,0.244827414085051,0.168502305557398,0.20118365439375,1.22284933285476,TRUE,FALSE,TRUE
11,31.2310924369748,323.783918169445,0.264559570709164,0.242529300462252,0.20118365439375,1.22284933285476,TRUE,FALSE,TRUE
12,31.1356542617047,354.55276983111,0.277105675418524,1.18558266039805,0.201800330077136,1.22360366686859,TRUE,FALSE,TRUE
13,31.2947178871549,318.799544527166,0.262518510518372,-0.406484253048914,0.200774626882275,1.22234925611478,TRUE,FALSE,TRUE
14,31.3583433373349,386.136411522094,0.289213318648297,-1.09437651948748,0.200367259188048,1.22185141192648,TRUE,FALSE,TRUE
15,31.1674669867947,276.395934086121,0.244111455497801,0.800883643819962,0.201594351887553,1.22335165715567,TRUE,FALSE,TRUE
16,31.390156062425,298.717484973255,0.254142509361613,-1.37724317737043,0.200164194618349,1.22160332238523,TRUE,FALSE,TRUE
17,31.3265306122449,321.482593116244,0.263795517575877,-0.712899867399762,0.200570736190098,1.22210005588453,TRUE,FALSE,TRUE
18,31.3265306122449,304.42308667612,0.256632436910552,-0.69063111937942,0.200570736190098,1.22210005588453,TRUE,FALSE,TRUE
19,31.2947178871549,269.625728987649,0.24144864601937,-0.349299455781822,0.200774626882275,1.22234925611478,TRUE,FALSE,TRUE
20,31.2310924369748,325.004169286392,0.265099729099499,0.189406565749141,0.20118365439375,1.22284933285476,TRUE,FALSE,TRUE
21,31.3265306122449,301.561338217535,0.255127895685034,-0.757099658875994,0.200570736190098,1.22210005588453,TRUE,FALSE,TRUE
22,31.2629051620648,316.423158230505,0.261382324654871,-0.138200299519153,0.200978932527479,1.22259901448086,TRUE,FALSE,TRUE
23,31.3583433373349,323.692894473869,0.265051309604532,-0.938154385771925,0.200367259188048,1.22185141192648,TRUE,FALSE,TRUE
24,31.3265306122449,341.721166845483,0.271886758494817,-0.767943400391012,0.200570736190098,1.22210005588453,TRUE,FALSE,TRUE
25,31.2947178871549,307.820462751281,0.258105701009498,-0.366737230345649,0.200774626882275,1.22234925611478,TRUE,FALSE,TRUE
26,31.2947178871549,319.93332770139,0.262998863171738,-0.397043359380671,0.200774626882275,1.22234925611478,TRUE,FALSE,TRUE
27,31.1992797118848,312.766830417966,0.260154357209566,0.567196714487416,0.201388793754304,1.22310021311678,TRUE,FALSE,TRUE
28,31.2310924369748,337.127884210649,0.269874625432935,0.176714055734918,0.20118365439375,1.22284933285476,TRUE,FALSE,TRUE
29,31.3265306122449,304.907208098512,0.256862134444387,-0.670818466512697,0.200570736190098,1.22210005588453,TRUE,FALSE,TRUE
30,31.421968787515,362.109129273901,0.280132391050231,-1.67619838680174,0.199961541228317,1.22135578541362,TRUE,FALSE,TRUE
31,31.2947178871549,315.063314507808,0.261199506606095,-0.367554494276848,0.200774626882275,1.22234925611478,TRUE,FALSE,TRUE
32,31.390156062425,302.598471343736,0.25558699397958,-1.38760818784139,0.200164194618349,1.22160332238523,TRUE,FALSE,TRUE
33,31.453781512605,322.687038955867,0.263866641554025,-2.06599908881499,0.199759297770337,1.22110879917268,TRUE,FALSE,TRUE
34,31.4855942376951,280.659528345977,0.24645252817552,-2.22608965719614,0.199557463001834,1.22086236183153,TRUE,FALSE,TRUE
35,31.3265306122449,325.799755649681,0.265357146722958,-0.734644905139786,0.200570736190098,1.22210005588453,TRUE,FALSE,TRUE
36,31.3583433373349,339.870456235919,0.271000921559088,-1.121084083514,0.200367259188048,1.22185141192648,TRUE,FALSE,TRUE
37,31.2947178871549,344.516425166165,0.273126197211002,-0.403686834738581,0.200774626882275,1.22234925611478,TRUE,FALSE,TRUE
38,31.3583433373349,325.119879168793,0.265557226688743,-0.965889755826318,0.200367259188048,1.22185141192648,TRUE,FALSE,TRUE
39,31.4855942376951,327.065296116322,0.266107453318174,-2.26444535050534,0.199557463001834,1.22086236183153,TRUE,FALSE,TRUE
40,31.3583433373349,334.827361404235,0.269351651012113,-0.981954737980255,0.200367259188048,1.22185141192648,TRUE,FALSE,TRUE
41,31.390156062425,253.252359259952,0.233872866518937,-1.33539865131469,0.200164194618349,1.22160332238523,TRUE,FALSE,TRUE
42,31.2947178871549,351.94512739425,0.276223521991454,-0.361328139888293,0.200774626882275,1.22234925611478,TRUE,FALSE,TRUE
43,31.2947178871549,292.15780104667,0.251238302521225,-0.399370140154659,0.200774626882275,1.22234925611478,TRUE,FALSE,TRUE
44,31.2310924369748,343.925650432814,0.272689078076502,0.18579508166755,0.20118365439375,1.22284933285476,TRUE,FALSE,TRUE
45,31.3265306122449,292.00371097863,0.251095428745901,-0.74369395381186,0.200570736190098,1.22210005588453,TRUE,FALSE,TRUE
46,31.2629051620648,327.326867751596,0.266152871997017,-0.0619292834749401,0.200978932527479,1.22259901448086,TRUE,FALSE,TRUE
47,31.390156062425,341.383619562503,0.271806703018455,-1.36855769309212,0.200164194618349,1.22160332238523,TRUE,FALSE,TRUE
48,31.1674669867947,321.459016065513,0.263686392157472,0.869932563215665,0.201594351887553,1.22335165715567,TRUE,FALSE,TRUE
49,31.3265306122449,299.161054200055,0.254257723743396,-0.759393903053185,0.200570736190098,1.22210005588453,TRUE,FALSE,TRUE
50,31.390156062425,328.329058075046,0.266349064349468,-1.40763601138991,0.200164194618349,1.22160332238523,TRUE,FALSE,TRUE
51,31.3583433373349,380.289080624632,0.287200370483608,-0.993115176692698,0.200367259188048,1.22185141192648,TRUE,FALSE,TRUE
52,31.4855942376951,314.550138566254,0.260848191115066,-2.2505053669581,0.199557463001834,1.22086236183153,TRUE,FALSE,TRUE
53,31.421968787515,328.213195223597,0.266463717068777,-1.65409465766672,0.199961541228317,1.22135578541362,TRUE,FALSE,TRUE
54,31.3583433373349,261.461609346961,0.237572261808685,-1.00119587160104,0.200367259188048,1.22185141192648,TRUE,FALSE,TRUE
55,31.2629051620648,368.016699992028,0.282134154023936,-0.143205704676962,0.200978932527479,1.22259901448086,TRUE,FALSE,TRUE
56,31.390156062425,283.208152102137,0.247486349019474,-1.32452501655876,0.200164194618349,1.22160332238523,TRUE,FALSE,TRUE
57,31.3265306122449,309.671160811765,0.258675911705369,-0.752755141260631,0.200570736190098,1.22210005588453,TRUE,FALSE,TRUE
58,31.421968787515,340.223780422741,0.27147058263058,-1.67359741731188,0.199961541228317,1.22135578541362,TRUE,FALSE,TRUE
59,31.3583433373349,323.484043331359,0.264819649716915,-0.917451591428833,0.200367259188048,1.22185141192648,TRUE,FALSE,TRUE
60,31.3265306122449,290.109691718395,0.250682775666625,-0.635891819211887,0.200570736190098,1.22210005588453,TRUE,FALSE,TRUE
61,31.2629051620648,307.07222089079,0.25770183390933,-0.103089229638565,0.200978932527479,1.22259901448086,TRUE,FALSE,TRUE
62,31.2947178871549,312.247855228548,0.259902725568336,-0.377418851599249,0.200774626882275,1.22234925611478,TRUE,FALSE,TRUE
63,31.3265306122449,370.251494027742,0.283479085525363,-0.670900505056104,0.200570736190098,1.22210005588453,TRUE,FALSE,TRUE
64,31.2310924369748,304.797502842696,0.256907695354744,0.28997638950118,0.20118365439375,1.22284933285476,TRUE,FALSE,TRUE
65,31.2947178871549,263.841173926853,0.238699313159306,-0.432715564258084,0.200774626882275,1.22234925611478,TRUE,FALSE,TRUE
66,31.421968787515,331.579006364158,0.268190720435049,-1.57264882456579,0.199961541228317,1.22135578541362,TRUE,FALSE,TRUE
67,31.5174069627851,321.206509410688,0.263672613336385,-2.54981159669666,0.199356035685252,1.22061647156741,TRUE,FALSE,TRUE
68,31.2629051620648,318.870127438698,0.262605996816277,-0.0664917549749684,0.200978932527479,1.22259901448086,TRUE,FALSE,TRUE
69,31.2629051620648,324.014158333328,0.264896846970374,-0.0736192412942301,0.200978932527479,1.22259901448086,TRUE,FALSE,TRUE
70,31.390156062425,299.537278368386,0.254232784717312,-1.42025136014255,0.200164194618349,1.22160332238523,TRUE,FALSE,TRUE
71,31.3583433373349,331.703275838958,0.26799036373418,-1.02093370930534,0.200367259188048,1.22185141192648,TRUE,FALSE,TRUE
72,31.0720288115246,310.521020742145,0.258573282500138,1.71226277498765,0.202213551786137,1.22410939094784,TRUE,FALSE,TRUE
73,31.2310924369748,358.740289869184,0.278145408328683,0.101117124883862,0.20118365439375,1.22284933285476,TRUE,FALSE,TRUE
74,31.3583433373349,267.85702020877,0.240482502366054,-1.02481716263075,0.200367259188048,1.22185141192648,TRUE,FALSE,TRUE
75,31.3583433373349,297.471715058417,0.253653217412402,-0.953010369952189,0.200367259188048,1.22185141192648,TRUE,FALSE,TRUE
76,31.2947178871549,333.254371296394,0.268318947947262,-0.473237079132616,0.200774626882275,1.22234925611478,TRUE,FALSE,TRUE
77,31.2947178871549,309.327762640457,0.258853257280867,-0.31805607674449,0.200774626882275,1.22234925611478,TRUE,FALSE,TRUE
78,31.3265306122449,329.803661882024,0.267122852113057,-0.71485152391525,0.200570736190098,1.22210005588453,TRUE,FALSE,TRUE
79,31.453781512605,281.299666711408,0.246664968797066,-1.93582725246428,0.199759297770337,1.22110879917268,TRUE,FALSE,TRUE
80,31.390156062425,330.313494650659,0.267542828396346,-1.29893325722787,0.200164194618349,1.22160332238523,TRUE,FALSE,TRUE
81,31.4855942376951,354.056612759754,0.277072381242772,-2.19894752922476,0.199557463001834,1.22086236183153,TRUE,FALSE,TRUE
82,31.2310924369748,354.339646985871,0.27680952303245,0.184882138630783,0.20118365439375,1.22284933285476,TRUE,FALSE,TRUE
83,31.2310924369748,364.777698251791,0.281216418484249,0.26339588350752,0.20118365439375,1.22284933285476,TRUE,FALSE,TRUE
84,31.3583433373349,333.214328532641,0.268559509399495,-1.0353215078446,0.200367259188048,1.22185141192648,TRUE,FALSE,TRUE
85,31.2310924369748,305.345628078505,0.25673099450328,0.166201166181203,0.20118365439375,1.22284933285476,TRUE,FALSE,TRUE
86,31.2629051620648,294.946975028851,0.252222858010467,-0.137303181344983,0.200978932527479,1.22259901448086,TRUE,FALSE,TRUE
87,31.2629051620648,323.048922500915,0.264370091612793,-0.0986073549650184,0.200978932527479,1.22259901448086,TRUE,FALSE,TRUE
88,31.3265306122449,395.281405634868,0.293034377773671,-0.678834056019362,0.200570736190098,1.22210005588453,TRUE,FALSE,TRUE
89,31.3583433373349,323.763451806865,0.264840912318464,-0.971545802112187,0.200367259188048,1.22185141192648,TRUE,FALSE,TRUE
90,31.421968787515,348.387536562174,0.274735712661879,-1.65099524022947,0.199961541228317,1.22135578541362,TRUE,FALSE,TRUE
91,31.2629051620648,324.259959231657,0.264852110844423,-0.0796097761259808,0.200978932527479,1.22259901448086,TRUE,FALSE,TRUE
92,31.390156062425,342.107491258858,0.272181870616889,-1.32364001730979,0.200164194618349,1.22160332238523,TRUE,FALSE,TRUE
93,31.3583433373349,311.343127393228,0.259577462789934,-0.997492179679025,0.200367259188048,1.22185141192648,TRUE,FALSE,TRUE
94,31.1992797118848,302.685454072461,0.255561726580233,0.50898848713857,0.201388793754304,1.22310021311678,TRUE,FALSE,TRUE
95,31.3583433373349,314.352545361435,0.260447300537493,-1.0952337699019,0.200367259188048,1.22185141192648,TRUE,FALSE,TRUE
96,31.2629051620648,325.276362828432,0.265107978882228,-0.129914584548486,0.200978932527479,1.22259901448086,TRUE,FALSE,TRUE
97,31.2947178871549,431.79864881543,0.30607058234698,-0.44944807240104,0.200774626882275,1.22234925611478,TRUE,FALSE,TRUE
98,31.1038415366146,276.073581407542,0.243956314715911,1.43236668433373,0.202006729611941,1.22385624416124,TRUE,FALSE,TRUE
99,31.2947178871549,339.985705551272,0.271614571812795,-0.32936426704448,0.200774626882275,1.22234925611478,TRUE,FALSE,TRUE
100,31.3583433373349,322.225557585142,0.264022640821219,-1.0385854454597,0.200367259188048,1.22185141192648,TRUE,FALSE,TRUE
101,31.390156062425,271.311280779654,0.24207974376615,-1.32629322833633,0.200164194618349,1.22160332238523,TRUE,FALSE,TRUE
102,31.3583433373349,287.277001834884,0.249031742991076,-1.0650972241635,0.200367259188048,1.22185141192648,TRUE,FALSE,TRUE
103,31.4855942376951,288.349299751064,0.249677656040245,-2.2828003088524,0.199557463001834,1.22086236183153,TRUE,FALSE,TRUE
104,31.3265306122449,366.982988175782,0.282165300433725,-0.684844255657912,0.200570736190098,1.22210005588453,TRUE,FALSE,TRUE
105,31.390156062425,295.135907335159,0.252407611608238,-1.40963474362182,0.200164194618349,1.22160332238523,TRUE,FALSE,TRUE
106,31.3265306122449,301.620923718526,0.25538598057945,-0.670756235034165,0.200570736190098,1.22210005588453,TRUE,FALSE,TRUE
107,31.2629051620648,339.432519518511,0.27098531098872,-0.111934967474072,0.200978932527479,1.22259901448086,TRUE,FALSE,TRUE
108,31.2310924369748,347.901182073486,0.27423519742985,0.170323294321353,0.20118365439375,1.22284933285476,TRUE,FALSE,TRUE
109,31.390156062425,265.24931052526,0.239313016877221,-1.3523643192116,0.200164194618349,1.22160332238523,TRUE,FALSE,TRUE
110,31.453781512605,331.770398477874,0.267857194787211,-1.98274603014176,0.199759297770337,1.22110879917268,TRUE,FALSE,TRUE
111,31.2947178871549,365.902035096506,0.282140120624502,-0.275820260967237,0.200774626882275,1.22234925611478,TRUE,FALSE,TRUE
112,31.2629051620648,291.737354614037,0.250603043414621,-0.209325563357068,0.200978932527479,1.22259901448086,TRUE,FALSE,TRUE
113,31.3583433373349,323.259140977672,0.264819378020053,-0.920658770221019,0.200367259188048,1.22185141192648,TRUE,FALSE,TRUE
114,31.2629051620648,347.997924745689,0.274051694998145,-0.185135848631358,0.200978932527479,1.22259901448086,TRUE,FALSE,TRUE
115,31.453781512605,294.432534838149,0.252327977684831,-1.96944373637698,0.199759297770337,1.22110879917268,TRUE,FALSE,TRUE
116,31.5174069627851,331.408236477457,0.267635661028073,-2.63862233064117,0.199356035685252,1.22061647156741,TRUE,FALSE,TRUE
117,31.2310924369748,333.352284884554,0.268616609757529,0.237444349142045,0.20118365439375,1.22284933285476,TRUE,FALSE,TRUE
118,31.2947178871549,293.719950103212,0.251900326847548,-0.397735120631817,0.200774626882275,1.22234925611478,TRUE,FALSE,TRUE
119,31.1674669867947,258.746854423732,0.236220770838742,0.82260706930582,0.201594351887553,1.22335165715567,TRUE,FALSE,TRUE
120,31.2947178871549,329.26091109047,0.267056251531847,-0.414166418582093,0.200774626882275,1.22234925611478,TRUE,FALSE,TRUE
121,31.2310924369748,288.25048580225,0.249277129522299,0.177239792263415,0.20118365439375,1.22284933285476,TRUE,FALSE,TRUE
122,31.2947178871549,331.105409928157,0.267336439655029,-0.480641739854496,0.200774626882275,1.22234925611478,TRUE,FALSE,TRUE
123,31.1674669867947,259.57367170929,0.236657450447881,0.836168028167689,0.201594351887553,1.22335165715567,TRUE,FALSE,TRUE
124,31.3265306122449,322.601911340013,0.264268035930032,-0.702731994967249,0.200570736190098,1.22210005588453,TRUE,FALSE,TRUE
125,31.3583433373349,363.051153331647,0.28044559273437,-1.02675789068083,0.200367259188048,1.22185141192648,TRUE,FALSE,TRUE
126,31.2947178871549,293.914634966222,0.252032931536655,-0.385093396902081,0.200774626882275,1.22234925611478,TRUE,FALSE,TRUE
127,31.390156062425,349.890099289125,0.275310377275265,-1.30926919170085,0.200164194618349,1.22160332238523,TRUE,FALSE,TRUE
128,31.1992797118848,256.798779154743,0.235308399984355,0.523060610422996,0.201388793754304,1.22310021311678,TRUE,FALSE,TRUE
129,31.453781512605,274.011336435003,0.243297826262097,-1.93771238092023,0.199759297770337,1.22110879917268,TRUE,FALSE,TRUE
130,31.3265306122449,313.092289143128,0.260206173685932,-0.71265481011775,0.200570736190098,1.22210005588453,TRUE,FALSE,TRUE
131,31.3265306122449,277.501178437575,0.244794889104031,-0.75895480536502,0.200570736190098,1.22210005588453,TRUE,FALSE,TRUE
132,31.4855942376951,256.256072176955,0.235143563759177,-2.25571290753384,0.199557463001834,1.22086236183153,TRUE,FALSE,TRUE
133,31.2629051620648,297.556630942518,0.253475737698753,-0.126336724279875,0.200978932527479,1.22259901448086,TRUE,FALSE,TRUE
134,31.421968787515,372.537598117928,0.284209940658785,-1.65313192298561,0.199961541228317,1.22135578541362,TRUE,FALSE,TRUE
135,31.3265306122449,353.960890132508,0.276748373205609,-0.784465128110429,0.200570736190098,1.22210005588453,TRUE,FALSE,TRUE
136,31.390156062425,350.586863842846,0.275668565239213,-1.32472169946369,0.200164194618349,1.22160332238523,TRUE,FALSE,TRUE
137,31.2947178871549,379.527133734164,0.286887503114603,-0.426088536690202,0.200774626882275,1.22234925611478,TRUE,FALSE,TRUE
138,31.421968787515,286.443958626268,0.248768375457831,-1.66385965855957,0.199961541228317,1.22135578541362,TRUE,FALSE,TRUE
139,31.2629051620648,311.285587322469,0.259272795134375,-0.0770032418718473,0.200978932527479,1.22259901448086,TRUE,FALSE,TRUE
140,31.390156062425,309.72625644585,0.258922451307073,-1.30046129101384,0.200164194618349,1.22160332238523,TRUE,FALSE,TRUE
141,31.2629051620648,313.828803019579,0.260526828042247,-0.0817161423156015,0.200978932527479,1.22259901448086,TRUE,FALSE,TRUE
142,31.4855942376951,306.451531325866,0.257582805324538,-2.23471400425432,0.199557463001834,1.22086236183153,TRUE,FALSE,TRUE
143,31.3583433373349,323.447009615755,0.264599048382615,-1.02104899181448,0.200367259188048,1.22185141192648,TRUE,FALSE,TRUE
144,31.3265306122449,369.264811624958,0.282885282906252,-0.708114138440729,0.200570736190098,1.22210005588453,TRUE,FALSE,TRUE
145,31.421968787515,312.2556343163,0.259624766222519,-1.70215363746437,0.199961541228317,1.22135578541362,TRUE,FALSE,TRUE
146,31.3265306122449,272.617829527711,0.241920600068401,-0.911607829729223,0.200570736190098,1.22210005588453,TRUE,FALSE,TRUE
147,31.2310924369748,228.328336954765,0.221539184992627,0.137562716189735,0.20118365439375,1.22284933285476,TRUE,FALSE,TRUE
148,31.3265306122449,364.55704571481,0.280917907354223,-0.759507803970564,0.200570736190098,1.22210005588453,TRUE,FALSE,TRUE
149,31.3583433373349,327.144155137186,0.266286647628463,-0.9745135644989,0.200367259188048,1.22185141192648,TRUE,FALSE,TRUE
150,31.2947178871549,382.842214938301,0.288230254852204,-0.365129054401526,0.200774626882275,1.22234925611478,TRUE,FALSE,TRUE
151,31.1992797118848,361.580179641259,0.279573552010767,0.522681147829405,0.201388793754304,1.22310021311678,TRUE,FALSE,TRUE
152,31.2310924369748,283.097287388178,0.246878780331286,0.138067574497246,0.20118365439375,1.22284933285476,TRUE,FALSE,TRUE
153,31.2947178871549,275.198913656198,0.243745920425585,-0.424185859711626,0.200774626882275,1.22234925611478,TRUE,FALSE,TRUE
154,31.453781512605,326.466482447761,0.266046730409249,-1.88920303177488,0.199759297770337,1.22110879917268,TRUE,FALSE,TRUE
155,31.2947178871549,323.32970935722,0.264644353161063,-0.352167566652817,0.200774626882275,1.22234925611478,TRUE,FALSE,TRUE
156,31.2947178871549,329.743802460891,0.267048057093866,-0.420998049917362,0.200774626882275,1.22234925611478,TRUE,FALSE,TRUE
157,31.2947178871549,319.067942136006,0.262396452238491,-0.474905217161746,0.200774626882275,1.22234925611478,TRUE,FALSE,TRUE
158,31.1992797118848,289.046743758992,0.249966233605733,0.553516584601005,0.201388793754304,1.22310021311678,TRUE,FALSE,TRUE
159,31.390156062425,265.882815603619,0.239280441128668,-1.45987823580377,0.200164194618349,1.22160332238523,TRUE,FALSE,TRUE
160,31.2310924369748,340.725295617241,0.271375002172034,0.182208344174318,0.20118365439375,1.22284933285476,TRUE,FALSE,TRUE
161,31.3265306122449,299.454676077836,0.254311164552305,-0.73833170616467,0.200570736190098,1.22210005588453,TRUE,FALSE,TRUE
162,31.390156062425,317.20517323101,0.262316638114377,-1.2683500626172,0.200164194618349,1.22160332238523,TRUE,FALSE,TRUE
163,31.3583433373349,369.433547149093,0.283285140305542,-0.96653263944062,0.200367259188048,1.22185141192648,TRUE,FALSE,TRUE
164,31.390156062425,329.733291517403,0.267222352225211,-1.29891701518243,0.200164194618349,1.22160332238523,TRUE,FALSE,TRUE
165,31.390156062425,301.500205808765,0.255790223794878,-1.22411584605679,0.200164194618349,1.22160332238523,TRUE,FALSE,TRUE
166,31.2947178871549,292.355433597444,0.251834340889978,-0.310176846746509,0.200774626882275,1.22234925611478,TRUE,FALSE,TRUE
167,31.421968787515,277.288298489432,0.245013533662505,-1.56167941384397,0.199961541228317,1.22135578541362,TRUE,FALSE,TRUE
168,31.390156062425,352.222294709343,0.276375610132684,-1.30177412840029,0.200164194618349,1.22160332238523,TRUE,FALSE,TRUE
169,31.2947178871549,346.50694250127,0.274162831443216,-0.317514352083334,0.200774626882275,1.22234925611478,TRUE,FALSE,TRUE
170,31.3265306122449,325.322456446993,0.265341127455317,-0.743117315398739,0.200570736190098,1.22210005588453,TRUE,FALSE,TRUE
171,31.3583433373349,343.983541113646,0.272964037147981,-1.02249352670954,0.200367259188048,1.22185141192648,TRUE,FALSE,TRUE
172,31.2310924369748,407.327996627137,0.297071252201401,0.147506324032755,0.20118365439375,1.22284933285476,TRUE,FALSE,TRUE
173,31.3265306122449,311.540289555695,0.259498404615625,-0.744234586711612,0.200570736190098,1.22210005588453,TRUE,FALSE,TRUE
174,31.421968787515,293.342754504009,0.251627550470877,-1.69261660044578,0.199961541228317,1.22135578541362,TRUE,FALSE,TRUE
175,31.4855942376951,335.994009126143,0.269312276628206,-2.40589571905207,0.199557463001834,1.22086236183153,TRUE,FALSE,TRUE
176,31.2947178871549,312.203101721181,0.259966436735796,-0.388482385237752,0.200774626882275,1.22234925611478,TRUE,FALSE,TRUE
177,31.2310924369748,276.637929041886,0.244542202301414,0.228526559686911,0.20118365439375,1.22284933285476,TRUE,FALSE,TRUE
178,31.2629051620648,302.114016011337,0.255648933195496,-0.107229293358651,0.200978932527479,1.22259901448086,TRUE,FALSE,TRUE
179,31.453781512605,313.227535853772,0.260219299273429,-1.99048772414042,0.199759297770337,1.22110879917268,TRUE,FALSE,TRUE
180,31.453781512605,299.226924828628,0.254386866452135,-1.93505590389111,0.199759297770337,1.22110879917268,TRUE,FALSE,TRUE
181,31.1038415366146,347.116071225509,0.273464985533566,1.38314405358161,0.202006729611941,1.22385624416124,TRUE,FALSE,TRUE
182,31.421968787515,323.701692358346,0.264884866004002,-1.6006438660943,0.199961541228317,1.22135578541362,TRUE,FALSE,TRUE
183,31.3265306122449,391.642072893427,0.291036829584928,-0.822702894107336,0.200570736190098,1.22210005588453,TRUE,FALSE,TRUE
184,31.390156062425,355.999867609805,0.277771286315412,-1.33998064168274,0.200164194618349,1.22160332238523,TRUE,FALSE,TRUE
185,31.4855942376951,282.035369165067,0.246737602170664,-2.28919871398942,0.199557463001834,1.22086236183153,TRUE,FALSE,TRUE
186,31.421968787515,316.863259023676,0.261895466346436,-1.62998771549972,0.199961541228317,1.22135578541362,TRUE,FALSE,TRUE
187,31.1356542617047,293.253593257114,0.2515385550878,1.16963717728527,0.201800330077136,1.22360366686859,TRUE,FALSE,TRUE
188,31.3583433373349,256.207265400962,0.235423828994828,-0.975693777414455,0.200367259188048,1.22185141192648,TRUE,FALSE,TRUE
189,31.390156062425,332.055106095554,0.26752946377677,-1.49566928009118,0.200164194618349,1.22160332238523,TRUE,FALSE,TRUE
190,31.390156062425,314.809821581657,0.260730912923062,-1.41833705980467,0.200164194618349,1.22160332238523,TRUE,FALSE,TRUE
191,31.3583433373349,318.462865881658,0.262254657808143,-1.0978402663647,0.200367259188048,1.22185141192648,TRUE,FALSE,TRUE
192,31.2310924369748,342.559540572924,0.272342338471819,0.238540546416078,0.20118365439375,1.22284933285476,TRUE,FALSE,TRUE
193,31.3265306122449,305.580546842994,0.257161639715074,-0.669734357239046,0.200570736190098,1.22210005588453,TRUE,FALSE,TRUE
194,31.2310924369748,270.258894504745,0.241257296593127,0.143953920629453,0.20118365439375,1.22284933285476,TRUE,FALSE,TRUE
195,31.0402160864346,261.061307152163,0.237230437937126,2.1229239123701,0.202420797899197,1.22436310915123,TRUE,FALSE,TRUE
196,31.2947178871549,326.399272796462,0.265586774391448,-0.439761091974418,0.200774626882275,1.22234925611478,TRUE,FALSE,TRUE
197,31.421968787515,281.057391155363,0.246603381141586,-1.59629731488909,0.199961541228317,1.22135578541362,TRUE,FALSE,TRUE
198,31.2947178871549,312.507924459503,0.259966322105134,-0.403792423318786,0.200774626882275,1.22234925611478,TRUE,FALSE,TRUE
199,31.1674669867947,293.469116962053,0.251717882230848,0.853321047029364,0.201594351887553,1.22335165715567,TRUE,FALSE,TRUE
200,31.3583433373349,331.819538256273,0.268075940645395,-0.999113835354363,0.200367259188048,1.22185141192648,TRUE,FALSE,TRUE
201,31.3583433373349,369.98504992293,0.283449291677388,-0.984056648945748,0.200367259188048,1.22185141192648,TRUE,FALSE,TRUE
202,31.2947178871549,329.546723325849,0.267267676746477,-0.315177875113241,0.200774626882275,1.22234925611478,TRUE,FALSE,TRUE
203,31.2947178871549,264.642587587221,0.239001215178333,-0.426051646807805,0.200774626882275,1.22234925611478,TRUE,FALSE,TRUE
204,31.3265306122449,306.656330808872,0.257801361583564,-0.652259093576919,0.200570736190098,1.22210005588453,TRUE,FALSE,TRUE
205,31.2310924369748,341.957000164457,0.271941585667196,0.208080755022154,0.20118365439375,1.22284933285476,TRUE,FALSE,TRUE
206,31.3265306122449,272.132596210928,0.242593047618448,-0.701433615314775,0.200570736190098,1.22210005588453,TRUE,FALSE,TRUE
207,31.390156062425,274.727280367291,0.243296249632775,-1.43110577376523,0.200164194618349,1.22160332238523,TRUE,FALSE,TRUE
208,31.2310924369748,333.587615593055,0.268465567432885,0.19657657555409,0.20118365439375,1.22284933285476,TRUE,FALSE,TRUE
209,31.2629051620648,298.693548457594,0.254209717327585,-0.0546603259624509,0.200978932527479,1.22259901448086,TRUE,FALSE,TRUE
210,31.3583433373349,291.612223730771,0.251267845813112,-0.920879765723346,0.200367259188048,1.22185141192648,TRUE,FALSE,TRUE
211,31.1992797118848,305.398403033226,0.256711930952802,0.503668221516905,0.201388793754304,1.22310021311678,TRUE,FALSE,TRUE
212,31.2310924369748,318.739178642628,0.262531725258703,0.204236304380755,0.20118365439375,1.22284933285476,TRUE,FALSE,TRUE
213,31.2947178871549,321.0171187413,0.263363000133896,-0.417346188947619,0.200774626882275,1.22234925611478,TRUE,FALSE,TRUE
214,31.421968787515,377.415093010138,0.285953438978912,-1.67935192019419,0.199961541228317,1.22135578541362,TRUE,FALSE,TRUE
215,31.2629051620648,288.339563422431,0.249553966112326,-0.112050185860861,0.200978932527479,1.22259901448086,TRUE,FALSE,TRUE
216,31.390156062425,338.21979703024,0.270905239446645,-1.2469102124419,0.200164194618349,1.22160332238523,TRUE,FALSE,TRUE
217,31.2629051620648,339.636713046954,0.271238385684552,-0.0741088106099709,0.200978932527479,1.22259901448086,TRUE,FALSE,TRUE
218,31.3265306122449,308.123913815991,0.258330712941531,-0.653346664084469,0.200570736190098,1.22210005588453,TRUE,FALSE,TRUE
219,31.3265306122449,352.805054785729,0.276501598235711,-0.703156905829315,0.200570736190098,1.22210005588453,TRUE,FALSE,TRUE
220,31.3265306122449,319.687122923416,0.262784615067095,-0.784996572173061,0.200570736190098,1.22210005588453,TRUE,FALSE,TRUE
221,31.390156062425,348.615213252799,0.274501544363079,-1.43788689470823,0.200164194618349,1.22160332238523,TRUE,FALSE,TRUE
222,31.5174069627851,321.795980266092,0.263666592375071,-2.6862763194418,0.199356035685252,1.22061647156741,TRUE,FALSE,TRUE
223,31.1674669867947,304.592335364966,0.25635901264055,0.804118055906884,0.201594351887553,1.22335165715567,TRUE,FALSE,TRUE
224,31.2310924369748,316.323026898723,0.261805800626832,0.307710662469424,0.20118365439375,1.22284933285476,TRUE,FALSE,TRUE
225,31.1674669867947,370.14560254787,0.282828888949497,0.771166102795309,0.201594351887553,1.22335165715567,TRUE,FALSE,TRUE
226,31.3265306122449,339.937069175572,0.271274992315063,-0.733954424232839,0.200570736190098,1.22210005588453,TRUE,FALSE,TRUE
227,31.2947178871549,338.588267941289,0.270696924526296,-0.440893383781846,0.200774626882275,1.22234925611478,TRUE,FALSE,TRUE
228,31.3583433373349,346.70912667399,0.274160732202843,-1.02066413917586,0.200367259188048,1.22185141192648,TRUE,FALSE,TRUE
229,31.2947178871549,336.467186323279,0.269635629777649,-0.447976680935134,0.200774626882275,1.22234925611478,TRUE,FALSE,TRUE
230,31.2629051620648,323.23808437357,0.264224733837571,-0.122429430176884,0.200978932527479,1.22259901448086,TRUE,FALSE,TRUE
231,31.3265306122449,302.272824026716,0.255796551104703,-0.688703756838549,0.200570736190098,1.22210005588453,TRUE,FALSE,TRUE
232,31.3583433373349,334.466993553736,0.26885776146021,-1.0730894318882,0.200367259188048,1.22185141192648,TRUE,FALSE,TRUE
233,31.421968787515,304.973542861495,0.256406911521738,-1.75137264123702,0.199961541228317,1.22135578541362,TRUE,FALSE,TRUE
234,31.390156062425,307.238082826802,0.257441830853743,-1.43809596693196,0.200164194618349,1.22160332238523,TRUE,FALSE,TRUE
235,31.2629051620648,287.026830646205,0.248710926271506,-0.153238581359384,0.200978932527479,1.22259901448086,TRUE,FALSE,TRUE
236,31.3583433373349,423.487583053817,0.303016594714977,-1.06354532076684,0.200367259188048,1.22185141192648,TRUE,FALSE,TRUE
237,31.3583433373349,292.912452546504,0.251373625542731,-1.05845098180976,0.200367259188048,1.22185141192648,TRUE,FALSE,TRUE
238,31.2310924369748,398.51097448035,0.29350970318167,0.11391678387102,0.20118365439375,1.22284933285476,TRUE,FALSE,TRUE
239,31.421968787515,354.599335246801,0.277065668192689,-1.68879887166585,0.199961541228317,1.22135578541362,TRUE,FALSE,TRUE
240,31.390156062425,349.241501812897,0.274813158215245,-1.41003137385794,0.200164194618349,1.22160332238523,TRUE,FALSE,TRUE
241,31.2629051620648,348.682009550441,0.274615433039749,-0.152362369277137,0.200978932527479,1.22259901448086,TRUE,FALSE,TRUE
242,31.2629051620648,320.993866850434,0.263344013165701,-0.145100631916395,0.200978932527479,1.22259901448086,TRUE,FALSE,TRUE
243,31.2947178871549,323.284696509846,0.264435924206155,-0.412441463847645,0.200774626882275,1.22234925611478,TRUE,FALSE,TRUE
244,31.3265306122449,306.892879889879,0.257477236919068,-0.72184680114662,0.200570736190098,1.22210005588453,TRUE,FALSE,TRUE
245,31.2947178871549,338.489055078211,0.270816036792744,-0.36549928628105,0.200774626882275,1.22234925611478,TRUE,FALSE,TRUE
246,31.3583433373349,238.568813294802,0.226971156763699,-1.00345430426954,0.200367259188048,1.22185141192648,TRUE,FALSE,TRUE
247,31.421968787515,291.133514185867,0.250751474111034,-1.7197106203289,0.199961541228317,1.22135578541362,TRUE,FALSE,TRUE
248,31.3583433373349,284.833327793362,0.248197812755794,-0.95914729552356,0.200367259188048,1.22185141192648,TRUE,FALSE,TRUE
249,31.2947178871549,371.51443091706,0.283840928842679,-0.406389643909274,0.200774626882275,1.22234925611478,TRUE,FALSE,TRUE
250,31.3583433373349,323.79041734507,0.264417861599818,-1.08865737245858,0.200367259188048,1.22185141192648,TRUE,FALSE,TRUE
251,31.2947178871549,288.265749223779,0.249462407141348,-0.445583622284937,0.200774626882275,1.22234925611478,TRUE,FALSE,TRUE
252,31.1674669867947,295.117904586931,0.252340226202461,0.807655739619036,0.201594351887553,1.22335165715567,TRUE,FALSE,TRUE
253,31.3583433373349,316.988766037879,0.261801210422291,-1.04896173955547,0.200367259188048,1.22185141192648,TRUE,FALSE,TRUE
254,31.1992797118848,346.755668026104,0.273953454795904,0.548484339523729,0.201388793754304,1.22310021311678,TRUE,FALSE,TRUE
255,31.2629051620648,326.626414634272,0.265538618833956,-0.145231674411288,0.200978932527479,1.22259901448086,TRUE,FALSE,TRUE
256,31.2629051620648,332.964805341967,0.268131911307658,-0.181007313951251,0.200978932527479,1.22259901448086,TRUE,FALSE,TRUE
257,31.2629051620648,268.843845224726,0.240877441412,-0.104187532706077,0.200978932527479,1.22259901448086,TRUE,FALSE,TRUE
258,31.2947178871549,281.122239114645,0.246477015725622,-0.405008357011877,0.200774626882275,1.22234925611478,TRUE,FALSE,TRUE
259,31.1674669867947,277.376243835456,0.244746618086554,0.841217691040565,0.201594351887553,1.22335165715567,TRUE,FALSE,TRUE
260,31.2629051620648,316.887092664163,0.261706681275897,-0.0816085502140189,0.200978932527479,1.22259901448086,TRUE,FALSE,TRUE
261,31.1038415366146,301.69146065947,0.254933689614624,1.4102937181286,0.202006729611941,1.22385624416124,TRUE,FALSE,TRUE
262,31.1992797118848,275.409728186475,0.243690312647348,0.49031173902985,0.201388793754304,1.22310021311678,TRUE,FALSE,TRUE
263,31.2947178871549,253.89422339015,0.233893883848559,-0.443394848431202,0.200774626882275,1.22234925611478,TRUE,FALSE,TRUE
264,31.3583433373349,323.277483636732,0.264233994613467,-1.10714370804573,0.200367259188048,1.22185141192648,TRUE,FALSE,TRUE
265,31.3583433373349,356.040383116699,0.277705935864244,-1.02445686566189,0.200367259188048,1.22185141192648,TRUE,FALSE,TRUE
266,31.3583433373349,284.760214810277,0.248291579157805,-0.950817117892173,0.200367259188048,1.22185141192648,TRUE,FALSE,TRUE
267,31.390156062425,359.477992333942,0.278742512880623,-1.42344097261125,0.200164194618349,1.22160332238523,TRUE,FALSE,TRUE
268,31.2947178871549,264.201923133797,0.238926076822692,-0.360340704127092,0.200774626882275,1.22234925611478,TRUE,FALSE,TRUE
269,31.4855942376951,292.452578228746,0.251170232749571,-2.36424610181722,0.199557463001834,1.22086236183153,TRUE,FALSE,TRUE
270,31.1674669867947,357.055745690052,0.277469119182074,0.754760870961005,0.201594351887553,1.22335165715567,TRUE,FALSE,TRUE
271,31.1356542617047,327.827241520671,0.266147597673514,1.1623030964218,0.201800330077136,1.22360366686859,TRUE,FALSE,TRUE
272,31.390156062425,296.100563087456,0.253150455202198,-1.34682942503835,0.200164194618349,1.22160332238523,TRUE,FALSE,TRUE
273,31.2629051620648,317.99738341057,0.262353750056608,-0.0409274267052212,0.200978932527479,1.22259901448086,TRUE,FALSE,TRUE
274,31.1992797118848,339.399920743027,0.270988343228521,0.560860506636903,0.201388793754304,1.22310021311678,TRUE,FALSE,TRUE
275,31.2629051620648,292.973762947469,0.251608289716761,-0.0860967077018008,0.200978932527479,1.22259901448086,TRUE,FALSE,TRUE
276,31.1674669867947,289.779327189433,0.25022499667003,0.850289997324625,0.201594351887553,1.22335165715567,TRUE,FALSE,TRUE
277,31.421968787515,311.343289696624,0.259517094978824,-1.66775426353415,0.199961541228317,1.22135578541362,TRUE,FALSE,TRUE
278,31.3265306122449,285.411435446805,0.247967341310643,-0.834348572039389,0.200570736190098,1.22210005588453,TRUE,FALSE,TRUE
279,31.3265306122449,352.015326473569,0.275658783595764,-0.832642500751336,0.200570736190098,1.22210005588453,TRUE,FALSE,TRUE
280,31.2947178871549,305.600506549279,0.257128305044564,-0.3662813912881,0.200774626882275,1.22234925611478,TRUE,FALSE,TRUE
281,31.2310924369748,309.850835094917,0.259211392140827,0.335397511110969,0.20118365439375,1.22284933285476,TRUE,FALSE,TRUE
282,31.3583433373349,290.044230613204,0.250323957493555,-1.02454463220501,0.200367259188048,1.22185141192648,TRUE,FALSE,TRUE
283,31.5174069627851,295.155918320155,0.25250461689771,-2.61744066686827,0.199356035685252,1.22061647156741,TRUE,FALSE,TRUE
284,31.453781512605,293.489843448584,0.251756394910069,-1.9450425037554,0.199759297770337,1.22110879917268,TRUE,FALSE,TRUE
285,31.3265306122449,278.666501917176,0.245209452239377,-0.7430999300096,0.200570736190098,1.22210005588453,TRUE,FALSE,TRUE
286,31.453781512605,287.924462672536,0.249564424262641,-1.96636062736777,0.199759297770337,1.22110879917268,TRUE,FALSE,TRUE
287,31.3583433373349,286.898426525289,0.248968291827445,-1.04596871196315,0.200367259188048,1.22185141192648,TRUE,FALSE,TRUE
288,31.4855942376951,342.125324728801,0.272137241300418,-2.31088029719632,0.199557463001834,1.22086236183153,TRUE,FALSE,TRUE
289,31.2629051620648,256.931146154835,0.235547088249249,-0.0780774776450751,0.200978932527479,1.22259901448086,TRUE,FALSE,TRUE
290,31.2310924369748,244.234856789093,0.229312925446578,0.171417728579179,0.20118365439375,1.22284933285476,TRUE,FALSE,TRUE
291,31.2629051620648,309.708194968282,0.258747297793595,-0.0939099401043906,0.200978932527479,1.22259901448086,TRUE,FALSE,TRUE
292,31.2947178871549,309.955732809499,0.259159414369211,-0.331775213736818,0.200774626882275,1.22234925611478,TRUE,FALSE,TRUE
293,31.2310924369748,293.765607147424,0.251898157834699,0.216653734829867,0.20118365439375,1.22284933285476,TRUE,FALSE,TRUE
294,31.421968787515,327.345662366988,0.266360952549953,-1.59501545318462,0.199961541228317,1.22135578541362,TRUE,FALSE,TRUE
295,31.3265306122449,310.949883679589,0.259317902902525,-0.714218553126524,0.200570736190098,1.22210005588453,TRUE,FALSE,TRUE
296,31.3583433373349,313.126908740665,0.260356250216075,-1.02328586666624,0.200367259188048,1.22185141192648,TRUE,FALSE,TRUE
297,31.3265306122449,318.896435664855,0.262724950983979,-0.716992324063164,0.200570736190098,1.22210005588453,TRUE,FALSE,TRUE
298,31.390156062425,340.702738348612,0.271632894082973,-1.36178952465444,0.200164194618349,1.22160332238523,TRUE,FALSE,TRUE
299,31.453781512605,297.122152774351,0.253285091855925,-2.03362281540222,0.199759297770337,1.22110879917268,TRUE,FALSE,TRUE
300,31.2629051620648,297.305439025068,0.253587904388384,-0.0789611575236071,0.200978932527479,1.22259901448086,TRUE,FALSE,TRUE
301,31.453781512605,286.044739180495,0.248650655864418,-1.92082561925137,0.199759297770337,1.22110879917268,TRUE,FALSE,TRUE
302,31.3265306122449,370.418402107395,0.283395880718187,-0.740081806878952,0.200570736190098,1.22210005588453,TRUE,FALSE,TRUE
303,31.3265306122449,356.802156532175,0.277910916756337,-0.769999117612643,0.200570736190098,1.22210005588453,TRUE,FALSE,TRUE
304,31.390156062425,316.901893420473,0.261916928727286,-1.3298565309886,0.200164194618349,1.22160332238523,TRUE,FALSE,TRUE
305,31.453781512605,290.673788589071,0.250816122230004,-1.94548243260947,0.199759297770337,1.22110879917268,TRUE,FALSE,TRUE
306,31.421968787515,317.199524366169,0.261735655431334,-1.76057629300439,0.199961541228317,1.22135578541362,TRUE,FALSE,TRUE
307,31.2310924369748,297.865803421646,0.2532671716036,0.119302278092077,0.20118365439375,1.22284933285476,TRUE,FALSE,TRUE
308,31.2947178871549,310.533021843835,0.258713590932121,-0.472436974514157,0.200774626882275,1.22234925611478,TRUE,FALSE,TRUE
309,31.390156062425,309.891381248225,0.259065565647167,-1.31854232251481,0.200164194618349,1.22160332238523,TRUE,FALSE,TRUE
310,31.3583433373349,325.037440522386,0.26552154162556,-0.954729076201646,0.200367259188048,1.22185141192648,TRUE,FALSE,TRUE
311,31.1992797118848,274.891753315795,0.243483688640897,0.509675922180144,0.201388793754304,1.22310021311678,TRUE,FALSE,TRUE
312,31.453781512605,338.360646585076,0.270738510152558,-1.92365070338254,0.199759297770337,1.22110879917268,TRUE,FALSE,TRUE
313,31.2629051620648,323.244799802331,0.264419992205679,-0.0897503880354151,0.200978932527479,1.22259901448086,TRUE,FALSE,TRUE
314,31.2310924369748,346.847748300304,0.273967231651748,0.214813764193217,0.20118365439375,1.22284933285476,TRUE,FALSE,TRUE
315,31.2629051620648,314.795978751792,0.260600003623449,-0.180168159894759,0.200978932527479,1.22259901448086,TRUE,FALSE,TRUE
316,31.3265306122449,353.683109454685,0.277108324885309,-0.616613739046828,0.200570736190098,1.22210005588453,TRUE,FALSE,TRUE
317,31.390156062425,305.590176768019,0.257173411479316,-1.28082335870981,0.200164194618349,1.22160332238523,TRUE,FALSE,TRUE
318,31.3583433373349,263.764509729841,0.238640087997206,-1.01597274130252,0.200367259188048,1.22185141192648,TRUE,FALSE,TRUE
319,31.2310924369748,328.395519016221,0.266527947891594,0.225201985404122,0.20118365439375,1.22284933285476,TRUE,FALSE,TRUE
320,31.390156062425,357.31178531528,0.278392485394673,-1.31591684938696,0.200164194618349,1.22160332238523,TRUE,FALSE,TRUE
321,31.4855942376951,340.488810753406,0.271609227138819,-2.23262712054977,0.199557463001834,1.22086236183153,TRUE,FALSE,TRUE
322,31.3265306122449,311.393413835424,0.259856472514594,-0.620696780179549,0.200570736190098,1.22210005588453,TRUE,FALSE,TRUE
323,31.1992797118848,327.527398919984,0.265854658978081,0.470392113658017,0.201388793754304,1.22310021311678,TRUE,FALSE,TRUE
324,31.2629051620648,387.461958928141,0.289759280429272,-0.11853737306008,0.200978932527479,1.22259901448086,TRUE,FALSE,TRUE
325,31.1992797118848,279.851635827252,0.245537740599014,0.479374470036983,0.201388793754304,1.22310021311678,TRUE,FALSE,TRUE
326,31.390156062425,289.068555860757,0.250096583320291,-1.27615815840437,0.200164194618349,1.22160332238523,TRUE,FALSE,TRUE
327,31.453781512605,313.056815084236,0.260240299818843,-1.95703827498203,0.199759297770337,1.22110879917268,TRUE,FALSE,TRUE
328,31.453781512605,262.282263283278,0.238080842754335,-1.9551086453999,0.199759297770337,1.22110879917268,TRUE,FALSE,TRUE
329,31.3265306122449,369.601222668463,0.282967090762707,-0.749869688123269,0.200570736190098,1.22210005588453,TRUE,FALSE,TRUE
330,31.2629051620648,309.018154454825,0.258352041786108,-0.124993020243423,0.200978932527479,1.22259901448086,TRUE,FALSE,TRUE
331,31.2947178871549,296.305666305449,0.253162094197408,-0.417701860397742,0.200774626882275,1.22234925611478,TRUE,FALSE,TRUE
332,31.390156062425,350.051444577324,0.275223281171506,-1.39728063205396,0.200164194618349,1.22160332238523,TRUE,FALSE,TRUE
333,31.3265306122449,350.642380758813,0.275025160002043,-0.842259731856896,0.200570736190098,1.22210005588453,TRUE,FALSE,TRUE
334,31.2629051620648,342.131706132773,0.272302788527876,-0.0449967211546097,0.200978932527479,1.22259901448086,TRUE,FALSE,TRUE
335,31.2310924369748,330.155848985917,0.267179545230166,0.237849705866961,0.20118365439375,1.22284933285476,TRUE,FALSE,TRUE
336,31.2310924369748,322.170603000917,0.264147699768256,0.262631092976917,0.20118365439375,1.22284933285476,TRUE,FALSE,TRUE
337,31.2310924369748,267.472935538703,0.240219525722944,0.193233959215192,0.20118365439375,1.22284933285476,TRUE,FALSE,TRUE
338,31.2947178871549,328.291089794443,0.266649250237617,-0.411659113865978,0.200774626882275,1.22234925611478,TRUE,FALSE,TRUE
339,31.453781512605,331.314999806886,0.267763240957636,-2.01704009885568,0.199759297770337,1.22110879917268,TRUE,FALSE,TRUE
340,31.3583433373349,272.444592156349,0.242206591338713,-1.13902692594941,0.200367259188048,1.22185141192648,TRUE,FALSE,TRUE
341,31.3265306122449,361.191712840881,0.279962106888965,-0.67428548374905,0.200570736190098,1.22210005588453,TRUE,FALSE,TRUE
342,31.3583433373349,329.174459713007,0.266843112878518,-1.03582439665654,0.200367259188048,1.22185141192648,TRUE,FALSE,TRUE
343,31.3583433373349,273.447008587883,0.243345508964358,-0.935541325280201,0.200367259188048,1.22185141192648,TRUE,FALSE,TRUE
344,31.3583433373349,370.712859878595,0.28332237185534,-1.06693513445351,0.200367259188048,1.22185141192648,TRUE,FALSE,TRUE
345,31.453781512605,323.160659723477,0.264559142372097,-1.94838986467693,0.199759297770337,1.22110879917268,TRUE,FALSE,TRUE
346,31.390156062425,285.172287426499,0.248096661990524,-1.4104443570691,0.200164194618349,1.22160332238523,TRUE,FALSE,TRUE
347,31.3265306122449,291.591531863036,0.251172274162246,-0.682549701960503,0.200570736190098,1.22210005588453,TRUE,FALSE,TRUE
348,31.3583433373349,333.22728532766,0.268578484373062,-1.00473072617302,0.200367259188048,1.22185141192648,TRUE,FALSE,TRUE
349,31.2310924369748,353.323449290924,0.276568709038117,0.225908254704995,0.20118365439375,1.22284933285476,TRUE,FALSE,TRUE
350,31.3583433373349,327.063808660793,0.266129861891481,-1.02239366652511,0.200367259188048,1.22185141192648,TRUE,FALSE,TRUE
351,31.2947178871549,358.354537265738,0.278557582874158,-0.41656171452172,0.200774626882275,1.22234925611478,TRUE,FALSE,TRUE
352,31.421968787515,330.306007843237,0.267317842086451,-1.63360070571727,0.199961541228317,1.22135578541362,TRUE,FALSE,TRUE
353,31.5492196878751,277.524887395137,0.244786870644759,-2.93867124394885,0.199155014588025,1.22037112656558,TRUE,FALSE,TRUE
354,31.2310924369748,294.210983701842,0.252326912232307,0.286017242471766,0.20118365439375,1.22284933285476,TRUE,FALSE,TRUE
355,31.2629051620648,347.333690776199,0.274430720035248,-0.0688711107423621,0.200978932527479,1.22259901448086,TRUE,FALSE,TRUE
356,31.3265306122449,368.717356496179,0.282484930145303,-0.75596495918322,0.200570736190098,1.22210005588453,TRUE,FALSE,TRUE
357,31.390156062425,329.889611296382,0.267065749437603,-1.36496294358041,0.200164194618349,1.22160332238523,TRUE,FALSE,TRUE
358,31.2947178871549,361.054652691988,0.279981855550488,-0.360242771500066,0.200774626882275,1.22234925611478,TRUE,FALSE,TRUE
359,31.3583433373349,306.66618201616,0.257334134282131,-1.08175864481727,0.200367259188048,1.22185141192648,TRUE,FALSE,TRUE
360,31.2310924369748,319.137759019887,0.262493560204312,0.167821793673675,0.20118365439375,1.22284933285476,TRUE,FALSE,TRUE
361,31.2947178871549,265.253763886213,0.239181982405097,-0.412330679252724,0.200774626882275,1.22234925611478,TRUE,FALSE,TRUE
362,31.2629051620648,363.972728243235,0.280289227741107,-0.213688540492825,0.200978932527479,1.22259901448086,TRUE,FALSE,TRUE
363,31.390156062425,332.277756990814,0.268300147443863,-1.31530325321203,0.200164194618349,1.22160332238523,TRUE,FALSE,TRUE
364,31.3583433373349,276.157844343146,0.24404168047916,-1.07700973109289,0.200367259188048,1.22185141192648,TRUE,FALSE,TRUE
365,31.2947178871549,352.833380733843,0.276622015610862,-0.30633296588944,0.200774626882275,1.22234925611478,TRUE,FALSE,TRUE
366,31.2310924369748,376.339284337059,0.285336483365195,0.192530968261944,0.20118365439375,1.22284933285476,TRUE,FALSE,TRUE
367,31.390156062425,336.544442274823,0.269725956345522,-1.41417579393364,0.200164194618349,1.22160332238523,TRUE,FALSE,TRUE
368,31.2310924369748,302.073310122002,0.25553947714687,0.228653051833255,0.20118365439375,1.22284933285476,TRUE,FALSE,TRUE
369,31.390156062425,310.929319177584,0.259762731268081,-1.18964366358222,0.200164194618349,1.22160332238523,TRUE,FALSE,TRUE
370,31.4855942376951,356.33059920067,0.277865346113002,-2.28795576660335,0.199557463001834,1.22086236183153,TRUE,FALSE,TRUE
371,31.390156062425,308.738288202626,0.258320785188559,-1.34404736602178,0.200164194618349,1.22160332238523,TRUE,FALSE,TRUE
372,31.3583433373349,314.243966347564,0.260490069429926,-1.06272163113967,0.200367259188048,1.22185141192648,TRUE,FALSE,TRUE
373,31.1356542617047,268.726726611405,0.240616871783229,1.11436489951757,0.201800330077136,1.22360366686859,TRUE,FALSE,TRUE
374,31.390156062425,357.4510943588,0.278261451024137,-1.35785879127462,0.200164194618349,1.22160332238523,TRUE,FALSE,TRUE
375,31.3265306122449,335.848235738822,0.269664715692261,-0.739494389258194,0.200570736190098,1.22210005588453,TRUE,FALSE,TRUE
376,31.3583433373349,389.714383078116,0.290365347990469,-1.11916215873174,0.200367259188048,1.22185141192648,TRUE,FALSE,TRUE
377,31.3265306122449,309.620631469745,0.258789125877576,-0.674181462921992,0.200570736190098,1.22210005588453,TRUE,FALSE,TRUE
378,31.2310924369748,262.170846898075,0.23751951140337,0.142345814849785,0.20118365439375,1.22284933285476,TRUE,FALSE,TRUE
379,31.2629051620648,306.754028831954,0.257814184022016,-0.0174224523258237,0.200978932527479,1.22259901448086,TRUE,FALSE,TRUE
380,31.3265306122449,328.250752189894,0.266644444324647,-0.664526577544317,0.200570736190098,1.22210005588453,TRUE,FALSE,TRUE
381,31.1992797118848,300.071745476326,0.254188195010263,0.437703260390244,0.201388793754304,1.22310021311678,TRUE,FALSE,TRUE
382,31.2947178871549,301.23947570036,0.254819840917456,-0.514454956711979,0.200774626882275,1.22234925611478,TRUE,FALSE,TRUE
383,31.421968787515,275.019114265861,0.24392135924279,-1.63610236369474,0.199961541228317,1.22135578541362,TRUE,FALSE,TRUE
384,31.2310924369748,317.2551328437,0.261924327270387,0.214111509985137,0.20118365439375,1.22284933285476,TRUE,FALSE,TRUE
385,31.2310924369748,254.225151352139,0.234035658227966,0.166184322017954,0.20118365439375,1.22284933285476,TRUE,FALSE,TRUE
386,31.4855942376951,272.275606643654,0.242770903934991,-2.22016508174265,0.199557463001834,1.22086236183153,TRUE,FALSE,TRUE
387,31.2947178871549,389.138976830546,0.289991761151489,-0.493052484142847,0.200774626882275,1.22234925611478,TRUE,FALSE,TRUE
388,31.421968787515,373.606336457196,0.284769262311141,-1.6000432736127,0.199961541228317,1.22135578541362,TRUE,FALSE,TRUE
389,31.2947178871549,312.581905121228,0.259726103924551,-0.467168744834697,0.200774626882275,1.22234925611478,TRUE,FALSE,TRUE
390,31.4855942376951,252.414340152889,0.233219358451991,-2.30058263086778,0.199557463001834,1.22086236183153,TRUE,FALSE,TRUE
391,31.3265306122449,300.367872637968,0.254609443308621,-0.756683739574165,0.200570736190098,1.22210005588453,TRUE,FALSE,TRUE
392,31.3583433373349,368.530392532434,0.282815869335912,-0.990601356738773,0.200367259188048,1.22185141192648,TRUE,FALSE,TRUE
393,31.3265306122449,303.848514413503,0.256522546177621,-0.646811885681355,0.200570736190098,1.22210005588453,TRUE,FALSE,TRUE
394,31.3265306122449,312.678175700372,0.260081136713501,-0.719964382750292,0.200570736190098,1.22210005588453,TRUE,FALSE,TRUE
395,31.421968787515,330.912054145801,0.267557715068779,-1.68082111866012,0.199961541228317,1.22135578541362,TRUE,FALSE,TRUE
396,31.421968787515,311.355511243077,0.259387304292441,-1.68847562761969,0.199961541228317,1.22135578541362,TRUE,FALSE,TRUE
397,31.2629051620648,372.390146518331,0.284313305411646,-0.0172405805947879,0.200978932527479,1.22259901448086,TRUE,FALSE,TRUE
398,31.4855942376951,246.652706475379,0.230713893640561,-2.26376443088393,0.199557463001834,1.22086236183153,TRUE,FALSE,TRUE
399,31.2947178871549,306.500685498043,0.257083142586629,-0.499389181904838,0.200774626882275,1.22234925611478,TRUE,FALSE,TRUE
400,31.3583433373349,298.874387435696,0.254146788098221,-1.04062243341752,0.200367259188048,1.22185141192648,TRUE,FALSE,TRUE
401,31.2947178871549,305.438631884157,0.256932344990973,-0.429028106374678,0.200774626882275,1.22234925611478,TRUE,FALSE,TRUE
402,31.3583433373349,335.124871277482,0.269145476958332,-1.07030698898626,0.200367259188048,1.22185141192648,TRUE,FALSE,TRUE
403,31.2629051620648,291.150770029378,0.250497036356259,-0.161258187560616,0.200978932527479,1.22259901448086,TRUE,FALSE,TRUE
404,31.2629051620648,293.863741061463,0.252153427375725,-0.0518366313887276,0.200978932527479,1.22259901448086,TRUE,FALSE,TRUE
405,31.3583433373349,298.333210269447,0.253957616626943,-1.04023983683937,0.200367259188048,1.22185141192648,TRUE,FALSE,TRUE
406,31.2629051620648,377.688081671047,0.286200025235847,-0.0862267523585212,0.200978932527479,1.22259901448086,TRUE,FALSE,TRUE
407,31.3583433373349,332.268874048045,0.268112588079975,-1.04105251186223,0.200367259188048,1.22185141192648,TRUE,FALSE,TRUE
408,31.3583433373349,305.476915163292,0.257119373998238,-0.958864847817175,0.200367259188048,1.22185141192648,TRUE,FALSE,TRUE
409,31.2310924369748,294.536987937609,0.252463539667701,0.263061745883926,0.20118365439375,1.22284933285476,TRUE,FALSE,TRUE
410,31.1992797118848,321.597491338781,0.263374718555074,0.454072077504773,0.201388793754304,1.22310021311678,TRUE,FALSE,TRUE
411,31.3265306122449,366.715620132773,0.282138272816779,-0.686985016555996,0.200570736190098,1.22210005588453,TRUE,FALSE,TRUE
412,31.2947178871549,358.570228496108,0.278542087222316,-0.45920726298613,0.200774626882275,1.22234925611478,TRUE,FALSE,TRUE
413,31.1992797118848,329.542485838914,0.267084126631048,0.577483206665031,0.201388793754304,1.22310021311678,TRUE,FALSE,TRUE
414,31.3583433373349,319.528249921927,0.262852380357452,-1.04642790659847,0.200367259188048,1.22185141192648,TRUE,FALSE,TRUE
415,31.3583433373349,263.166228207146,0.23834431232343,-0.990493643592167,0.200367259188048,1.22185141192648,TRUE,FALSE,TRUE
416,31.2310924369748,290.963241402658,0.250895084755371,0.297423855535974,0.20118365439375,1.22284933285476,TRUE,FALSE,TRUE
417,31.2629051620648,360.427508412463,0.279353838655449,-0.0918456815215498,0.200978932527479,1.22259901448086,TRUE,FALSE,TRUE
418,31.421968787515,359.889727458126,0.279582749285305,-1.58417852731524,0.199961541228317,1.22135578541362,TRUE,FALSE,TRUE
419,31.2947178871549,319.837426211544,0.263112106808872,-0.401646581654039,0.200774626882275,1.22234925611478,TRUE,FALSE,TRUE
420,31.2947178871549,300.321456280721,0.254716712085253,-0.425272241792991,0.200774626882275,1.22234925611478,TRUE,FALSE,TRUE
421,31.390156062425,289.544182390669,0.250584973345727,-1.24828781236063,0.200164194618349,1.22160332238523,TRUE,FALSE,TRUE
422,31.3265306122449,315.742317774162,0.261575511702364,-0.655237775088964,0.200570736190098,1.22210005588453,TRUE,FALSE,TRUE
423,31.390156062425,322.292585751921,0.263956209890361,-1.38526822649425,0.200164194618349,1.22160332238523,TRUE,FALSE,TRUE
424,31.5174069627851,291.967432424307,0.251168734246997,-2.56712537487852,0.199356035685252,1.22061647156741,TRUE,FALSE,TRUE
425,31.3583433373349,311.416777165678,0.259642604421243,-1.02192018034076,0.200367259188048,1.22185141192648,TRUE,FALSE,TRUE
426,31.2310924369748,319.742258972722,0.263102290509581,0.25126285897728,0.20118365439375,1.22284933285476,TRUE,FALSE,TRUE
427,31.2947178871549,312.317544828319,0.259794189225739,-0.431620641594628,0.200774626882275,1.22234925611478,TRUE,FALSE,TRUE
428,31.2947178871549,346.398025417705,0.274511732499164,-0.247928118264828,0.200774626882275,1.22234925611478,TRUE,FALSE,TRUE
429,31.3265306122449,268.669990619953,0.240895143500124,-0.707176149722513,0.200570736190098,1.22210005588453,TRUE,FALSE,TRUE
430,31.2947178871549,363.510362466736,0.280551324857541,-0.428577469224325,0.200774626882275,1.22234925611478,TRUE,FALSE,TRUE
431,31.2629051620648,339.531843802471,0.271140487887443,-0.0786551282356802,0.200978932527479,1.22259901448086,TRUE,FALSE,TRUE
432,31.2947178871549,367.276631126057,0.282032138204464,-0.401111995546493,0.200774626882275,1.22234925611478,TRUE,FALSE,TRUE
433,31.390156062425,328.324314641401,0.266297512669113,-1.41909662889994,0.200164194618349,1.22160332238523,TRUE,FALSE,TRUE
434,31.2947178871549,270.038357342109,0.241532633645303,-0.388010891469281,0.200774626882275,1.22234925611478,TRUE,FALSE,TRUE
435,31.1992797118848,310.650081616155,0.259174852225216,0.538784438651773,0.201388793754304,1.22310021311678,TRUE,FALSE,TRUE
436,31.2947178871549,346.276835268138,0.274042727012973,-0.361263169974831,0.200774626882275,1.22234925611478,TRUE,FALSE,TRUE
437,31.3583433373349,323.899271928545,0.264830967346502,-1.01362188604915,0.200367259188048,1.22185141192648,TRUE,FALSE,TRUE
438,31.3265306122449,278.596730431615,0.245023096851262,-0.793990594808358,0.200570736190098,1.22210005588453,TRUE,FALSE,TRUE
439,31.2310924369748,343.887696353432,0.272469577134468,0.118937836787745,0.20118365439375,1.22284933285476,TRUE,FALSE,TRUE
440,31.3265306122449,313.82462998351,0.260756336750979,-0.658161686461376,0.200570736190098,1.22210005588453,TRUE,FALSE,TRUE
441,31.2629051620648,299.564023136001,0.254387819318312,-0.107306491461204,0.200978932527479,1.22259901448086,TRUE,FALSE,TRUE
442,31.3583433373349,342.362582241135,0.271901053506322,-1.13559269507087,0.200367259188048,1.22185141192648,TRUE,FALSE,TRUE
443,31.2947178871549,298.726302251169,0.253660064030397,-0.52976024677736,0.200774626882275,1.22234925611478,TRUE,FALSE,TRUE
444,31.390156062425,298.939070459274,0.254555481443596,-1.2410214488543,0.200164194618349,1.22160332238523,TRUE,FALSE,TRUE
445,31.2947178871549,320.706175678893,0.263146962456899,-0.463557364684553,0.200774626882275,1.22234925611478,TRUE,FALSE,TRUE
446,31.421968787515,299.325782560477,0.254451297785095,-1.66613908465978,0.199961541228317,1.22135578541362,TRUE,FALSE,TRUE
447,31.3583433373349,325.010490428544,0.265014087204943,-1.07591863872277,0.200367259188048,1.22185141192648,TRUE,FALSE,TRUE
448,31.1992797118848,305.313129792278,0.256692414393107,0.482401307643452,0.201388793754304,1.22310021311678,TRUE,FALSE,TRUE
449,31.390156062425,281.928763457332,0.24676848434617,-1.35861336666531,0.200164194618349,1.22160332238523,TRUE,FALSE,TRUE
450,31.3265306122449,359.915658658543,0.279358793220869,-0.665958521418304,0.200570736190098,1.22210005588453,TRUE,FALSE,TRUE
451,31.2629051620648,285.826373650974,0.248552701222852,-0.0557131570193455,0.200978932527479,1.22259901448086,TRUE,FALSE,TRUE
452,31.390156062425,324.734448782736,0.264981967512782,-1.37922111004525,0.200164194618349,1.22160332238523,TRUE,FALSE,TRUE
453,31.390156062425,313.609148550425,0.260546055306566,-1.32186172217111,0.200164194618349,1.22160332238523,TRUE,FALSE,TRUE
454,31.1674669867947,374.596822685619,0.284723053248027,0.849378527891336,0.201594351887553,1.22335165715567,TRUE,FALSE,TRUE
455,31.1674669867947,313.486692896025,0.260213037580458,0.801034426053061,0.201594351887553,1.22335165715567,TRUE,FALSE,TRUE
456,31.3583433373349,318.536828062929,0.262887382144253,-1.00222407631203,0.200367259188048,1.22185141192648,TRUE,FALSE,TRUE
457,31.2629051620648,378.880252462049,0.286214542798353,-0.140436138871412,0.200978932527479,1.22259901448086,TRUE,FALSE,TRUE
458,31.3583433373349,288.663251770559,0.25003116810258,-0.96151059263434,0.200367259188048,1.22185141192648,TRUE,FALSE,TRUE
459,31.3583433373349,307.718855998931,0.258081061234815,-1.00569073393432,0.200367259188048,1.22185141192648,TRUE,FALSE,TRUE
460,31.3583433373349,286.35551488631,0.248540494041505,-1.10570367114532,0.200367259188048,1.22185141192648,TRUE,FALSE,TRUE
461,31.1992797118848,366.410754213746,0.281616698605528,0.504475831275387,0.201388793754304,1.22310021311678,TRUE,FALSE,TRUE
462,31.453781512605,282.193636504587,0.246935253720203,-1.97103388271654,0.199759297770337,1.22110879917268,TRUE,FALSE,TRUE
463,31.2629051620648,327.014226484509,0.265870810308158,-0.141362434615225,0.200978932527479,1.22259901448086,TRUE,FALSE,TRUE
464,31.3583433373349,333.969675790728,0.268730044648983,-1.04178510094212,0.200367259188048,1.22185141192648,TRUE,FALSE,TRUE
465,31.421968787515,371.438058150565,0.283361971045358,-1.75472385835978,0.199961541228317,1.22135578541362,TRUE,FALSE,TRUE
466,31.1992797118848,273.753644497557,0.243152250827895,0.565017784349718,0.201388793754304,1.22310021311678,TRUE,FALSE,TRUE
467,31.2947178871549,296.32406683839,0.252801901733191,-0.448405448857715,0.200774626882275,1.22234925611478,TRUE,FALSE,TRUE
468,31.390156062425,374.309765611259,0.285171909302519,-1.25873832393535,0.200164194618349,1.22160332238523,TRUE,FALSE,TRUE
469,31.3583433373349,331.27008645146,0.267920162533457,-0.978734586482378,0.200367259188048,1.22185141192648,TRUE,FALSE,TRUE
470,31.3265306122449,355.516585439622,0.277406466393093,-0.732822430050803,0.200570736190098,1.22210005588453,TRUE,FALSE,TRUE
471,31.4855942376951,308.976539601941,0.258830827790267,-2.20688651749458,0.199557463001834,1.22086236183153,TRUE,FALSE,TRUE
472,31.2629051620648,329.570428461863,0.266929743607159,-0.106121811388669,0.200978932527479,1.22259901448086,TRUE,FALSE,TRUE
473,31.2629051620648,318.316333108692,0.262558925019801,-0.0601891515631062,0.200978932527479,1.22259901448086,TRUE,FALSE,TRUE
474,31.2947178871549,340.806795305409,0.271361393153142,-0.466255769429001,0.200774626882275,1.22234925611478,TRUE,FALSE,TRUE
475,31.421968787515,316.837165123805,0.262036029497002,-1.61120396626754,0.199961541228317,1.22135578541362,TRUE,FALSE,TRUE
476,31.2310924369748,289.743316164878,0.249555197319476,0.0663649960793829,0.20118365439375,1.22284933285476,TRUE,FALSE,TRUE
477,31.3265306122449,321.75364220624,0.263780695565405,-0.727995234247183,0.200570736190098,1.22210005588453,TRUE,FALSE,TRUE
478,31.1674669867947,311.165712062224,0.258762076514727,0.704160723281017,0.201594351887553,1.22335165715567,TRUE,FALSE,TRUE
479,31.2629051620648,306.119844831933,0.257449503773377,-0.0580721470854213,0.200978932527479,1.22259901448086,TRUE,FALSE,TRUE
480,31.2947178871549,296.490561534901,0.252926856266467,-0.454407855778442,0.200774626882275,1.22234925611478,TRUE,FALSE,TRUE
481,31.390156062425,282.399750805797,0.246780098130973,-1.40617593920669,0.200164194618349,1.22160332238523,TRUE,FALSE,TRUE
482,31.3583433373349,273.242919185645,0.242889169628799,-1.01797361403054,0.200367259188048,1.22185141192648,TRUE,FALSE,TRUE
483,31.1038415366146,341.62409888721,0.271776854775033,1.51109025369839,0.202006729611941,1.22385624416124,TRUE,FALSE,TRUE
484,31.2310924369748,284.406521225998,0.247891707430692,0.21602927352616,0.20118365439375,1.22284933285476,TRUE,FALSE,TRUE
485,31.453781512605,269.261657131101,0.240925273370597,-1.98586487960803,0.199759297770337,1.22110879917268,TRUE,FALSE,TRUE
486,31.3265306122449,281.227621405431,0.246508621315397,-0.701815894808158,0.200570736190098,1.22210005588453,TRUE,FALSE,TRUE
487,31.2629051620648,351.090113453619,0.275874176530254,-0.089343202767823,0.200978932527479,1.22259901448086,TRUE,FALSE,TRUE
488,31.3583433373349,261.949125610293,0.238046823270505,-0.984434706749321,0.200367259188048,1.22185141192648,TRUE,FALSE,TRUE
489,31.3265306122449,378.737094555989,0.287091169699359,-0.590187215568112,0.200570736190098,1.22210005588453,TRUE,FALSE,TRUE
490,31.1992797118848,344.830047349522,0.272854259798524,0.472458114283974,0.201388793754304,1.22310021311678,TRUE,FALSE,TRUE
491,31.421968787515,283.892754678493,0.247746964545003,-1.63136020490067,0.199961541228317,1.22135578541362,TRUE,FALSE,TRUE
492,31.421968787515,311.465633604765,0.259667792042758,-1.63925257647151,0.199961541228317,1.22135578541362,TRUE,FALSE,TRUE
493,31.3265306122449,320.460460216092,0.263021910641455,-0.767606231829409,0.200570736190098,1.22210005588453,TRUE,FALSE,TRUE
494,31.2947178871549,295.71498174325,0.253336155037408,-0.307087241380864,0.200774626882275,1.22234925611478,TRUE,FALSE,TRUE
495,31.390156062425,296.805917961067,0.253409655032134,-1.34897850354511,0.200164194618349,1.22160332238523,TRUE,FALSE,TRUE
496,31.2629051620648,323.930519694367,0.264663144875788,-0.119516308473314,0.200978932527479,1.22259901448086,TRUE,FALSE,TRUE
497,31.390156062425,305.65359737715,0.256897802746648,-1.38253424650975,0.200164194618349,1.22160332238523,TRUE,FALSE,TRUE
498,31.2629051620648,304.760554935785,0.256704762794332,-0.0687644469200185,0.200978932527479,1.22259901448086,TRUE,FALSE,TRUE
499,31.453781512605,380.069161746272,0.287014057695467,-2.02204717351336,0.199759297770337,1.22110879917268,TRUE,FALSE,TRUE
500,31.2629051620648,337.183269726249,0.269934781959372,-0.145993759159059,0.200978932527479,1.22259901448086,TRUE,FALSE,TRUE
501,31.3265306122449,231.887500413416,0.223580353298378,-0.711104131152279,0.200570736190098,1.22210005588453,TRUE,FALSE,TRUE
502,31.421968787515,412.62440853699,0.299285079901806,-1.66512031890784,0.199961541228317,1.22135578541362,TRUE,FALSE,TRUE
503,31.2310924369748,341.996593495965,0.272243233132249,0.235597007820333,0.20118365439375,1.22284933285476,TRUE,FALSE,TRUE
504,31.3583433373349,326.585477814532,0.266030922938006,-1.03228976774297,0.200367259188048,1.22185141192648,TRUE,FALSE,TRUE
505,31.2310924369748,348.592756827216,0.27479286318099,0.279289191596661,0.20118365439375,1.22284933285476,TRUE,FALSE,TRUE
506,31.390156062425,371.063361534881,0.28394210765483,-1.27232663017778,0.200164194618349,1.22160332238523,TRUE,FALSE,TRUE
507,31.390156062425,271.817538517161,0.242467773191704,-1.28225620722661,0.200164194618349,1.22160332238523,TRUE,FALSE,TRUE
508,31.390156062425,316.303882053091,0.261750720551411,-1.30264187054231,0.200164194618349,1.22160332238523,TRUE,FALSE,TRUE
509,31.1992797118848,353.946726201369,0.276645923145325,0.509887596234185,0.201388793754304,1.22310021311678,TRUE,FALSE,TRUE
510,31.3265306122449,336.001159075267,0.269726860504875,-0.694618078108755,0.200570736190098,1.22210005588453,TRUE,FALSE,TRUE
511,31.3265306122449,412.083149437865,0.298618300816983,-0.794318023390009,0.200570736190098,1.22210005588453,TRUE,FALSE,TRUE
512,31.3583433373349,327.645748210394,0.266326769947266,-1.02469298238013,0.200367259188048,1.22185141192648,TRUE,FALSE,TRUE
513,31.2947178871549,288.7956159487,0.250034191862099,-0.352872736148166,0.200774626882275,1.22234925611478,TRUE,FALSE,TRUE
514,31.2947178871549,303.176878846808,0.256118622980033,-0.384393747398553,0.200774626882275,1.22234925611478,TRUE,FALSE,TRUE
515,31.2629051620648,278.343714264032,0.244902539250426,-0.187274679588348,0.200978932527479,1.22259901448086,TRUE,FALSE,TRUE
516,31.3265306122449,330.661750785819,0.26748851330192,-0.693064524829321,0.200570736190098,1.22210005588453,TRUE,FALSE,TRUE
517,31.3265306122449,273.572745798417,0.242877695155077,-0.769197602857095,0.200570736190098,1.22210005588453,TRUE,FALSE,TRUE
518,31.1992797118848,288.154251376525,0.249369602628004,0.503652618462714,0.201388793754304,1.22310021311678,TRUE,FALSE,TRUE
519,31.3265306122449,275.2907569008,0.244120289254176,-0.607603233587865,0.200570736190098,1.22210005588453,TRUE,FALSE,TRUE
520,31.3265306122449,293.048065449645,0.251723095076722,-0.717979513953901,0.200570736190098,1.22210005588453,TRUE,FALSE,TRUE
521,31.3583433373349,299.505153207395,0.254642352751613,-0.960803853696469,0.200367259188048,1.22185141192648,TRUE,FALSE,TRUE
522,31.3265306122449,295.004720576641,0.252642374999985,-0.683531250208716,0.200570736190098,1.22210005588453,TRUE,FALSE,TRUE
523,31.3265306122449,355.618535530886,0.277799864051632,-0.694712998483472,0.200570736190098,1.22210005588453,TRUE,FALSE,TRUE
524,31.1992797118848,350.545511107817,0.275135244961005,0.465449407831194,0.201388793754304,1.22310021311678,TRUE,FALSE,TRUE
525,31.3265306122449,300.733918758267,0.254832045575785,-0.740582121513766,0.200570736190098,1.22210005588453,TRUE,FALSE,TRUE
526,31.453781512605,303.7643815133,0.255975352638161,-2.07924262087118,0.199759297770337,1.22110879917268,TRUE,FALSE,TRUE
527,31.3265306122449,305.174447640835,0.256911304471525,-0.695252919670913,0.200570736190098,1.22210005588453,TRUE,FALSE,TRUE
528,31.2629051620648,323.756235652016,0.264692224671219,-0.0732754496687173,0.200978932527479,1.22259901448086,TRUE,FALSE,TRUE
529,31.5174069627851,295.133130956224,0.2526134233934,-2.5730950474451,0.199356035685252,1.22061647156741,TRUE,FALSE,TRUE
530,31.2310924369748,330.184969898483,0.267152230943361,0.202672730950505,0.20118365439375,1.22284933285476,TRUE,FALSE,TRUE
531,31.3583433373349,310.654560297437,0.259330741992504,-1.00347606691716,0.200367259188048,1.22185141192648,TRUE,FALSE,TRUE
532,31.3583433373349,311.925785392774,0.259522943588502,-1.09991160756602,0.200367259188048,1.22185141192648,TRUE,FALSE,TRUE
533,31.2629051620648,333.586889691756,0.268442390938024,-0.139552796128892,0.200978932527479,1.22259901448086,TRUE,FALSE,TRUE
534,31.1992797118848,304.968011753076,0.256737107673939,0.554952754944803,0.201388793754304,1.22310021311678,TRUE,FALSE,TRUE
535,31.2947178871549,303.077428914791,0.255854890092186,-0.444334004656017,0.200774626882275,1.22234925611478,TRUE,FALSE,TRUE
536,31.2947178871549,293.403336627224,0.251763211214107,-0.420312162946125,0.200774626882275,1.22234925611478,TRUE,FALSE,TRUE
537,31.390156062425,322.189528398863,0.264013953426867,-1.33102035383667,0.200164194618349,1.22160332238523,TRUE,FALSE,TRUE
538,31.421968787515,357.634030536606,0.278372471824889,-1.67403867916517,0.199961541228317,1.22135578541362,TRUE,FALSE,TRUE
539,31.2629051620648,393.847098112978,0.292513367075796,-0.0335111061819154,0.200978932527479,1.22259901448086,TRUE,FALSE,TRUE
540,31.3265306122449,328.897893773285,0.266326972024309,-0.824798594917008,0.200570736190098,1.22210005588453,TRUE,FALSE,TRUE
541,31.453781512605,302.854416153383,0.256184715888027,-1.92313591098395,0.199759297770337,1.22110879917268,TRUE,FALSE,TRUE
542,31.3265306122449,354.944020560184,0.277391950377398,-0.673348535982512,0.200570736190098,1.22210005588453,TRUE,FALSE,TRUE
543,31.3583433373349,274.207741029141,0.243405681125969,-1.03118163520807,0.200367259188048,1.22185141192648,TRUE,FALSE,TRUE
544,31.3265306122449,289.318849678165,0.24974388688337,-0.780897883200217,0.200570736190098,1.22210005588453,TRUE,FALSE,TRUE
545,31.2629051620648,328.864898666101,0.266594204903732,-0.11741917338615,0.200978932527479,1.22259901448086,TRUE,FALSE,TRUE
546,31.3583433373349,281.510424390563,0.246530238247177,-1.05804047432445,0.200367259188048,1.22185141192648,TRUE,FALSE,TRUE
547,31.3265306122449,425.557487733875,0.30417342478016,-0.698469889764174,0.200570736190098,1.22210005588453,TRUE,FALSE,TRUE
548,31.453781512605,325.97011243858,0.26555368671138,-2.01143911424225,0.199759297770337,1.22110879917268,TRUE,FALSE,TRUE
549,31.421968787515,277.634373287824,0.244957672430869,-1.6649741598862,0.199961541228317,1.22135578541362,TRUE,FALSE,TRUE
550,31.2629051620648,256.682584987404,0.235575855172131,-0.0619159878356057,0.200978932527479,1.22259901448086,TRUE,FALSE,TRUE
551,31.1992797118848,301.583991957994,0.254946955754277,0.478938856258287,0.201388793754304,1.22310021311678,TRUE,FALSE,TRUE
552,31.3265306122449,279.113523853779,0.245660685485133,-0.667361317235741,0.200570736190098,1.22210005588453,TRUE,FALSE,TRUE
553,31.421968787515,303.278465168389,0.256170260446116,-1.6187293119669,0.199961541228317,1.22135578541362,TRUE,FALSE,TRUE
554,31.2629051620648,312.287554531109,0.259457570518312,-0.193284714655043,0.200978932527479,1.22259901448086,TRUE,FALSE,TRUE
555,31.421968787515,333.748247892041,0.268705688227761,-1.679588663435,0.199961541228317,1.22135578541362,TRUE,FALSE,TRUE
556,31.390156062425,347.460303367853,0.274404405218397,-1.30899873479392,0.200164194618349,1.22160332238523,TRUE,FALSE,TRUE
557,31.2310924369748,323.458692370966,0.264687043291741,0.249432484535084,0.20118365439375,1.22284933285476,TRUE,FALSE,TRUE
558,31.3583433373349,255.123768613784,0.234727603240439,-1.05714703044897,0.200367259188048,1.22185141192648,TRUE,FALSE,TRUE
559,31.2310924369748,339.288619472481,0.271045290837629,0.250429260333463,0.20118365439375,1.22284933285476,TRUE,FALSE,TRUE
560,31.1674669867947,301.502047229674,0.255327602302717,0.868688027399817,0.201594351887553,1.22335165715567,TRUE,FALSE,TRUE
561,31.453781512605,297.782984727804,0.253779999002904,-1.95012653448461,0.199759297770337,1.22110879917268,TRUE,FALSE,TRUE
562,31.3583433373349,264.440759210848,0.238979052279463,-1.02841199220461,0.200367259188048,1.22185141192648,TRUE,FALSE,TRUE
563,31.390156062425,350.573460955422,0.275488059537459,-1.36545003146497,0.200164194618349,1.22160332238523,TRUE,FALSE,TRUE
564,31.1674669867947,328.210476984885,0.266011476272607,0.75790738238906,0.201594351887553,1.22335165715567,TRUE,FALSE,TRUE
565,31.3583433373349,327.508508472333,0.266234779823172,-1.05913879873669,0.200367259188048,1.22185141192648,TRUE,FALSE,TRUE
566,31.3583433373349,367.578634294633,0.282246397433717,-1.03415701097783,0.200367259188048,1.22185141192648,TRUE,FALSE,TRUE
567,31.390156062425,238.996017619195,0.227162734392181,-1.34706785197818,0.200164194618349,1.22160332238523,TRUE,FALSE,TRUE
568,31.3265306122449,306.306576826881,0.257401106851305,-0.70595572569147,0.200570736190098,1.22210005588453,TRUE,FALSE,TRUE
569,31.2629051620648,292.102961014793,0.251412258368025,-0.0364823035487408,0.200978932527479,1.22259901448086,TRUE,FALSE,TRUE
570,31.1992797118848,298.25875909781,0.253675987981259,0.480779343585848,0.201388793754304,1.22310021311678,TRUE,FALSE,TRUE
571,31.1992797118848,294.438490963093,0.251891550621187,0.468702421280446,0.201388793754304,1.22310021311678,TRUE,FALSE,TRUE
572,31.2629051620648,329.961159805575,0.267392501478235,-0.0298504929362541,0.200978932527479,1.22259901448086,TRUE,FALSE,TRUE
573,31.2629051620648,308.581871586051,0.258253031273267,-0.0983272768851022,0.200978932527479,1.22259901448086,TRUE,FALSE,TRUE
574,31.421968787515,303.851767873604,0.256407336189507,-1.66339176567175,0.199961541228317,1.22135578541362,TRUE,FALSE,TRUE
575,31.390156062425,349.972485152602,0.275090750515139,-1.39300096280401,0.200164194618349,1.22160332238523,TRUE,FALSE,TRUE
576,31.2310924369748,260.807474922946,0.23781449850603,0.416313189095122,0.20118365439375,1.22284933285476,TRUE,FALSE,TRUE
577,31.2629051620648,309.266337226388,0.258756121077313,-0.0685471257732926,0.200978932527479,1.22259901448086,TRUE,FALSE,TRUE
578,31.3265306122449,308.312624161714,0.258668967666306,-0.613586798850172,0.200570736190098,1.22210005588453,TRUE,FALSE,TRUE
579,31.2947178871549,339.275686578089,0.270756602073213,-0.462765801485329,0.200774626882275,1.22234925611478,TRUE,FALSE,TRUE
580,31.2629051620648,312.708433679763,0.260306464647371,-0.0018964196944049,0.200978932527479,1.22259901448086,TRUE,FALSE,TRUE
581,31.3265306122449,352.642972519276,0.276187590920741,-0.769997780273399,0.200570736190098,1.22210005588453,TRUE,FALSE,TRUE
582,31.2629051620648,288.156808317249,0.249497750842885,-0.0741009762323202,0.200978932527479,1.22259901448086,TRUE,FALSE,TRUE
583,31.390156062425,296.896822604354,0.253217953982513,-1.37990107543109,0.200164194618349,1.22160332238523,TRUE,FALSE,TRUE
584,31.390156062425,265.004667130043,0.239145378359441,-1.3795050280333,0.200164194618349,1.22160332238523,TRUE,FALSE,TRUE
585,31.5174069627851,354.813533168256,0.277133546472192,-2.62072321475532,0.199356035685252,1.22061647156741,TRUE,FALSE,TRUE
586,31.3265306122449,268.126350224211,0.240575432321597,-0.721253434740486,0.200570736190098,1.22210005588453,TRUE,FALSE,TRUE
587,31.1674669867947,345.160402145451,0.273479498683967,0.900230153787858,0.201594351887553,1.22335165715567,TRUE,FALSE,TRUE
588,31.2629051620648,302.569209455062,0.255814716226985,-0.100088741578065,0.200978932527479,1.22259901448086,TRUE,FALSE,TRUE
589,31.3265306122449,283.889841457561,0.247891479233694,-0.649793052304099,0.200570736190098,1.22210005588453,TRUE,FALSE,TRUE
590,31.2629051620648,384.413378053312,0.289284455651833,0.00904827347499468,0.200978932527479,1.22259901448086,TRUE,FALSE,TRUE
591,31.5174069627851,336.053884484463,0.269584872566905,-2.62233798497922,0.199356035685252,1.22061647156741,TRUE,FALSE,TRUE
592,31.390156062425,279.803779974748,0.245796843880044,-1.38177903077286,0.200164194618349,1.22160332238523,TRUE,FALSE,TRUE
593,31.2629051620648,310.717260613676,0.259345051623016,-0.0494991946956602,0.200978932527479,1.22259901448086,TRUE,FALSE,TRUE
594,31.2947178871549,301.911891389261,0.255349637931787,-0.46026686771161,0.200774626882275,1.22234925611478,TRUE,FALSE,TRUE
595,31.2310924369748,314.046101090318,0.260746338786828,0.24700270910591,0.20118365439375,1.22284933285476,TRUE,FALSE,TRUE
596,31.2629051620648,323.587322095917,0.264428206773584,-0.110399645305491,0.200978932527479,1.22259901448086,TRUE,FALSE,TRUE
597,31.390156062425,301.094002058101,0.255319058456761,-1.27214979642946,0.200164194618349,1.22160332238523,TRUE,FALSE,TRUE
598,31.1992797118848,292.928083349917,0.251276530631326,0.462707735013564,0.201388793754304,1.22310021311678,TRUE,FALSE,TRUE
599,31.3265306122449,318.801408061173,0.262464460487261,-0.770595403256769,0.200570736190098,1.22210005588453,TRUE,FALSE,TRUE
600,31.2947178871549,259.798272874369,0.236867182327136,-0.395015166143593,0.200774626882275,1.22234925611478,TRUE,FALSE,TRUE
601,31.421968787515,303.885906907811,0.25610869152521,-1.79134752160582,0.199961541228317,1.22135578541362,TRUE,FALSE,TRUE
602,31.2629051620648,308.053472966513,0.257811599195581,-0.16802533447493,0.200978932527479,1.22259901448086,TRUE,FALSE,TRUE
603,31.2310924369748,325.91485510871,0.265264093017469,0.15917616399838,0.20118365439375,1.22284933285476,TRUE,FALSE,TRUE
604,31.3583433373349,278.000222081127,0.244808955298073,-1.10901888191449,0.200367259188048,1.22185141192648,TRUE,FALSE,TRUE
605,31.2310924369748,340.921050814056,0.271717856844227,0.263261510612477,0.20118365439375,1.22284933285476,TRUE,FALSE,TRUE
606,31.4855942376951,350.993122071341,0.275740428787996,-2.24809634185823,0.199557463001834,1.22086236183153,TRUE,FALSE,TRUE
607,31.2629051620648,341.980602807119,0.272176751102903,-0.072582316197623,0.200978932527479,1.22259901448086,TRUE,FALSE,TRUE
608,31.1038415366146,322.184193688826,0.263489880342278,1.41395516236696,0.202006729611941,1.22385624416124,TRUE,FALSE,TRUE
609,31.2629051620648,308.769242035931,0.258189912460664,-0.136786067120027,0.200978932527479,1.22259901448086,TRUE,FALSE,TRUE
610,31.1356542617047,262.691671206072,0.238041726034234,1.18651656402848,0.201800330077136,1.22360366686859,TRUE,FALSE,TRUE
611,31.2629051620648,323.916607380893,0.264308656923114,-0.182809310240236,0.200978932527479,1.22259901448086,TRUE,FALSE,TRUE
612,31.390156062425,316.034026401547,0.261161622630561,-1.41636295775104,0.200164194618349,1.22160332238523,TRUE,FALSE,TRUE
613,31.421968787515,370.91615917859,0.283480632846758,-1.71445573325984,0.199961541228317,1.22135578541362,TRUE,FALSE,TRUE
614,31.2310924369748,232.929151191066,0.223625652906314,0.12175077151473,0.20118365439375,1.22284933285476,TRUE,FALSE,TRUE
615,31.5492196878751,296.342349618826,0.253070314639809,-2.96785142064556,0.199155014588025,1.22037112656558,TRUE,FALSE,TRUE
616,31.2947178871549,289.225164751307,0.250123373722264,-0.366273478535441,0.200774626882275,1.22234925611478,TRUE,FALSE,TRUE
617,31.390156062425,348.911148696801,0.274424405780756,-1.44330732964339,0.200164194618349,1.22160332238523,TRUE,FALSE,TRUE
618,31.4855942376951,319.761167292112,0.263067778170369,-2.31802421432418,0.199557463001834,1.22086236183153,TRUE,FALSE,TRUE
619,31.1356542617047,321.086777946581,0.262927803689504,1.06522053756862,0.201800330077136,1.22360366686859,TRUE,FALSE,TRUE
620,31.421968787515,278.438160724144,0.245305707296129,-1.59709257271832,0.199961541228317,1.22135578541362,TRUE,FALSE,TRUE
621,31.3265306122449,297.060558666572,0.253370788446238,-0.742969571821423,0.200570736190098,1.22210005588453,TRUE,FALSE,TRUE
622,31.390156062425,340.002485670601,0.271132242227277,-1.40241459627174,0.200164194618349,1.22160332238523,TRUE,FALSE,TRUE
623,31.2629051620648,297.738962133298,0.253803669173192,-0.0625144299086167,0.200978932527479,1.22259901448086,TRUE,FALSE,TRUE
624,31.390156062425,329.209912282835,0.266994709945182,-1.30296810081888,0.200164194618349,1.22160332238523,TRUE,FALSE,TRUE
625,31.2310924369748,314.724752047879,0.260844623108307,0.229125213853022,0.20118365439375,1.22284933285476,TRUE,FALSE,TRUE
626,31.2310924369748,329.780563410786,0.267223926945047,0.252710267046858,0.20118365439375,1.22284933285476,TRUE,FALSE,TRUE
627,31.3265306122449,332.039389690782,0.267958278366078,-0.736269995983563,0.200570736190098,1.22210005588453,TRUE,FALSE,TRUE
628,31.3583433373349,351.071781449176,0.275614618824886,-1.07299711706326,0.200367259188048,1.22185141192648,TRUE,FALSE,TRUE
629,31.2629051620648,322.180802018709,0.263891187665913,-0.115945646459824,0.200978932527479,1.22259901448086,TRUE,FALSE,TRUE
630,31.390156062425,375.932639732253,0.285831155897947,-1.25098845344393,0.200164194618349,1.22160332238523,TRUE,FALSE,TRUE
631,31.1674669867947,290.369370445052,0.250698948223523,0.966100818110611,0.201594351887553,1.22335165715567,TRUE,FALSE,TRUE
632,31.3583433373349,343.53392708438,0.272559686148139,-1.05177483774774,0.200367259188048,1.22185141192648,TRUE,FALSE,TRUE
633,31.2310924369748,295.213914566882,0.252566020841662,0.22964898855637,0.20118365439375,1.22284933285476,TRUE,FALSE,TRUE
634,31.453781512605,335.789077977183,0.269584780783266,-1.98693549331063,0.199759297770337,1.22110879917268,TRUE,FALSE,TRUE
635,31.3265306122449,278.695300452224,0.244983834594288,-0.82975355171036,0.200570736190098,1.22210005588453,TRUE,FALSE,TRUE
636,31.1674669867947,343.131606496994,0.272553192957052,0.879325607029198,0.201594351887553,1.22335165715567,TRUE,FALSE,TRUE
637,31.2310924369748,387.829186844744,0.290152333334885,0.243533531974361,0.20118365439375,1.22284933285476,TRUE,FALSE,TRUE
638,31.3583433373349,346.906513108953,0.273955407513205,-1.07985633837409,0.200367259188048,1.22185141192648,TRUE,FALSE,TRUE
639,31.3583433373349,289.411572689345,0.25033009001741,-0.952054951783271,0.200367259188048,1.22185141192648,TRUE,FALSE,TRUE
640,31.1356542617047,332.373997555368,0.267558865569264,1.04798098943959,0.201800330077136,1.22360366686859,TRUE,FALSE,TRUE
641,31.2947178871549,414.493717005933,0.299802261276333,-0.435370196070023,0.200774626882275,1.22234925611478,TRUE,FALSE,TRUE
642,31.3265306122449,381.376520910084,0.28769767756631,-0.715775036786698,0.200570736190098,1.22210005588453,TRUE,FALSE,TRUE
643,31.2629051620648,276.665970585228,0.244700285220185,-0.0308289091071293,0.200978932527479,1.22259901448086,TRUE,FALSE,TRUE
644,31.2310924369748,311.729947217418,0.259343455218423,0.162459102619079,0.20118365439375,1.22284933285476,TRUE,FALSE,TRUE
645,31.2629051620648,351.529923170086,0.275982468257615,-0.0788234103041593,0.200978932527479,1.22259901448086,TRUE,FALSE,TRUE
646,31.2947178871549,320.34001695848,0.263578577703284,-0.325336060186043,0.200774626882275,1.22234925611478,TRUE,FALSE,TRUE
647,31.2947178871549,322.643974649491,0.26400247137944,-0.469278531195403,0.200774626882275,1.22234925611478,TRUE,FALSE,TRUE
648,31.2947178871549,342.055916410604,0.271948707237968,-0.462200534958044,0.200774626882275,1.22234925611478,TRUE,FALSE,TRUE
649,31.453781512605,305.638167919102,0.25697599226001,-2.04500002776856,0.199759297770337,1.22110879917268,TRUE,FALSE,TRUE
650,31.3265306122449,397.177028556852,0.293407785491352,-0.754103508883335,0.200570736190098,1.22210005588453,TRUE,FALSE,TRUE
651,31.1674669867947,304.140985940101,0.256364927452807,0.8414755749161,0.201594351887553,1.22335165715567,TRUE,FALSE,TRUE
652,31.390156062425,292.319027032454,0.250870012990903,-1.46033062554244,0.200164194618349,1.22160332238523,TRUE,FALSE,TRUE
653,31.3583433373349,268.49735975236,0.241029178805469,-0.985931614833016,0.200367259188048,1.22185141192648,TRUE,FALSE,TRUE
654,31.390156062425,282.304945989237,0.247052138544604,-1.33276122893628,0.200164194618349,1.22160332238523,TRUE,FALSE,TRUE
655,31.3265306122449,331.553097894151,0.2677965083301,-0.735890623554604,0.200570736190098,1.22210005588453,TRUE,FALSE,TRUE
656,31.1992797118848,334.323033109298,0.269186068414358,0.58877442784974,0.201388793754304,1.22310021311678,TRUE,FALSE,TRUE
657,31.421968787515,325.759358669795,0.265131401484106,-1.76936741845548,0.199961541228317,1.22135578541362,TRUE,FALSE,TRUE
658,31.2629051620648,287.612123719315,0.249305679603545,-0.0868046138641925,0.200978932527479,1.22259901448086,TRUE,FALSE,TRUE
659,31.3265306122449,312.367669769775,0.260235140057037,-0.614927882113069,0.200570736190098,1.22210005588453,TRUE,FALSE,TRUE
660,31.2947178871549,322.460373915825,0.263706601771677,-0.500575335844512,0.200774626882275,1.22234925611478,TRUE,FALSE,TRUE
661,31.390156062425,272.216556900386,0.242622532541848,-1.31766101943305,0.200164194618349,1.22160332238523,TRUE,FALSE,TRUE
662,31.3265306122449,262.969125226814,0.238231503354904,-0.732926561466694,0.200570736190098,1.22210005588453,TRUE,FALSE,TRUE
663,31.4855942376951,318.411291458953,0.262493118164597,-2.26244293428203,0.199557463001834,1.22086236183153,TRUE,FALSE,TRUE
664,31.2310924369748,318.358884580502,0.261888968109283,0.124195380515864,0.20118365439375,1.22284933285476,TRUE,FALSE,TRUE
665,31.2947178871549,286.434037392631,0.248489909475618,-0.489544597928759,0.200774626882275,1.22234925611478,TRUE,FALSE,TRUE
666,31.3265306122449,317.28871632569,0.262434789010683,-0.589131917188263,0.200570736190098,1.22210005588453,TRUE,FALSE,TRUE
667,31.1356542617047,304.750695828977,0.256362157347243,1.13068197990695,0.201800330077136,1.22360366686859,TRUE,FALSE,TRUE
668,31.2629051620648,335.78522377714,0.269498780693232,-0.104293322835573,0.200978932527479,1.22259901448086,TRUE,FALSE,TRUE
669,31.3265306122449,367.317218142972,0.282028268266391,-0.775952567847566,0.200570736190098,1.22210005588453,TRUE,FALSE,TRUE
670,31.1992797118848,263.482600756024,0.238593888706063,0.570585680176118,0.201388793754304,1.22310021311678,TRUE,FALSE,TRUE
671,31.3583433373349,312.884045277336,0.260059385830962,-1.03146040239149,0.200367259188048,1.22185141192648,TRUE,FALSE,TRUE
672,31.2947178871549,257.150445909114,0.235600744403197,-0.406401252397059,0.200774626882275,1.22234925611478,TRUE,FALSE,TRUE
673,31.2629051620648,305.441354600948,0.256941515764443,-0.101507832082254,0.200978932527479,1.22259901448086,TRUE,FALSE,TRUE
674,31.421968787515,287.953565336163,0.24964938483883,-1.58549410816872,0.199961541228317,1.22135578541362,TRUE,FALSE,TRUE
675,31.390156062425,319.890569744623,0.263222510364095,-1.28686495292902,0.200164194618349,1.22160332238523,TRUE,FALSE,TRUE
676,31.3265306122449,332.572851123356,0.26830530540946,-0.707059844784854,0.200570736190098,1.22210005588453,TRUE,FALSE,TRUE
677,31.2947178871549,270.318307799571,0.241654260805982,-0.398357951546478,0.200774626882275,1.22234925611478,TRUE,FALSE,TRUE
678,31.3583433373349,356.274707799352,0.27778625094403,-1.05540519835854,0.200367259188048,1.22185141192648,TRUE,FALSE,TRUE
679,31.2629051620648,293.456019182853,0.252101185918478,-0.0128961060375613,0.200978932527479,1.22259901448086,TRUE,FALSE,TRUE
680,31.2310924369748,285.87067683309,0.248304822863149,0.179246412089727,0.20118365439375,1.22284933285476,TRUE,FALSE,TRUE
681,31.2310924369748,306.461203142203,0.257488243523217,0.243808836827785,0.20118365439375,1.22284933285476,TRUE,FALSE,TRUE
682,31.3583433373349,282.84449637062,0.247024780727861,-1.09017692580553,0.200367259188048,1.22185141192648,TRUE,FALSE,TRUE
683,31.3265306122449,298.239514933994,0.253738028499921,-0.752823927550936,0.200570736190098,1.22210005588453,TRUE,FALSE,TRUE
684,31.3583433373349,286.895520046621,0.24927792970788,-0.932580643533786,0.200367259188048,1.22185141192648,TRUE,FALSE,TRUE
685,31.3583433373349,350.908256346975,0.275344731028426,-1.10510565431957,0.200367259188048,1.22185141192648,TRUE,FALSE,TRUE
686,31.3265306122449,266.079523181981,0.239848541409105,-0.689535928987892,0.200570736190098,1.22210005588453,TRUE,FALSE,TRUE
687,31.390156062425,348.955243868031,0.274959498483312,-1.33520646177798,0.200164194618349,1.22160332238523,TRUE,FALSE,TRUE
688,31.421968787515,337.418860040275,0.270310859027452,-1.65111890652164,0.199961541228317,1.22135578541362,TRUE,FALSE,TRUE
689,31.2629051620648,306.689590954184,0.257564021251152,-0.0731049546381164,0.200978932527479,1.22259901448086,TRUE,FALSE,TRUE
690,31.2629051620648,336.570638062906,0.270148414398381,-0.00576929526708625,0.200978932527479,1.22259901448086,TRUE,FALSE,TRUE
691,31.2629051620648,309.787247602249,0.259013584433227,-0.0486055572948336,0.200978932527479,1.22259901448086,TRUE,FALSE,TRUE
692,31.2947178871549,283.697556738727,0.247690239477018,-0.378027312081013,0.200774626882275,1.22234925611478,TRUE,FALSE,TRUE
693,31.3583433373349,300.321250483907,0.254631858351293,-1.06989977672524,0.200367259188048,1.22185141192648,TRUE,FALSE,TRUE
694,31.390156062425,373.08821230765,0.284305550705429,-1.34813408776366,0.200164194618349,1.22160332238523,TRUE,FALSE,TRUE
695,31.3265306122449,303.10386418522,0.25624584870871,-0.658009204877467,0.200570736190098,1.22210005588453,TRUE,FALSE,TRUE
696,31.2629051620648,369.775572652489,0.282894451593521,-0.102756250714525,0.200978932527479,1.22259901448086,TRUE,FALSE,TRUE
697,31.3265306122449,274.044303143996,0.243086988406577,-0.782861725794454,0.200570736190098,1.22210005588453,TRUE,FALSE,TRUE
698,31.2629051620648,293.343053454933,0.251746312311293,-0.0840940831296914,0.200978932527479,1.22259901448086,TRUE,FALSE,TRUE
699,31.3265306122449,325.493717660682,0.265484610311027,-0.708099664343675,0.200570736190098,1.22210005588453,TRUE,FALSE,TRUE
700,31.3265306122449,365.022915417437,0.281277514379592,-0.726420534321924,0.200570736190098,1.22210005588453,TRUE,FALSE,TRUE
701,31.3265306122449,311.084383564396,0.259041379334313,-0.784789237949797,0.200570736190098,1.22210005588453,TRUE,FALSE,TRUE
702,31.2629051620648,263.540069019558,0.238550374712881,-0.0788150227830132,0.200978932527479,1.22259901448086,TRUE,FALSE,TRUE
703,31.2629051620648,349.55964952996,0.275355271344234,-0.0318264922659506,0.200978932527479,1.22259901448086,TRUE,FALSE,TRUE
704,31.3583433373349,389.775758388576,0.2908772335597,-1.03762154163696,0.200367259188048,1.22185141192648,TRUE,FALSE,TRUE
705,31.4855942376951,287.149533102726,0.249180384314389,-2.21100409910553,0.199557463001834,1.22086236183153,TRUE,FALSE,TRUE
706,31.2947178871549,266.319789975629,0.239804971958983,-0.364365517548702,0.200774626882275,1.22234925611478,TRUE,FALSE,TRUE
707,31.390156062425,361.590897172414,0.27945834114341,-1.4615690436034,0.200164194618349,1.22160332238523,TRUE,FALSE,TRUE
708,31.4855942376951,348.509571575957,0.274793944767669,-2.30385151121399,0.199557463001834,1.22086236183153,TRUE,FALSE,TRUE
709,31.1674669867947,353.958227551932,0.276690323216692,0.849175040782621,0.201594351887553,1.22335165715567,TRUE,FALSE,TRUE
710,31.390156062425,321.23367416065,0.264090500122984,-1.24641378290356,0.200164194618349,1.22160332238523,TRUE,FALSE,TRUE
711,31.3265306122449,346.108322909599,0.2737292524931,-0.7467423430544,0.200570736190098,1.22210005588453,TRUE,FALSE,TRUE
712,31.2947178871549,316.242993527481,0.261836772071214,-0.348624530458847,0.200774626882275,1.22234925611478,TRUE,FALSE,TRUE
713,31.1674669867947,368.417648719941,0.282624737710113,0.890684531030133,0.201594351887553,1.22335165715567,TRUE,FALSE,TRUE
714,31.3265306122449,347.927895403801,0.27455460521995,-0.694640889815743,0.200570736190098,1.22210005588453,TRUE,FALSE,TRUE
715,31.2947178871549,241.381616027847,0.228009795579315,-0.421089529046886,0.200774626882275,1.22234925611478,TRUE,FALSE,TRUE
716,31.1992797118848,382.770064194781,0.287945427405592,0.523024788824598,0.201388793754304,1.22310021311678,TRUE,FALSE,TRUE
717,31.421968787515,256.11394941008,0.234998177490304,-1.6685189378656,0.199961541228317,1.22135578541362,TRUE,FALSE,TRUE
718,31.2947178871549,309.343953404401,0.258946624435888,-0.315967248985555,0.200774626882275,1.22234925611478,TRUE,FALSE,TRUE
719,31.3265306122449,292.895422589238,0.251862733429812,-0.717109617005067,0.200570736190098,1.22210005588453,TRUE,FALSE,TRUE
720,31.390156062425,291.405935971255,0.251070275348935,-1.32691917296941,0.200164194618349,1.22160332238523,TRUE,FALSE,TRUE
721,31.4855942376951,280.666653893598,0.246135496363949,-2.31903925523613,0.199557463001834,1.22086236183153,TRUE,FALSE,TRUE
722,31.390156062425,333.789779264704,0.268653630445381,-1.36845354170795,0.200164194618349,1.22160332238523,TRUE,FALSE,TRUE
723,31.3265306122449,307.513280551507,0.257211122261852,-0.889318011805634,0.200570736190098,1.22210005588453,TRUE,FALSE,TRUE
724,31.3265306122449,324.629283262536,0.264958419669246,-0.734336609943829,0.200570736190098,1.22210005588453,TRUE,FALSE,TRUE
725,31.2629051620648,296.407544533801,0.252978921907421,-0.119656132390951,0.200978932527479,1.22259901448086,TRUE,FALSE,TRUE
726,31.3583433373349,350.181546505807,0.275259466058757,-1.07484917468851,0.200367259188048,1.22185141192648,TRUE,FALSE,TRUE
727,31.2310924369748,313.106967061756,0.260271683453238,0.25183597102947,0.20118365439375,1.22284933285476,TRUE,FALSE,TRUE
728,31.1992797118848,326.124355707008,0.265622817090137,0.577104516497303,0.201388793754304,1.22310021311678,TRUE,FALSE,TRUE
729,31.3265306122449,288.12719243075,0.248842316194762,-0.918966515015871,0.200570736190098,1.22210005588453,TRUE,FALSE,TRUE
730,31.3583433373349,308.739032057048,0.258448096183811,-0.996299290503913,0.200367259188048,1.22185141192648,TRUE,FALSE,TRUE
731,31.3265306122449,284.138021490411,0.247671738501542,-0.714222505808245,0.200570736190098,1.22210005588453,TRUE,FALSE,TRUE
732,31.2629051620648,310.443736666162,0.259026080822371,-0.107837537837207,0.200978932527479,1.22259901448086,TRUE,FALSE,TRUE
733,31.390156062425,336.867432682428,0.270271554726182,-1.29444921397627,0.200164194618349,1.22160332238523,TRUE,FALSE,TRUE
734,31.390156062425,323.158900116608,0.264558077011071,-1.32688631097584,0.200164194618349,1.22160332238523,TRUE,FALSE,TRUE
735,31.2947178871549,244.960110001666,0.230105928588204,-0.389082787290386,0.200774626882275,1.22234925611478,TRUE,FALSE,TRUE
736,31.2947178871549,324.161203062118,0.264713194246792,-0.415634810227039,0.200774626882275,1.22234925611478,TRUE,FALSE,TRUE
737,31.3265306122449,307.26407030695,0.257848802544616,-0.686850028789901,0.200570736190098,1.22210005588453,TRUE,FALSE,TRUE
738,31.3265306122449,332.125883738548,0.268065697803241,-0.71582021052061,0.200570736190098,1.22210005588453,TRUE,FALSE,TRUE
739,31.453781512605,297.521816546885,0.253684336280922,-1.94369305831807,0.199759297770337,1.22110879917268,TRUE,FALSE,TRUE
740,31.421968787515,277.135942476977,0.244254078153367,-1.79077056771068,0.199961541228317,1.22135578541362,TRUE,FALSE,TRUE
741,31.3583433373349,330.175886377439,0.267494849591771,-1.01461278435238,0.200367259188048,1.22185141192648,TRUE,FALSE,TRUE
742,31.1356542617047,343.615926500071,0.272373280231392,1.12033647701978,0.201800330077136,1.22360366686859,TRUE,FALSE,TRUE
743,31.421968787515,333.673978721389,0.268615109037151,-1.68879148932704,0.199961541228317,1.22135578541362,TRUE,FALSE,TRUE
744,31.2947178871549,315.40896680605,0.260973102127015,-0.473753237203338,0.200774626882275,1.22234925611478,TRUE,FALSE,TRUE
745,31.2310924369748,292.391486527262,0.251593761828393,0.267107031038233,0.20118365439375,1.22284933285476,TRUE,FALSE,TRUE
746,31.1992797118848,291.796632164696,0.251020191743005,0.525720842164655,0.201388793754304,1.22310021311678,TRUE,FALSE,TRUE
747,31.1356542617047,321.158811857804,0.263360227805114,1.1837724871565,0.201800330077136,1.22360366686859,TRUE,FALSE,TRUE
748,31.390156062425,258.172029460469,0.235918837861696,-1.38197783515369,0.200164194618349,1.22160332238523,TRUE,FALSE,TRUE
749,31.2947178871549,301.913346046903,0.255637874904741,-0.344047642691455,0.200774626882275,1.22234925611478,TRUE,FALSE,TRUE
750,31.390156062425,361.39339514586,0.279724315660302,-1.35314769354885,0.200164194618349,1.22160332238523,TRUE,FALSE,TRUE
751,31.0720288115246,272.171762622603,0.242715901165969,1.89980309181961,0.202213551786137,1.22410939094784,TRUE,FALSE,TRUE
752,31.3265306122449,302.529378901309,0.255947365630062,-0.652729543659061,0.200570736190098,1.22210005588453,TRUE,FALSE,TRUE
753,31.1992797118848,328.518197843232,0.266406581069169,0.534050089928634,0.201388793754304,1.22310021311678,TRUE,FALSE,TRUE
754,31.1992797118848,301.044964318482,0.254565944026365,0.426489372245373,0.201388793754304,1.22310021311678,TRUE,FALSE,TRUE
755,31.1356542617047,318.454466349986,0.262178067996509,1.15592908867234,0.201800330077136,1.22360366686859,TRUE,FALSE,TRUE
756,31.2629051620648,335.116949429537,0.269298102129934,-0.0893810005740313,0.200978932527479,1.22259901448086,TRUE,FALSE,TRUE
757,31.2947178871549,315.470900480944,0.260912688602081,-0.472240581425985,0.200774626882275,1.22234925611478,TRUE,FALSE,TRUE
758,31.3265306122449,289.728033062704,0.250205895448886,-0.714851244762304,0.200570736190098,1.22210005588453,TRUE,FALSE,TRUE
759,31.4855942376951,292.477197112192,0.251426340929858,-2.24645589126176,0.199557463001834,1.22086236183153,TRUE,FALSE,TRUE
760,31.2947178871549,315.884371349812,0.261272529772633,-0.432436376901655,0.200774626882275,1.22234925611478,TRUE,FALSE,TRUE
761,31.390156062425,265.234392748594,0.23913902159366,-1.40129695817968,0.200164194618349,1.22160332238523,TRUE,FALSE,TRUE
762,31.2629051620648,318.91700769786,0.262565554257992,-0.102068119983771,0.200978932527479,1.22259901448086,TRUE,FALSE,TRUE
763,31.390156062425,355.215883087483,0.277572454323573,-1.32202706498565,0.200164194618349,1.22160332238523,TRUE,FALSE,TRUE
764,31.4855942376951,335.046936379213,0.269438958767883,-2.28281676703309,0.199557463001834,1.22086236183153,TRUE,FALSE,TRUE
765,31.1674669867947,291.363876530095,0.251020731332053,0.91301276485183,0.201594351887553,1.22335165715567,TRUE,FALSE,TRUE
766,31.2629051620648,284.144305925392,0.247298161935202,-0.213408007417482,0.200978932527479,1.22259901448086,TRUE,FALSE,TRUE
767,31.2947178871549,360.076588211392,0.279098114274229,-0.477804534340793,0.200774626882275,1.22234925611478,TRUE,FALSE,TRUE
768,31.1356542617047,295.847672490078,0.252830918058899,1.1737080148217,0.201800330077136,1.22360366686859,TRUE,FALSE,TRUE
769,31.3583433373349,311.819617535227,0.259899337268592,-0.992799425217051,0.200367259188048,1.22185141192648,TRUE,FALSE,TRUE
770,31.2629051620648,344.790511577183,0.27318026103588,-0.0850410052104342,0.200978932527479,1.22259901448086,TRUE,FALSE,TRUE
771,31.1038415366146,291.963372909961,0.250998412679459,1.48764835390838,0.202006729611941,1.22385624416124,TRUE,FALSE,TRUE
772,31.453781512605,336.652847358836,0.269945596104076,-1.96654284768711,0.199759297770337,1.22110879917268,TRUE,FALSE,TRUE
773,31.3583433373349,358.051604277145,0.278664202559555,-1.02187035826494,0.200367259188048,1.22185141192648,TRUE,FALSE,TRUE
774,31.1038415366146,343.525088534231,0.272303526235891,1.46317476905948,0.202006729611941,1.22385624416124,TRUE,FALSE,TRUE
775,31.2629051620648,323.594859792772,0.264400080102082,-0.133341087614653,0.200978932527479,1.22259901448086,TRUE,FALSE,TRUE
776,31.2629051620648,321.43484113833,0.263319749036077,-0.178594966898602,0.200978932527479,1.22259901448086,TRUE,FALSE,TRUE
777,31.2947178871549,344.806428945959,0.273515112669626,-0.317894493804778,0.200774626882275,1.22234925611478,TRUE,FALSE,TRUE
778,31.421968787515,316.650651708937,0.261687101656733,-1.70576605475405,0.199961541228317,1.22135578541362,TRUE,FALSE,TRUE
779,31.3583433373349,316.278900000812,0.261610865859787,-0.994815478032014,0.200367259188048,1.22185141192648,TRUE,FALSE,TRUE
780,31.2947178871549,369.162775129828,0.283016116186338,-0.364862960663476,0.200774626882275,1.22234925611478,TRUE,FALSE,TRUE
781,31.2629051620648,342.922681250994,0.272475207562068,-0.0819503125351328,0.200978932527479,1.22259901448086,TRUE,FALSE,TRUE
782,31.2947178871549,310.69329630745,0.258718288536993,-0.50117773781509,0.200774626882275,1.22234925611478,TRUE,FALSE,TRUE
783,31.3265306122449,332.068433600443,0.267890553212677,-0.756927388389655,0.200570736190098,1.22210005588453,TRUE,FALSE,TRUE
784,31.390156062425,351.221922351221,0.275760910940712,-1.34662879252778,0.200164194618349,1.22160332238523,TRUE,FALSE,TRUE
785,31.3265306122449,345.01756404294,0.273487974282407,-0.705740610474,0.200570736190098,1.22210005588453,TRUE,FALSE,TRUE
786,31.3583433373349,318.507929661352,0.262646564172539,-1.02264494020246,0.200367259188048,1.22185141192648,TRUE,FALSE,TRUE
787,31.3265306122449,345.439879078041,0.273684851758649,-0.656928404252983,0.200570736190098,1.22210005588453,TRUE,FALSE,TRUE
788,31.2629051620648,273.410399164199,0.243298526888732,0.0276238661618552,0.200978932527479,1.22259901448086,TRUE,FALSE,TRUE
789,31.453781512605,328.34230386885,0.266366642004217,-2.0451671014336,0.199759297770337,1.22110879917268,TRUE,FALSE,TRUE
790,31.2947178871549,311.079194717996,0.258962464250159,-0.526201949847339,0.200774626882275,1.22234925611478,TRUE,FALSE,TRUE
791,31.3265306122449,285.915686949068,0.248650226214211,-0.713993255126493,0.200570736190098,1.22210005588453,TRUE,FALSE,TRUE
792,31.3265306122449,372.493642866949,0.284478930769279,-0.643363692385034,0.200570736190098,1.22210005588453,TRUE,FALSE,TRUE
793,31.3583433373349,305.976980509812,0.257586183232478,-0.940910650475283,0.200367259188048,1.22185141192648,TRUE,FALSE,TRUE
794,31.2310924369748,291.473326418089,0.250608422852941,0.147636124389648,0.20118365439375,1.22284933285476,TRUE,FALSE,TRUE
795,31.2629051620648,310.863350852132,0.259168871071811,-0.108336386378628,0.200978932527479,1.22259901448086,TRUE,FALSE,TRUE
796,31.2310924369748,312.630779475527,0.260360404394575,0.314736847691454,0.20118365439375,1.22284933285476,TRUE,FALSE,TRUE
797,31.2310924369748,325.341639136142,0.265346221034356,0.254639410666524,0.20118365439375,1.22284933285476,TRUE,FALSE,TRUE
798,31.2947178871549,290.661137554396,0.250719977401468,-0.397176433291195,0.200774626882275,1.22234925611478,TRUE,FALSE,TRUE
799,31.3265306122449,303.844977478161,0.256163401956798,-0.766433838484372,0.200570736190098,1.22210005588453,TRUE,FALSE,TRUE
800,31.3265306122449,301.249886850752,0.255029698499444,-0.772906012547109,0.200570736190098,1.22210005588453,TRUE,FALSE,TRUE
801,31.2629051620648,329.264240426199,0.266756011920391,-0.117857114095339,0.200978932527479,1.22259901448086,TRUE,FALSE,TRUE
802,31.3583433373349,315.405470608266,0.261055403823786,-1.07793926357182,0.200367259188048,1.22185141192648,TRUE,FALSE,TRUE
803,31.421968787515,293.613308450924,0.25190126647125,-1.69981046987661,0.199961541228317,1.22135578541362,TRUE,FALSE,TRUE
804,31.2629051620648,322.088100486791,0.263874464871726,-0.0864900388363957,0.200978932527479,1.22259901448086,TRUE,FALSE,TRUE
805,31.2629051620648,328.589182973808,0.266770785317791,-0.0498822319947449,0.200978932527479,1.22259901448086,TRUE,FALSE,TRUE
806,31.2947178871549,305.13396580884,0.2569389688197,-0.35556208729969,0.200774626882275,1.22234925611478,TRUE,FALSE,TRUE
807,31.1674669867947,286.357164760348,0.248316780549287,0.795174659374893,0.201594351887553,1.22335165715567,TRUE,FALSE,TRUE
808,31.2310924369748,259.454829962406,0.236553045016462,0.214901535260991,0.20118365439375,1.22284933285476,TRUE,FALSE,TRUE
809,31.453781512605,307.031902985396,0.257718177689486,-1.95327561578099,0.199759297770337,1.22110879917268,TRUE,FALSE,TRUE
810,31.3265306122449,322.818085874079,0.264271587587799,-0.703428779707836,0.200570736190098,1.22210005588453,TRUE,FALSE,TRUE
811,31.3265306122449,319.052058593359,0.262692490308791,-0.725301192443714,0.200570736190098,1.22210005588453,TRUE,FALSE,TRUE
812,31.2629051620648,320.22955518999,0.263381018690776,-0.0517417058847713,0.200978932527479,1.22259901448086,TRUE,FALSE,TRUE
813,31.3583433373349,397.477382881316,0.293797251603283,-1.02097837329665,0.200367259188048,1.22185141192648,TRUE,FALSE,TRUE
814,31.390156062425,254.834023132458,0.234544914785809,-1.3406018213734,0.200164194618349,1.22160332238523,TRUE,FALSE,TRUE
815,31.2947178871549,332.839385581872,0.268140141554114,-0.468777136115852,0.200774626882275,1.22234925611478,TRUE,FALSE,TRUE
816,31.390156062425,294.520734097064,0.252390574935385,-1.32077523293867,0.200164194618349,1.22160332238523,TRUE,FALSE,TRUE
817,31.390156062425,344.926202283024,0.273108076661902,-1.39919922314087,0.200164194618349,1.22160332238523,TRUE,FALSE,TRUE
818,31.2310924369748,285.645197707456,0.248458587302578,0.221435844254005,0.20118365439375,1.22284933285476,TRUE,FALSE,TRUE
819,31.2629051620648,305.003227025492,0.256390875737289,-0.193097997451256,0.200978932527479,1.22259901448086,TRUE,FALSE,TRUE
820,31.3583433373349,312.469563748789,0.260068326460989,-0.996698902281376,0.200367259188048,1.22185141192648,TRUE,FALSE,TRUE
821,31.2310924369748,319.263309611567,0.262811687124472,0.232815000861027,0.20118365439375,1.22284933285476,TRUE,FALSE,TRUE
822,31.3265306122449,271.911439897057,0.242517415215655,-0.659564515256179,0.200570736190098,1.22210005588453,TRUE,FALSE,TRUE
823,31.2310924369748,316.39577922545,0.261587254073847,0.21434162089328,0.20118365439375,1.22284933285476,TRUE,FALSE,TRUE
824,31.3265306122449,342.09396396534,0.272007325651246,-0.740434545045546,0.200570736190098,1.22210005588453,TRUE,FALSE,TRUE
825,31.2629051620648,342.306928625714,0.271967731040229,-0.15050888948874,0.200978932527479,1.22259901448086,TRUE,FALSE,TRUE
826,31.2629051620648,293.041122599044,0.251606411500364,-0.117323841059187,0.200978932527479,1.22259901448086,TRUE,FALSE,TRUE
827,31.3583433373349,358.665333243343,0.278625731377943,-1.07737356348849,0.200367259188048,1.22185141192648,TRUE,FALSE,TRUE
828,31.3265306122449,262.330931574157,0.237968262855522,-0.728853221205328,0.200570736190098,1.22210005588453,TRUE,FALSE,TRUE
829,31.5174069627851,311.800683326644,0.259743970470341,-2.60790366984351,0.199356035685252,1.22061647156741,TRUE,FALSE,TRUE
830,31.1992797118848,322.695315010135,0.263546591773339,0.399815882416613,0.201388793754304,1.22310021311678,TRUE,FALSE,TRUE
831,31.2629051620648,335.281398095655,0.269362754712425,-0.0674470773315402,0.200978932527479,1.22259901448086,TRUE,FALSE,TRUE
832,31.2947178871549,323.309082124501,0.264468688962423,-0.367342440090903,0.200774626882275,1.22234925611478,TRUE,FALSE,TRUE
833,31.3583433373349,345.359094205361,0.274000924993873,-0.919195228337938,0.200367259188048,1.22185141192648,TRUE,FALSE,TRUE
834,31.453781512605,284.118882336048,0.247667669327489,-1.99978285241201,0.199759297770337,1.22110879917268,TRUE,FALSE,TRUE
835,31.453781512605,321.343403861201,0.263778411566358,-1.94843941130933,0.199759297770337,1.22110879917268,TRUE,FALSE,TRUE
836,31.3265306122449,341.773177436382,0.272119243521583,-0.703930058878877,0.200570736190098,1.22210005588453,TRUE,FALSE,TRUE
837,31.2947178871549,328.594725701368,0.266798331492664,-0.359379864235118,0.200774626882275,1.22234925611478,TRUE,FALSE,TRUE
838,31.3265306122449,248.068896705163,0.231417839338039,-0.70686773676778,0.200570736190098,1.22210005588453,TRUE,FALSE,TRUE
839,31.3583433373349,266.135981625536,0.239757069174617,-1.0117888391099,0.200367259188048,1.22185141192648,TRUE,FALSE,TRUE
840,31.2629051620648,386.328686522609,0.289671638609777,-0.0402083277954402,0.200978932527479,1.22259901448086,TRUE,FALSE,TRUE
841,31.421968787515,347.808069082716,0.274584897876465,-1.6175953424596,0.199961541228317,1.22135578541362,TRUE,FALSE,TRUE
842,31.3265306122449,346.07314929971,0.273763378522113,-0.727756631987708,0.200570736190098,1.22210005588453,TRUE,FALSE,TRUE
843,31.2629051620648,364.764023246972,0.281106328400662,-0.10852649524936,0.200978932527479,1.22259901448086,TRUE,FALSE,TRUE
844,31.390156062425,245.43747873367,0.22990358203843,-1.42464738739987,0.200164194618349,1.22160332238523,TRUE,FALSE,TRUE
845,31.4855942376951,299.557951987794,0.254463132148074,-2.25745724034674,0.199557463001834,1.22086236183153,TRUE,FALSE,TRUE
846,31.2629051620648,292.295849775668,0.251153569651018,-0.120065446226203,0.200978932527479,1.22259901448086,TRUE,FALSE,TRUE
847,31.3583433373349,353.52054175634,0.276695363185444,-1.05223335401737,0.200367259188048,1.22185141192648,TRUE,FALSE,TRUE
848,31.3265306122449,383.679218276241,0.288529039969491,-0.711770340895792,0.200570736190098,1.22210005588453,TRUE,FALSE,TRUE
849,31.2947178871549,300.047752549128,0.254507853864822,-0.45444500703087,0.200774626882275,1.22234925611478,TRUE,FALSE,TRUE
850,31.3583433373349,334.433459325061,0.268965456358911,-1.02774687142535,0.200367259188048,1.22185141192648,TRUE,FALSE,TRUE
851,31.3265306122449,296.194873229165,0.252825892478207,-0.757698034491021,0.200570736190098,1.22210005588453,TRUE,FALSE,TRUE
852,31.1674669867947,277.861688234285,0.244562942311606,0.764263262958318,0.201594351887553,1.22335165715567,TRUE,FALSE,TRUE
853,31.2947178871549,296.528762568987,0.2528617249987,-0.458052664743612,0.200774626882275,1.22234925611478,TRUE,FALSE,TRUE
854,31.3265306122449,282.833507743008,0.247548410123898,-0.641776600425334,0.200570736190098,1.22210005588453,TRUE,FALSE,TRUE
855,31.3583433373349,312.204034953487,0.259798496664112,-1.0351045939815,0.200367259188048,1.22185141192648,TRUE,FALSE,TRUE
856,31.3265306122449,355.749237648524,0.2776627848945,-0.701759288651727,0.200570736190098,1.22210005588453,TRUE,FALSE,TRUE
857,31.3583433373349,305.773771701219,0.25689008818513,-1.07890245532474,0.200367259188048,1.22185141192648,TRUE,FALSE,TRUE
858,31.1992797118848,353.232641340485,0.276213610593753,0.479171839296275,0.201388793754304,1.22310021311678,TRUE,FALSE,TRUE
859,31.2629051620648,324.065868675389,0.264697335463835,-0.131278057210113,0.200978932527479,1.22259901448086,TRUE,FALSE,TRUE
860,31.2947178871549,294.018994441951,0.252076377463632,-0.38638243926584,0.200774626882275,1.22234925611478,TRUE,FALSE,TRUE
861,31.3265306122449,278.966947868761,0.245554903294655,-0.697119234869683,0.200570736190098,1.22210005588453,TRUE,FALSE,TRUE
862,31.421968787515,333.406600535321,0.268584573353949,-1.70479237698547,0.199961541228317,1.22135578541362,TRUE,FALSE,TRUE
863,31.421968787515,365.379537312065,0.281495400365312,-1.64156088067802,0.199961541228317,1.22135578541362,TRUE,FALSE,TRUE
864,31.2947178871549,363.705018192387,0.28096277241587,-0.328159925606983,0.200774626882275,1.22234925611478,TRUE,FALSE,TRUE
865,31.2310924369748,362.463389763406,0.279961318004284,0.192314249837112,0.20118365439375,1.22284933285476,TRUE,FALSE,TRUE
866,31.3265306122449,342.529620302972,0.272193184673696,-0.747753686020577,0.200570736190098,1.22210005588453,TRUE,FALSE,TRUE
867,31.421968787515,316.491155598758,0.261851791062366,-1.62889207307271,0.199961541228317,1.22135578541362,TRUE,FALSE,TRUE
868,31.3583433373349,323.767218737823,0.264505757442135,-1.06675672029035,0.200367259188048,1.22185141192648,TRUE,FALSE,TRUE
869,31.390156062425,294.278061124152,0.252185239222762,-1.37909850796054,0.200164194618349,1.22160332238523,TRUE,FALSE,TRUE
870,31.1674669867947,322.585225708845,0.263859425377429,0.827006932205099,0.201594351887553,1.22335165715567,TRUE,FALSE,TRUE
871,31.1674669867947,272.866815913373,0.242901046652199,0.910344851683381,0.201594351887553,1.22335165715567,TRUE,FALSE,TRUE
872,31.3583433373349,373.175226192668,0.284294106774566,-1.07799574618814,0.200367259188048,1.22185141192648,TRUE,FALSE,TRUE
873,31.1992797118848,310.308171616447,0.258688592658329,0.470828970075277,0.201388793754304,1.22310021311678,TRUE,FALSE,TRUE
874,31.2947178871549,354.892112721019,0.277576921286586,-0.335764690120248,0.200774626882275,1.22234925611478,TRUE,FALSE,TRUE
875,31.421968787515,316.686720480154,0.261400845761676,-1.76602918230293,0.199961541228317,1.22135578541362,TRUE,FALSE,TRUE
876,31.2310924369748,283.769856971459,0.247548928992253,0.209516030456825,0.20118365439375,1.22284933285476,TRUE,FALSE,TRUE
877,31.1992797118848,325.161535055804,0.265144191056118,0.53995571299478,0.201388793754304,1.22310021311678,TRUE,FALSE,TRUE
878,31.2629051620648,335.479047312048,0.269590582662911,-0.0662366936720573,0.200978932527479,1.22259901448086,TRUE,FALSE,TRUE
879,31.2629051620648,295.068881830342,0.252464924283856,-0.0848514260925829,0.200978932527479,1.22259901448086,TRUE,FALSE,TRUE
880,31.2310924369748,349.003407835218,0.274780482113574,0.216314194194897,0.20118365439375,1.22284933285476,TRUE,FALSE,TRUE
881,31.2629051620648,343.656290036011,0.273014046205565,-0.0337407069987832,0.200978932527479,1.22259901448086,TRUE,FALSE,TRUE
882,31.0720288115246,266.204244816115,0.239336337732082,1.73030992351295,0.202213551786137,1.22410939094784,TRUE,FALSE,TRUE
883,31.1992797118848,323.69316332471,0.264849298782634,0.606755856944011,0.201388793754304,1.22310021311678,TRUE,FALSE,TRUE
884,31.3583433373349,324.779401460358,0.264993864051373,-1.03876389752198,0.200367259188048,1.22185141192648,TRUE,FALSE,TRUE
885,31.3583433373349,291.525827493109,0.25111777818481,-0.978893822952521,0.200367259188048,1.22185141192648,TRUE,FALSE,TRUE
886,31.3583433373349,315.08438534791,0.261259835071058,-0.9873960284776,0.200367259188048,1.22185141192648,TRUE,FALSE,TRUE
887,31.2947178871549,300.74531563808,0.255032280174224,-0.393646091068627,0.200774626882275,1.22234925611478,TRUE,FALSE,TRUE
888,31.2947178871549,305.411462967461,0.257321779962126,-0.33219751931353,0.200774626882275,1.22234925611478,TRUE,FALSE,TRUE
889,31.421968787515,316.415746030459,0.261473696779375,-1.73115832905248,0.199961541228317,1.22135578541362,TRUE,FALSE,TRUE
890,31.390156062425,307.933120220761,0.258062706906961,-1.36535536228808,0.200164194618349,1.22160332238523,TRUE,FALSE,TRUE
891,31.2947178871549,325.464773839049,0.264930313804262,-0.484004270432885,0.200774626882275,1.22234925611478,TRUE,FALSE,TRUE
892,31.453781512605,306.21270409733,0.257089473385546,-2.02991978482025,0.199759297770337,1.22110879917268,TRUE,FALSE,TRUE
893,31.2310924369748,278.372699172262,0.244847589104114,0.1420646778099,0.20118365439375,1.22284933285476,TRUE,FALSE,TRUE
894,31.3265306122449,325.87083679657,0.265508477060887,-0.734480846952978,0.200570736190098,1.22210005588453,TRUE,FALSE,TRUE
895,31.2629051620648,323.960053981986,0.264571119814479,-0.114864642792793,0.200978932527479,1.22259901448086,TRUE,FALSE,TRUE
896,31.421968787515,298.499703323533,0.254036631184167,-1.63817495743062,0.199961541228317,1.22135578541362,TRUE,FALSE,TRUE
897,31.2947178871549,390.184601238417,0.29077671640557,-0.42295506752996,0.200774626882275,1.22234925611478,TRUE,FALSE,TRUE
898,31.2947178871549,295.15227352909,0.252841963427442,-0.320859274196764,0.200774626882275,1.22234925611478,TRUE,FALSE,TRUE
899,31.3265306122449,319.050196438313,0.262583508877776,-0.741420363000851,0.200570736190098,1.22210005588453,TRUE,FALSE,TRUE
900,31.2629051620648,285.107042309822,0.248534958574608,-0.0516273667474504,0.200978932527479,1.22259901448086,TRUE,FALSE,TRUE
901,31.1992797118848,315.014083894861,0.260862780533022,0.495561247427039,0.201388793754304,1.22310021311678,TRUE,FALSE,TRUE
902,31.1992797118848,330.893849893676,0.267089985317874,0.443687205925046,0.201388793754304,1.22310021311678,TRUE,FALSE,TRUE
903,31.421968787515,365.949870369359,0.281395721692741,-1.72734501447398,0.199961541228317,1.22135578541362,TRUE,FALSE,TRUE
904,31.2629051620648,291.795515391433,0.251328621660137,0.00916506743637303,0.200978932527479,1.22259901448086,TRUE,FALSE,TRUE
905,31.390156062425,277.742670299362,0.244876015917306,-1.40137814629282,0.200164194618349,1.22160332238523,TRUE,FALSE,TRUE
906,31.421968787515,325.697116924318,0.265496649950308,-1.66212577702661,0.199961541228317,1.22135578541362,TRUE,FALSE,TRUE
907,31.3583433373349,309.706396376961,0.258620831195917,-1.0556050800351,0.200367259188048,1.22185141192648,TRUE,FALSE,TRUE
908,31.1992797118848,310.676933854779,0.258511282314113,0.383991327099693,0.201388793754304,1.22310021311678,TRUE,FALSE,TRUE
909,31.3583433373349,383.245991920298,0.288250627251214,-1.02481587309514,0.200367259188048,1.22185141192648,TRUE,FALSE,TRUE
910,31.390156062425,286.74272944885,0.248890860779043,-1.33139959298768,0.200164194618349,1.22160332238523,TRUE,FALSE,TRUE
911,31.390156062425,335.598103282666,0.26932097366531,-1.41119705682432,0.200164194618349,1.22160332238523,TRUE,FALSE,TRUE
912,31.2947178871549,361.099736303716,0.279623891921631,-0.432081916964758,0.200774626882275,1.22234925611478,TRUE,FALSE,TRUE
913,31.3583433373349,328.441597101042,0.266348959913147,-1.0930000515341,0.200367259188048,1.22185141192648,TRUE,FALSE,TRUE
914,31.3265306122449,310.891930406645,0.259201551086631,-0.755347878594206,0.200570736190098,1.22210005588453,TRUE,FALSE,TRUE
915,31.2629051620648,345.590449031159,0.273203730740061,-0.154359778074696,0.200978932527479,1.22259901448086,TRUE,FALSE,TRUE
916,31.3583433373349,280.294926951782,0.246478453963531,-0.947110277508496,0.200367259188048,1.22185141192648,TRUE,FALSE,TRUE
917,31.421968787515,333.150734652989,0.268445248596249,-1.67186814546718,0.199961541228317,1.22135578541362,TRUE,FALSE,TRUE
918,31.3265306122449,341.23964391766,0.271889620606657,-0.682014886468256,0.200570736190098,1.22210005588453,TRUE,FALSE,TRUE
919,31.2947178871549,293.507648684846,0.251812584508905,-0.413756179520175,0.200774626882275,1.22234925611478,TRUE,FALSE,TRUE
920,31.2310924369748,280.167406179935,0.246266297118827,0.306509291105238,0.20118365439375,1.22284933285476,TRUE,FALSE,TRUE
921,31.2629051620648,264.169224677214,0.238708780676467,-0.130419067944088,0.200978932527479,1.22259901448086,TRUE,FALSE,TRUE
922,31.3265306122449,330.444391560871,0.267309716891515,-0.752590387738461,0.200570736190098,1.22210005588453,TRUE,FALSE,TRUE
923,31.4855942376951,288.037867928534,0.249565303609945,-2.27073070387929,0.199557463001834,1.22086236183153,TRUE,FALSE,TRUE
924,31.1992797118848,284.569426753787,0.247784977086718,0.499686033857444,0.201388793754304,1.22310021311678,TRUE,FALSE,TRUE
925,31.3583433373349,291.254369405955,0.250715870174217,-1.0564548121602,0.200367259188048,1.22185141192648,TRUE,FALSE,TRUE
926,31.390156062425,271.027878981507,0.241833463075619,-1.34376791673736,0.200164194618349,1.22160332238523,TRUE,FALSE,TRUE
927,31.2629051620648,246.797955362436,0.230671892647857,-0.129957041135114,0.200978932527479,1.22259901448086,TRUE,FALSE,TRUE
928,31.2629051620648,330.969225879402,0.267371329571382,-0.164783038136441,0.200978932527479,1.22259901448086,TRUE,FALSE,TRUE
929,31.390156062425,277.255439011749,0.244863677058447,-1.31483118625825,0.200164194618349,1.22160332238523,TRUE,FALSE,TRUE
930,31.3265306122449,399.402719066318,0.294264971275322,-0.754027127352854,0.200570736190098,1.22210005588453,TRUE,FALSE,TRUE
931,31.1992797118848,300.552049923065,0.255083745680288,0.614448829165228,0.201388793754304,1.22310021311678,TRUE,FALSE,TRUE
932,31.453781512605,317.422930572685,0.261962731103568,-1.97845302395593,0.199759297770337,1.22110879917268,TRUE,FALSE,TRUE
933,31.1674669867947,312.592182098958,0.260121611591453,0.897291466951633,0.201594351887553,1.22335165715567,TRUE,FALSE,TRUE
934,31.2310924369748,358.187359010882,0.278775344748095,0.265707602059353,0.20118365439375,1.22284933285476,TRUE,FALSE,TRUE
935,31.2310924369748,367.850306535212,0.282482842541589,0.281738648678787,0.20118365439375,1.22284933285476,TRUE,FALSE,TRUE
936,31.3265306122449,296.55389432188,0.253574500845644,-0.640029256284275,0.200570736190098,1.22210005588453,TRUE,FALSE,TRUE
937,31.2310924369748,280.522541328146,0.246239863115832,0.228706430901565,0.20118365439375,1.22284933285476,TRUE,FALSE,TRUE
938,31.2629051620648,347.314036297508,0.274181341915778,-0.10650172748573,0.200978932527479,1.22259901448086,TRUE,FALSE,TRUE
939,31.2629051620648,372.957866445001,0.28440262166388,-0.0565961179106736,0.200978932527479,1.22259901448086,TRUE,FALSE,TRUE
940,31.1038415366146,317.002207750797,0.261419382904634,1.39658896447837,0.202006729611941,1.22385624416124,TRUE,FALSE,TRUE
941,31.3265306122449,351.040857140062,0.275517835199135,-0.747896448956165,0.200570736190098,1.22210005588453,TRUE,FALSE,TRUE
942,31.1992797118848,322.073856227549,0.263461723191407,0.433214189258778,0.201388793754304,1.22310021311678,TRUE,FALSE,TRUE
943,31.3583433373349,317.787737925881,0.262409085570554,-1.01196524894089,0.200367259188048,1.22185141192648,TRUE,FALSE,TRUE
944,31.3583433373349,304.40714638319,0.256633048438111,-1.04318326304529,0.200367259188048,1.22185141192648,TRUE,FALSE,TRUE
945,31.2629051620648,312.504521367242,0.25933012376317,-0.238755961053325,0.200978932527479,1.22259901448086,TRUE,FALSE,TRUE
946,31.3265306122449,309.855056874374,0.258707462997395,-0.755900199555922,0.200570736190098,1.22210005588453,TRUE,FALSE,TRUE
947,31.2947178871549,335.695397215378,0.269569485538569,-0.407418202206459,0.200774626882275,1.22234925611478,TRUE,FALSE,TRUE
948,31.390156062425,271.914319997948,0.241949713220372,-1.45536883214751,0.200164194618349,1.22160332238523,TRUE,FALSE,TRUE
949,31.3583433373349,316.861009191829,0.261783706077359,-1.05438241752765,0.200367259188048,1.22185141192648,TRUE,FALSE,TRUE
950,31.2947178871549,336.273674513483,0.269466791791465,-0.45749542051688,0.200774626882275,1.22234925611478,TRUE,FALSE,TRUE
951,31.3583433373349,287.647123834282,0.249417436315334,-1.02628513767058,0.200367259188048,1.22185141192648,TRUE,FALSE,TRUE
952,31.2629051620648,302.581823126913,0.255518624444989,-0.128146202825943,0.200978932527479,1.22259901448086,TRUE,FALSE,TRUE
953,31.390156062425,264.282900054225,0.238707694969164,-1.37953780958841,0.200164194618349,1.22160332238523,TRUE,FALSE,TRUE
954,31.1992797118848,308.710920183513,0.258369734234519,0.549989159483285,0.201388793754304,1.22310021311678,TRUE,FALSE,TRUE
955,31.421968787515,264.544561243381,0.239238174917693,-1.60526636486333,0.199961541228317,1.22135578541362,TRUE,FALSE,TRUE
956,31.421968787515,293.238803030589,0.25185292238761,-1.57352659545475,0.199961541228317,1.22135578541362,TRUE,FALSE,TRUE
957,31.2629051620648,325.128278936129,0.265351411798131,-0.0676293847585333,0.200978932527479,1.22259901448086,TRUE,FALSE,TRUE
958,31.1356542617047,357.641141948182,0.278110411328129,1.15350119654374,0.201800330077136,1.22360366686859,TRUE,FALSE,TRUE
959,31.390156062425,352.043480428748,0.275914632945784,-1.39689083619536,0.200164194618349,1.22160332238523,TRUE,FALSE,TRUE
960,31.2947178871549,304.267125008081,0.256254766939067,-0.477666231882193,0.200774626882275,1.22234925611478,TRUE,FALSE,TRUE
961,31.421968787515,349.757910146101,0.275315745131271,-1.6633416413097,0.199961541228317,1.22135578541362,TRUE,FALSE,TRUE
962,31.453781512605,330.592390607796,0.267364746446986,-2.01840707837141,0.199759297770337,1.22110879917268,TRUE,FALSE,TRUE
963,31.421968787515,322.560213544333,0.26402622005529,-1.68787583578351,0.199961541228317,1.22135578541362,TRUE,FALSE,TRUE
964,31.390156062425,290.65159402614,0.250664707269624,-1.32113566861267,0.200164194618349,1.22160332238523,TRUE,FALSE,TRUE
965,31.4855942376951,295.481475426669,0.252658143223792,-2.3090743631314,0.199557463001834,1.22086236183153,TRUE,FALSE,TRUE
966,31.2310924369748,303.450000381352,0.256216078891144,0.265176021209259,0.20118365439375,1.22284933285476,TRUE,FALSE,TRUE
967,31.390156062425,328.442458757281,0.266714426147635,-1.3585443681095,0.200164194618349,1.22160332238523,TRUE,FALSE,TRUE
968,31.3583433373349,321.043757593321,0.263647520582631,-1.03318733275256,0.200367259188048,1.22185141192648,TRUE,FALSE,TRUE
969,31.3583433373349,304.251945167647,0.256474995739679,-1.10438521079955,0.200367259188048,1.22185141192648,TRUE,FALSE,TRUE
970,31.421968787515,358.856211674341,0.278311869978068,-1.79705255921925,0.199961541228317,1.22135578541362,TRUE,FALSE,TRUE
971,31.3583433373349,311.107338817493,0.25948432881177,-0.99842207349785,0.200367259188048,1.22185141192648,TRUE,FALSE,TRUE
972,31.2310924369748,329.828134960801,0.267123092322911,0.215124341814017,0.20118365439375,1.22284933285476,TRUE,FALSE,TRUE
973,31.1992797118848,235.602496535204,0.225239016148798,0.524681000068385,0.201388793754304,1.22310021311678,TRUE,FALSE,TRUE
974,31.390156062425,363.925758244418,0.280612979493954,-1.39069802288077,0.200164194618349,1.22160332238523,TRUE,FALSE,TRUE
975,31.2947178871549,276.092313342889,0.244518014592112,-0.318722678674418,0.200774626882275,1.22234925611478,TRUE,FALSE,TRUE
976,31.2310924369748,309.17869343526,0.258457065834554,0.197294056336336,0.20118365439375,1.22284933285476,TRUE,FALSE,TRUE
977,31.2947178871549,267.478948860394,0.240364801304879,-0.405908530462704,0.200774626882275,1.22234925611478,TRUE,FALSE,TRUE
978,31.1992797118848,285.398665713609,0.248111876647906,0.498525878584174,0.201388793754304,1.22310021311678,TRUE,FALSE,TRUE
979,31.3583433373349,331.861349038057,0.26812080432381,-1.01585029961628,0.200367259188048,1.22185141192648,TRUE,FALSE,TRUE
980,31.3583433373349,360.611814290248,0.27966335581993,-0.971606249360893,0.200367259188048,1.22185141192648,TRUE,FALSE,TRUE
981,31.2947178871549,313.619567361355,0.260098181132507,-0.469240514929806,0.200774626882275,1.22234925611478,TRUE,FALSE,TRUE
982,31.2310924369748,336.505330873781,0.269643835957757,0.155264901218057,0.20118365439375,1.22284933285476,TRUE,FALSE,TRUE
983,31.3583433373349,359.301915285748,0.278956041366038,-1.03193172100028,0.200367259188048,1.22185141192648,TRUE,FALSE,TRUE
984,31.2947178871549,359.332955183591,0.278942906391339,-0.429028820737435,0.200774626882275,1.22234925611478,TRUE,FALSE,TRUE
985,31.421968787515,329.198216433116,0.267081215278184,-1.56959570451254,0.199961541228317,1.22135578541362,TRUE,FALSE,TRUE
986,31.390156062425,328.233831472048,0.266772287003522,-1.30838015195773,0.200164194618349,1.22160332238523,TRUE,FALSE,TRUE
987,31.2310924369748,297.187802822315,0.253508173088679,0.228703769200607,0.20118365439375,1.22284933285476,TRUE,FALSE,TRUE
988,31.453781512605,322.929114360366,0.264574843887462,-1.87270543812653,0.199759297770337,1.22110879917268,TRUE,FALSE,TRUE
989,31.390156062425,367.806053258775,0.282473038743304,-1.28297097709967,0.200164194618349,1.22160332238523,TRUE,FALSE,TRUE
990,31.2629051620648,290.347059905855,0.25038505397358,-0.0983607871509009,0.200978932527479,1.22259901448086,TRUE,FALSE,TRUE
991,31.2947178871549,355.741947088898,0.277471106487325,-0.410322354552273,0.200774626882275,1.22234925611478,TRUE,FALSE,TRUE
992,31.390156062425,335.268235737915,0.269096942888653,-1.41202684897071,0.200164194618349,1.22160332238523,TRUE,FALSE,TRUE
993,31.390156062425,317.287635718515,0.262006582341716,-1.32997363832209,0.200164194618349,1.22160332238523,TRUE,FALSE,TRUE
994,31.2947178871549,322.955714838624,0.264000073525792,-0.47986929408994,0.200774626882275,1.22234925611478,TRUE,FALSE,TRUE
995,31.2629051620648,298.951923669726,0.254373349064144,-0.0483729655460338,0.200978932527479,1.22259901448086,TRUE,FALSE,TRUE
996,31.421968787515,344.349432809948,0.272960297662371,-1.68536683001826,0.199961541228317,1.22135578541362,TRUE,FALSE,TRUE
997,31.1674669867947,293.011290124971,0.25140253788415,0.825498868642968,0.201594351887553,1.22335165715567,TRUE,FALSE,TRUE
998,31.390156062425,276.305323506931,0.244399152678746,-1.31666273571312,0.200164194618349,1.22160332238523,TRUE,FALSE,TRUE
999,31.2947178871549,296.649356762702,0.253155704216507,-0.403692068779727,0.200774626882275,1.22234925611478,TRUE,FALSE,TRUE
1000,31.3583433373349,366.511396210622,0.281295395303408,-1.15840412315707,0.200367259188048,1.22185141192648,TRUE,FALSE,TRUE
1001,31.2947178871549,291.983629908955,0.250782079241876,-0.514369222013426,0.200774626882275,1.22234925611478,TRUE,FALSE,TRUE
1002,31.2310924369748,389.951138458908,0.290980731109065,0.272799017402099,0.20118365439375,1.22284933285476,TRUE,FALSE,TRUE
1003,31.2310924369748,343.513865435444,0.272896219227167,0.271176718889489,0.20118365439375,1.22284933285476,TRUE,FALSE,TRUE
1004,31.3583433373349,350.997866978696,0.275895248302889,-1.03127673598801,0.200367259188048,1.22185141192648,TRUE,FALSE,TRUE
1005,31.3583433373349,355.81384707326,0.277719035530442,-1.01878002806026,0.200367259188048,1.22185141192648,TRUE,FALSE,TRUE
1006,31.2310924369748,286.513908783408,0.248841182151762,0.223291051517953,0.20118365439375,1.22284933285476,TRUE,FALSE,TRUE
1007,31.2947178871549,297.718039409689,0.253967592233873,-0.312530267285772,0.200774626882275,1.22234925611478,TRUE,FALSE,TRUE
1008,31.2310924369748,379.68337994232,0.286824878234674,0.209924964564736,0.20118365439375,1.22284933285476,TRUE,FALSE,TRUE
1009,31.2629051620648,348.799674441752,0.274144175763599,-0.222965817186983,0.200978932527479,1.22259901448086,TRUE,FALSE,TRUE
1010,31.3265306122449,293.733091312425,0.25201455646616,-0.715901965856957,0.200570736190098,1.22210005588453,TRUE,FALSE,TRUE
1011,31.390156062425,395.609075626259,0.293009653744169,-1.35753954902027,0.200164194618349,1.22160332238523,TRUE,FALSE,TRUE
1012,31.2947178871549,289.24858830694,0.24944602461322,-0.549699947570075,0.200774626882275,1.22234925611478,TRUE,FALSE,TRUE
1013,31.2629051620648,329.630033709766,0.267206849708722,-0.0451545768952037,0.200978932527479,1.22259901448086,TRUE,FALSE,TRUE
1014,31.2629051620648,383.340701230446,0.288638585584396,-0.0274754617438963,0.200978932527479,1.22259901448086,TRUE,FALSE,TRUE
1015,31.2629051620648,334.770086700574,0.26908574727296,-0.0892077069169585,0.200978932527479,1.22259901448086,TRUE,FALSE,TRUE
1016,31.3583433373349,279.53889648011,0.245942029794115,-0.983104469586278,0.200367259188048,1.22185141192648,TRUE,FALSE,TRUE
1017,31.1356542617047,340.161040246801,0.271079050266877,1.12415144904728,0.201800330077136,1.22360366686859,TRUE,FALSE,TRUE
1018,31.421968787515,283.79749190233,0.248110681248557,-1.50478632934089,0.199961541228317,1.22135578541362,TRUE,FALSE,TRUE
1019,31.453781512605,332.811070270192,0.268266284174535,-2.04795109489404,0.199759297770337,1.22110879917268,TRUE,FALSE,TRUE
1020,31.3583433373349,366.646959431696,0.281775135233841,-1.06108555148589,0.200367259188048,1.22185141192648,TRUE,FALSE,TRUE
1021,31.2310924369748,304.683405347407,0.256834328408686,0.255641768820294,0.20118365439375,1.22284933285476,TRUE,FALSE,TRUE
1022,31.2947178871549,312.914999653209,0.260418889534422,-0.361878974732095,0.200774626882275,1.22234925611478,TRUE,FALSE,TRUE
1023,31.2947178871549,345.175827917048,0.273715458241822,-0.292834140054663,0.200774626882275,1.22234925611478,TRUE,FALSE,TRUE
1024,31.3583433373349,302.021460361484,0.255449706842402,-1.0535543855711,0.200367259188048,1.22185141192648,TRUE,FALSE,TRUE
1025,31.421968787515,294.095044747427,0.25212269489598,-1.65979983529492,0.199961541228317,1.22135578541362,TRUE,FALSE,TRUE
1026,31.2947178871549,281.982921585717,0.246608458506478,-0.456638034530127,0.200774626882275,1.22234925611478,TRUE,FALSE,TRUE
1027,31.2629051620648,293.447905040574,0.252246279661249,0.0222957492599415,0.200978932527479,1.22259901448086,TRUE,FALSE,TRUE
1028,31.2947178871549,370.509133827874,0.282869750389894,-0.519251147679893,0.200774626882275,1.22234925611478,TRUE,FALSE,TRUE
1029,31.3265306122449,282.783698346584,0.247337434269736,-0.65202619805726,0.200570736190098,1.22210005588453,TRUE,FALSE,TRUE
1030,31.3265306122449,322.020449743392,0.263847423711715,-0.774731839455495,0.200570736190098,1.22210005588453,TRUE,FALSE,TRUE
1031,31.3265306122449,317.91564707126,0.262152975209422,-0.751429647876113,0.200570736190098,1.22210005588453,TRUE,FALSE,TRUE
1032,31.1674669867947,329.275488264169,0.266717401583483,0.810128263760742,0.201594351887553,1.22335165715567,TRUE,FALSE,TRUE
1033,31.2310924369748,362.092038379626,0.280218720265239,0.242039224554168,0.20118365439375,1.22284933285476,TRUE,FALSE,TRUE
1034,31.1038415366146,324.109517467895,0.26462938230973,1.44748719739639,0.202006729611941,1.22385624416124,TRUE,FALSE,TRUE
1035,31.453781512605,220.899857364282,0.217777424099991,-2.12681915114269,0.199759297770337,1.22110879917268,TRUE,FALSE,TRUE
1036,31.390156062425,327.106986480065,0.266073367387781,-1.37159915671189,0.200164194618349,1.22160332238523,TRUE,FALSE,TRUE
1037,31.453781512605,352.95275321521,0.276515942207118,-1.95965703867949,0.199759297770337,1.22110879917268,TRUE,FALSE,TRUE
1038,31.3265306122449,311.391742984828,0.259621739525604,-0.704307096857729,0.200570736190098,1.22210005588453,TRUE,FALSE,TRUE
1039,31.3583433373349,358.8365163979,0.279016163427626,-0.967080795801758,0.200367259188048,1.22185141192648,TRUE,FALSE,TRUE
1040,31.3583433373349,315.679015375397,0.261276919366188,-1.0772865394009,0.200367259188048,1.22185141192648,TRUE,FALSE,TRUE
1041,31.390156062425,313.813722169969,0.260505560252644,-1.35410525319343,0.200164194618349,1.22160332238523,TRUE,FALSE,TRUE
1042,31.3583433373349,325.320911257216,0.265308481898634,-1.06969612879531,0.200367259188048,1.22185141192648,TRUE,FALSE,TRUE
1043,31.4855942376951,297.360528609677,0.253670954061783,-2.25517017673683,0.199557463001834,1.22086236183153,TRUE,FALSE,TRUE
1044,31.1674669867947,276.239049209131,0.244377213171778,0.923560884450855,0.201594351887553,1.22335165715567,TRUE,FALSE,TRUE
1045,31.2629051620648,271.089394580139,0.241676907653518,-0.135356390273024,0.200978932527479,1.22259901448086,TRUE,FALSE,TRUE
1046,31.2629051620648,313.257009435061,0.259937811287375,-0.155136971477864,0.200978932527479,1.22259901448086,TRUE,FALSE,TRUE
1047,31.3265306122449,274.829450442272,0.243767737118481,-0.685554580194066,0.200570736190098,1.22210005588453,TRUE,FALSE,TRUE
1048,31.3583433373349,335.131001499403,0.269492189263984,-1.00775829562511,0.200367259188048,1.22185141192648,TRUE,FALSE,TRUE
1049,31.2629051620648,288.126621310091,0.249508619284875,-0.125277968261764,0.200978932527479,1.22259901448086,TRUE,FALSE,TRUE
1050,31.2629051620648,331.518074459605,0.267735550595795,-0.0964222903061375,0.200978932527479,1.22259901448086,TRUE,FALSE,TRUE
1051,31.3583433373349,340.605776647989,0.271432355736235,-1.06083025862478,0.200367259188048,1.22185141192648,TRUE,FALSE,TRUE
1052,31.4855942376951,286.288166267865,0.248772942996567,-2.25820861235124,0.199557463001834,1.22086236183153,TRUE,FALSE,TRUE
1053,31.3583433373349,269.543641209266,0.241365524184808,-1.01159254507396,0.200367259188048,1.22185141192648,TRUE,FALSE,TRUE
1054,31.3265306122449,348.104061962624,0.274737525797194,-0.727370671174859,0.200570736190098,1.22210005588453,TRUE,FALSE,TRUE
1055,31.3265306122449,407.598636139013,0.297663461371379,-0.69123953723242,0.200570736190098,1.22210005588453,TRUE,FALSE,TRUE
1056,31.421968787515,363.706252541065,0.28084069763959,-1.62188665502931,0.199961541228317,1.22135578541362,TRUE,FALSE,TRUE
1057,31.3265306122449,295.293284595668,0.252859636399656,-0.655707587730563,0.200570736190098,1.22210005588453,TRUE,FALSE,TRUE
1058,31.2629051620648,370.721844128922,0.283393303890335,-0.0949862452942438,0.200978932527479,1.22259901448086,TRUE,FALSE,TRUE
1059,31.2947178871549,326.467288708546,0.265659053075151,-0.45166941039647,0.200774626882275,1.22234925611478,TRUE,FALSE,TRUE
1060,31.2947178871549,318.337029287498,0.262607378169011,-0.371336838286061,0.200774626882275,1.22234925611478,TRUE,FALSE,TRUE
1061,31.453781512605,281.839532212055,0.246393936858256,-2.08947058916912,0.199759297770337,1.22110879917268,TRUE,FALSE,TRUE
1062,31.1674669867947,364.360724892619,0.280935504864669,0.882313368501803,0.201594351887553,1.22335165715567,TRUE,FALSE,TRUE
1063,31.421968787515,334.365512874033,0.269334498159622,-1.54653628830636,0.199961541228317,1.22135578541362,TRUE,FALSE,TRUE
1064,31.453781512605,309.323749327748,0.258787882268344,-1.93290234165488,0.199759297770337,1.22110879917268,TRUE,FALSE,TRUE
1065,31.3265306122449,327.502002471742,0.265975768061213,-0.78305033098818,0.200570736190098,1.22210005588453,TRUE,FALSE,TRUE
1066,31.453781512605,318.807575108353,0.262352492298337,-2.0574822519201,0.199759297770337,1.22110879917268,TRUE,FALSE,TRUE
1067,31.390156062425,359.356554179644,0.279106086961964,-1.3443091879031,0.200164194618349,1.22160332238523,TRUE,FALSE,TRUE
1068,31.2947178871549,333.311295064257,0.268363905800235,-0.454617518630483,0.200774626882275,1.22234925611478,TRUE,FALSE,TRUE
1069,31.390156062425,310.168024330988,0.258962963712046,-1.31475699075824,0.200164194618349,1.22160332238523,TRUE,FALSE,TRUE
1070,31.3265306122449,336.846615132072,0.270323714946137,-0.661522542826067,0.200570736190098,1.22210005588453,TRUE,FALSE,TRUE
1071,31.2629051620648,326.883004172565,0.265616854337763,-0.146915080803884,0.200978932527479,1.22259901448086,TRUE,FALSE,TRUE
1072,31.2310924369748,400.287418362341,0.294774641393338,0.264913882827263,0.20118365439375,1.22284933285476,TRUE,FALSE,TRUE
1073,31.453781512605,275.185950127227,0.243879766334693,-1.90317028554884,0.199759297770337,1.22110879917268,TRUE,FALSE,TRUE
1074,31.3265306122449,286.703636960773,0.24900670983932,-0.704938654103458,0.200570736190098,1.22210005588453,TRUE,FALSE,TRUE
1075,31.2629051620648,321.550445555202,0.263975985342852,-0.0250347802242304,0.200978932527479,1.22259901448086,TRUE,FALSE,TRUE
1076,31.2629051620648,297.446926830304,0.253402031307577,-0.105121415394379,0.200978932527479,1.22259901448086,TRUE,FALSE,TRUE
1077,31.2947178871549,282.944290723912,0.247237743304468,-0.409364790628882,0.200774626882275,1.22234925611478,TRUE,FALSE,TRUE
1078,31.2310924369748,282.988190234127,0.246782626182409,0.0969049841703288,0.20118365439375,1.22284933285476,TRUE,FALSE,TRUE
1079,31.390156062425,368.146449727975,0.282430215877571,-1.33623711427427,0.200164194618349,1.22160332238523,TRUE,FALSE,TRUE
1080,31.4855942376951,280.420018942403,0.246202402028786,-2.26112205393122,0.199557463001834,1.22086236183153,TRUE,FALSE,TRUE
1081,31.3583433373349,306.26244189402,0.257424310707258,-1.01603659076863,0.200367259188048,1.22185141192648,TRUE,FALSE,TRUE
1082,31.1992797118848,314.700272447723,0.261214503680246,0.625577019219748,0.201388793754304,1.22310021311678,TRUE,FALSE,TRUE
1083,31.2947178871549,332.557103630491,0.268052915535627,-0.455945321565197,0.200774626882275,1.22234925611478,TRUE,FALSE,TRUE
1084,31.2947178871549,302.524488869038,0.255542293403417,-0.438144380677629,0.200774626882275,1.22234925611478,TRUE,FALSE,TRUE
1085,31.2629051620648,361.867867234902,0.280253270299613,-0.0473443432582577,0.200978932527479,1.22259901448086,TRUE,FALSE,TRUE
1086,31.421968787515,240.971308097249,0.228131730854761,-1.63071490751284,0.199961541228317,1.22135578541362,TRUE,FALSE,TRUE
1087,31.421968787515,249.963259209986,0.232088950300152,-1.70687155372073,0.199961541228317,1.22135578541362,TRUE,FALSE,TRUE
1088,31.2947178871549,316.623877606277,0.261752355564359,-0.374624763153253,0.200774626882275,1.22234925611478,TRUE,FALSE,TRUE
1089,31.453781512605,315.453283087952,0.261126871248167,-2.01322430034453,0.199759297770337,1.22110879917268,TRUE,FALSE,TRUE
1090,31.390156062425,345.134905560735,0.273005608539661,-1.42826614050523,0.200164194618349,1.22160332238523,TRUE,FALSE,TRUE
1091,31.421968787515,434.96998834537,0.30721535270444,-1.73107719478212,0.199961541228317,1.22135578541362,TRUE,FALSE,TRUE
1092,31.3265306122449,302.389516345874,0.255861696972508,-0.653750109527374,0.200570736190098,1.22210005588453,TRUE,FALSE,TRUE
1093,31.421968787515,389.033595503559,0.290486761197453,-1.64189672559459,0.199961541228317,1.22135578541362,TRUE,FALSE,TRUE
1094,31.2629051620648,366.259777588506,0.281750231382602,-0.107728626880814,0.200978932527479,1.22259901448086,TRUE,FALSE,TRUE
1095,31.3583433373349,300.753090213821,0.254881211817396,-1.05829028372972,0.200367259188048,1.22185141192648,TRUE,FALSE,TRUE
1096,31.3265306122449,399.026875899159,0.294304727885268,-0.699450925327724,0.200570736190098,1.22210005588453,TRUE,FALSE,TRUE
1097,31.3583433373349,290.093593391662,0.250090697455191,-1.12781656878606,0.200367259188048,1.22185141192648,TRUE,FALSE,TRUE
1098,31.421968787515,319.868396826177,0.262860936840305,-1.73290901184353,0.199961541228317,1.22135578541362,TRUE,FALSE,TRUE
1099,31.3583433373349,334.60851441066,0.269074617513549,-1.05316008598733,0.200367259188048,1.22185141192648,TRUE,FALSE,TRUE
1100,31.3583433373349,316.347601537443,0.261766952067448,-0.980799349634818,0.200367259188048,1.22185141192648,TRUE,FALSE,TRUE
1101,31.3583433373349,271.489251944294,0.242023272117037,-1.06443704033287,0.200367259188048,1.22185141192648,TRUE,FALSE,TRUE
1102,31.390156062425,296.796221600516,0.253338157195295,-1.34931900287404,0.200164194618349,1.22160332238523,TRUE,FALSE,TRUE
1103,31.2310924369748,304.359104454901,0.256269698978203,0.140467883613201,0.20118365439375,1.22284933285476,TRUE,FALSE,TRUE
1104,31.3265306122449,288.266176220752,0.249653242269376,-0.721954463202813,0.200570736190098,1.22210005588453,TRUE,FALSE,TRUE
1105,31.453781512605,305.553381694049,0.256958326063149,-2.0327403636814,0.199759297770337,1.22110879917268,TRUE,FALSE,TRUE
1106,31.3265306122449,316.67576996687,0.261749607711031,-0.734187952363882,0.200570736190098,1.22210005588453,TRUE,FALSE,TRUE
1107,31.2310924369748,337.275884602787,0.270219491270171,0.209525655990805,0.20118365439375,1.22284933285476,TRUE,FALSE,TRUE
1108,31.421968787515,288.630823675637,0.24972052907254,-1.68635873501426,0.199961541228317,1.22135578541362,TRUE,FALSE,TRUE
1109,31.2629051620648,352.464604489066,0.276795084332241,0.0343616648722126,0.200978932527479,1.22259901448086,TRUE,FALSE,TRUE
1110,31.3265306122449,331.955541498874,0.267751620937814,-0.791912853523214,0.200570736190098,1.22210005588453,TRUE,FALSE,TRUE
1111,31.3583433373349,273.238721362201,0.243076681891359,-0.952080912881025,0.200367259188048,1.22185141192648,TRUE,FALSE,TRUE
1112,31.390156062425,346.704962438087,0.273912610671191,-1.38513653498476,0.200164194618349,1.22160332238523,TRUE,FALSE,TRUE
1113,31.2947178871549,286.149813056823,0.248398848235245,-0.457215257077991,0.200774626882275,1.22234925611478,TRUE,FALSE,TRUE
1114,31.2947178871549,337.46944553205,0.270112597752175,-0.453647504523541,0.200774626882275,1.22234925611478,TRUE,FALSE,TRUE
1115,31.3265306122449,321.346752396225,0.263636814345238,-0.773515366330926,0.200570736190098,1.22210005588453,TRUE,FALSE,TRUE
1116,31.421968787515,346.392062842403,0.274107706196239,-1.59285164961071,0.199961541228317,1.22135578541362,TRUE,FALSE,TRUE
1117,31.2629051620648,299.448985422851,0.254407804271279,-0.0564145901270566,0.200978932527479,1.22259901448086,TRUE,FALSE,TRUE
1118,31.3265306122449,323.15109282565,0.264150045818424,-0.808926690469045,0.200570736190098,1.22210005588453,TRUE,FALSE,TRUE
1119,31.390156062425,311.030850931898,0.259473515186957,-1.3397354655811,0.200164194618349,1.22160332238523,TRUE,FALSE,TRUE
1120,31.2629051620648,291.300205777144,0.250907221914373,-0.11432503998169,0.200978932527479,1.22259901448086,TRUE,FALSE,TRUE
1121,31.3583433373349,424.240124057012,0.303527265116086,-1.08026758590143,0.200367259188048,1.22185141192648,TRUE,FALSE,TRUE
1122,31.1992797118848,341.278883757053,0.27179749133626,0.523457438785928,0.201388793754304,1.22310021311678,TRUE,FALSE,TRUE
1123,31.421968787515,285.477311324816,0.248354643879645,-1.65372610469214,0.199961541228317,1.22135578541362,TRUE,FALSE,TRUE
1124,31.3583433373349,354.916317565274,0.277274672611232,-1.05366894996289,0.200367259188048,1.22185141192648,TRUE,FALSE,TRUE
1125,31.2947178871549,361.149850020512,0.279752776269634,-0.3961560970541,0.200774626882275,1.22234925611478,TRUE,FALSE,TRUE
1126,31.1992797118848,379.341375113359,0.287092743933062,0.651905050568068,0.201388793754304,1.22310021311678,TRUE,FALSE,TRUE
1127,31.2629051620648,307.732165750717,0.258038506343567,-0.0709000299207656,0.200978932527479,1.22259901448086,TRUE,FALSE,TRUE
1128,31.390156062425,292.653718501573,0.251592447509229,-1.3359654477419,0.200164194618349,1.22160332238523,TRUE,FALSE,TRUE
1129,31.1992797118848,301.358833935963,0.255401243389371,0.606889594309222,0.201388793754304,1.22310021311678,TRUE,FALSE,TRUE
1130,31.453781512605,291.560629795105,0.251003899660394,-1.96750297182557,0.199759297770337,1.22110879917268,TRUE,FALSE,TRUE
1131,31.453781512605,360.397785416147,0.279216027794237,-2.06137267801518,0.199759297770337,1.22110879917268,TRUE,FALSE,TRUE
1132,31.3583433373349,307.014007685328,0.257632647172101,-1.03187407700791,0.200367259188048,1.22185141192648,TRUE,FALSE,TRUE
1133,31.390156062425,355.172711318413,0.277438542015365,-1.35285414491899,0.200164194618349,1.22160332238523,TRUE,FALSE,TRUE
1134,31.2947178871549,298.849042519782,0.253939492197486,-0.450521227853825,0.200774626882275,1.22234925611478,TRUE,FALSE,TRUE
1135,31.421968787515,307.108686992277,0.257780109745827,-1.6228648298606,0.199961541228317,1.22135578541362,TRUE,FALSE,TRUE
1136,31.1992797118848,297.992473851101,0.253520065748221,0.489307510417582,0.201388793754304,1.22310021311678,TRUE,FALSE,TRUE
1137,31.2310924369748,257.069356288013,0.235399231033255,0.190772969523295,0.20118365439375,1.22284933285476,TRUE,FALSE,TRUE
1138,31.1674669867947,307.412352892168,0.257532524682396,0.807253659878479,0.201594351887553,1.22335165715567,TRUE,FALSE,TRUE
1139,31.1356542617047,346.934665080127,0.274050282861977,1.19766517228932,0.201800330077136,1.22360366686859,TRUE,FALSE,TRUE
1140,31.2629051620648,272.759140627505,0.242647705805076,-0.133827322255206,0.200978932527479,1.22259901448086,TRUE,FALSE,TRUE
1141,31.2947178871549,317.636444807081,0.262177001613025,-0.373338992904587,0.200774626882275,1.22234925611478,TRUE,FALSE,TRUE
1142,31.3583433373349,343.682402712917,0.273092377872484,-0.958878430935371,0.200367259188048,1.22185141192648,TRUE,FALSE,TRUE
1143,31.3265306122449,376.182981446197,0.285784593485202,-0.685784812460791,0.200570736190098,1.22210005588453,TRUE,FALSE,TRUE
1144,31.3583433373349,315.987191917483,0.261287332178436,-1.06358428282165,0.200367259188048,1.22185141192648,TRUE,FALSE,TRUE
1145,31.421968787515,321.141898451245,0.263520736455819,-1.67778395376452,0.199961541228317,1.22135578541362,TRUE,FALSE,TRUE
1146,31.3265306122449,340.370477565233,0.271305141467988,-0.784134853135105,0.200570736190098,1.22210005588453,TRUE,FALSE,TRUE
1147,31.2947178871549,282.790882079319,0.247230064281442,-0.399891962240239,0.200774626882275,1.22234925611478,TRUE,FALSE,TRUE
1148,31.1992797118848,349.166041554357,0.274800858985049,0.496420248688825,0.201388793754304,1.22310021311678,TRUE,FALSE,TRUE
1149,31.3265306122449,342.821599170288,0.272452015603806,-0.721474484666951,0.200570736190098,1.22210005588453,TRUE,FALSE,TRUE
1150,31.2629051620648,325.660751799595,0.2652722264954,-0.126723685229356,0.200978932527479,1.22259901448086,TRUE,FALSE,TRUE
1151,31.3583433373349,296.338841021499,0.25329431946798,-0.971661660037099,0.200367259188048,1.22185141192648,TRUE,FALSE,TRUE
1152,31.3265306122449,321.696429817756,0.263732077060288,-0.759277278545876,0.200570736190098,1.22210005588453,TRUE,FALSE,TRUE
1153,31.421968787515,401.619575441482,0.295368964357646,-1.6781778645404,0.199961541228317,1.22135578541362,TRUE,FALSE,TRUE
1154,31.421968787515,279.078113561166,0.245452878887154,-1.68586596926441,0.199961541228317,1.22135578541362,TRUE,FALSE,TRUE
1155,31.390156062425,399.327610859498,0.294237986950094,-1.37353801774937,0.200164194618349,1.22160332238523,TRUE,FALSE,TRUE
1156,31.1992797118848,345.338757413326,0.27320424333814,0.494788135164842,0.201388793754304,1.22310021311678,TRUE,FALSE,TRUE
1157,31.1356542617047,282.166930920407,0.246759093715934,1.1774869724353,0.201800330077136,1.22360366686859,TRUE,FALSE,TRUE
1158,31.2310924369748,321.198061358481,0.263511611370884,0.242884734244192,0.20118365439375,1.22284933285476,TRUE,FALSE,TRUE
1159,31.3265306122449,404.40105261656,0.296444054363891,-0.665605244839122,0.200570736190098,1.22210005588453,TRUE,FALSE,TRUE
1160,31.3583433373349,312.959262273936,0.260239427658202,-1.03141517784139,0.200367259188048,1.22185141192648,TRUE,FALSE,TRUE
1161,31.2310924369748,334.01556125249,0.268678325876955,0.20606552872759,0.20118365439375,1.22284933285476,TRUE,FALSE,TRUE
1162,31.2629051620648,341.67658837125,0.271924524470737,-0.0775429823373375,0.200978932527479,1.22259901448086,TRUE,FALSE,TRUE
1163,31.3265306122449,259.046913366697,0.236411930586625,-0.753201762917007,0.200570736190098,1.22210005588453,TRUE,FALSE,TRUE
1164,31.3265306122449,294.240826091677,0.251834998613587,-0.801276297111539,0.200570736190098,1.22210005588453,TRUE,FALSE,TRUE
1165,31.2947178871549,322.639685269239,0.264178474741732,-0.407078428668433,0.200774626882275,1.22234925611478,TRUE,FALSE,TRUE
1166,31.421968787515,289.052748633943,0.249892628748502,-1.67645975144758,0.199961541228317,1.22135578541362,TRUE,FALSE,TRUE
1167,31.3265306122449,382.554014593361,0.288153099134885,-0.69538644666445,0.200570736190098,1.22210005588453,TRUE,FALSE,TRUE
1168,31.421968787515,324.586371449074,0.265023105121372,-1.63279988205165,0.199961541228317,1.22135578541362,TRUE,FALSE,TRUE
1169,31.2629051620648,345.585441610803,0.273748299875013,-0.025944414038097,0.200978932527479,1.22259901448086,TRUE,FALSE,TRUE
1170,31.453781512605,276.37934680554,0.244252470302523,-2.02679178751304,0.199759297770337,1.22110879917268,TRUE,FALSE,TRUE
1171,31.2310924369748,351.338893921674,0.275559595517468,0.162047182706549,0.20118365439375,1.22284933285476,TRUE,FALSE,TRUE
1172,31.390156062425,401.024517381611,0.295068099802895,-1.36079068022291,0.200164194618349,1.22160332238523,TRUE,FALSE,TRUE
1173,31.3583433373349,318.030899179872,0.262355328848199,-1.01326814829143,0.200367259188048,1.22185141192648,TRUE,FALSE,TRUE
1174,31.1992797118848,330.994069459293,0.267408077175442,0.471245696715531,0.201388793754304,1.22310021311678,TRUE,FALSE,TRUE
1175,31.2947178871549,352.791415646229,0.276452076222263,-0.371054419186145,0.200774626882275,1.22234925611478,TRUE,FALSE,TRUE
1176,31.2310924369748,340.897714179006,0.271252786090592,0.138932777179661,0.20118365439375,1.22284933285476,TRUE,FALSE,TRUE
1177,31.3265306122449,307.763394915428,0.258030245862562,-0.714991093159465,0.200570736190098,1.22210005588453,TRUE,FALSE,TRUE
1178,31.2310924369748,343.098232386874,0.272615809092438,0.243545855532975,0.20118365439375,1.22284933285476,TRUE,FALSE,TRUE
1179,31.2629051620648,314.18439988711,0.260738241559124,-0.0776056512583414,0.200978932527479,1.22259901448086,TRUE,FALSE,TRUE
1180,31.2310924369748,308.02969193343,0.258208402909454,0.268727490391316,0.20118365439375,1.22284933285476,TRUE,FALSE,TRUE
1181,31.1992797118848,334.817380658361,0.268838040335283,0.483545099968872,0.201388793754304,1.22310021311678,TRUE,FALSE,TRUE
1182,31.2947178871549,279.690246184834,0.246022810365906,-0.30947524705701,0.200774626882275,1.22234925611478,TRUE,FALSE,TRUE
1183,31.3265306122449,293.21767238814,0.251559703187275,-0.766007740303809,0.200570736190098,1.22210005588453,TRUE,FALSE,TRUE
1184,31.2947178871549,375.158431575999,0.284967979100688,-0.460499426086133,0.200774626882275,1.22234925611478,TRUE,FALSE,TRUE
1185,31.2629051620648,298.593827418845,0.254021005364235,-0.100881137978514,0.200978932527479,1.22259901448086,TRUE,FALSE,TRUE
1186,31.3583433373349,313.44791703452,0.260533608607244,-1.00877172598345,0.200367259188048,1.22185141192648,TRUE,FALSE,TRUE
1187,31.2310924369748,332.03529652051,0.26746497003567,0.110125528391149,0.20118365439375,1.22284933285476,TRUE,FALSE,TRUE
1188,31.3583433373349,272.44244646047,0.24253983438986,-0.98695983245865,0.200367259188048,1.22185141192648,TRUE,FALSE,TRUE
1189,31.390156062425,317.574449998837,0.262133468711474,-1.33943459813537,0.200164194618349,1.22160332238523,TRUE,FALSE,TRUE
1190,31.2629051620648,354.68322950727,0.277056037402815,-0.0800501459744004,0.200978932527479,1.22259901448086,TRUE,FALSE,TRUE
1191,31.421968787515,297.140779797794,0.253804544489782,-1.5633696967879,0.199961541228317,1.22135578541362,TRUE,FALSE,TRUE
1192,31.3265306122449,296.311667374128,0.253167986435652,-0.692401683502376,0.200570736190098,1.22210005588453,TRUE,FALSE,TRUE
1193,31.3583433373349,291.005215133122,0.250808782725726,-1.02490608745109,0.200367259188048,1.22185141192648,TRUE,FALSE,TRUE
1194,31.3583433373349,322.642644881873,0.264211730992358,-1.0271838834155,0.200367259188048,1.22185141192648,TRUE,FALSE,TRUE
1195,31.1674669867947,371.944063876977,0.283760402210273,0.843809359084162,0.201594351887553,1.22335165715567,TRUE,FALSE,TRUE
1196,31.3265306122449,330.705416317357,0.267251643141483,-0.78609331024989,0.200570736190098,1.22210005588453,TRUE,FALSE,TRUE
1197,31.3583433373349,326.340536082712,0.265493508413292,-1.0845968838434,0.200367259188048,1.22185141192648,TRUE,FALSE,TRUE
1198,31.3583433373349,331.009367862649,0.267583512927629,-1.06539908692759,0.200367259188048,1.22185141192648,TRUE,FALSE,TRUE
1199,31.2947178871549,334.004752514265,0.268914177077619,-0.408575267064879,0.200774626882275,1.22234925611478,TRUE,FALSE,TRUE
1200,31.390156062425,267.205232411427,0.240273047860619,-1.30070514921748,0.200164194618349,1.22160332238523,TRUE,FALSE,TRUE
1201,31.390156062425,339.275021513043,0.271039926085851,-1.36009497609873,0.200164194618349,1.22160332238523,TRUE,FALSE,TRUE
1202,31.3265306122449,374.863600571551,0.285157934708002,-0.70666649627293,0.200570736190098,1.22210005588453,TRUE,FALSE,TRUE
1203,31.1992797118848,268.547111548683,0.24076172015142,0.533374638077685,0.201388793754304,1.22310021311678,TRUE,FALSE,TRUE
1204,31.2629051620648,343.90379829275,0.273247124725125,0.00678226492589879,0.200978932527479,1.22259901448086,TRUE,FALSE,TRUE
1205,31.3583433373349,344.434487123363,0.273303986420403,-1.00162581377095,0.200367259188048,1.22185141192648,TRUE,FALSE,TRUE
1206,31.390156062425,280.371610289431,0.246143955659829,-1.32805467448384,0.200164194618349,1.22160332238523,TRUE,FALSE,TRUE
1207,31.421968787515,287.433134857698,0.249084971444934,-1.71475372219083,0.199961541228317,1.22135578541362,TRUE,FALSE,TRUE
1208,31.2947178871549,328.91294565669,0.266785592562555,-0.398366092453585,0.200774626882275,1.22234925611478,TRUE,FALSE,TRUE
1209,31.1992797118848,320.82126097098,0.263124132082181,0.476011761100869,0.201388793754304,1.22310021311678,TRUE,FALSE,TRUE
1210,31.4855942376951,366.540398678307,0.281939100859425,-2.29696291154875,0.199557463001834,1.22086236183153,TRUE,FALSE,TRUE
1211,31.3265306122449,285.015028244552,0.248274754374376,-0.722518819879648,0.200570736190098,1.22210005588453,TRUE,FALSE,TRUE
1212,31.2947178871549,294.622331320646,0.252225482055941,-0.414825346525367,0.200774626882275,1.22234925611478,TRUE,FALSE,TRUE
1213,31.1992797118848,370.543029875123,0.283512941730374,0.586323416846308,0.201388793754304,1.22310021311678,TRUE,FALSE,TRUE
1214,31.2947178871549,354.829545830668,0.277260198517983,-0.369099464114102,0.200774626882275,1.22234925611478,TRUE,FALSE,TRUE
1215,31.2947178871549,298.145010215951,0.254098668896474,-0.334789644172183,0.200774626882275,1.22234925611478,TRUE,FALSE,TRUE
1216,31.3265306122449,369.249336141878,0.283125029733087,-0.680075371914436,0.200570736190098,1.22210005588453,TRUE,FALSE,TRUE
1217,31.2310924369748,299.56770828743,0.254548111368484,0.240920845044339,0.20118365439375,1.22284933285476,TRUE,FALSE,TRUE
1218,31.3583433373349,265.121145151318,0.239175104293679,-1.07885697655595,0.200367259188048,1.22185141192648,TRUE,FALSE,TRUE
1219,31.421968787515,309.432990500128,0.258724950072949,-1.68273150631932,0.199961541228317,1.22135578541362,TRUE,FALSE,TRUE
1220,31.421968787515,344.884702039445,0.27324361324816,-1.67313326888527,0.199961541228317,1.22135578541362,TRUE,FALSE,TRUE
1221,31.390156062425,331.22803359343,0.267944804481747,-1.29102064581047,0.200164194618349,1.22160332238523,TRUE,FALSE,TRUE
1222,31.2947178871549,313.107466746438,0.259985003343783,-0.454949999178174,0.200774626882275,1.22234925611478,TRUE,FALSE,TRUE
1223,31.3265306122449,249.545725547081,0.231987049346349,-0.73104292676881,0.200570736190098,1.22210005588453,TRUE,FALSE,TRUE
1224,31.2947178871549,297.454941116702,0.253733159992408,-0.355817145528132,0.200774626882275,1.22234925611478,TRUE,FALSE,TRUE
1225,31.2310924369748,344.824839172647,0.273361522169113,0.279507138515619,0.20118365439375,1.22284933285476,TRUE,FALSE,TRUE
1226,31.3583433373349,357.440038869725,0.278587444691541,-0.93107048470877,0.200367259188048,1.22185141192648,TRUE,FALSE,TRUE
1227,31.453781512605,293.078840215618,0.251608686499046,-2.000126734321,0.199759297770337,1.22110879917268,TRUE,FALSE,TRUE
1228,31.3583433373349,361.223764372743,0.279788668102968,-1.02769923277996,0.200367259188048,1.22185141192648,TRUE,FALSE,TRUE
1229,31.390156062425,301.665083062167,0.255349614484583,-1.34961701028136,0.200164194618349,1.22160332238523,TRUE,FALSE,TRUE
1230,31.390156062425,272.897229814786,0.24297541417545,-1.27088157548294,0.200164194618349,1.22160332238523,TRUE,FALSE,TRUE
1231,31.2310924369748,302.279930794649,0.255499562318469,0.185006108128371,0.20118365439375,1.22284933285476,TRUE,FALSE,TRUE
1232,31.2310924369748,305.793955348153,0.257206813448167,0.261962096336821,0.20118365439375,1.22284933285476,TRUE,FALSE,TRUE
1233,31.2629051620648,305.630600809429,0.257395933765134,0.000734917951009453,0.200978932527479,1.22259901448086,TRUE,FALSE,TRUE
1234,31.3583433373349,326.370177313409,0.265737368750007,-1.02305456566757,0.200367259188048,1.22185141192648,TRUE,FALSE,TRUE
1235,31.3583433373349,338.080179415712,0.270507773348742,-1.04351682279138,0.200367259188048,1.22185141192648,TRUE,FALSE,TRUE
1236,31.2947178871549,319.352484585525,0.262609164788012,-0.43934608020196,0.200774626882275,1.22234925611478,TRUE,FALSE,TRUE
1237,31.2310924369748,272.853370597103,0.242883673067293,0.246936572901811,0.20118365439375,1.22284933285476,TRUE,FALSE,TRUE
1238,31.4855942376951,301.26129527504,0.255311551447116,-2.23195298471029,0.199557463001834,1.22086236183153,TRUE,FALSE,TRUE
1239,31.1992797118848,315.031617850904,0.260975259246236,0.544619352345899,0.201388793754304,1.22310021311678,TRUE,FALSE,TRUE
1240,31.3583433373349,297.306251896689,0.253737530389375,-0.980313200671238,0.200367259188048,1.22185141192648,TRUE,FALSE,TRUE
1241,31.453781512605,296.492601508504,0.2531148534882,-1.99290495233532,0.199759297770337,1.22110879917268,TRUE,FALSE,TRUE
1242,31.3583433373349,330.948603848968,0.267768091194967,-0.959473597260829,0.200367259188048,1.22185141192648,TRUE,FALSE,TRUE
1243,31.3265306122449,283.019017076251,0.247561672701393,-0.648368161969062,0.200570736190098,1.22210005588453,TRUE,FALSE,TRUE
1244,31.390156062425,297.027144670735,0.253274373332333,-1.37663919584969,0.200164194618349,1.22160332238523,TRUE,FALSE,TRUE
1245,31.390156062425,372.473792381618,0.284415974051475,-1.25162457872445,0.200164194618349,1.22160332238523,TRUE,FALSE,TRUE
1246,31.3265306122449,342.41797567538,0.272383524745091,-0.63896212720616,0.200570736190098,1.22210005588453,TRUE,FALSE,TRUE
1247,31.2629051620648,362.558958491803,0.280379321344516,-0.051828421254809,0.200978932527479,1.22259901448086,TRUE,FALSE,TRUE
1248,31.1356542617047,358.02212001225,0.278228037629044,1.1548458913136,0.201800330077136,1.22360366686859,TRUE,FALSE,TRUE
1249,31.2947178871549,278.806791655607,0.244852988301399,-0.566397291443941,0.200774626882275,1.22234925611478,TRUE,FALSE,TRUE
1250,31.3583433373349,289.527681664326,0.250127529074507,-1.03557800518269,0.200367259188048,1.22185141192648,TRUE,FALSE,TRUE
1251,31.2947178871549,329.448436161183,0.266887304478828,-0.421929153175437,0.200774626882275,1.22234925611478,TRUE,FALSE,TRUE
1252,31.2629051620648,350.203266626798,0.275555055485147,-0.0662078913616134,0.200978932527479,1.22259901448086,TRUE,FALSE,TRUE
1253,31.2629051620648,337.889891901581,0.270356826726933,-0.11466159295876,0.200978932527479,1.22259901448086,TRUE,FALSE,TRUE
1254,31.390156062425,329.519895682785,0.267119650815388,-1.33769153608482,0.200164194618349,1.22160332238523,TRUE,FALSE,TRUE
1255,31.3265306122449,289.762865012887,0.250337275119351,-0.696617137656872,0.200570736190098,1.22210005588453,TRUE,FALSE,TRUE
1256,31.2947178871549,341.116984089912,0.271589758359082,-0.443468971501957,0.200774626882275,1.22234925611478,TRUE,FALSE,TRUE
1257,31.421968787515,300.400642779414,0.254866029975582,-1.64351581342133,0.199961541228317,1.22135578541362,TRUE,FALSE,TRUE
1258,31.3583433373349,315.738420265472,0.261485614439192,-0.997032283946382,0.200367259188048,1.22185141192648,TRUE,FALSE,TRUE
1259,31.421968787515,286.198159575002,0.248685767877838,-1.64347415424107,0.199961541228317,1.22135578541362,TRUE,FALSE,TRUE
1260,31.2947178871549,370.580256702485,0.282963302440467,-0.502760493741227,0.200774626882275,1.22234925611478,TRUE,FALSE,TRUE
1261,31.421968787515,240.791536546529,0.227995902707447,-1.63058393567674,0.199961541228317,1.22135578541362,TRUE,FALSE,TRUE
1262,31.2629051620648,294.64332636886,0.252254551102265,-0.115221191537294,0.200978932527479,1.22259901448086,TRUE,FALSE,TRUE
1263,31.3265306122449,348.191202417974,0.274799324660513,-0.661217437002094,0.200570736190098,1.22210005588453,TRUE,FALSE,TRUE
1264,31.390156062425,336.44640719592,0.269697901538343,-1.41979184748433,0.200164194618349,1.22160332238523,TRUE,FALSE,TRUE
1265,31.3583433373349,259.794519148527,0.236727409106704,-1.07129158118457,0.200367259188048,1.22185141192648,TRUE,FALSE,TRUE
1266,31.2947178871549,313.977219002395,0.260621542352077,-0.398871215026661,0.200774626882275,1.22234925611478,TRUE,FALSE,TRUE
1267,31.3583433373349,330.789046223986,0.267502240381429,-1.05790202370605,0.200367259188048,1.22185141192648,TRUE,FALSE,TRUE
1268,31.390156062425,341.549072837881,0.271907664547883,-1.35490083669456,0.200164194618349,1.22160332238523,TRUE,FALSE,TRUE
1269,31.2310924369748,268.408274857005,0.240720624584374,0.224880235846409,0.20118365439375,1.22284933285476,TRUE,FALSE,TRUE
1270,31.2629051620648,318.862849550729,0.26234748744807,-0.152228800949159,0.200978932527479,1.22259901448086,TRUE,FALSE,TRUE
1271,31.3265306122449,309.077986834282,0.258796139366771,-0.66507931836429,0.200570736190098,1.22210005588453,TRUE,FALSE,TRUE
1272,31.3265306122449,338.652423751552,0.270940339997347,-0.665757672595524,0.200570736190098,1.22210005588453,TRUE,FALSE,TRUE
1273,31.1992797118848,386.960346197392,0.289559946268565,0.543101405042739,0.201388793754304,1.22310021311678,TRUE,FALSE,TRUE
1274,31.2310924369748,274.483116740861,0.243341639829537,0.202720069368675,0.20118365439375,1.22284933285476,TRUE,FALSE,TRUE
1275,31.1992797118848,361.56930095667,0.279556906901857,0.515079805633025,0.201388793754304,1.22310021311678,TRUE,FALSE,TRUE
1276,31.1992797118848,284.294540285829,0.247809910548508,0.549937247919177,0.201388793754304,1.22310021311678,TRUE,FALSE,TRUE
1277,31.2947178871549,318.693179075085,0.262797793239019,-0.335602427668498,0.200774626882275,1.22234925611478,TRUE,FALSE,TRUE
1278,31.2947178871549,302.048497487356,0.255292347479361,-0.445406859900866,0.200774626882275,1.22234925611478,TRUE,FALSE,TRUE
1279,31.3583433373349,327.046936823558,0.266069671682553,-0.991430125838046,0.200367259188048,1.22185141192648,TRUE,FALSE,TRUE
1280,31.421968787515,280.501723156589,0.246034618583229,-1.68573874837417,0.199961541228317,1.22135578541362,TRUE,FALSE,TRUE
1281,31.4855942376951,354.887828301164,0.277082424585616,-2.31618066053796,0.199557463001834,1.22086236183153,TRUE,FALSE,TRUE
1282,31.3583433373349,310.340922480689,0.259190533147527,-1.00457356496724,0.200367259188048,1.22185141192648,TRUE,FALSE,TRUE
1283,31.421968787515,314.951259160059,0.260675536366708,-1.74183616530997,0.199961541228317,1.22135578541362,TRUE,FALSE,TRUE
1284,31.2629051620648,313.298325124153,0.260206739497464,-0.109536426910438,0.200978932527479,1.22259901448086,TRUE,FALSE,TRUE
1285,31.2310924369748,328.926548503203,0.26641860216116,0.146431476329254,0.20118365439375,1.22284933285476,TRUE,FALSE,TRUE
1286,31.390156062425,356.789914044536,0.277951462437712,-1.35746220703576,0.200164194618349,1.22160332238523,TRUE,FALSE,TRUE
1287,31.421968787515,367.012928176876,0.282098615342775,-1.62046559822911,0.199961541228317,1.22135578541362,TRUE,FALSE,TRUE
1288,31.421968787515,341.315030957623,0.272006604324758,-1.58130930380969,0.199961541228317,1.22135578541362,TRUE,FALSE,TRUE
1289,31.2310924369748,406.14241073269,0.296850691121585,0.196108785994331,0.20118365439375,1.22284933285476,TRUE,FALSE,TRUE
1290,31.1356542617047,315.76545337191,0.261333302026758,1.20188066807299,0.201800330077136,1.22360366686859,TRUE,FALSE,TRUE
1291,31.2629051620648,346.753976614542,0.273885071075025,-0.12119762143471,0.200978932527479,1.22259901448086,TRUE,FALSE,TRUE
1292,31.3583433373349,360.450858184211,0.279290033673536,-1.05540823232803,0.200367259188048,1.22185141192648,TRUE,FALSE,TRUE
1293,31.2947178871549,312.656978823634,0.26033819098328,-0.322327194145115,0.200774626882275,1.22234925611478,TRUE,FALSE,TRUE
1294,31.3265306122449,373.874534047237,0.284607087572897,-0.760025436992794,0.200570736190098,1.22210005588453,TRUE,FALSE,TRUE
1295,31.3265306122449,259.922489541356,0.236402490410784,-0.838637924570283,0.200570736190098,1.22210005588453,TRUE,FALSE,TRUE
1296,31.2629051620648,294.740070407597,0.252394223821359,-0.100574789071355,0.200978932527479,1.22259901448086,TRUE,FALSE,TRUE
1297,31.2947178871549,401.316393003009,0.295025206854877,-0.41222167624407,0.200774626882275,1.22234925611478,TRUE,FALSE,TRUE
1298,31.1992797118848,284.456092226896,0.247830181491185,0.5765468767681,0.201388793754304,1.22310021311678,TRUE,FALSE,TRUE
1299,31.1674669867947,330.016653388961,0.267158970681106,0.850576990586992,0.201594351887553,1.22335165715567,TRUE,FALSE,TRUE
1300,31.453781512605,344.303091621177,0.272954892819971,-2.00068946523988,0.199759297770337,1.22110879917268,TRUE,FALSE,TRUE
1301,31.3265306122449,322.764369728572,0.26429538021358,-0.706679085655062,0.200570736190098,1.22210005588453,TRUE,FALSE,TRUE
1302,31.2629051620648,314.521340116436,0.260536964756263,-0.141346608007136,0.200978932527479,1.22259901448086,TRUE,FALSE,TRUE
1303,31.2947178871549,293.866864742753,0.251912200430543,-0.451684878104029,0.200774626882275,1.22234925611478,TRUE,FALSE,TRUE
1304,31.3583433373349,303.986872501431,0.256130004495137,-1.10197448802242,0.200367259188048,1.22185141192648,TRUE,FALSE,TRUE
1305,31.2947178871549,282.099351554133,0.247117531635259,-0.337879377909532,0.200774626882275,1.22234925611478,TRUE,FALSE,TRUE
1306,31.390156062425,303.278420768523,0.255946142543186,-1.38964088300259,0.200164194618349,1.22160332238523,TRUE,FALSE,TRUE
1307,31.453781512605,292.920833402795,0.251640987154724,-1.96423124897639,0.199759297770337,1.22110879917268,TRUE,FALSE,TRUE
1308,31.390156062425,325.426769906657,0.265392612672507,-1.3487021639736,0.200164194618349,1.22160332238523,TRUE,FALSE,TRUE
1309,31.2947178871549,328.224212812365,0.266575091142402,-0.385461679408827,0.200774626882275,1.22234925611478,TRUE,FALSE,TRUE
1310,31.453781512605,351.548753375082,0.275796489072788,-2.0396655214033,0.199759297770337,1.22110879917268,TRUE,FALSE,TRUE
1311,31.2629051620648,291.282366368696,0.251199129758174,0.040930931492775,0.200978932527479,1.22259901448086,TRUE,FALSE,TRUE
1312,31.3265306122449,333.828420349081,0.268868357687589,-0.687173246289955,0.200570736190098,1.22210005588453,TRUE,FALSE,TRUE
1313,31.2629051620648,306.728106433717,0.257164825097667,-0.15181302793033,0.200978932527479,1.22259901448086,TRUE,FALSE,TRUE
1314,31.421968787515,335.902344586063,0.269712444195783,-1.64028491753614,0.199961541228317,1.22135578541362,TRUE,FALSE,TRUE
1315,31.4855942376951,299.530177706057,0.2545525512281,-2.28087485250143,0.199557463001834,1.22086236183153,TRUE,FALSE,TRUE
1316,31.3583433373349,323.239823688255,0.264278518122571,-1.09857320954445,0.200367259188048,1.22185141192648,TRUE,FALSE,TRUE
1317,31.5810324129652,306.570796628429,0.257537696167085,3.11315132502965,0.198954398482556,1.22012632501933,TRUE,FALSE,TRUE
1318,31.421968787515,259.41658313877,0.236564250842049,-1.7019086409635,0.199961541228317,1.22135578541362,TRUE,FALSE,TRUE
1319,31.4855942376951,331.01039439237,0.26755661869109,-2.33486511473559,0.199557463001834,1.22086236183153,TRUE,FALSE,TRUE
1320,31.1674669867947,343.85519844428,0.273115560683458,0.905661898777797,0.201594351887553,1.22335165715567,TRUE,FALSE,TRUE
1321,31.3583433373349,268.127789677676,0.240592241888112,-1.05344947411408,0.200367259188048,1.22185141192648,TRUE,FALSE,TRUE
1322,31.4855942376951,330.186612638112,0.26756780512584,-2.23741827662067,0.199557463001834,1.22086236183153,TRUE,FALSE,TRUE
1323,31.390156062425,282.388065830026,0.247032873028521,-1.32799658754029,0.200164194618349,1.22160332238523,TRUE,FALSE,TRUE
1324,31.3265306122449,293.701737833306,0.251910123472852,-0.774078869570799,0.200570736190098,1.22210005588453,TRUE,FALSE,TRUE
1325,31.3583433373349,250.899618558424,0.232730003578796,-1.00236360062697,0.200367259188048,1.22185141192648,TRUE,FALSE,TRUE
1326,31.1992797118848,271.999905802544,0.24215820575553,0.522643851186652,0.201388793754304,1.22310021311678,TRUE,FALSE,TRUE
1327,31.3265306122449,272.506926262545,0.242708971645161,-0.736041673227153,0.200570736190098,1.22210005588453,TRUE,FALSE,TRUE
1328,31.2629051620648,343.195638712645,0.272521805295628,-0.0795114086431541,0.200978932527479,1.22259901448086,TRUE,FALSE,TRUE
1329,31.2629051620648,297.807079549022,0.25400371873903,-0.00259329688644844,0.200978932527479,1.22259901448086,TRUE,FALSE,TRUE
1330,31.2310924369748,302.422354923121,0.255847485307105,0.275618049568748,0.20118365439375,1.22284933285476,TRUE,FALSE,TRUE
1331,31.2629051620648,284.842159845218,0.247931703118394,-0.141739464275906,0.200978932527479,1.22259901448086,TRUE,FALSE,TRUE
1332,31.453781512605,293.33389927338,0.251733625241054,-2.00537462176849,0.199759297770337,1.22110879917268,TRUE,FALSE,TRUE
1333,31.3583433373349,374.126012460393,0.284465313009652,-1.08453121415499,0.200367259188048,1.22185141192648,TRUE,FALSE,TRUE
1334,31.2310924369748,246.140488597322,0.230579729091268,0.268607195283827,0.20118365439375,1.22284933285476,TRUE,FALSE,TRUE
1335,31.453781512605,361.129560539802,0.279733146836698,-1.94672720964065,0.199759297770337,1.22110879917268,TRUE,FALSE,TRUE
1336,31.3265306122449,308.484981659555,0.258102860679546,-0.76086212935384,0.200570736190098,1.22210005588453,TRUE,FALSE,TRUE
1337,31.2629051620648,279.31638348761,0.245505378666267,-0.108392912097923,0.200978932527479,1.22259901448086,TRUE,FALSE,TRUE
1338,31.2310924369748,310.743392422336,0.258838606747343,0.131467206770777,0.20118365439375,1.22284933285476,TRUE,FALSE,TRUE
1339,31.453781512605,310.191972438169,0.258999221974721,-1.98338007973775,0.199759297770337,1.22110879917268,TRUE,FALSE,TRUE
1340,31.3265306122449,260.190003575942,0.237223035485461,-0.622885421012017,0.200570736190098,1.22210005588453,TRUE,FALSE,TRUE
1341,31.3583433373349,327.245369859433,0.2664050751466,-0.964093669756534,0.200367259188048,1.22185141192648,TRUE,FALSE,TRUE
1342,31.390156062425,310.396508685518,0.259056330525797,-1.34317413525976,0.200164194618349,1.22160332238523,TRUE,FALSE,TRUE
1343,31.1992797118848,377.324838338054,0.285491415790066,0.455473975830225,0.201388793754304,1.22310021311678,TRUE,FALSE,TRUE
1344,31.3265306122449,305.843594131908,0.257045810375239,-0.718620182611095,0.200570736190098,1.22210005588453,TRUE,FALSE,TRUE
1345,31.2947178871549,263.962620131127,0.238585391891543,-0.43515837032722,0.200774626882275,1.22234925611478,TRUE,FALSE,TRUE
1346,31.2947178871549,284.896800123592,0.24797650566153,-0.411530101434361,0.200774626882275,1.22234925611478,TRUE,FALSE,TRUE
1347,31.3265306122449,345.479229535971,0.273285459087742,-0.791647593955454,0.200570736190098,1.22210005588453,TRUE,FALSE,TRUE
1348,31.390156062425,250.954421525501,0.232588942700649,-1.39359394676761,0.200164194618349,1.22160332238523,TRUE,FALSE,TRUE
1349,31.2947178871549,356.594493862882,0.278299980456718,-0.316750492297502,0.200774626882275,1.22234925611478,TRUE,FALSE,TRUE
1350,31.1992797118848,367.645380158338,0.281834336072791,0.470620848147435,0.201388793754304,1.22310021311678,TRUE,FALSE,TRUE
1351,31.3265306122449,352.140219484708,0.276039013001152,-0.722270663518676,0.200570736190098,1.22210005588453,TRUE,FALSE,TRUE
1352,31.3265306122449,279.664185489198,0.245825752784266,-0.669241036852268,0.200570736190098,1.22210005588453,TRUE,FALSE,TRUE
1353,31.2310924369748,372.306499620456,0.283898190964515,0.206816893690336,0.20118365439375,1.22284933285476,TRUE,FALSE,TRUE
1354,31.3265306122449,352.973916271306,0.27686831813896,-0.597542007495246,0.200570736190098,1.22210005588453,TRUE,FALSE,TRUE
1355,31.1992797118848,306.081025550123,0.257756954269627,0.744882271690898,0.201388793754304,1.22310021311678,TRUE,FALSE,TRUE
1356,31.1674669867947,307.592866131188,0.257520639747202,0.769978458123859,0.201594351887553,1.22335165715567,TRUE,FALSE,TRUE
1357,31.3583433373349,294.084278785684,0.252088210476369,-1.05703061916425,0.200367259188048,1.22185141192648,TRUE,FALSE,TRUE
1358,31.3583433373349,362.784717817554,0.280261945369505,-1.06093290384616,0.200367259188048,1.22185141192648,TRUE,FALSE,TRUE
1359,31.2947178871549,310.687712825178,0.259675977204053,-0.305747521699712,0.200774626882275,1.22234925611478,TRUE,FALSE,TRUE
1360,31.3265306122449,307.51948086433,0.257714126707493,-0.742843509443938,0.200570736190098,1.22210005588453,TRUE,FALSE,TRUE
1361,31.5174069627851,311.656732320365,0.259722790126207,-2.50233042674143,0.199356035685252,1.22061647156741,TRUE,FALSE,TRUE
1362,31.390156062425,404.64027101477,0.296260207355982,-1.35634723112992,0.200164194618349,1.22160332238523,TRUE,FALSE,TRUE
1363,31.2310924369748,304.779935413844,0.256305950975378,0.132744882756712,0.20118365439375,1.22284933285476,TRUE,FALSE,TRUE
1364,31.3265306122449,358.927055088287,0.27909352857332,-0.700301627009237,0.200570736190098,1.22210005588453,TRUE,FALSE,TRUE
1365,31.2947178871549,294.807374514282,0.252403768912935,-0.411821307180844,0.200774626882275,1.22234925611478,TRUE,FALSE,TRUE
1366,31.2947178871549,316.834765372083,0.261738899446817,-0.428678514371714,0.200774626882275,1.22234925611478,TRUE,FALSE,TRUE
1367,31.390156062425,306.477942382053,0.257474055551809,-1.38613137946577,0.200164194618349,1.22160332238523,TRUE,FALSE,TRUE
1368,31.3265306122449,296.521730150006,0.253190569039071,-0.682416956173598,0.200570736190098,1.22210005588453,TRUE,FALSE,TRUE
1369,31.390156062425,318.624204772106,0.26263615434463,-1.34538044210318,0.200164194618349,1.22160332238523,TRUE,FALSE,TRUE
1370,31.3265306122449,316.069979942972,0.261618843937173,-0.696484489787083,0.200570736190098,1.22210005588453,TRUE,FALSE,TRUE
1371,31.2310924369748,308.804042782107,0.258617088514926,0.307799025456863,0.20118365439375,1.22284933285476,TRUE,FALSE,TRUE
1372,31.2629051620648,288.738103583314,0.249759995829855,-0.0915488413828544,0.200978932527479,1.22259901448086,TRUE,FALSE,TRUE
1373,31.2629051620648,349.319665859681,0.274530538174045,-0.187825246272261,0.200978932527479,1.22259901448086,TRUE,FALSE,TRUE
1374,31.2947178871549,291.985628384949,0.25116759222733,-0.408304630522556,0.200774626882275,1.22234925611478,TRUE,FALSE,TRUE
1375,31.3265306122449,311.209668939957,0.259424570638457,-0.747901107549738,0.200570736190098,1.22210005588453,TRUE,FALSE,TRUE
1376,31.2947178871549,325.596248075126,0.265014843763103,-0.50011206673511,0.200774626882275,1.22234925611478,TRUE,FALSE,TRUE
1377,31.3583433373349,333.885143834731,0.269189865729116,-0.911077664266489,0.200367259188048,1.22185141192648,TRUE,FALSE,TRUE
1378,31.3583433373349,324.122569756383,0.264592969839738,-1.07617932663098,0.200367259188048,1.22185141192648,TRUE,FALSE,TRUE
1379,31.3583433373349,267.6958173108,0.240486124432245,-1.0332633738516,0.200367259188048,1.22185141192648,TRUE,FALSE,TRUE
1380,31.453781512605,303.551722488936,0.256021803019701,-2.02571340295656,0.199759297770337,1.22110879917268,TRUE,FALSE,TRUE
1381,31.3265306122449,274.82808791916,0.24371526996517,-0.689078814099327,0.200570736190098,1.22210005588453,TRUE,FALSE,TRUE
1382,31.3265306122449,415.270548703173,0.300430306066669,-0.687156948788348,0.200570736190098,1.22210005588453,TRUE,FALSE,TRUE
1383,31.3265306122449,304.573386495869,0.256514256310763,-0.689695691041383,0.200570736190098,1.22210005588453,TRUE,FALSE,TRUE
1384,31.3265306122449,292.860255252733,0.251575097136442,-0.740328702084152,0.200570736190098,1.22210005588453,TRUE,FALSE,TRUE
1385,31.2629051620648,334.109465778959,0.268552294137885,-0.163996843969064,0.200978932527479,1.22259901448086,TRUE,FALSE,TRUE
1386,31.3265306122449,370.400704173886,0.28340690085588,-0.723165017327852,0.200570736190098,1.22210005588453,TRUE,FALSE,TRUE
1387,31.421968787515,347.443441678268,0.274359750848676,-1.6631455257377,0.199961541228317,1.22135578541362,TRUE,FALSE,TRUE
1388,31.2629051620648,333.772925782477,0.268874903737203,-0.075277646157245,0.200978932527479,1.22259901448086,TRUE,FALSE,TRUE
1389,31.4855942376951,308.267161681689,0.258165456633963,-2.31335015998877,0.199557463001834,1.22086236183153,TRUE,FALSE,TRUE
1390,31.3583433373349,292.204137628369,0.251438068919909,-1.01474649643619,0.200367259188048,1.22185141192648,TRUE,FALSE,TRUE
1391,31.2310924369748,311.395498200429,0.259893180342228,0.31529807093065,0.20118365439375,1.22284933285476,TRUE,FALSE,TRUE
1392,31.2947178871549,351.129972296058,0.275495752616783,-0.478182839003753,0.200774626882275,1.22234925611478,TRUE,FALSE,TRUE
1393,31.3583433373349,323.000353157716,0.264280082334052,-1.03438896692589,0.200367259188048,1.22185141192648,TRUE,FALSE,TRUE
1394,31.1674669867947,332.378276101514,0.268275996071645,0.907849031412281,0.201594351887553,1.22335165715567,TRUE,FALSE,TRUE
1395,31.2629051620648,311.947343190974,0.259850184856429,-0.0432031304461872,0.200978932527479,1.22259901448086,TRUE,FALSE,TRUE
1396,31.390156062425,290.646514323601,0.250193516081309,-1.43122855057667,0.200164194618349,1.22160332238523,TRUE,FALSE,TRUE
1397,31.390156062425,349.828827567739,0.275261805711672,-1.37114095330728,0.200164194618349,1.22160332238523,TRUE,FALSE,TRUE
1398,31.2629051620648,394.444446846863,0.292395490251551,-0.102878418338269,0.200978932527479,1.22259901448086,TRUE,FALSE,TRUE
1399,31.3583433373349,294.789958887002,0.252452693198195,-1.05230408624954,0.200367259188048,1.22185141192648,TRUE,FALSE,TRUE
1400,31.2629051620648,322.333852974386,0.264138171401687,-0.0918457942700068,0.200978932527479,1.22259901448086,TRUE,FALSE,TRUE
1401,31.2629051620648,274.857976395702,0.243746879296904,-0.038114578805529,0.200978932527479,1.22259901448086,TRUE,FALSE,TRUE
1402,31.1992797118848,319.746121088239,0.262751017389065,0.52125399411638,0.201388793754304,1.22310021311678,TRUE,FALSE,TRUE
1403,31.3583433373349,299.552229680558,0.25444802063342,-1.05759433570453,0.200367259188048,1.22185141192648,TRUE,FALSE,TRUE
1404,31.3265306122449,321.288775387684,0.263992948666539,-0.613970577148897,0.200570736190098,1.22210005588453,TRUE,FALSE,TRUE
1405,31.3265306122449,314.514104677053,0.260562569108713,-0.801686373102144,0.200570736190098,1.22210005588453,TRUE,FALSE,TRUE
1406,31.1038415366146,283.301801915106,0.247406936021599,1.54313298509242,0.202006729611941,1.22385624416124,TRUE,FALSE,TRUE
1407,31.421968787515,328.022126873844,0.266661556540017,-1.59705756008756,0.199961541228317,1.22135578541362,TRUE,FALSE,TRUE
1408,31.421968787515,336.51776596055,0.2696905963482,-1.69858227094399,0.199961541228317,1.22135578541362,TRUE,FALSE,TRUE
1409,31.2947178871549,309.469509131824,0.258748831104976,-0.351956200734876,0.200774626882275,1.22234925611478,TRUE,FALSE,TRUE
1410,31.3583433373349,348.102100718515,0.274665233564972,-0.994595212856915,0.200367259188048,1.22185141192648,TRUE,FALSE,TRUE
1411,31.3265306122449,304.435421930421,0.256935688792749,-0.625887421736568,0.200570736190098,1.22210005588453,TRUE,FALSE,TRUE
1412,31.421968787515,331.223969257816,0.267710602904217,-1.66946137478069,0.199961541228317,1.22135578541362,TRUE,FALSE,TRUE
1413,31.3265306122449,348.234542839456,0.27475694946428,-0.668713431728099,0.200570736190098,1.22210005588453,TRUE,FALSE,TRUE
1414,31.2947178871549,346.31015791868,0.273999620389871,-0.390465388751637,0.200774626882275,1.22234925611478,TRUE,FALSE,TRUE
1415,31.3265306122449,284.484731818143,0.247837327239453,-0.73277937458189,0.200570736190098,1.22210005588453,TRUE,FALSE,TRUE
1416,31.3265306122449,378.592444105658,0.286304750498208,-0.772144049427907,0.200570736190098,1.22210005588453,TRUE,FALSE,TRUE
1417,31.2947178871549,307.934130250259,0.257919473947406,-0.454848193822844,0.200774626882275,1.22234925611478,TRUE,FALSE,TRUE
1418,31.3583433373349,364.022467338153,0.280718389519583,-1.06120190489225,0.200367259188048,1.22185141192648,TRUE,FALSE,TRUE
1419,31.4855942376951,345.425630049639,0.273089222035931,-2.41666835363583,0.199557463001834,1.22086236183153,TRUE,FALSE,TRUE
1420,31.1674669867947,322.263982150366,0.264175339518201,0.921752331006239,0.201594351887553,1.22335165715567,TRUE,FALSE,TRUE
1421,30.9765906362545,278.111835656455,0.244420212748801,2.66553637211398,0.202836567166493,1.22487226754289,TRUE,FALSE,TRUE
1422,31.0720288115246,319.301279929464,0.262548892662452,1.80012430838635,0.202213551786137,1.22410939094784,TRUE,FALSE,TRUE
1423,31.3265306122449,336.349565515595,0.269980958003439,-0.703829771849153,0.200570736190098,1.22210005588453,TRUE,FALSE,TRUE
1424,31.390156062425,354.524308373017,0.2771084048832,-1.38117409805795,0.200164194618349,1.22160332238523,TRUE,FALSE,TRUE
1425,31.3265306122449,334.223742203033,0.269223153884503,-0.68027042259302,0.200570736190098,1.22210005588453,TRUE,FALSE,TRUE
1426,31.2629051620648,312.233452408121,0.259612012320607,-0.174070628508258,0.200978932527479,1.22259901448086,TRUE,FALSE,TRUE
1427,31.2947178871549,332.589683509101,0.26813656388739,-0.435115046430208,0.200774626882275,1.22234925611478,TRUE,FALSE,TRUE
1428,31.421968787515,292.209668579192,0.251106439056633,-1.75449463693601,0.199961541228317,1.22135578541362,TRUE,FALSE,TRUE
1429,31.3265306122449,318.704246202758,0.262531959217006,-0.741615210838233,0.200570736190098,1.22210005588453,TRUE,FALSE,TRUE
1430,31.453781512605,321.911542999154,0.263907831396787,-2.0074639133352,0.199759297770337,1.22110879917268,TRUE,FALSE,TRUE
1431,31.390156062425,376.330914837984,0.285837694265944,-1.30604543898148,0.200164194618349,1.22160332238523,TRUE,FALSE,TRUE
1432,31.1356542617047,296.564046694518,0.253179870982808,1.20725776967344,0.201800330077136,1.22360366686859,TRUE,FALSE,TRUE
1433,31.1674669867947,360.793915066105,0.279631365985123,0.882294051491815,0.201594351887553,1.22335165715567,TRUE,FALSE,TRUE
1434,31.421968787515,239.450916162757,0.227368391548816,-1.64525855884765,0.199961541228317,1.22135578541362,TRUE,FALSE,TRUE
1435,31.2947178871549,334.745366926353,0.26928803477933,-0.369830420757999,0.200774626882275,1.22234925611478,TRUE,FALSE,TRUE
1436,31.2629051620648,277.642838369634,0.24484077488186,-0.105390007000482,0.200978932527479,1.22259901448086,TRUE,FALSE,TRUE
1437,31.3265306122449,346.742424128145,0.273984710965589,-0.700207406471725,0.200570736190098,1.22210005588453,TRUE,FALSE,TRUE
1438,31.453781512605,287.199606494125,0.248997134662369,-1.96275716768649,0.199759297770337,1.22110879917268,TRUE,FALSE,TRUE
1439,31.390156062425,290.499274359776,0.25046272625443,-1.37056610012399,0.200164194618349,1.22160332238523,TRUE,FALSE,TRUE
1440,31.3265306122449,314.262024852079,0.260753275163753,-0.711709525841151,0.200570736190098,1.22210005588453,TRUE,FALSE,TRUE
1441,31.1992797118848,294.644721610879,0.252357511607588,0.540042819554096,0.201388793754304,1.22310021311678,TRUE,FALSE,TRUE
1442,31.3583433373349,275.042200448382,0.243715563999627,-1.05400198062569,0.200367259188048,1.22185141192648,TRUE,FALSE,TRUE
1443,31.2947178871549,299.990371826123,0.254863079869417,-0.343054215133096,0.200774626882275,1.22234925611478,TRUE,FALSE,TRUE
1444,31.421968787515,362.011246635113,0.280041835175857,-1.67795354639001,0.199961541228317,1.22135578541362,TRUE,FALSE,TRUE
1445,31.3265306122449,281.587004309799,0.24657509511686,-0.704191568767978,0.200570736190098,1.22210005588453,TRUE,FALSE,TRUE
1446,31.453781512605,317.90982202034,0.26240663419385,-1.93422591736451,0.199759297770337,1.22110879917268,TRUE,FALSE,TRUE
1447,31.3583433373349,339.741595186578,0.271643442681252,-0.900276032782945,0.200367259188048,1.22185141192648,TRUE,FALSE,TRUE
1448,31.1992797118848,336.190050558037,0.269131511751376,0.413115625005805,0.201388793754304,1.22310021311678,TRUE,FALSE,TRUE
1449,31.2947178871549,354.310026724229,0.276789544990527,-0.444669146567355,0.200774626882275,1.22234925611478,TRUE,FALSE,TRUE
1450,31.2947178871549,353.434879658097,0.276599104189048,-0.405902848990835,0.200774626882275,1.22234925611478,TRUE,FALSE,TRUE
1451,31.2947178871549,313.2613000754,0.260379957717041,-0.348582350230852,0.200774626882275,1.22234925611478,TRUE,FALSE,TRUE
1452,31.2629051620648,343.901438250687,0.272820885983491,-0.0989155541463927,0.200978932527479,1.22259901448086,TRUE,FALSE,TRUE
1453,31.3265306122449,354.234667188876,0.277080280460856,-0.737055924051063,0.200570736190098,1.22210005588453,TRUE,FALSE,TRUE
1454,31.1992797118848,303.225024322753,0.255963639016136,0.557400543353712,0.201388793754304,1.22310021311678,TRUE,FALSE,TRUE
1455,31.3583433373349,344.646004804207,0.273264375459517,-0.999563720803723,0.200367259188048,1.22185141192648,TRUE,FALSE,TRUE
1456,31.3265306122449,351.709017769395,0.275864878407528,-0.761369895802904,0.200570736190098,1.22210005588453,TRUE,FALSE,TRUE
1457,31.3265306122449,350.808853097572,0.275907702270208,-0.650618509505904,0.200570736190098,1.22210005588453,TRUE,FALSE,TRUE
1458,31.2629051620648,302.076988388962,0.255255683134875,-0.17277455763198,0.200978932527479,1.22259901448086,TRUE,FALSE,TRUE
1459,31.2310924369748,227.061288441108,0.221224354631083,0.212285743148896,0.20118365439375,1.22284933285476,TRUE,FALSE,TRUE
1460,31.0402160864346,337.631413771751,0.269937932104903,2.12573499169468,0.202420797899197,1.22436310915123,TRUE,FALSE,TRUE
1461,31.2947178871549,322.466931930939,0.264171035904005,-0.403554292135132,0.200774626882275,1.22234925611478,TRUE,FALSE,TRUE
1462,31.2947178871549,311.662551475345,0.259711816856454,-0.360419079385043,0.200774626882275,1.22234925611478,TRUE,FALSE,TRUE
1463,31.3583433373349,325.320610083124,0.26529360697553,-1.04286526446699,0.200367259188048,1.22185141192648,TRUE,FALSE,TRUE
1464,31.3583433373349,329.967924667973,0.267307923016866,-1.01500862127371,0.200367259188048,1.22185141192648,TRUE,FALSE,TRUE
1465,31.3583433373349,292.140686357746,0.251146646044911,-1.0566307098949,0.200367259188048,1.22185141192648,TRUE,FALSE,TRUE
1466,31.2629051620648,297.812499379711,0.253730736199461,-0.0810590400436327,0.200978932527479,1.22259901448086,TRUE,FALSE,TRUE
1467,31.3583433373349,316.516940890792,0.2616223963988,-1.06033111931346,0.200367259188048,1.22185141192648,TRUE,FALSE,TRUE
1468,31.2947178871549,320.467653800736,0.263147316240301,-0.439065944600343,0.200774626882275,1.22234925611478,TRUE,FALSE,TRUE
1469,31.3265306122449,387.801066585463,0.289992460232159,-0.741687728353611,0.200570736190098,1.22210005588453,TRUE,FALSE,TRUE
1470,31.4855942376951,255.189012403739,0.234596048413551,-2.339462226502,0.199557463001834,1.22086236183153,TRUE,FALSE,TRUE
1471,31.3583433373349,331.387456945118,0.267870381431993,-1.02168027270839,0.200367259188048,1.22185141192648,TRUE,FALSE,TRUE
1472,31.2629051620648,300.780995726399,0.254823851026893,-0.108751690560584,0.200978932527479,1.22259901448086,TRUE,FALSE,TRUE
1473,31.3265306122449,332.101850264527,0.268157873297882,-0.715546920132156,0.200570736190098,1.22210005588453,TRUE,FALSE,TRUE
1474,31.390156062425,322.833168014951,0.264228654103377,-1.37895350373875,0.200164194618349,1.22160332238523,TRUE,FALSE,TRUE
1475,31.2947178871549,294.811318134218,0.252492348549706,-0.385528536893622,0.200774626882275,1.22234925611478,TRUE,FALSE,TRUE
1476,31.1674669867947,341.083178360954,0.271588001605157,0.837556807405081,0.201594351887553,1.22335165715567,TRUE,FALSE,TRUE
1477,31.2947178871549,381.219625300105,0.287868178539214,-0.334246159209425,0.200774626882275,1.22234925611478,TRUE,FALSE,TRUE
1478,31.1674669867947,294.648952170749,0.252193808446754,0.853883672550986,0.201594351887553,1.22335165715567,TRUE,FALSE,TRUE
1479,31.3265306122449,297.72712865364,0.253383806170068,-0.812273205412711,0.200570736190098,1.22210005588453,TRUE,FALSE,TRUE
1480,31.421968787515,312.42429254775,0.260251340781694,-1.59415647456726,0.199961541228317,1.22135578541362,TRUE,FALSE,TRUE
1481,31.2947178871549,354.216430576785,0.277117018854088,-0.399678206456697,0.200774626882275,1.22234925611478,TRUE,FALSE,TRUE
1482,31.453781512605,283.491842353736,0.247477693762125,-1.95739780635405,0.199759297770337,1.22110879917268,TRUE,FALSE,TRUE
1483,31.3265306122449,325.212770478278,0.265342001515843,-0.71179284773814,0.200570736190098,1.22210005588453,TRUE,FALSE,TRUE
1484,31.2310924369748,349.917037813203,0.275296175695643,0.272253982616504,0.20118365439375,1.22284933285476,TRUE,FALSE,TRUE
1485,31.2947178871549,337.905009380873,0.270380726251957,-0.431037213869195,0.200774626882275,1.22234925611478,TRUE,FALSE,TRUE
1486,31.421968787515,290.82670269702,0.250743961356729,-1.6229712469576,0.199961541228317,1.22135578541362,TRUE,FALSE,TRUE
1487,31.421968787515,356.251709784097,0.277654432794626,-1.725700323967,0.199961541228317,1.22135578541362,TRUE,FALSE,TRUE
1488,31.2947178871549,361.492560358154,0.279853666899446,-0.423551535157206,0.200774626882275,1.22234925611478,TRUE,FALSE,TRUE
1489,31.5810324129652,313.387895158514,0.260211201903457,2.9798510912096,0.198954398482556,1.22012632501933,TRUE,FALSE,TRUE
1490,31.3583433373349,363.828576911064,0.280509810764759,-1.100522428688,0.200367259188048,1.22185141192648,TRUE,FALSE,TRUE
1491,31.2947178871549,358.523099063076,0.278094855689667,-0.546615431054905,0.200774626882275,1.22234925611478,TRUE,FALSE,TRUE
1492,31.2629051620648,353.450515559974,0.276608696284442,-0.1223125123179,0.200978932527479,1.22259901448086,TRUE,FALSE,TRUE
1493,31.4855942376951,292.55333131507,0.251383100009057,-2.28227718497873,0.199557463001834,1.22086236183153,TRUE,FALSE,TRUE
1494,31.2947178871549,345.80675595314,0.273776030470104,-0.388079491982017,0.200774626882275,1.22234925611478,TRUE,FALSE,TRUE
1495,31.2947178871549,338.861356404964,0.271009256591834,-0.371413920643423,0.200774626882275,1.22234925611478,TRUE,FALSE,TRUE
1496,31.390156062425,314.822937675715,0.260781546069841,-1.40075381760613,0.200164194618349,1.22160332238523,TRUE,FALSE,TRUE
1497,31.2947178871549,346.799596243463,0.273959833671114,-0.394137163930799,0.200774626882275,1.22234925611478,TRUE,FALSE,TRUE
1498,31.2629051620648,317.274782631503,0.26225548476873,-0.0225659315922773,0.200978932527479,1.22259901448086,TRUE,FALSE,TRUE
1499,31.1674669867947,337.106648136533,0.269912103792678,0.825311626140236,0.201594351887553,1.22335165715567,TRUE,FALSE,TRUE
1500,31.3583433373349,371.005179755089,0.283513197016425,-1.01513663527042,0.200367259188048,1.22185141192648,TRUE,FALSE,TRUE
1501,31.3583433373349,378.832605941141,0.286568034052535,-1.06174844338284,0.200367259188048,1.22185141192648,TRUE,FALSE,TRUE
1502,31.2629051620648,318.594077304541,0.262439920544249,-0.110552620789718,0.200978932527479,1.22259901448086,TRUE,FALSE,TRUE
1503,31.421968787515,337.018954891343,0.270286324728337,-1.66314549907842,0.199961541228317,1.22135578541362,TRUE,FALSE,TRUE
1504,31.1356542617047,262.915865103611,0.238178790788366,1.19933634763858,0.201800330077136,1.22360366686859,TRUE,FALSE,TRUE
1505,31.3265306122449,299.541945278212,0.254481521244216,-0.724101787841244,0.200570736190098,1.22210005588453,TRUE,FALSE,TRUE
1506,31.2947178871549,333.484073534382,0.268665785738014,-0.429205766221298,0.200774626882275,1.22234925611478,TRUE,FALSE,TRUE
1507,31.2629051620648,313.336732825441,0.260640572428504,-0.0254482708812167,0.200978932527479,1.22259901448086,TRUE,FALSE,TRUE
1508,31.2629051620648,292.122149151159,0.25145391488163,-0.0420657890593955,0.200978932527479,1.22259901448086,TRUE,FALSE,TRUE
1509,31.3265306122449,305.602671367581,0.257155012859769,-0.680743347696622,0.200570736190098,1.22210005588453,TRUE,FALSE,TRUE
1510,31.3265306122449,327.864523388904,0.266566579601819,-0.69882199374421,0.200570736190098,1.22210005588453,TRUE,FALSE,TRUE
1511,31.421968787515,291.099251433237,0.250987641853642,-1.59806643675482,0.199961541228317,1.22135578541362,TRUE,FALSE,TRUE
1512,31.421968787515,320.389329998995,0.263018112991524,-1.73267358244664,0.199961541228317,1.22135578541362,TRUE,FALSE,TRUE
1513,31.3583433373349,397.677482864159,0.293874897828616,-0.982347825975012,0.200367259188048,1.22185141192648,TRUE,FALSE,TRUE
1514,31.3583433373349,369.220170411275,0.282826288189482,-1.07606737166957,0.200367259188048,1.22185141192648,TRUE,FALSE,TRUE
1515,31.3583433373349,371.313953343415,0.283745358542248,-1.04455619996219,0.200367259188048,1.22185141192648,TRUE,FALSE,TRUE
1516,31.390156062425,267.427617719558,0.240453368558517,-1.29673311314209,0.200164194618349,1.22160332238523,TRUE,FALSE,TRUE
1517,31.421968787515,293.159418064871,0.251761553010452,-1.66236740116013,0.199961541228317,1.22135578541362,TRUE,FALSE,TRUE
1518,31.2310924369748,302.342613201573,0.255736818838689,0.259978408214585,0.20118365439375,1.22284933285476,TRUE,FALSE,TRUE
1519,31.421968787515,324.291578374197,0.26470109742497,-1.69206163572525,0.199961541228317,1.22135578541362,TRUE,FALSE,TRUE
1520,31.2947178871549,324.87223247499,0.264625319780331,-0.531312468290035,0.200774626882275,1.22234925611478,TRUE,FALSE,TRUE
1521,31.2947178871549,331.009879451108,0.267507873865859,-0.449839112597171,0.200774626882275,1.22234925611478,TRUE,FALSE,TRUE
1522,31.421968787515,309.194423875041,0.258789170652119,-1.63062118819475,0.199961541228317,1.22135578541362,TRUE,FALSE,TRUE
1523,31.2947178871549,360.117086626285,0.279599225712435,-0.335453174699812,0.200774626882275,1.22234925611478,TRUE,FALSE,TRUE
1524,31.421968787515,321.778335513935,0.263629529683576,-1.733585382697,0.199961541228317,1.22135578541362,TRUE,FALSE,TRUE
1525,31.3265306122449,321.367451614756,0.263406926318148,-0.781515098996473,0.200570736190098,1.22210005588453,TRUE,FALSE,TRUE
1526,31.421968787515,283.50109079585,0.247346050519144,-1.67745802334173,0.199961541228317,1.22135578541362,TRUE,FALSE,TRUE
1527,31.3265306122449,288.338921652411,0.249749973941435,-0.689683694934819,0.200570736190098,1.22210005588453,TRUE,FALSE,TRUE
1528,31.3265306122449,346.71680418849,0.274104274789511,-0.687311569138191,0.200570736190098,1.22210005588453,TRUE,FALSE,TRUE
1529,31.2947178871549,300.20111466184,0.254781197747927,-0.42175145386393,0.200774626882275,1.22234925611478,TRUE,FALSE,TRUE
1530,31.2629051620648,313.06725962615,0.26040752276856,-0.0729548562288953,0.200978932527479,1.22259901448086,TRUE,FALSE,TRUE
1531,31.421968787515,320.032528533451,0.263128593475722,-1.63959315120494,0.199961541228317,1.22135578541362,TRUE,FALSE,TRUE
1532,31.3583433373349,352.792429940963,0.276382260030909,-1.02384795179605,0.200367259188048,1.22185141192648,TRUE,FALSE,TRUE
1533,31.2629051620648,340.432818457137,0.271023223649462,-0.184916090410195,0.200978932527479,1.22259901448086,TRUE,FALSE,TRUE
1534,31.421968787515,346.367077563277,0.273794574224788,-1.67337699760371,0.199961541228317,1.22135578541362,TRUE,FALSE,TRUE
1535,31.390156062425,328.602001535232,0.266250928778032,-1.47223305025473,0.200164194618349,1.22160332238523,TRUE,FALSE,TRUE
1536,31.421968787515,273.963288182695,0.243556478574777,-1.57510249917137,0.199961541228317,1.22135578541362,TRUE,FALSE,TRUE
1537,31.2947178871549,272.646757750992,0.242389138946478,-0.465614433889042,0.200774626882275,1.22234925611478,TRUE,FALSE,TRUE
1538,31.2629051620648,308.092939321705,0.257903521136462,-0.124793065680616,0.200978932527479,1.22259901448086,TRUE,FALSE,TRUE
1539,31.3583433373349,323.771121837865,0.264669900907774,-1.05658643811142,0.200367259188048,1.22185141192648,TRUE,FALSE,TRUE
1540,31.3583433373349,276.587678919859,0.244314839911242,-1.04797743863209,0.200367259188048,1.22185141192648,TRUE,FALSE,TRUE
1541,31.3583433373349,316.30798381335,0.261273622133988,-1.08848787844385,0.200367259188048,1.22185141192648,TRUE,FALSE,TRUE
1542,31.2947178871549,277.037374538827,0.244556087212237,-0.402636429098686,0.200774626882275,1.22234925611478,TRUE,FALSE,TRUE
1543,31.3583433373349,334.233445249645,0.268716609194259,-1.06327640483621,0.200367259188048,1.22185141192648,TRUE,FALSE,TRUE
1544,31.2947178871549,308.42832515555,0.25804876825414,-0.42854643666451,0.200774626882275,1.22234925611478,TRUE,FALSE,TRUE
1545,31.390156062425,286.997613205087,0.249029773060781,-1.30893196768382,0.200164194618349,1.22160332238523,TRUE,FALSE,TRUE
1546,31.2947178871549,296.080401905989,0.252889703153909,-0.407656418760586,0.200774626882275,1.22234925611478,TRUE,FALSE,TRUE
1547,31.2629051620648,379.226406085643,0.286827555983964,-0.079835070260753,0.200978932527479,1.22259901448086,TRUE,FALSE,TRUE
1548,31.453781512605,297.744463851888,0.253620976681896,-1.9678551975882,0.199759297770337,1.22110879917268,TRUE,FALSE,TRUE
1549,31.3583433373349,286.627683344476,0.248466079246701,-1.16014189631779,0.200367259188048,1.22185141192648,TRUE,FALSE,TRUE
1550,31.3583433373349,329.318178160451,0.267000923167079,-1.04003747687757,0.200367259188048,1.22185141192648,TRUE,FALSE,TRUE
1551,31.1992797118848,363.134508451631,0.28057212958635,0.555038306773378,0.201388793754304,1.22310021311678,TRUE,FALSE,TRUE
1552,31.390156062425,295.463909313147,0.252800991119968,-1.32590915858257,0.200164194618349,1.22160332238523,TRUE,FALSE,TRUE
1553,31.2629051620648,345.372461141965,0.273378495572109,-0.12072358757409,0.200978932527479,1.22259901448086,TRUE,FALSE,TRUE
1554,31.2629051620648,316.61582044845,0.26153576717614,-0.118313048727274,0.200978932527479,1.22259901448086,TRUE,FALSE,TRUE
1555,31.2947178871549,255.552373959789,0.234704863269032,-0.448895254784598,0.200774626882275,1.22234925611478,TRUE,FALSE,TRUE
1556,31.421968787515,359.576860511685,0.279428733868712,-1.62503512820201,0.199961541228317,1.22135578541362,TRUE,FALSE,TRUE
1557,31.2947178871549,309.648439600696,0.258839626117237,-0.382070262856548,0.200774626882275,1.22234925611478,TRUE,FALSE,TRUE
1558,31.3265306122449,256.347996819089,0.23508369055796,-0.779107732766915,0.200570736190098,1.22210005588453,TRUE,FALSE,TRUE
1559,31.5174069627851,287.622058014037,0.249233165839014,-2.63064993468036,0.199356035685252,1.22061647156741,TRUE,FALSE,TRUE
1560,31.3583433373349,353.90345775083,0.276764745346203,-1.0831904031461,0.200367259188048,1.22185141192648,TRUE,FALSE,TRUE
1561,31.390156062425,323.954147767021,0.264665230921556,-1.37286847458925,0.200164194618349,1.22160332238523,TRUE,FALSE,TRUE
1562,31.3583433373349,410.330575089777,0.298627963884815,-1.01290047823956,0.200367259188048,1.22185141192648,TRUE,FALSE,TRUE
1563,31.2310924369748,308.731637541143,0.258068610277163,0.161296035561638,0.20118365439375,1.22284933285476,TRUE,FALSE,TRUE
1564,31.2947178871549,328.221890970403,0.266502125154036,-0.405329951294717,0.200774626882275,1.22234925611478,TRUE,FALSE,TRUE
1565,31.1992797118848,336.347949305476,0.269520992370664,0.495324113515907,0.201388793754304,1.22310021311678,TRUE,FALSE,TRUE
1566,31.2310924369748,318.866845758511,0.262523912741726,0.193208117504197,0.20118365439375,1.22284933285476,TRUE,FALSE,TRUE
1567,31.421968787515,320.821471320537,0.263545931119498,-1.66012439206841,0.199961541228317,1.22135578541362,TRUE,FALSE,TRUE
1568,31.2947178871549,362.152487333355,0.280365385609286,-0.31991679929165,0.200774626882275,1.22234925611478,TRUE,FALSE,TRUE
1569,31.390156062425,312.271797533814,0.259732997299778,-1.3717643702921,0.200164194618349,1.22160332238523,TRUE,FALSE,TRUE
1570,31.3265306122449,327.921043797666,0.266398705864229,-0.766120663489825,0.200570736190098,1.22210005588453,TRUE,FALSE,TRUE
1571,31.421968787515,278.447273197505,0.24503979157024,-1.71619212331826,0.199961541228317,1.22135578541362,TRUE,FALSE,TRUE
1572,31.3265306122449,319.756803150873,0.26299692959523,-0.704873606790464,0.200570736190098,1.22210005588453,TRUE,FALSE,TRUE
1573,31.2310924369748,308.615860485688,0.258542100762244,0.286259111861955,0.20118365439375,1.22284933285476,TRUE,FALSE,TRUE
1574,31.390156062425,326.913469856654,0.265612457318546,-1.45463195315586,0.200164194618349,1.22160332238523,TRUE,FALSE,TRUE
1575,31.3583433373349,342.807829632549,0.272226919753665,-1.0936573785965,0.200367259188048,1.22185141192648,TRUE,FALSE,TRUE
1576,31.2947178871549,284.101822278074,0.247770655670159,-0.403045634282452,0.200774626882275,1.22234925611478,TRUE,FALSE,TRUE
1577,31.3583433373349,320.642087911902,0.263525688176527,-1.00905262252757,0.200367259188048,1.22185141192648,TRUE,FALSE,TRUE
1578,31.2310924369748,329.176838317928,0.267322477800233,0.313683873814962,0.20118365439375,1.22284933285476,TRUE,FALSE,TRUE
1579,31.3583433373349,305.008156886366,0.256903735549608,-1.01796246248376,0.200367259188048,1.22185141192648,TRUE,FALSE,TRUE
1580,31.453781512605,286.823246569818,0.249175356609405,-1.95364425062933,0.199759297770337,1.22110879917268,TRUE,FALSE,TRUE
1581,31.2947178871549,292.348665850072,0.251178047481257,-0.413852962415946,0.200774626882275,1.22234925611478,TRUE,FALSE,TRUE
1582,31.421968787515,300.479572694224,0.254744007054087,-1.68430340082917,0.199961541228317,1.22135578541362,TRUE,FALSE,TRUE
1583,31.2947178871549,332.442912600176,0.268363405377799,-0.361936321848902,0.200774626882275,1.22234925611478,TRUE,FALSE,TRUE
1584,31.2310924369748,315.167450766621,0.260949045984173,0.193643964548504,0.20118365439375,1.22284933285476,TRUE,FALSE,TRUE
1585,31.4855942376951,340.136942684619,0.271164727269652,-2.32741197317604,0.199557463001834,1.22086236183153,TRUE,FALSE,TRUE
1586,31.2947178871549,356.676412702341,0.277416235972615,-0.538139572853499,0.200774626882275,1.22234925611478,TRUE,FALSE,TRUE
1587,31.390156062425,307.523735646834,0.257786798397048,-1.38670907684149,0.200164194618349,1.22160332238523,TRUE,FALSE,TRUE
1588,31.2310924369748,289.468043807132,0.250073364569136,0.218294036887925,0.20118365439375,1.22284933285476,TRUE,FALSE,TRUE
1589,31.390156062425,325.471920044243,0.265297295134995,-1.35240801121101,0.200164194618349,1.22160332238523,TRUE,FALSE,TRUE
1590,31.3265306122449,379.877026105262,0.287156660688963,-0.706358854425065,0.200570736190098,1.22210005588453,TRUE,FALSE,TRUE
1591,31.3265306122449,285.797922229445,0.248207940207306,-0.800421986091562,0.200570736190098,1.22210005588453,TRUE,FALSE,TRUE
1592,31.1674669867947,327.726435100427,0.266084912656935,0.829511216925204,0.201594351887553,1.22335165715567,TRUE,FALSE,TRUE
1593,31.2947178871549,336.406421102397,0.269832020983405,-0.387783945729936,0.200774626882275,1.22234925611478,TRUE,FALSE,TRUE
1594,31.390156062425,318.772746447323,0.262555867905564,-1.3451849999778,0.200164194618349,1.22160332238523,TRUE,FALSE,TRUE
1595,31.1674669867947,321.27870706335,0.263628461823508,0.900305932060689,0.201594351887553,1.22335165715567,TRUE,FALSE,TRUE
1596,31.3265306122449,356.490726922345,0.278234668198827,-0.647542626014477,0.200570736190098,1.22210005588453,TRUE,FALSE,TRUE
1597,31.1992797118848,353.221879526548,0.276087608983422,0.446427244797521,0.201388793754304,1.22310021311678,TRUE,FALSE,TRUE
1598,31.2629051620648,303.777112830857,0.256277889608416,-0.0810178324621372,0.200978932527479,1.22259901448086,TRUE,FALSE,TRUE
1599,31.2629051620648,360.967776077293,0.279073659747589,-0.207947775804119,0.200978932527479,1.22259901448086,TRUE,FALSE,TRUE
1600,31.3265306122449,307.058813408819,0.25791888224769,-0.682376163718276,0.200570736190098,1.22210005588453,TRUE,FALSE,TRUE
1601,31.3265306122449,302.768708520294,0.255321980722908,-0.86945018658728,0.200570736190098,1.22210005588453,TRUE,FALSE,TRUE
1602,31.3265306122449,272.820965466913,0.242959306427974,-0.654523192845421,0.200570736190098,1.22210005588453,TRUE,FALSE,TRUE
1603,31.3583433373349,292.10795856725,0.251453593917459,-0.99027450327312,0.200367259188048,1.22185141192648,TRUE,FALSE,TRUE
1604,31.421968787515,295.315210458273,0.252840722283012,-1.61210010318832,0.199961541228317,1.22135578541362,TRUE,FALSE,TRUE
1605,31.5174069627851,298.287549282495,0.254043165972124,-2.52154309097034,0.199356035685252,1.22061647156741,TRUE,FALSE,TRUE
1606,31.2947178871549,291.199338585229,0.250744005281258,-0.422625991876141,0.200774626882275,1.22234925611478,TRUE,FALSE,TRUE
1607,31.421968787515,283.469315225739,0.247680500032388,-1.62164238095882,0.199961541228317,1.22135578541362,TRUE,FALSE,TRUE
1608,31.2947178871549,338.624942802044,0.271054933074567,-0.314020395684128,0.200774626882275,1.22234925611478,TRUE,FALSE,TRUE
1609,31.421968787515,309.065377161008,0.258424458871347,-1.70856741901277,0.199961541228317,1.22135578541362,TRUE,FALSE,TRUE
1610,31.3265306122449,339.310553409015,0.270687298420353,-0.798811352110939,0.200570736190098,1.22210005588453,TRUE,FALSE,TRUE
1611,31.4855942376951,308.831504927867,0.258394023628551,-2.28338215025141,0.199557463001834,1.22086236183153,TRUE,FALSE,TRUE
1612,31.3265306122449,308.236990346709,0.258075779609464,-0.763115331046627,0.200570736190098,1.22210005588453,TRUE,FALSE,TRUE
1613,31.1992797118848,324.595756026479,0.265001256370062,0.569622950556185,0.201388793754304,1.22310021311678,TRUE,FALSE,TRUE
1614,31.1992797118848,278.199444640699,0.245177306903573,0.578600698119087,0.201388793754304,1.22310021311678,TRUE,FALSE,TRUE
1615,31.2629051620648,311.579362812403,0.259469990010441,-0.121436175974996,0.200978932527479,1.22259901448086,TRUE,FALSE,TRUE
1616,31.2947178871549,328.575591967883,0.266259129906437,-0.511387513415184,0.200774626882275,1.22234925611478,TRUE,FALSE,TRUE
1617,31.2310924369748,338.863536625148,0.270638061924486,0.20646284045248,0.20118365439375,1.22284933285476,TRUE,FALSE,TRUE
1618,31.2947178871549,319.410382219072,0.262806355204478,-0.438076507573152,0.200774626882275,1.22234925611478,TRUE,FALSE,TRUE
1619,31.2947178871549,258.524342116789,0.235802745677368,-0.50672462194629,0.200774626882275,1.22234925611478,TRUE,FALSE,TRUE
1620,31.421968787515,313.64670785883,0.26057078465666,-1.64780300059177,0.199961541228317,1.22135578541362,TRUE,FALSE,TRUE
1621,31.1356542617047,312.208151229106,0.259978122319405,1.21852813677702,0.201800330077136,1.22360366686859,TRUE,FALSE,TRUE
1622,31.2310924369748,344.979069183743,0.273124363773119,0.214786313128424,0.20118365439375,1.22284933285476,TRUE,FALSE,TRUE
1623,31.5174069627851,369.824148028289,0.283035520167643,-2.63723723564505,0.199356035685252,1.22061647156741,TRUE,FALSE,TRUE
1624,31.3265306122449,302.214115893703,0.255696766837353,-0.71355071480322,0.200570736190098,1.22210005588453,TRUE,FALSE,TRUE
1625,31.3583433373349,317.450883518904,0.262471027903448,-0.954901021455584,0.200367259188048,1.22185141192648,TRUE,FALSE,TRUE
1626,31.1992797118848,292.794719182924,0.251896965417086,0.604652878088522,0.201388793754304,1.22310021311678,TRUE,FALSE,TRUE
1627,31.390156062425,350.060340805521,0.275405380494193,-1.34458335437451,0.200164194618349,1.22160332238523,TRUE,FALSE,TRUE
1628,31.2629051620648,329.601021469748,0.266536893369793,-0.205857116773736,0.200978932527479,1.22259901448086,TRUE,FALSE,TRUE
1629,31.2629051620648,351.015666743781,0.275595195175321,-0.117945558423796,0.200978932527479,1.22259901448086,TRUE,FALSE,TRUE
1630,31.2629051620648,321.775960610773,0.263750007050353,-0.12837386489679,0.200978932527479,1.22259901448086,TRUE,FALSE,TRUE
1631,31.421968787515,303.903181363545,0.256461787986711,-1.65283948221753,0.199961541228317,1.22135578541362,TRUE,FALSE,TRUE
1632,31.2310924369748,295.604595636856,0.252613851968895,0.177465756734351,0.20118365439375,1.22284933285476,TRUE,FALSE,TRUE
1633,31.3583433373349,333.974304001544,0.26871240146095,-1.05634853613131,0.200367259188048,1.22185141192648,TRUE,FALSE,TRUE
1634,31.2629051620648,351.659576396995,0.276055013349892,-0.0712435640874126,0.200978932527479,1.22259901448086,TRUE,FALSE,TRUE
1635,31.1992797118848,236.699113326137,0.225863305559305,0.568466392391616,0.201388793754304,1.22310021311678,TRUE,FALSE,TRUE
1636,31.2629051620648,356.410183056726,0.277398284636007,-0.158533010501466,0.200978932527479,1.22259901448086,TRUE,FALSE,TRUE
1637,31.2947178871549,360.947680036195,0.279998655395338,-0.333065966208225,0.200774626882275,1.22234925611478,TRUE,FALSE,TRUE
1638,31.2629051620648,397.842315299193,0.293849815669465,-0.0761471792769138,0.200978932527479,1.22259901448086,TRUE,FALSE,TRUE
1639,31.2947178871549,403.8054757066,0.29599069386413,-0.421029279547437,0.200774626882275,1.22234925611478,TRUE,FALSE,TRUE
1640,31.1992797118848,311.993060461228,0.259465240719202,0.492234357368416,0.201388793754304,1.22310021311678,TRUE,FALSE,TRUE
1641,31.390156062425,259.919769024272,0.236882586750445,-1.29789253954384,0.200164194618349,1.22160332238523,TRUE,FALSE,TRUE
1642,31.2310924369748,254.44716848943,0.234357484842235,0.245044562450406,0.20118365439375,1.22284933285476,TRUE,FALSE,TRUE
1643,31.2629051620648,291.666336624011,0.250759411356741,-0.141357836951295,0.200978932527479,1.22259901448086,TRUE,FALSE,TRUE
1644,31.453781512605,354.596271020553,0.277046654259772,-1.98535637350461,0.199759297770337,1.22110879917268,TRUE,FALSE,TRUE
1645,31.2947178871549,366.845008079014,0.281835336036885,-0.430429184936381,0.200774626882275,1.22234925611478,TRUE,FALSE,TRUE
1646,31.3583433373349,277.606148979717,0.245029413029332,-0.977459387297307,0.200367259188048,1.22185141192648,TRUE,FALSE,TRUE
1647,31.3583433373349,299.513524000801,0.25440471707138,-1.03224524852311,0.200367259188048,1.22185141192648,TRUE,FALSE,TRUE
1648,31.3583433373349,376.63321654356,0.285854620941944,-1.04981538970489,0.200367259188048,1.22185141192648,TRUE,FALSE,TRUE
1649,31.2310924369748,285.343495907085,0.248259894643349,0.213969845576116,0.20118365439375,1.22284933285476,TRUE,FALSE,TRUE
1650,31.1356542617047,365.563246762037,0.280987134487659,1.1045903911765,0.201800330077136,1.22360366686859,TRUE,FALSE,TRUE
1651,31.3583433373349,318.923965736231,0.262328486839926,-1.09696776513183,0.200367259188048,1.22185141192648,TRUE,FALSE,TRUE
1652,31.2629051620648,331.782144332017,0.267789378951245,-0.112123732893532,0.200978932527479,1.22259901448086,TRUE,FALSE,TRUE
1653,31.2310924369748,334.993074260138,0.269221788311862,0.228347921556155,0.20118365439375,1.22284933285476,TRUE,FALSE,TRUE
1654,31.1992797118848,338.921181701147,0.271050340643374,0.595979539822861,0.201388793754304,1.22310021311678,TRUE,FALSE,TRUE
1655,31.3583433373349,335.222088006206,0.269463580889306,-1.05395638394485,0.200367259188048,1.22185141192648,TRUE,FALSE,TRUE
1656,31.2947178871549,333.899992495481,0.268836376807868,-0.371103237892184,0.200774626882275,1.22234925611478,TRUE,FALSE,TRUE
1657,31.2947178871549,289.236164399208,0.249942017526979,-0.41708546831253,0.200774626882275,1.22234925611478,TRUE,FALSE,TRUE
1658,31.2947178871549,270.6414845253,0.241701653018394,-0.443834315639552,0.200774626882275,1.22234925611478,TRUE,FALSE,TRUE
1659,31.3265306122449,248.728518085014,0.231734543033074,-0.69509061000755,0.200570736190098,1.22210005588453,TRUE,FALSE,TRUE
1660,31.3265306122449,336.454505017009,0.269677675913802,-0.755211956425556,0.200570736190098,1.22210005588453,TRUE,FALSE,TRUE
1661,31.2310924369748,316.858395762496,0.261755886816895,0.213414891378246,0.20118365439375,1.22284933285476,TRUE,FALSE,TRUE
1662,31.453781512605,348.348980647415,0.27468790517129,-1.92454200682936,0.199759297770337,1.22110879917268,TRUE,FALSE,TRUE
1663,31.453781512605,350.987930973414,0.275518835117309,-2.05250622073192,0.199759297770337,1.22110879917268,TRUE,FALSE,TRUE
1664,31.1674669867947,284.142214554869,0.247627207361148,0.851857947134636,0.201594351887553,1.22335165715567,TRUE,FALSE,TRUE
1665,31.3265306122449,301.159619624001,0.255072178799343,-0.722709147323821,0.200570736190098,1.22210005588453,TRUE,FALSE,TRUE
1666,31.421968787515,306.401276504317,0.257333599193172,-1.65413159594427,0.199961541228317,1.22135578541362,TRUE,FALSE,TRUE
1667,31.421968787515,229.55217455782,0.222696555867268,-1.58066873081506,0.199961541228317,1.22135578541362,TRUE,FALSE,TRUE
1668,31.2310924369748,279.415028237462,0.245865381543716,0.269541049375162,0.20118365439375,1.22284933285476,TRUE,FALSE,TRUE
1669,31.4855942376951,271.348086748622,0.242059900976893,-2.25585788780396,0.199557463001834,1.22086236183153,TRUE,FALSE,TRUE
1670,31.421968787515,304.043284765242,0.256629305329506,-1.62566964410569,0.199961541228317,1.22135578541362,TRUE,FALSE,TRUE
1671,31.1992797118848,315.998362220997,0.261808096765508,0.636487648939563,0.201388793754304,1.22310021311678,TRUE,FALSE,TRUE
1672,31.3583433373349,313.575851713094,0.260266571207343,-1.07402271328577,0.200367259188048,1.22185141192648,TRUE,FALSE,TRUE
1673,31.2310924369748,349.557896711725,0.275096341595304,0.236530198740044,0.20118365439375,1.22284933285476,TRUE,FALSE,TRUE
1674,31.3583433373349,247.562325774062,0.231225168746567,-0.981963413444726,0.200367259188048,1.22185141192648,TRUE,FALSE,TRUE
1675,31.390156062425,328.584406632879,0.266522519729948,-1.37708974191307,0.200164194618349,1.22160332238523,TRUE,FALSE,TRUE
1676,31.5492196878751,327.041521013322,0.265920689879264,-2.95406565026326,0.199155014588025,1.22037112656558,TRUE,FALSE,TRUE
1677,31.3265306122449,284.094569585209,0.247986651655597,-0.656026762129127,0.200570736190098,1.22210005588453,TRUE,FALSE,TRUE
1678,31.3583433373349,365.534233951625,0.281645959162767,-1.01717664052437,0.200367259188048,1.22185141192648,TRUE,FALSE,TRUE
1679,31.453781512605,326.831466007787,0.26596156454709,-1.97526607238332,0.199759297770337,1.22110879917268,TRUE,FALSE,TRUE
1680,31.3265306122449,257.864069850951,0.235996470718222,-0.69476601586902,0.200570736190098,1.22210005588453,TRUE,FALSE,TRUE
1681,31.2947178871549,309.358295807253,0.258658402448202,-0.417507492472679,0.200774626882275,1.22234925611478,TRUE,FALSE,TRUE
1682,31.390156062425,308.43532097133,0.258474728095591,-1.29948027444387,0.200164194618349,1.22160332238523,TRUE,FALSE,TRUE
1683,31.2947178871549,355.711536131746,0.277125054537681,-0.480217796214885,0.200774626882275,1.22234925611478,TRUE,FALSE,TRUE
1684,31.2629051620648,368.995525730601,0.282700389503228,-0.0832953479013915,0.200978932527479,1.22259901448086,TRUE,FALSE,TRUE
1685,31.3583433373349,323.583034169545,0.264157731208475,-1.13985241291963,0.200367259188048,1.22185141192648,TRUE,FALSE,TRUE
1686,31.3265306122449,316.992303308433,0.261764423739253,-0.741617497819703,0.200570736190098,1.22210005588453,TRUE,FALSE,TRUE
1687,31.2947178871549,332.39662116051,0.268416942530978,-0.334829329153309,0.200774626882275,1.22234925611478,TRUE,FALSE,TRUE
1688,31.2947178871549,277.092871814235,0.24480939585973,-0.378314970229417,0.200774626882275,1.22234925611478,TRUE,FALSE,TRUE
1689,31.1992797118848,375.250823281267,0.285084515884403,0.537045218014196,0.201388793754304,1.22310021311678,TRUE,FALSE,TRUE
1690,31.2310924369748,268.415621914882,0.240661756364019,0.219262405966636,0.20118365439375,1.22284933285476,TRUE,FALSE,TRUE
1691,31.3265306122449,341.527158807082,0.271946627911261,-0.726044226276932,0.200570736190098,1.22210005588453,TRUE,FALSE,TRUE
1692,31.2947178871549,297.313045021334,0.253728742314549,-0.336862025834174,0.200774626882275,1.22234925611478,TRUE,FALSE,TRUE
1693,31.2310924369748,385.950279858444,0.289087091551425,0.187804049559781,0.20118365439375,1.22284933285476,TRUE,FALSE,TRUE
1694,31.390156062425,369.623831057224,0.283150310981442,-1.33327009529327,0.200164194618349,1.22160332238523,TRUE,FALSE,TRUE
1695,31.3265306122449,289.699951098641,0.250059557577271,-0.790688974499123,0.200570736190098,1.22210005588453,TRUE,FALSE,TRUE
1696,31.2947178871549,325.2637793595,0.265153177496794,-0.42891218072499,0.200774626882275,1.22234925611478,TRUE,FALSE,TRUE
1697,31.2947178871549,281.883836766475,0.246856043342161,-0.361939277278318,0.200774626882275,1.22234925611478,TRUE,FALSE,TRUE
1698,31.421968787515,268.465253791459,0.240417979693357,-1.72942866716332,0.199961541228317,1.22135578541362,TRUE,FALSE,TRUE
1699,31.2947178871549,324.493532679945,0.264820225471656,-0.431037665940674,0.200774626882275,1.22234925611478,TRUE,FALSE,TRUE
1700,31.2629051620648,360.19959574352,0.279224467795053,-0.141426009425812,0.200978932527479,1.22259901448086,TRUE,FALSE,TRUE
1701,31.2629051620648,330.416641416106,0.267517964758864,-0.0559480557190179,0.200978932527479,1.22259901448086,TRUE,FALSE,TRUE
1702,31.1674669867947,353.252778945009,0.276286804088874,0.818654719959304,0.201594351887553,1.22335165715567,TRUE,FALSE,TRUE
1703,31.421968787515,307.454625801882,0.258094346368467,-1.56013875762172,0.199961541228317,1.22135578541362,TRUE,FALSE,TRUE
1704,31.1992797118848,314.310131449204,0.260526358896166,0.501902907979318,0.201388793754304,1.22310021311678,TRUE,FALSE,TRUE
1705,31.2947178871549,331.218579808757,0.267581059615419,-0.43489298997889,0.200774626882275,1.22234925611478,TRUE,FALSE,TRUE
1706,31.3265306122449,299.627815584652,0.254440312185553,-0.746161040802432,0.200570736190098,1.22210005588453,TRUE,FALSE,TRUE
1707,31.3583433373349,351.99448844211,0.276059720028642,-1.06568952170619,0.200367259188048,1.22185141192648,TRUE,FALSE,TRUE
1708,31.3265306122449,325.636045670511,0.265432793799692,-0.728663900892275,0.200570736190098,1.22210005588453,TRUE,FALSE,TRUE
1709,31.421968787515,350.191674834554,0.275092136164348,-1.78007877802108,0.199961541228317,1.22135578541362,TRUE,FALSE,TRUE
1710,31.390156062425,338.823040532301,0.270388874786116,-1.45877190128879,0.200164194618349,1.22160332238523,TRUE,FALSE,TRUE
1711,31.2947178871549,338.933350390435,0.270684846424326,-0.440992592540184,0.200774626882275,1.22234925611478,TRUE,FALSE,TRUE
1712,31.2947178871549,319.823490968176,0.263055272851198,-0.416944817633882,0.200774626882275,1.22234925611478,TRUE,FALSE,TRUE
1713,31.1992797118848,371.399192843413,0.283762045285454,0.583055752542719,0.201388793754304,1.22310021311678,TRUE,FALSE,TRUE
1714,31.2947178871549,317.358879378663,0.261988856089685,-0.408010387422828,0.200774626882275,1.22234925611478,TRUE,FALSE,TRUE
1715,31.1992797118848,312.286447362977,0.259594322055017,0.50476662927066,0.201388793754304,1.22310021311678,TRUE,FALSE,TRUE
1716,31.2310924369748,300.955258776494,0.255078610728546,0.214067603372911,0.20118365439375,1.22284933285476,TRUE,FALSE,TRUE
1717,31.1992797118848,307.224083121057,0.257684531477812,0.554077564523248,0.201388793754304,1.22310021311678,TRUE,FALSE,TRUE
1718,31.390156062425,314.208742925946,0.260784218613495,-1.29367944749998,0.200164194618349,1.22160332238523,TRUE,FALSE,TRUE
1719,31.3265306122449,330.710543394933,0.267462994889388,-0.690023997442144,0.200570736190098,1.22210005588453,TRUE,FALSE,TRUE
1720,31.2310924369748,327.345416245955,0.266105370418321,0.211237132989954,0.20118365439375,1.22284933285476,TRUE,FALSE,TRUE
1721,31.3583433373349,374.60326783389,0.285357114552684,-0.951831402513613,0.200367259188048,1.22185141192648,TRUE,FALSE,TRUE
1722,31.2947178871549,361.375820484316,0.279705763536932,-0.385128387657436,0.200774626882275,1.22234925611478,TRUE,FALSE,TRUE
1723,31.3583433373349,275.937774214684,0.244258701591024,-1.00643989767274,0.200367259188048,1.22185141192648,TRUE,FALSE,TRUE
1724,31.390156062425,374.322016120668,0.285010099334724,-1.32971694136235,0.200164194618349,1.22160332238523,TRUE,FALSE,TRUE
1725,31.2310924369748,272.689849881528,0.242887948371484,0.267489455600424,0.20118365439375,1.22284933285476,TRUE,FALSE,TRUE
1726,31.2629051620648,280.395981207937,0.246667807899602,0.0652078434273433,0.200978932527479,1.22259901448086,TRUE,FALSE,TRUE
1727,31.2310924369748,353.802297816378,0.276467923196254,0.161385245853828,0.20118365439375,1.22284933285476,TRUE,FALSE,TRUE
1728,31.2947178871549,289.616527906482,0.250214347555519,-0.404477263132956,0.200774626882275,1.22234925611478,TRUE,FALSE,TRUE
1729,31.390156062425,344.735181413986,0.272567215939548,-1.51034963317998,0.200164194618349,1.22160332238523,TRUE,FALSE,TRUE
1730,31.390156062425,320.355217376421,0.263298850114126,-1.37422768061186,0.200164194618349,1.22160332238523,TRUE,FALSE,TRUE
1731,31.421968787515,310.742576470963,0.259199370132548,-1.63174125622831,0.199961541228317,1.22135578541362,TRUE,FALSE,TRUE
1732,31.421968787515,260.141467192744,0.237086208846472,-1.62115126866899,0.199961541228317,1.22135578541362,TRUE,FALSE,TRUE
1733,31.3265306122449,309.622557924243,0.258526474790107,-0.776195072393743,0.200570736190098,1.22210005588453,TRUE,FALSE,TRUE
1734,31.421968787515,345.285674200059,0.273511509321816,-1.66074721576285,0.199961541228317,1.22135578541362,TRUE,FALSE,TRUE
1735,31.1992797118848,328.515000879977,0.266737342349302,0.569052375868346,0.201388793754304,1.22310021311678,TRUE,FALSE,TRUE
1736,31.3265306122449,361.212466771286,0.279836304843678,-0.727666321134489,0.200570736190098,1.22210005588453,TRUE,FALSE,TRUE
1737,31.2310924369748,375.343204957212,0.285393113275097,0.287785755519348,0.20118365439375,1.22284933285476,TRUE,FALSE,TRUE
1738,31.2310924369748,331.204958624613,0.267842329288555,0.263006033753967,0.20118365439375,1.22284933285476,TRUE,FALSE,TRUE
1739,31.2947178871549,278.07480201131,0.245428725751511,-0.30015420801991,0.200774626882275,1.22234925611478,TRUE,FALSE,TRUE
1740,31.2947178871549,303.396026511517,0.255791648859593,-0.478248275676682,0.200774626882275,1.22234925611478,TRUE,FALSE,TRUE
1741,31.390156062425,342.672231715362,0.272822447824498,-1.24334800153212,0.200164194618349,1.22160332238523,TRUE,FALSE,TRUE
1742,31.2629051620648,313.086276171182,0.260024413154329,-0.137506811155826,0.200978932527479,1.22259901448086,TRUE,FALSE,TRUE
1743,31.2310924369748,314.047403629469,0.260709153606822,0.273595276811096,0.20118365439375,1.22284933285476,TRUE,FALSE,TRUE
1744,31.2629051620648,294.614603328752,0.252485752624176,-0.0383725375045019,0.200978932527479,1.22259901448086,TRUE,FALSE,TRUE
1745,31.390156062425,384.940391022262,0.288930113505213,-1.35287519354023,0.200164194618349,1.22160332238523,TRUE,FALSE,TRUE
1746,31.2629051620648,376.250411488959,0.28606879523867,0.00914937902746186,0.200978932527479,1.22259901448086,TRUE,FALSE,TRUE
1747,31.3265306122449,345.42435993065,0.273382810455308,-0.74948456107993,0.200570736190098,1.22210005588453,TRUE,FALSE,TRUE
1748,31.421968787515,309.603587901486,0.258699407099996,-1.63780264182098,0.199961541228317,1.22135578541362,TRUE,FALSE,TRUE
1749,31.3265306122449,349.741310510592,0.274941594021666,-0.753853192362986,0.200570736190098,1.22210005588453,TRUE,FALSE,TRUE
1750,31.2947178871549,373.081092551199,0.283923958589132,-0.488336325277859,0.200774626882275,1.22234925611478,TRUE,FALSE,TRUE
1751,31.3265306122449,267.78868808047,0.240304014069138,-0.761000204131411,0.200570736190098,1.22210005588453,TRUE,FALSE,TRUE
1752,31.1674669867947,336.697885497125,0.269845563776031,0.858281582144943,0.201594351887553,1.22335165715567,TRUE,FALSE,TRUE
1753,31.3265306122449,299.92598613931,0.25443114656361,-0.761364130024731,0.200570736190098,1.22210005588453,TRUE,FALSE,TRUE
1754,31.3583433373349,331.971201035191,0.267923510227213,-1.03720406340326,0.200367259188048,1.22185141192648,TRUE,FALSE,TRUE
1755,31.3583433373349,403.871870318388,0.295941035082739,-1.07867867181544,0.200367259188048,1.22185141192648,TRUE,FALSE,TRUE
1756,31.3265306122449,338.162381102586,0.270299722967441,-0.778059836230029,0.200570736190098,1.22210005588453,TRUE,FALSE,TRUE
1757,31.1992797118848,280.815499842238,0.246248253154146,0.543234161616868,0.201388793754304,1.22310021311678,TRUE,FALSE,TRUE
1758,31.3265306122449,328.694927522369,0.267215407481843,-0.609424187036236,0.200570736190098,1.22210005588453,TRUE,FALSE,TRUE
1759,31.3265306122449,280.247633740307,0.246063220547611,-0.697178301986339,0.200570736190098,1.22210005588453,TRUE,FALSE,TRUE
1760,31.3265306122449,359.782432969602,0.278989201366799,-0.801180649833471,0.200570736190098,1.22210005588453,TRUE,FALSE,TRUE
1761,31.453781512605,331.985759045354,0.268212036330385,-1.94360072874356,0.199759297770337,1.22110879917268,TRUE,FALSE,TRUE
1762,31.3583433373349,345.540481304499,0.273277682440303,-1.07877043486801,0.200367259188048,1.22185141192648,TRUE,FALSE,TRUE
1763,31.3583433373349,327.826617432708,0.266314781420792,-1.03204961447132,0.200367259188048,1.22185141192648,TRUE,FALSE,TRUE
1764,31.2947178871549,304.459497715086,0.25637697594921,-0.436432412988219,0.200774626882275,1.22234925611478,TRUE,FALSE,TRUE
1765,31.453781512605,326.835288916686,0.265894851592036,-1.96532894045165,0.199759297770337,1.22110879917268,TRUE,FALSE,TRUE
1766,31.3583433373349,321.436080297682,0.263865306501831,-0.995043066891579,0.200367259188048,1.22185141192648,TRUE,FALSE,TRUE
1767,31.2310924369748,263.966113902383,0.238616570339544,0.225137961485514,0.20118365439375,1.22284933285476,TRUE,FALSE,TRUE
1768,31.4855942376951,344.52440315856,0.272945967143502,-2.33626815773577,0.199557463001834,1.22086236183153,TRUE,FALSE,TRUE
1769,31.1674669867947,304.129790706787,0.256755967904447,0.960497431102216,0.201594351887553,1.22335165715567,TRUE,FALSE,TRUE
1770,31.421968787515,208.025222703531,0.211512697535089,-1.72275742475637,0.199961541228317,1.22135578541362,TRUE,FALSE,TRUE
1771,31.3265306122449,411.763125259313,0.299060167426936,-0.666771880132703,0.200570736190098,1.22210005588453,TRUE,FALSE,TRUE
1772,31.3265306122449,310.926400415174,0.259249996192578,-0.718245649549997,0.200570736190098,1.22210005588453,TRUE,FALSE,TRUE
1773,31.2310924369748,340.228867653379,0.271230950635622,0.188120012574096,0.20118365439375,1.22284933285476,TRUE,FALSE,TRUE
1774,31.1038415366146,292.608100474145,0.251099222799918,1.45450055494841,0.202006729611941,1.22385624416124,TRUE,FALSE,TRUE
1775,31.2310924369748,276.636766452838,0.244465563477768,0.248071944861395,0.20118365439375,1.22284933285476,TRUE,FALSE,TRUE
1776,31.390156062425,283.69428915615,0.247604347788536,-1.33959096675802,0.200164194618349,1.22160332238523,TRUE,FALSE,TRUE
1777,31.421968787515,346.173353134499,0.273762575493584,-1.71703561822814,0.199961541228317,1.22135578541362,TRUE,FALSE,TRUE
1778,31.3583433373349,282.854525489606,0.24719748265736,-1.02885380648991,0.200367259188048,1.22185141192648,TRUE,FALSE,TRUE
1779,31.3583433373349,344.150188199357,0.272982416150486,-1.050108648556,0.200367259188048,1.22185141192648,TRUE,FALSE,TRUE
1780,31.2629051620648,272.61795772743,0.242735288867586,-0.0441779399562083,0.200978932527479,1.22259901448086,TRUE,FALSE,TRUE
1781,31.2947178871549,313.12196022524,0.259765979246264,-0.502263848772218,0.200774626882275,1.22234925611478,TRUE,FALSE,TRUE
1782,31.1992797118848,304.904920130129,0.256495757809556,0.485415209558757,0.201388793754304,1.22310021311678,TRUE,FALSE,TRUE
1783,31.2629051620648,365.211060712258,0.281221181678314,-0.0959091060510235,0.200978932527479,1.22259901448086,TRUE,FALSE,TRUE
1784,31.2629051620648,316.14767263129,0.261635874518782,-0.0827433975719419,0.200978932527479,1.22259901448086,TRUE,FALSE,TRUE
1785,31.3265306122449,337.662230972364,0.270408984507707,-0.705810946696765,0.200570736190098,1.22210005588453,TRUE,FALSE,TRUE
1786,31.453781512605,287.190040450002,0.249208346369017,-1.96804263269946,0.199759297770337,1.22110879917268,TRUE,FALSE,TRUE
1787,31.421968787515,281.371823674213,0.246449274431094,-1.7425074268016,0.199961541228317,1.22135578541362,TRUE,FALSE,TRUE
1788,31.3583433373349,376.387839768954,0.28568258060447,-1.03277745983785,0.200367259188048,1.22185141192648,TRUE,FALSE,TRUE
1789,31.5174069627851,332.676416811406,0.26803199050845,-2.74710611723329,0.199356035685252,1.22061647156741,TRUE,FALSE,TRUE
1790,31.390156062425,369.250778927014,0.282943108479303,-1.31242052712697,0.200164194618349,1.22160332238523,TRUE,FALSE,TRUE
1791,31.2629051620648,304.05489709004,0.256213561447764,-0.153474662038018,0.200978932527479,1.22259901448086,TRUE,FALSE,TRUE
1792,31.2947178871549,319.574262298491,0.262811789822273,-0.412326892110219,0.200774626882275,1.22234925611478,TRUE,FALSE,TRUE
1793,31.1674669867947,240.778978577623,0.227873692315746,0.857305916266385,0.201594351887553,1.22335165715567,TRUE,FALSE,TRUE
1794,31.3265306122449,403.215088041443,0.295993572396711,-0.684670146298469,0.200570736190098,1.22210005588453,TRUE,FALSE,TRUE
1795,31.3265306122449,261.464952426839,0.237645335328203,-0.687658151893142,0.200570736190098,1.22210005588453,TRUE,FALSE,TRUE
1796,31.390156062425,397.367511860058,0.293594601221798,-1.36566208211925,0.200164194618349,1.22160332238523,TRUE,FALSE,TRUE
1797,31.421968787515,263.067420666489,0.238364456391609,-1.66649992671408,0.199961541228317,1.22135578541362,TRUE,FALSE,TRUE
1798,31.390156062425,292.240522255125,0.251414211907468,-1.33126905914445,0.200164194618349,1.22160332238523,TRUE,FALSE,TRUE
1799,31.2947178871549,317.374353826683,0.262172663740291,-0.365744925436583,0.200774626882275,1.22234925611478,TRUE,FALSE,TRUE
1800,31.4855942376951,266.417930354225,0.240070004470375,-2.19826628628536,0.199557463001834,1.22086236183153,TRUE,FALSE,TRUE
1801,31.3583433373349,348.759101754067,0.274828860390655,-1.03431500174535,0.200367259188048,1.22185141192648,TRUE,FALSE,TRUE
1802,31.421968787515,382.706111766126,0.288081027113814,-1.62468126915476,0.199961541228317,1.22135578541362,TRUE,FALSE,TRUE
1803,31.2629051620648,319.710474960008,0.263039385404723,-0.0954668975138659,0.200978932527479,1.22259901448086,TRUE,FALSE,TRUE
1804,31.2310924369748,317.662097610828,0.262019072033327,0.212644618235804,0.20118365439375,1.22284933285476,TRUE,FALSE,TRUE
1805,31.390156062425,322.415368623827,0.264341597774515,-1.28652652035921,0.200164194618349,1.22160332238523,TRUE,FALSE,TRUE
1806,31.2947178871549,257.660631198833,0.235780614413546,-0.411629304898011,0.200774626882275,1.22234925611478,TRUE,FALSE,TRUE
1807,31.2629051620648,291.021767980902,0.250664156818487,-0.103803016138438,0.200978932527479,1.22259901448086,TRUE,FALSE,TRUE
1808,31.2947178871549,336.764978244784,0.269565406947231,-0.493768696471137,0.200774626882275,1.22234925611478,TRUE,FALSE,TRUE
1809,31.2629051620648,348.726550931452,0.27470780334851,-0.0996043744837266,0.200978932527479,1.22259901448086,TRUE,FALSE,TRUE
1810,31.2629051620648,357.235815056502,0.278228968665312,-0.0860880419954563,0.200978932527479,1.22259901448086,TRUE,FALSE,TRUE
1811,31.2629051620648,286.768072394107,0.248915992009852,-0.118093875976307,0.200978932527479,1.22259901448086,TRUE,FALSE,TRUE
1812,31.2947178871549,274.084137013524,0.243261428208138,-0.413121999924554,0.200774626882275,1.22234925611478,TRUE,FALSE,TRUE
1813,31.3583433373349,295.732801011792,0.252910860808379,-1.01708095958353,0.200367259188048,1.22185141192648,TRUE,FALSE,TRUE
1814,31.2629051620648,357.965797402939,0.278301853395627,-0.148447288617696,0.200978932527479,1.22259901448086,TRUE,FALSE,TRUE
1815,31.3265306122449,380.756017852624,0.287482873405364,-0.688908823526653,0.200570736190098,1.22210005588453,TRUE,FALSE,TRUE
1816,31.421968787515,321.422387892868,0.263638231137191,-1.67832953349708,0.199961541228317,1.22135578541362,TRUE,FALSE,TRUE
1817,31.2629051620648,375.165355176816,0.285324271236512,-0.056848517269752,0.200978932527479,1.22259901448086,TRUE,FALSE,TRUE
1818,31.390156062425,351.894597874601,0.27595993099662,-1.37191108459401,0.200164194618349,1.22160332238523,TRUE,FALSE,TRUE
1819,31.2947178871549,320.594109338565,0.26303696828338,-0.504616785260655,0.200774626882275,1.22234925611478,TRUE,FALSE,TRUE
1820,31.4855942376951,380.063645812345,0.287254328127521,-2.28198466378494,0.199557463001834,1.22086236183153,TRUE,FALSE,TRUE
1821,31.390156062425,306.611906442789,0.257459399473811,-1.3840181398761,0.200164194618349,1.22160332238523,TRUE,FALSE,TRUE
1822,31.3583433373349,316.833088166625,0.262049263164732,-1.00609462501801,0.200367259188048,1.22185141192648,TRUE,FALSE,TRUE
1823,31.2629051620648,302.498773700926,0.255706250629904,-0.0733032787411137,0.200978932527479,1.22259901448086,TRUE,FALSE,TRUE
1824,31.2310924369748,306.092500731009,0.257296678508826,0.243118837538179,0.20118365439375,1.22284933285476,TRUE,FALSE,TRUE
1825,31.3583433373349,333.541717782989,0.268659899346328,-1.07428817936136,0.200367259188048,1.22185141192648,TRUE,FALSE,TRUE
1826,31.2629051620648,299.241832999264,0.253987795256035,-0.154523464040257,0.200978932527479,1.22259901448086,TRUE,FALSE,TRUE
1827,31.390156062425,338.527697319862,0.270411044654663,-1.44101066586923,0.200164194618349,1.22160332238523,TRUE,FALSE,TRUE
1828,31.3583433373349,308.085829285654,0.258177756666216,-1.02154574620346,0.200367259188048,1.22185141192648,TRUE,FALSE,TRUE
1829,31.2947178871549,281.0248800631,0.246318160079858,-0.434686248423979,0.200774626882275,1.22234925611478,TRUE,FALSE,TRUE
1830,31.3265306122449,325.461723495982,0.265505204741958,-0.667041804752304,0.200570736190098,1.22210005588453,TRUE,FALSE,TRUE
1831,31.1992797118848,396.673577353914,0.293388779642542,0.578294143123306,0.201388793754304,1.22310021311678,TRUE,FALSE,TRUE
1832,31.390156062425,310.048843001627,0.259059466347275,-1.2839860102023,0.200164194618349,1.22160332238523,TRUE,FALSE,TRUE
1833,31.453781512605,391.220396014936,0.291169085427274,-2.02124806438238,0.199759297770337,1.22110879917268,TRUE,FALSE,TRUE
1834,31.421968787515,329.427256882506,0.266728080242109,-1.76944732811451,0.199961541228317,1.22135578541362,TRUE,FALSE,TRUE
1835,31.1992797118848,274.086253769301,0.243469264919149,0.581453773678668,0.201388793754304,1.22310021311678,TRUE,FALSE,TRUE
1836,31.4855942376951,380.245560642885,0.286996978789801,-2.33133046983531,0.199557463001834,1.22086236183153,TRUE,FALSE,TRUE
1837,31.1356542617047,320.603976193929,0.263098255503283,1.13727990288827,0.201800330077136,1.22360366686859,TRUE,FALSE,TRUE
1838,31.3583433373349,367.44117939444,0.28230647508236,-1.01787219939424,0.200367259188048,1.22185141192648,TRUE,FALSE,TRUE
1839,31.2629051620648,367.276702184532,0.281923237344666,-0.125427725364055,0.200978932527479,1.22259901448086,TRUE,FALSE,TRUE
1840,31.3265306122449,293.109580005124,0.252083662163964,-0.612232855154298,0.200570736190098,1.22210005588453,TRUE,FALSE,TRUE
1841,31.421968787515,311.67050053945,0.259557895296969,-1.69100592831392,0.199961541228317,1.22135578541362,TRUE,FALSE,TRUE
1842,31.1674669867947,283.928640575365,0.247606271388624,0.868331485781723,0.201594351887553,1.22335165715567,TRUE,FALSE,TRUE
1843,31.3265306122449,309.761760786265,0.259000610429425,-0.704726206452172,0.200570736190098,1.22210005588453,TRUE,FALSE,TRUE
1844,31.3265306122449,275.180265494551,0.243638184687859,-0.753600589014275,0.200570736190098,1.22210005588453,TRUE,FALSE,TRUE
1845,31.1992797118848,327.871781704705,0.265874772083676,0.447069515793119,0.201388793754304,1.22310021311678,TRUE,FALSE,TRUE
1846,31.3583433373349,362.045451036873,0.279748484895202,-1.11482744623852,0.200367259188048,1.22185141192648,TRUE,FALSE,TRUE
1847,31.5492196878751,350.238058937281,0.275525424416365,-2.92960945815011,0.199155014588025,1.22037112656558,TRUE,FALSE,TRUE
1848,31.2947178871549,355.446165357813,0.277688294404212,-0.373619732651168,0.200774626882275,1.22234925611478,TRUE,FALSE,TRUE
1849,31.390156062425,335.40257852268,0.269761143123415,-1.30553179938661,0.200164194618349,1.22160332238523,TRUE,FALSE,TRUE
1850,31.421968787515,322.226159341503,0.2644219060982,-1.54601068039216,0.199961541228317,1.22135578541362,TRUE,FALSE,TRUE
1851,31.2947178871549,329.662760176711,0.267202847224834,-0.366591886272212,0.200774626882275,1.22234925611478,TRUE,FALSE,TRUE
1852,31.2629051620648,316.839967616486,0.261650493921375,-0.155809294569711,0.200978932527479,1.22259901448086,TRUE,FALSE,TRUE
1853,31.390156062425,405.496147313334,0.29669728488517,-1.30298117094365,0.200164194618349,1.22160332238523,TRUE,FALSE,TRUE
1854,31.421968787515,284.354087565292,0.248126649969148,-1.62397729862824,0.199961541228317,1.22135578541362,TRUE,FALSE,TRUE
1855,31.3583433373349,305.354077598223,0.256789069623333,-1.08525869353449,0.200367259188048,1.22185141192648,TRUE,FALSE,TRUE
1856,31.1674669867947,263.312792023339,0.238198662439354,0.846263279829321,0.201594351887553,1.22335165715567,TRUE,FALSE,TRUE
1857,31.453781512605,298.522778414337,0.254302184495112,-1.85847506716425,0.199759297770337,1.22110879917268,TRUE,FALSE,TRUE
1858,31.453781512605,298.511656376112,0.253931285350905,-1.97109894286776,0.199759297770337,1.22110879917268,TRUE,FALSE,TRUE
1859,31.3265306122449,369.980489946062,0.283222361126786,-0.694762989987905,0.200570736190098,1.22210005588453,TRUE,FALSE,TRUE
1860,31.2629051620648,261.829581846224,0.237555007610325,-0.135926180843621,0.200978932527479,1.22259901448086,TRUE,FALSE,TRUE
1861,31.2310924369748,311.829629936628,0.259433048122035,0.173272488579024,0.20118365439375,1.22284933285476,TRUE,FALSE,TRUE
1862,31.2310924369748,273.001655429592,0.242416491299873,0.113504065235647,0.20118365439375,1.22284933285476,TRUE,FALSE,TRUE
1863,31.390156062425,341.373864695793,0.271799445508596,-1.35792193557696,0.200164194618349,1.22160332238523,TRUE,FALSE,TRUE
1864,31.2629051620648,270.689002549025,0.241760656039963,-0.0721639751873038,0.200978932527479,1.22259901448086,TRUE,FALSE,TRUE
1865,31.390156062425,298.545292548548,0.254120776107459,-1.32378932698944,0.200164194618349,1.22160332238523,TRUE,FALSE,TRUE
1866,31.2629051620648,367.005751045703,0.281880381614401,-0.116028694062373,0.200978932527479,1.22259901448086,TRUE,FALSE,TRUE
1867,31.3265306122449,289.008419931837,0.249905199405434,-0.74448322324762,0.200570736190098,1.22210005588453,TRUE,FALSE,TRUE
1868,31.453781512605,339.777983903681,0.271085238440278,-2.01567065809761,0.199759297770337,1.22110879917268,TRUE,FALSE,TRUE
1869,31.2947178871549,389.22970394065,0.290927277866304,-0.314554659430583,0.200774626882275,1.22234925611478,TRUE,FALSE,TRUE
1870,31.3265306122449,275.329125833846,0.243879421447857,-0.686497582027977,0.200570736190098,1.22210005588453,TRUE,FALSE,TRUE
1871,31.1674669867947,309.370628734337,0.258511716802423,0.806406381849859,0.201594351887553,1.22335165715567,TRUE,FALSE,TRUE
1872,31.2947178871549,320.129929164746,0.263378274402949,-0.337650439289107,0.200774626882275,1.22234925611478,TRUE,FALSE,TRUE
1873,31.1674669867947,363.617365832952,0.28041236643563,0.817493812127895,0.201594351887553,1.22335165715567,TRUE,FALSE,TRUE
1874,31.421968787515,348.741834448143,0.274876984536491,-1.65650808663434,0.199961541228317,1.22135578541362,TRUE,FALSE,TRUE
1875,31.2947178871549,316.784333894522,0.261714937562316,-0.428826925007072,0.200774626882275,1.22234925611478,TRUE,FALSE,TRUE
1876,31.3583433373349,355.513261304228,0.277205976876145,-1.08257380428916,0.200367259188048,1.22185141192648,TRUE,FALSE,TRUE
1877,31.3583433373349,350.272101794829,0.275744011631105,-0.977300618924752,0.200367259188048,1.22185141192648,TRUE,FALSE,TRUE
1878,31.3583433373349,327.126375249019,0.266271096034851,-0.943514548867424,0.200367259188048,1.22185141192648,TRUE,FALSE,TRUE
1879,31.3265306122449,323.719478052335,0.26437930341482,-0.766905524185779,0.200570736190098,1.22210005588453,TRUE,FALSE,TRUE
1880,31.2629051620648,320.828767834807,0.26333430041689,-0.108176941030791,0.200978932527479,1.22259901448086,TRUE,FALSE,TRUE
1881,31.5174069627851,294.997066397984,0.252509365577629,-2.62770906000765,0.199356035685252,1.22061647156741,TRUE,FALSE,TRUE
1882,31.2310924369748,339.238638957169,0.271291510893149,0.280300557683566,0.20118365439375,1.22284933285476,TRUE,FALSE,TRUE
1883,31.421968787515,333.72666744013,0.268641646759487,-1.69786820727411,0.199961541228317,1.22135578541362,TRUE,FALSE,TRUE
1884,31.2947178871549,352.558357854781,0.276070382469999,-0.472467629877044,0.200774626882275,1.22234925611478,TRUE,FALSE,TRUE
1885,31.1356542617047,382.827860871244,0.287644173857236,1.11574624737323,0.201800330077136,1.22360366686859,TRUE,FALSE,TRUE
1886,31.3583433373349,275.447646948096,0.24404241556829,-1.00035550661336,0.200367259188048,1.22185141192648,TRUE,FALSE,TRUE
1887,31.3583433373349,355.783489454306,0.27743475923471,-1.09685699328424,0.200367259188048,1.22185141192648,TRUE,FALSE,TRUE
1888,31.421968787515,298.406806827254,0.254021573333126,-1.67182726539444,0.199961541228317,1.22135578541362,TRUE,FALSE,TRUE
1889,31.3265306122449,298.168943105136,0.253965778785307,-0.686652455571379,0.200570736190098,1.22210005588453,TRUE,FALSE,TRUE
1890,31.3265306122449,319.319679850413,0.262727608436537,-0.743359349367559,0.200570736190098,1.22210005588453,TRUE,FALSE,TRUE
1891,31.3583433373349,300.87500838326,0.254595951864055,-1.1621872729035,0.200367259188048,1.22185141192648,TRUE,FALSE,TRUE
1892,31.390156062425,305.89201251818,0.257033532920236,-1.35330357110466,0.200164194618349,1.22160332238523,TRUE,FALSE,TRUE
1893,31.2310924369748,303.4918364279,0.256541962591778,0.328300272482422,0.20118365439375,1.22284933285476,TRUE,FALSE,TRUE
1894,31.2629051620648,327.727736101094,0.266760923091619,0.00793892764749328,0.200978932527479,1.22259901448086,TRUE,FALSE,TRUE
1895,31.3583433373349,343.538543903271,0.272387822836109,-1.12420215910251,0.200367259188048,1.22185141192648,TRUE,FALSE,TRUE
1896,31.453781512605,318.166009126607,0.26244694105486,-1.99502656482725,0.199759297770337,1.22110879917268,TRUE,FALSE,TRUE
1897,31.2947178871549,276.352678416738,0.244452640626117,-0.383703140574025,0.200774626882275,1.22234925611478,TRUE,FALSE,TRUE
1898,31.421968787515,292.16390499411,0.251565590799737,-1.5915153389487,0.199961541228317,1.22135578541362,TRUE,FALSE,TRUE
1899,31.390156062425,380.440525758017,0.287189221629826,-1.3547990626757,0.200164194618349,1.22160332238523,TRUE,FALSE,TRUE
1900,31.2947178871549,341.018115324798,0.271774744941531,-0.381244666799203,0.200774626882275,1.22234925611478,TRUE,FALSE,TRUE
1901,31.2310924369748,320.21404077245,0.263116784838051,0.184467415541331,0.20118365439375,1.22284933285476,TRUE,FALSE,TRUE
1902,31.5492196878751,291.645224851859,0.251063419561001,-2.85774475575227,0.199155014588025,1.22037112656558,TRUE,FALSE,TRUE
1903,31.2947178871549,287.45592895701,0.248932106577273,-0.474137753373146,0.200774626882275,1.22234925611478,TRUE,FALSE,TRUE
1904,31.3583433373349,380.783325030671,0.287294621622449,-1.02937667319568,0.200367259188048,1.22185141192648,TRUE,FALSE,TRUE
1905,31.2629051620648,245.939434459574,0.230297439946869,-0.117380720787517,0.200978932527479,1.22259901448086,TRUE,FALSE,TRUE
1906,31.3583433373349,297.184478584079,0.253451669579685,-1.05252378337089,0.200367259188048,1.22185141192648,TRUE,FALSE,TRUE
1907,31.3265306122449,355.006116031001,0.277398139381361,-0.739596394648188,0.200570736190098,1.22210005588453,TRUE,FALSE,TRUE
1908,31.2947178871549,296.851299936254,0.253479801011206,-0.380852783917146,0.200774626882275,1.22234925611478,TRUE,FALSE,TRUE
1909,31.3265306122449,331.371429784539,0.267606883058966,-0.796122947851451,0.200570736190098,1.22210005588453,TRUE,FALSE,TRUE
1910,31.2947178871549,330.621223808778,0.267713207533932,-0.382496299238971,0.200774626882275,1.22234925611478,TRUE,FALSE,TRUE
1911,31.3583433373349,335.303084169617,0.269591114497281,-0.981544518469498,0.200367259188048,1.22185141192648,TRUE,FALSE,TRUE
1912,31.3583433373349,239.246357633225,0.226980536880862,-1.08229392147479,0.200367259188048,1.22185141192648,TRUE,FALSE,TRUE
1913,31.3583433373349,364.073224477723,0.28072319676944,-1.07897949276453,0.200367259188048,1.22185141192648,TRUE,FALSE,TRUE
1914,31.3583433373349,359.770886664802,0.279110409472882,-1.06253080759279,0.200367259188048,1.22185141192648,TRUE,FALSE,TRUE
1915,31.2947178871549,336.563082947589,0.270012497784411,-0.355580733317219,0.200774626882275,1.22234925611478,TRUE,FALSE,TRUE
1916,31.3583433373349,294.495888252694,0.251959653827415,-1.10246927716187,0.200367259188048,1.22185141192648,TRUE,FALSE,TRUE
1917,31.3265306122449,362.37969159998,0.280350692876482,-0.646762287208297,0.200570736190098,1.22210005588453,TRUE,FALSE,TRUE
1918,31.453781512605,305.959446550704,0.256900618132362,-2.03291462965155,0.199759297770337,1.22110879917268,TRUE,FALSE,TRUE
1919,31.421968787515,384.973248517759,0.288808957120605,-1.68467966142466,0.199961541228317,1.22135578541362,TRUE,FALSE,TRUE
1920,31.2947178871549,360.162749398394,0.279824380665774,-0.310703793921397,0.200774626882275,1.22234925611478,TRUE,FALSE,TRUE
1921,31.390156062425,317.154401664341,0.262271795804383,-1.23607208987452,0.200164194618349,1.22160332238523,TRUE,FALSE,TRUE
1922,31.390156062425,324.609062205815,0.265096779410813,-1.32188972804073,0.200164194618349,1.22160332238523,TRUE,FALSE,TRUE
1923,31.390156062425,257.664043863469,0.235854143573979,-1.33589543007969,0.200164194618349,1.22160332238523,TRUE,FALSE,TRUE
1924,31.2310924369748,317.477061987001,0.261762206470423,0.149615748413872,0.20118365439375,1.22284933285476,TRUE,FALSE,TRUE
1925,31.3265306122449,340.637427475731,0.271633535840911,-0.677382648622355,0.200570736190098,1.22210005588453,TRUE,FALSE,TRUE
1926,31.3265306122449,285.831650506016,0.248392899182562,-0.770909153055589,0.200570736190098,1.22210005588453,TRUE,FALSE,TRUE
1927,31.1992797118848,342.243331723991,0.271646558809884,0.433258456859307,0.201388793754304,1.22310021311678,TRUE,FALSE,TRUE
1928,31.2629051620648,304.082616712237,0.256439883410277,-0.0544261114986482,0.200978932527479,1.22259901448086,TRUE,FALSE,TRUE
1929,31.3583433373349,277.334216606531,0.244588981510114,-1.08052783864271,0.200367259188048,1.22185141192648,TRUE,FALSE,TRUE
1930,31.2629051620648,304.349080093657,0.256186852928232,-0.184935531527436,0.200978932527479,1.22259901448086,TRUE,FALSE,TRUE
1931,31.390156062425,313.825981923924,0.260680200549532,-1.31412174266379,0.200164194618349,1.22160332238523,TRUE,FALSE,TRUE
1932,31.2947178871549,346.31763926745,0.27349361763102,-0.483911573684861,0.200774626882275,1.22234925611478,TRUE,FALSE,TRUE
1933,31.3265306122449,267.361897418604,0.240349029496724,-0.705753555212474,0.200570736190098,1.22210005588453,TRUE,FALSE,TRUE
1934,31.3265306122449,283.712739902719,0.24754911457681,-0.73365113924874,0.200570736190098,1.22210005588453,TRUE,FALSE,TRUE
1935,31.2310924369748,374.287924432396,0.284916962801739,0.222699522058345,0.20118365439375,1.22284933285476,TRUE,FALSE,TRUE
1936,31.421968787515,352.208203994777,0.276150247145457,-1.67681265360795,0.199961541228317,1.22135578541362,TRUE,FALSE,TRUE
1937,31.3583433373349,378.783152486368,0.286638284781843,-1.00176282256572,0.200367259188048,1.22185141192648,TRUE,FALSE,TRUE
1938,31.421968787515,314.038000945508,0.26054864192624,-1.68648668172162,0.199961541228317,1.22135578541362,TRUE,FALSE,TRUE
1939,31.3265306122449,328.220243601984,0.265861902923865,-0.865453976601835,0.200570736190098,1.22210005588453,TRUE,FALSE,TRUE
1940,31.421968787515,350.367728796154,0.275558158186922,-1.65763415028031,0.199961541228317,1.22135578541362,TRUE,FALSE,TRUE
1941,31.3583433373349,254.334385957426,0.234270438489779,-1.04080710984016,0.200367259188048,1.22185141192648,TRUE,FALSE,TRUE
1942,31.3265306122449,317.197328334467,0.261650140141339,-0.8112409432113,0.200570736190098,1.22210005588453,TRUE,FALSE,TRUE
1943,31.421968787515,272.260215382578,0.242435602275916,-1.68808358537627,0.199961541228317,1.22135578541362,TRUE,FALSE,TRUE
1944,31.3265306122449,261.799046813862,0.237770675621465,-0.696742414312081,0.200570736190098,1.22210005588453,TRUE,FALSE,TRUE
1945,31.2310924369748,300.801804366033,0.255076647222144,0.263546561447802,0.20118365439375,1.22284933285476,TRUE,FALSE,TRUE
1946,31.2310924369748,281.366660437167,0.246461505630954,0.233807048269732,0.20118365439375,1.22284933285476,TRUE,FALSE,TRUE
1947,31.390156062425,316.910892677645,0.262135934317556,-1.28285698418546,0.200164194618349,1.22160332238523,TRUE,FALSE,TRUE
1948,31.3583433373349,279.189532563138,0.245454345800068,-1.08703265113807,0.200367259188048,1.22185141192648,TRUE,FALSE,TRUE
1949,31.3265306122449,320.83881295208,0.263339504676097,-0.7628912410315,0.200570736190098,1.22210005588453,TRUE,FALSE,TRUE
1950,31.2947178871549,320.357497319955,0.263401415218204,-0.356099940308204,0.200774626882275,1.22234925611478,TRUE,FALSE,TRUE
1951,31.2947178871549,370.589424207565,0.283869424791293,-0.352835886891986,0.200774626882275,1.22234925611478,TRUE,FALSE,TRUE
1952,31.3265306122449,315.636902583286,0.261101821915875,-0.784847878788883,0.200570736190098,1.22210005588453,TRUE,FALSE,TRUE
1953,31.3583433373349,288.620210371523,0.249944925950934,-0.982598382171553,0.200367259188048,1.22185141192648,TRUE,FALSE,TRUE
1954,31.1992797118848,348.367973139943,0.274611081151438,0.540650997857756,0.201388793754304,1.22310021311678,TRUE,FALSE,TRUE
1955,31.421968787515,380.598647644562,0.287035681263539,-1.74189292928954,0.199961541228317,1.22135578541362,TRUE,FALSE,TRUE
1956,31.3265306122449,374.833914484532,0.285050967724635,-0.740876144760127,0.200570736190098,1.22210005588453,TRUE,FALSE,TRUE
1957,31.2629051620648,333.119745156412,0.268771127300055,-0.0405186374583201,0.200978932527479,1.22259901448086,TRUE,FALSE,TRUE
1958,31.3265306122449,342.812674307309,0.272424115785587,-0.731123548943028,0.200570736190098,1.22210005588453,TRUE,FALSE,TRUE
1959,31.3265306122449,328.689427930773,0.266742068236997,-0.702461880659647,0.200570736190098,1.22210005588453,TRUE,FALSE,TRUE
1960,31.421968787515,248.076007686074,0.231243093977551,-1.69254192836621,0.199961541228317,1.22135578541362,TRUE,FALSE,TRUE
1961,31.4855942376951,285.957171910516,0.24869051146719,-2.24871918748317,0.199557463001834,1.22086236183153,TRUE,FALSE,TRUE
1962,31.2947178871549,301.136886915685,0.254983237463294,-0.423876975777013,0.200774626882275,1.22234925611478,TRUE,FALSE,TRUE
1963,31.1356542617047,317.268011478469,0.262038866386007,1.20222650154646,0.201800330077136,1.22360366686859,TRUE,FALSE,TRUE
1964,31.1992797118848,360.37719472897,0.279140904905948,0.50140566488711,0.201388793754304,1.22310021311678,TRUE,FALSE,TRUE
1965,31.390156062425,350.438371981807,0.275512574856859,-1.36824842730585,0.200164194618349,1.22160332238523,TRUE,FALSE,TRUE
1966,31.453781512605,278.646622538387,0.245569782355011,-1.87137803278923,0.199759297770337,1.22110879917268,TRUE,FALSE,TRUE
1967,31.1992797118848,320.953262466802,0.263377047580801,0.525948170204735,0.201388793754304,1.22310021311678,TRUE,FALSE,TRUE
1968,31.453781512605,323.402015327063,0.264378311471261,-2.02230305022981,0.199759297770337,1.22110879917268,TRUE,FALSE,TRUE
1969,31.1992797118848,277.760136946754,0.245120076723022,0.582681140386923,0.201388793754304,1.22310021311678,TRUE,FALSE,TRUE
1970,31.3583433373349,321.878839585721,0.264155729538792,-0.962919906052761,0.200367259188048,1.22185141192648,TRUE,FALSE,TRUE
1971,31.421968787515,294.550963989292,0.252245907369019,-1.67149218161994,0.199961541228317,1.22135578541362,TRUE,FALSE,TRUE
1972,31.3583433373349,341.617014170568,0.271834168793327,-1.07955554244724,0.200367259188048,1.22185141192648,TRUE,FALSE,TRUE
1973,31.2310924369748,335.716801899019,0.269277284544106,0.17798093061852,0.20118365439375,1.22284933285476,TRUE,FALSE,TRUE
1974,31.421968787515,264.239705431337,0.239024572527886,-1.63986254098594,0.199961541228317,1.22135578541362,TRUE,FALSE,TRUE
1975,31.2310924369748,285.52457678213,0.248372023539837,0.230296896936971,0.20118365439375,1.22284933285476,TRUE,FALSE,TRUE
1976,31.1674669867947,309.155478509791,0.258210239973289,0.782810771422665,0.201594351887553,1.22335165715567,TRUE,FALSE,TRUE
1977,31.3583433373349,346.729941669492,0.274210684067567,-1.00620452656193,0.200367259188048,1.22185141192648,TRUE,FALSE,TRUE
1978,31.421968787515,358.388567030275,0.278580125501727,-1.69695306888289,0.199961541228317,1.22135578541362,TRUE,FALSE,TRUE
1979,31.2947178871549,331.628491115535,0.268297953081231,-0.318099355827201,0.200774626882275,1.22234925611478,TRUE,FALSE,TRUE
1980,31.2947178871549,360.594457637965,0.279586397661032,-0.379618383083612,0.200774626882275,1.22234925611478,TRUE,FALSE,TRUE
1981,31.421968787515,306.335341884401,0.25734165663363,-1.6636642920001,0.199961541228317,1.22135578541362,TRUE,FALSE,TRUE
1982,31.453781512605,241.785390404786,0.228322631284505,-2.01442681549133,0.199759297770337,1.22110879917268,TRUE,FALSE,TRUE
1983,31.390156062425,276.327960230292,0.244590573298176,-1.26847005693247,0.200164194618349,1.22160332238523,TRUE,FALSE,TRUE
1984,31.3583433373349,269.829659702163,0.24158222277423,-0.999604758315102,0.200367259188048,1.22185141192648,TRUE,FALSE,TRUE
1985,31.5492196878751,282.498975000335,0.246817923392677,-3.00015466964388,0.199155014588025,1.22037112656558,TRUE,FALSE,TRUE
1986,31.421968787515,346.47205588698,0.273675710199252,-1.71928473971412,0.199961541228317,1.22135578541362,TRUE,FALSE,TRUE
1987,31.3265306122449,304.834497274567,0.256623615762869,-0.772543800386079,0.200570736190098,1.22210005588453,TRUE,FALSE,TRUE
1988,31.1992797118848,294.174482159619,0.251634696050393,0.437910137934605,0.201388793754304,1.22310021311678,TRUE,FALSE,TRUE
1989,31.3265306122449,327.240737004976,0.266081354591739,-0.724301650785549,0.200570736190098,1.22210005588453,TRUE,FALSE,TRUE
1990,31.3265306122449,310.648841607086,0.259322426119734,-0.687302226568014,0.200570736190098,1.22210005588453,TRUE,FALSE,TRUE
1991,31.2310924369748,318.087778905913,0.262375139557772,0.257699088841467,0.20118365439375,1.22284933285476,TRUE,FALSE,TRUE
1992,31.3265306122449,276.03768834209,0.244253812225669,-0.700115840770296,0.200570736190098,1.22210005588453,TRUE,FALSE,TRUE
1993,31.390156062425,322.653163006599,0.264214804236943,-1.35025351636572,0.200164194618349,1.22160332238523,TRUE,FALSE,TRUE
1994,31.2310924369748,316.098941038191,0.261557411948233,0.256630976311694,0.20118365439375,1.22284933285476,TRUE,FALSE,TRUE
1995,31.3583433373349,353.240425044894,0.27639927207191,-1.09777839992909,0.200367259188048,1.22185141192648,TRUE,FALSE,TRUE
1996,31.3265306122449,368.533259522498,0.282602350750751,-0.739080981422877,0.200570736190098,1.22210005588453,TRUE,FALSE,TRUE
1997,31.3583433373349,341.940449032523,0.27205970836284,-1.06297020763089,0.200367259188048,1.22185141192648,TRUE,FALSE,TRUE
1998,31.390156062425,328.564347172586,0.266799806036862,-1.28899696498384,0.200164194618349,1.22160332238523,TRUE,FALSE,TRUE
1999,31.453781512605,329.713950557519,0.26706165171492,-2.00003867076495,0.199759297770337,1.22110879917268,TRUE,FALSE,TRUE
2000,31.421968787515,287.489144312105,0.24920699416203,-1.64799253596953,0.199961541228317,1.22135578541362,TRUE,FALSE,TRUE
2001,31.1992797118848,243.616276951299,0.22880377047912,0.450443891047981,0.201388793754304,1.22310021311678,TRUE,FALSE,TRUE
2002,31.2310924369748,311.435510394271,0.259594767144392,0.261365888442489,0.20118365439375,1.22284933285476,TRUE,FALSE,TRUE
2003,31.390156062425,242.273419649485,0.228924818771829,-1.2976997778298,0.200164194618349,1.22160332238523,TRUE,FALSE,TRUE
2004,31.453781512605,238.399067133822,0.226845234224369,-1.90938204774809,0.199759297770337,1.22110879917268,TRUE,FALSE,TRUE
2005,31.2310924369748,283.753779395381,0.247592155877419,0.215975228647273,0.20118365439375,1.22284933285476,TRUE,FALSE,TRUE
2006,31.2947178871549,334.317137550193,0.269002415747275,-0.440252221051633,0.200774626882275,1.22234925611478,TRUE,FALSE,TRUE
2007,31.3583433373349,360.381275586611,0.27925975238605,-1.09711320365305,0.200367259188048,1.22185141192648,TRUE,FALSE,TRUE
2008,31.390156062425,315.386994541481,0.261474654084455,-1.27654533142133,0.200164194618349,1.22160332238523,TRUE,FALSE,TRUE
2009,31.3583433373349,354.337766529285,0.277067940077272,-1.02985189442421,0.200367259188048,1.22185141192648,TRUE,FALSE,TRUE
2010,31.1038415366146,359.375615186624,0.278636191496674,1.45387712273474,0.202006729611941,1.22385624416124,TRUE,FALSE,TRUE
2011,31.3265306122449,279.547542026309,0.245740885532236,-0.71464679319502,0.200570736190098,1.22210005588453,TRUE,FALSE,TRUE
2012,31.2947178871549,369.841080464875,0.283291821828205,-0.346632078533088,0.200774626882275,1.22234925611478,TRUE,FALSE,TRUE
2013,31.2629051620648,289.943900347444,0.250233729056227,-0.0997646242904835,0.200978932527479,1.22259901448086,TRUE,FALSE,TRUE
2014,31.390156062425,326.637771155638,0.265898751073225,-1.34309284738838,0.200164194618349,1.22160332238523,TRUE,FALSE,TRUE
2015,31.2629051620648,346.445951648042,0.273850122191146,-0.10797680058715,0.200978932527479,1.22259901448086,TRUE,FALSE,TRUE
2016,31.421968787515,333.537414347707,0.268787630836801,-1.67254542869215,0.199961541228317,1.22135578541362,TRUE,FALSE,TRUE
2017,31.1038415366146,245.298926540156,0.229812529142603,1.48778146473251,0.202006729611941,1.22385624416124,TRUE,FALSE,TRUE
2018,31.453781512605,314.403335090786,0.260797468233007,-1.9393438948155,0.199759297770337,1.22110879917268,TRUE,FALSE,TRUE
2019,31.2947178871549,276.699291234827,0.244253747527702,-0.457336986036518,0.200774626882275,1.22234925611478,TRUE,FALSE,TRUE
2020,31.1992797118848,270.90924214855,0.241736503349505,0.528224860206668,0.201388793754304,1.22310021311678,TRUE,FALSE,TRUE
2021,31.2947178871549,290.781153658629,0.250509085478004,-0.426315643932355,0.200774626882275,1.22234925611478,TRUE,FALSE,TRUE
2022,31.421968787515,375.886051016994,0.285497360956521,-1.69341564958752,0.199961541228317,1.22135578541362,TRUE,FALSE,TRUE
2023,31.1674669867947,311.336606143332,0.259318079134872,0.84101972275826,0.201594351887553,1.22335165715567,TRUE,FALSE,TRUE
2024,31.4855942376951,297.412173353189,0.253282215448518,-2.3749101194225,0.199557463001834,1.22086236183153,TRUE,FALSE,TRUE
2025,31.2310924369748,274.774302518858,0.243781784855096,0.283113522451732,0.20118365439375,1.22284933285476,TRUE,FALSE,TRUE
2026,31.2629051620648,263.849037787214,0.238729821842955,-0.0481660566192314,0.200978932527479,1.22259901448086,TRUE,FALSE,TRUE
2027,31.3583433373349,312.586031968758,0.259613318012356,-1.11062804958298,0.200367259188048,1.22185141192648,TRUE,FALSE,TRUE
2028,31.2629051620648,245.107764462322,0.229795175561439,-0.100456473337813,0.200978932527479,1.22259901448086,TRUE,FALSE,TRUE
2029,31.2629051620648,338.973185454318,0.270859848164672,-0.108536781017765,0.200978932527479,1.22259901448086,TRUE,FALSE,TRUE
2030,31.2629051620648,303.650242597987,0.256281821542735,-0.0862196681052812,0.200978932527479,1.22259901448086,TRUE,FALSE,TRUE
2031,31.2947178871549,274.967457141477,0.244304829952463,-0.260068528129671,0.200774626882275,1.22234925611478,TRUE,FALSE,TRUE
2032,31.3265306122449,311.118859789921,0.259169323458389,-0.786345085212104,0.200570736190098,1.22210005588453,TRUE,FALSE,TRUE
2033,31.4855942376951,361.07682105829,0.279599042172037,-2.36329504813777,0.199557463001834,1.22086236183153,TRUE,FALSE,TRUE
2034,31.2947178871549,261.63236778231,0.237540625242787,-0.457318637425421,0.200774626882275,1.22234925611478,TRUE,FALSE,TRUE
2035,31.2947178871549,348.197140971783,0.274548524452829,-0.417173386855991,0.200774626882275,1.22234925611478,TRUE,FALSE,TRUE
2036,31.3583433373349,335.134560608233,0.269511908051447,-1.004568291928,0.200367259188048,1.22185141192648,TRUE,FALSE,TRUE
2037,31.3583433373349,346.304403136415,0.27373400402934,-1.04212160126851,0.200367259188048,1.22185141192648,TRUE,FALSE,TRUE
2038,31.1674669867947,324.387732095297,0.265012316332004,0.892828770569369,0.201594351887553,1.22335165715567,TRUE,FALSE,TRUE
2039,31.2310924369748,317.607980864708,0.262341356709626,0.28120414826047,0.20118365439375,1.22284933285476,TRUE,FALSE,TRUE
2040,31.2947178871549,288.514566463982,0.24973409408273,-0.390656194959394,0.200774626882275,1.22234925611478,TRUE,FALSE,TRUE
2041,31.3583433373349,361.225027449948,0.279689106373878,-1.04088337438695,0.200367259188048,1.22185141192648,TRUE,FALSE,TRUE
2042,31.5174069627851,309.090088141935,0.25861929734871,-2.52610138638472,0.199356035685252,1.22061647156741,TRUE,FALSE,TRUE
2043,31.2629051620648,289.618871210921,0.250252420674377,-0.0577962152884778,0.200978932527479,1.22259901448086,TRUE,FALSE,TRUE
2044,31.3265306122449,300.540074357783,0.254584204829023,-0.77958805295659,0.200570736190098,1.22210005588453,TRUE,FALSE,TRUE
2045,31.2947178871549,320.095564666294,0.262988552722198,-0.471777565729233,0.200774626882275,1.22234925611478,TRUE,FALSE,TRUE
2046,31.3265306122449,348.378141017493,0.27473574054851,-0.714639770436855,0.200570736190098,1.22210005588453,TRUE,FALSE,TRUE
2047,31.3265306122449,293.656284545361,0.251622237201353,-0.790318395790389,0.200570736190098,1.22210005588453,TRUE,FALSE,TRUE
2048,31.3265306122449,327.907595535983,0.266593861077129,-0.696796095423602,0.200570736190098,1.22210005588453,TRUE,FALSE,TRUE
2049,31.421968787515,300.227039803416,0.254553292518933,-1.72347371576909,0.199961541228317,1.22135578541362,TRUE,FALSE,TRUE
2050,31.390156062425,294.136207615877,0.252315838041266,-1.28148108746812,0.200164194618349,1.22160332238523,TRUE,FALSE,TRUE
2051,31.421968787515,280.767536109514,0.246202931291876,-1.67926236896224,0.199961541228317,1.22135578541362,TRUE,FALSE,TRUE
2052,31.2947178871549,387.377993483894,0.289991239068045,-0.378108410093143,0.200774626882275,1.22234925611478,TRUE,FALSE,TRUE
2053,31.3265306122449,325.493967273034,0.265365264262082,-0.730623321614875,0.200570736190098,1.22210005588453,TRUE,FALSE,TRUE
2054,31.1992797118848,327.320727418309,0.266272316862204,0.572778722467842,0.201388793754304,1.22310021311678,TRUE,FALSE,TRUE
2055,31.3265306122449,312.400115756265,0.259535102629469,-0.80726652628029,0.200570736190098,1.22210005588453,TRUE,FALSE,TRUE
2056,31.1992797118848,261.149541902312,0.237177159104979,0.489348014370762,0.201388793754304,1.22310021311678,TRUE,FALSE,TRUE
2057,31.3265306122449,358.870017146633,0.278873597698566,-0.695748171067506,0.200570736190098,1.22210005588453,TRUE,FALSE,TRUE
2058,31.2629051620648,287.557843828517,0.249185494085401,-0.0911562221709245,0.200978932527479,1.22259901448086,TRUE,FALSE,TRUE
2059,31.1992797118848,298.293912946108,0.253667998110853,0.482011795266225,0.201388793754304,1.22310021311678,TRUE,FALSE,TRUE
2060,31.390156062425,339.641820970315,0.271195030651597,-1.31651365143486,0.200164194618349,1.22160332238523,TRUE,FALSE,TRUE
2061,31.2310924369748,290.784065281364,0.250321744223378,0.155346449165901,0.20118365439375,1.22284933285476,TRUE,FALSE,TRUE
2062,31.2947178871549,306.319861921687,0.256969398525886,-0.512830083009761,0.200774626882275,1.22234925611478,TRUE,FALSE,TRUE
2063,31.1674669867947,358.752738312826,0.278955579500501,0.939895130866238,0.201594351887553,1.22335165715567,TRUE,FALSE,TRUE
2064,31.2947178871549,336.2670130141,0.269720057990268,-0.41431989549502,0.200774626882275,1.22234925611478,TRUE,FALSE,TRUE
2065,31.2310924369748,363.884240719332,0.280945547814231,0.257107687928644,0.20118365439375,1.22284933285476,TRUE,FALSE,TRUE
2066,31.3265306122449,291.120165332861,0.250772861062789,-0.726050529499923,0.200570736190098,1.22210005588453,TRUE,FALSE,TRUE
2067,31.2629051620648,320.666594108401,0.263232110150177,-0.120848509513486,0.200978932527479,1.22259901448086,TRUE,FALSE,TRUE
2068,31.1992797118848,314.619911750225,0.260459636500868,0.476008736274462,0.201388793754304,1.22310021311678,TRUE,FALSE,TRUE
2069,31.4855942376951,263.891093698321,0.23873428696291,-2.31449329097098,0.199557463001834,1.22086236183153,TRUE,FALSE,TRUE
2070,31.2310924369748,277.907843468035,0.245324270546904,0.318772145815736,0.20118365439375,1.22284933285476,TRUE,FALSE,TRUE
2071,31.3265306122449,242.823525991545,0.228944833866053,-0.690090276598285,0.200570736190098,1.22210005588453,TRUE,FALSE,TRUE
2072,31.453781512605,300.628137994836,0.254851166630259,-1.95044076679185,0.199759297770337,1.22110879917268,TRUE,FALSE,TRUE
2073,31.1992797118848,296.667795359145,0.25334253654526,0.564177748201955,0.201388793754304,1.22310021311678,TRUE,FALSE,TRUE
2074,31.390156062425,322.900383519947,0.264227671744891,-1.36904777001726,0.200164194618349,1.22160332238523,TRUE,FALSE,TRUE
2075,31.3265306122449,319.06458748672,0.262639477583746,-0.721703535473826,0.200570736190098,1.22210005588453,TRUE,FALSE,TRUE
2076,31.2629051620648,380.699392485341,0.287037535923968,-0.130343063372392,0.200978932527479,1.22259901448086,TRUE,FALSE,TRUE
2077,31.421968787515,336.242806259207,0.269735218693508,-1.69978924959937,0.199961541228317,1.22135578541362,TRUE,FALSE,TRUE
2078,31.390156062425,297.865647551361,0.253823119248545,-1.31715427524092,0.200164194618349,1.22160332238523,TRUE,FALSE,TRUE
2079,31.3583433373349,282.146584606232,0.247019599487513,-1.0328828529862,0.200367259188048,1.22185141192648,TRUE,FALSE,TRUE
2080,31.390156062425,323.072396630333,0.264324376976733,-1.38293567022116,0.200164194618349,1.22160332238523,TRUE,FALSE,TRUE
2081,31.2947178871549,313.55454819499,0.260480895698451,-0.371096887218444,0.200774626882275,1.22234925611478,TRUE,FALSE,TRUE
2082,31.2310924369748,292.833272815595,0.251959392068469,0.360738980313244,0.20118365439375,1.22284933285476,TRUE,FALSE,TRUE
2083,31.390156062425,312.457566484747,0.259865585580365,-1.41745765758285,0.200164194618349,1.22160332238523,TRUE,FALSE,TRUE
2084,31.3265306122449,301.09375142605,0.25519415804749,-0.708931479040999,0.200570736190098,1.22210005588453,TRUE,FALSE,TRUE
2085,31.421968787515,365.972445182172,0.281439447777874,-1.7299447297983,0.199961541228317,1.22135578541362,TRUE,FALSE,TRUE
2086,31.390156062425,285.618847786658,0.248496041836571,-1.31521393013848,0.200164194618349,1.22160332238523,TRUE,FALSE,TRUE
2087,31.1356542617047,296.789339947689,0.253079140700138,1.17368541538033,0.201800330077136,1.22360366686859,TRUE,FALSE,TRUE
2088,31.3265306122449,323.087530303419,0.264646699388306,-0.693891196727344,0.200570736190098,1.22210005588453,TRUE,FALSE,TRUE
2089,31.2947178871549,308.010237010902,0.257726359930612,-0.483758734536087,0.200774626882275,1.22234925611478,TRUE,FALSE,TRUE
2090,31.3583433373349,387.90555172759,0.290234853900632,-0.994798985327474,0.200367259188048,1.22185141192648,TRUE,FALSE,TRUE
2091,31.2947178871549,371.113351904237,0.283721016752806,-0.379636953490447,0.200774626882275,1.22234925611478,TRUE,FALSE,TRUE
2092,31.1674669867947,342.388245710046,0.271980589478156,0.801684431434571,0.201594351887553,1.22335165715567,TRUE,FALSE,TRUE
2093,31.3265306122449,312.938817139175,0.260457445102213,-0.633931777748661,0.200570736190098,1.22210005588453,TRUE,FALSE,TRUE
2094,31.421968787515,306.90077575015,0.257775384038375,-1.59225572525996,0.199961541228317,1.22135578541362,TRUE,FALSE,TRUE
2095,31.3265306122449,339.002780938754,0.270918881155196,-0.729656774301062,0.200570736190098,1.22210005588453,TRUE,FALSE,TRUE
2096,31.2629051620648,315.432379139305,0.261024580178434,-0.112435501771323,0.200978932527479,1.22259901448086,TRUE,FALSE,TRUE
2097,31.2629051620648,311.310701416218,0.258956468234823,-0.184707661234265,0.200978932527479,1.22259901448086,TRUE,FALSE,TRUE
2098,31.2947178871549,268.522135580981,0.240670669146677,-0.421404016985248,0.200774626882275,1.22234925611478,TRUE,FALSE,TRUE
2099,31.5174069627851,297.203626148516,0.25337811544014,-2.59897384784064,0.199356035685252,1.22061647156741,TRUE,FALSE,TRUE
2100,31.3583433373349,331.135979781834,0.267715010340141,-1.0352347677022,0.200367259188048,1.22185141192648,TRUE,FALSE,TRUE
2101,31.2629051620648,334.777406445713,0.269525384599187,-0.0145063813173178,0.200978932527479,1.22259901448086,TRUE,FALSE,TRUE
2102,31.3265306122449,366.258262048209,0.28123142003796,-0.814809233875388,0.200570736190098,1.22210005588453,TRUE,FALSE,TRUE
2103,31.3265306122449,413.563357430721,0.299659105001197,-0.716677601669409,0.200570736190098,1.22210005588453,TRUE,FALSE,TRUE
2104,31.1674669867947,332.075519145755,0.267777606021222,0.830154811608995,0.201594351887553,1.22335165715567,TRUE,FALSE,TRUE
2105,31.2947178871549,289.748174630084,0.250142243297298,-0.394750085586941,0.200774626882275,1.22234925611478,TRUE,FALSE,TRUE
2106,31.2629051620648,350.522917027193,0.275205421878909,-0.147687260692883,0.200978932527479,1.22259901448086,TRUE,FALSE,TRUE
2107,31.2629051620648,340.949513056882,0.271320207609847,-0.161516733464115,0.200978932527479,1.22259901448086,TRUE,FALSE,TRUE
2108,31.1992797118848,279.157549674117,0.245852351286055,0.657645760359204,0.201388793754304,1.22310021311678,TRUE,FALSE,TRUE
2109,31.421968787515,306.923523986428,0.25746850961022,-1.70625668592238,0.199961541228317,1.22135578541362,TRUE,FALSE,TRUE
2110,31.2947178871549,264.768287347677,0.239261224217892,-0.367725343849312,0.200774626882275,1.22234925611478,TRUE,FALSE,TRUE
2111,31.421968787515,319.42593308396,0.263025905162127,-1.61890176199882,0.199961541228317,1.22135578541362,TRUE,FALSE,TRUE
2112,31.2947178871549,290.351820247968,0.250327136431574,-0.42645317471007,0.200774626882275,1.22234925611478,TRUE,FALSE,TRUE
2113,31.3583433373349,339.955976299086,0.271568475828838,-0.972014344621021,0.200367259188048,1.22185141192648,TRUE,FALSE,TRUE
2114,31.421968787515,309.787983672027,0.258863139879439,-1.65153192315304,0.199961541228317,1.22135578541362,TRUE,FALSE,TRUE
2115,31.453781512605,337.198770477957,0.270116655229911,-1.98241174950561,0.199759297770337,1.22110879917268,TRUE,FALSE,TRUE
2116,31.1674669867947,339.876188350986,0.271035381702448,0.862291283066646,0.201594351887553,1.22335165715567,TRUE,FALSE,TRUE
2117,31.4855942376951,313.582180852525,0.26047933994848,-2.26333986658349,0.199557463001834,1.22086236183153,TRUE,FALSE,TRUE
2118,31.3583433373349,345.870530234586,0.273614116918419,-1.05035511783479,0.200367259188048,1.22185141192648,TRUE,FALSE,TRUE
2119,31.2947178871549,362.699095550932,0.280160808202308,-0.462660512266636,0.200774626882275,1.22234925611478,TRUE,FALSE,TRUE
2120,31.3265306122449,309.02130088837,0.258353863695773,-0.785153605400225,0.200570736190098,1.22210005588453,TRUE,FALSE,TRUE
2121,31.3265306122449,345.523725437458,0.273700487223428,-0.688619660094182,0.200570736190098,1.22210005588453,TRUE,FALSE,TRUE
2122,31.2310924369748,284.539908721819,0.247915034731311,0.243297142945864,0.20118365439375,1.22284933285476,TRUE,FALSE,TRUE
2123,31.3265306122449,339.254817096789,0.271155919952715,-0.686560278245783,0.200570736190098,1.22210005588453,TRUE,FALSE,TRUE
2124,31.3265306122449,404.744138156259,0.29642401246393,-0.746136812514459,0.200570736190098,1.22210005588453,TRUE,FALSE,TRUE
2125,31.421968787515,267.581956586471,0.240456802577577,-1.66931022489232,0.199961541228317,1.22135578541362,TRUE,FALSE,TRUE
2126,31.3265306122449,285.489136947942,0.248194442843849,-0.740039744913123,0.200570736190098,1.22210005588453,TRUE,FALSE,TRUE
2127,31.2310924369748,299.688978336141,0.254419595075558,0.18583064012532,0.20118365439375,1.22284933285476,TRUE,FALSE,TRUE
2128,31.3583433373349,306.576303111049,0.257276273657891,-1.05654752586226,0.200367259188048,1.22185141192648,TRUE,FALSE,TRUE
2129,31.3583433373349,337.329406703629,0.270266368732327,-1.03958330969287,0.200367259188048,1.22185141192648,TRUE,FALSE,TRUE
2130,31.2629051620648,315.925747116274,0.26110593826027,-0.147280633050766,0.200978932527479,1.22259901448086,TRUE,FALSE,TRUE
2131,31.2947178871549,356.001390442496,0.27740689575637,-0.460538137690431,0.200774626882275,1.22234925611478,TRUE,FALSE,TRUE
2132,31.3583433373349,321.839596540107,0.263703985745408,-1.07692274518861,0.200367259188048,1.22185141192648,TRUE,FALSE,TRUE
2133,31.2629051620648,354.153817066593,0.276826372764593,-0.131661108710523,0.200978932527479,1.22259901448086,TRUE,FALSE,TRUE
2134,31.2629051620648,338.032295630749,0.270405863841104,-0.0586711732228344,0.200978932527479,1.22259901448086,TRUE,FALSE,TRUE
2135,31.2629051620648,278.605520717342,0.24525506137098,-0.115399275858489,0.200978932527479,1.22259901448086,TRUE,FALSE,TRUE
2136,31.2947178871549,403.126599811462,0.295687637972155,-0.445994434008862,0.200774626882275,1.22234925611478,TRUE,FALSE,TRUE
2137,31.2629051620648,292.800737975411,0.251436037588662,-0.119134401431888,0.200978932527479,1.22259901448086,TRUE,FALSE,TRUE
2138,31.2310924369748,298.290603663478,0.25385908102891,0.208351902543493,0.20118365439375,1.22284933285476,TRUE,FALSE,TRUE
2139,31.3583433373349,281.044410144866,0.246142198550891,-1.11629472700677,0.200367259188048,1.22185141192648,TRUE,FALSE,TRUE
2140,31.3265306122449,312.791111248325,0.260314017825732,-0.662202259283945,0.200570736190098,1.22210005588453,TRUE,FALSE,TRUE
2141,31.4855942376951,277.96946783534,0.245074770532343,-2.27076840036068,0.199557463001834,1.22086236183153,TRUE,FALSE,TRUE
2142,31.390156062425,313.487450844587,0.260175268253969,-1.42229283374816,0.200164194618349,1.22160332238523,TRUE,FALSE,TRUE
2143,31.390156062425,389.857686947381,0.290981639906315,-1.2985897749541,0.200164194618349,1.22160332238523,TRUE,FALSE,TRUE
2144,31.4855942376951,320.230439356978,0.262968705961751,-2.35980316856235,0.199557463001834,1.22086236183153,TRUE,FALSE,TRUE
2145,31.3583433373349,343.19383503487,0.27276757711281,-0.941968842427803,0.200367259188048,1.22185141192648,TRUE,FALSE,TRUE
2146,31.2947178871549,313.431286692031,0.259980626988436,-0.497604690805551,0.200774626882275,1.22234925611478,TRUE,FALSE,TRUE
2147,31.421968787515,296.06987004676,0.252918505173386,-1.67262939485009,0.199961541228317,1.22135578541362,TRUE,FALSE,TRUE
2148,31.1356542617047,354.048497964823,0.276490629286637,1.10445176977785,0.201800330077136,1.22360366686859,TRUE,FALSE,TRUE
2149,31.2629051620648,294.793379638106,0.252236972119165,-0.137567156178915,0.200978932527479,1.22259901448086,TRUE,FALSE,TRUE
2150,31.390156062425,282.113017188253,0.247021845143537,-1.31941097014152,0.200164194618349,1.22160332238523,TRUE,FALSE,TRUE
2151,31.3583433373349,300.778385145628,0.255105599407838,-0.992376111884789,0.200367259188048,1.22185141192648,TRUE,FALSE,TRUE
2152,31.2947178871549,262.866978417326,0.238321149011843,-0.381596411406523,0.200774626882275,1.22234925611478,TRUE,FALSE,TRUE
2153,31.421968787515,303.9211128229,0.256298531598988,-1.6645774964239,0.199961541228317,1.22135578541362,TRUE,FALSE,TRUE
2154,31.1992797118848,310.833055742282,0.258950259361704,0.459610414295914,0.201388793754304,1.22310021311678,TRUE,FALSE,TRUE
2155,31.390156062425,310.741122300198,0.259374090991333,-1.32299248961805,0.200164194618349,1.22160332238523,TRUE,FALSE,TRUE
2156,31.453781512605,335.889597847898,0.269560521660423,-1.98852428184827,0.199759297770337,1.22110879917268,TRUE,FALSE,TRUE
2157,31.453781512605,310.226142764276,0.259032251862351,-2.0012536741832,0.199759297770337,1.22110879917268,TRUE,FALSE,TRUE
2158,31.2310924369748,338.751092532745,0.270784243617045,0.229714469639777,0.20118365439375,1.22284933285476,TRUE,FALSE,TRUE
2159,31.2629051620648,334.422950549055,0.268796834768924,-0.126012022160605,0.200978932527479,1.22259901448086,TRUE,FALSE,TRUE
2160,31.2629051620648,298.076288153404,0.253948824276023,-0.0820298390818674,0.200978932527479,1.22259901448086,TRUE,FALSE,TRUE
2161,31.1674669867947,261.22848443406,0.237160726479514,0.79088232164326,0.201594351887553,1.22335165715567,TRUE,FALSE,TRUE
2162,31.2629051620648,412.768544539893,0.299710293201429,-0.0142938822306261,0.200978932527479,1.22259901448086,TRUE,FALSE,TRUE
2163,31.3265306122449,262.495323114026,0.237934437758639,-0.768134792379716,0.200570736190098,1.22210005588453,TRUE,FALSE,TRUE
2164,31.3583433373349,312.988131204243,0.260038503916693,-1.06737730657081,0.200367259188048,1.22185141192648,TRUE,FALSE,TRUE
2165,31.390156062425,319.215051253125,0.262901745273825,-1.33894606946051,0.200164194618349,1.22160332238523,TRUE,FALSE,TRUE
2166,31.2310924369748,355.62408040651,0.277284841732105,0.186443903226709,0.20118365439375,1.22284933285476,TRUE,FALSE,TRUE
2167,31.2629051620648,310.276800010476,0.258940862455503,-0.121636040646392,0.200978932527479,1.22259901448086,TRUE,FALSE,TRUE
2168,31.421968787515,323.446365536613,0.264606878647335,-1.65761449231223,0.199961541228317,1.22135578541362,TRUE,FALSE,TRUE
2169,31.3265306122449,290.055684398939,0.250343955335129,-0.742184066286037,0.200570736190098,1.22210005588453,TRUE,FALSE,TRUE
2170,31.2310924369748,316.400612129303,0.261238079579057,0.175106869209823,0.20118365439375,1.22284933285476,TRUE,FALSE,TRUE
2171,31.421968787515,293.200942615797,0.251684088450491,-1.67582074272723,0.199961541228317,1.22135578541362,TRUE,FALSE,TRUE
2172,31.2947178871549,296.445493141388,0.253000892040073,-0.441457729583676,0.200774626882275,1.22234925611478,TRUE,FALSE,TRUE
2173,31.3583433373349,342.230352196093,0.272501238178904,-0.969912882801659,0.200367259188048,1.22185141192648,TRUE,FALSE,TRUE
2174,31.390156062425,364.918537263635,0.281209847283116,-1.36932229563628,0.200164194618349,1.22160332238523,TRUE,FALSE,TRUE
2175,31.2629051620648,349.648644233968,0.275278467253897,-0.0581085030068949,0.200978932527479,1.22259901448086,TRUE,FALSE,TRUE
2176,31.2947178871549,344.781149023079,0.273399682211441,-0.359836099372639,0.200774626882275,1.22234925611478,TRUE,FALSE,TRUE
2177,31.421968787515,274.324058188664,0.243620566878721,-1.61201796137927,0.199961541228317,1.22135578541362,TRUE,FALSE,TRUE
2178,31.421968787515,267.019775762796,0.240200785790266,-1.62072670472687,0.199961541228317,1.22135578541362,TRUE,FALSE,TRUE
2179,31.2947178871549,301.928016719869,0.255250554772877,-0.466594270255003,0.200774626882275,1.22234925611478,TRUE,FALSE,TRUE
2180,31.3583433373349,269.713946793345,0.241389977040413,-1.00104445939602,0.200367259188048,1.22185141192648,TRUE,FALSE,TRUE
2181,31.2310924369748,246.118750484447,0.230333054802894,0.226573697323257,0.20118365439375,1.22284933285476,TRUE,FALSE,TRUE
2182,31.3265306122449,298.429554327076,0.253805936876407,-0.758062480330983,0.200570736190098,1.22210005588453,TRUE,FALSE,TRUE
2183,31.2629051620648,310.330267627555,0.258830465262026,-0.129817038499214,0.200978932527479,1.22259901448086,TRUE,FALSE,TRUE
2184,31.390156062425,307.492181560925,0.257632612869337,-1.41571937713234,0.200164194618349,1.22160332238523,TRUE,FALSE,TRUE
2185,31.2629051620648,327.163543911945,0.266149557842811,-0.0656899067656958,0.200978932527479,1.22259901448086,TRUE,FALSE,TRUE
2186,31.2629051620648,331.952363811392,0.268238018500577,-0.0241767423398557,0.200978932527479,1.22259901448086,TRUE,FALSE,TRUE
2187,31.1992797118848,265.916899499925,0.239510683437696,0.548819144838221,0.201388793754304,1.22310021311678,TRUE,FALSE,TRUE
2188,31.2947178871549,295.500383098936,0.252507783592502,-0.443424963588677,0.200774626882275,1.22234925611478,TRUE,FALSE,TRUE
2189,31.390156062425,311.674922344067,0.259588522503864,-1.39341383588632,0.200164194618349,1.22160332238523,TRUE,FALSE,TRUE
2190,31.390156062425,288.704152365833,0.249818128326916,-1.29980254696393,0.200164194618349,1.22160332238523,TRUE,FALSE,TRUE
2191,31.3583433373349,333.326775648982,0.268397635237069,-1.09045979117601,0.200367259188048,1.22185141192648,TRUE,FALSE,TRUE
2192,31.4855942376951,385.766815934697,0.289096462578349,-2.29455821936277,0.199557463001834,1.22086236183153,TRUE,FALSE,TRUE
2193,31.1674669867947,420.668970508972,0.302513397660851,0.923651791852582,0.201594351887553,1.22335165715567,TRUE,FALSE,TRUE
2194,31.2629051620648,301.53966370945,0.25510141910379,-0.134134359229107,0.200978932527479,1.22259901448086,TRUE,FALSE,TRUE
2195,31.2629051620648,341.124880351529,0.271986790011561,-0.0295440897643451,0.200978932527479,1.22259901448086,TRUE,FALSE,TRUE
2196,31.3583433373349,312.278686353661,0.259486609885339,-1.16843470363248,0.200367259188048,1.22185141192648,TRUE,FALSE,TRUE
2197,31.1992797118848,289.494743872141,0.25019923161614,0.557984292287565,0.201388793754304,1.22310021311678,TRUE,FALSE,TRUE
2198,31.2310924369748,356.380262286908,0.277994397995543,0.270734652320108,0.20118365439375,1.22284933285476,TRUE,FALSE,TRUE
2199,31.390156062425,280.040632218437,0.246064704811804,-1.31476420208409,0.200164194618349,1.22160332238523,TRUE,FALSE,TRUE
2200,31.390156062425,362.74626657596,0.280637401706925,-1.3058911167623,0.200164194618349,1.22160332238523,TRUE,FALSE,TRUE
2201,31.1992797118848,313.494813886831,0.25987826796483,0.444568176232187,0.201388793754304,1.22310021311678,TRUE,FALSE,TRUE
2202,31.3583433373349,294.94157164163,0.252336119380416,-1.08451057755998,0.200367259188048,1.22185141192648,TRUE,FALSE,TRUE
2203,31.2629051620648,275.223352416565,0.243682319044456,-0.101209172651694,0.200978932527479,1.22259901448086,TRUE,FALSE,TRUE
2204,31.3265306122449,283.260227334743,0.247354624572578,-0.721281772598574,0.200570736190098,1.22210005588453,TRUE,FALSE,TRUE
2205,31.2947178871549,322.239788170685,0.263990397446483,-0.399734579234838,0.200774626882275,1.22234925611478,TRUE,FALSE,TRUE
2206,31.3265306122449,333.524737515105,0.268776770712197,-0.692926632740415,0.200570736190098,1.22210005588453,TRUE,FALSE,TRUE
2207,31.3265306122449,301.079515681758,0.255172472676691,-0.714236416786163,0.200570736190098,1.22210005588453,TRUE,FALSE,TRUE
2208,31.1992797118848,301.138320816736,0.254807147087876,0.4643976552597,0.201388793754304,1.22310021311678,TRUE,FALSE,TRUE
2209,31.1992797118848,301.110152150877,0.255394030490203,0.609780503110226,0.201388793754304,1.22310021311678,TRUE,FALSE,TRUE
2210,31.2947178871549,330.228658019862,0.267222252063753,-0.449039497123096,0.200774626882275,1.22234925611478,TRUE,FALSE,TRUE
2211,31.390156062425,364.608147835023,0.280962646030098,-1.39640504920107,0.200164194618349,1.22160332238523,TRUE,FALSE,TRUE
2212,31.390156062425,310.817244103983,0.259111148275091,-1.4097748561321,0.200164194618349,1.22160332238523,TRUE,FALSE,TRUE
2213,31.2310924369748,362.546343723793,0.280160372069873,0.217802545891452,0.20118365439375,1.22284933285476,TRUE,FALSE,TRUE
2214,31.2629051620648,324.865163829946,0.265118618117273,-0.112911689108337,0.200978932527479,1.22259901448086,TRUE,FALSE,TRUE
2215,31.2629051620648,376.329876361986,0.28556478875151,-0.112250159161353,0.200978932527479,1.22259901448086,TRUE,FALSE,TRUE
2216,31.1674669867947,333.180610934843,0.268181097086735,0.823672487242266,0.201594351887553,1.22335165715567,TRUE,FALSE,TRUE
2217,31.1992797118848,291.055835646338,0.25069275202431,0.561655365213136,0.201388793754304,1.22310021311678,TRUE,FALSE,TRUE
2218,31.390156062425,293.96491174011,0.252084771987576,-1.30038408696054,0.200164194618349,1.22160332238523,TRUE,FALSE,TRUE
2219,31.453781512605,320.405397576073,0.26334396230584,-1.99534492836314,0.199759297770337,1.22110879917268,TRUE,FALSE,TRUE
2220,31.1356542617047,321.019237259692,0.263495605346023,1.17036775723141,0.201800330077136,1.22360366686859,TRUE,FALSE,TRUE
2221,31.390156062425,307.860078915652,0.258320671962891,-1.29459875630083,0.200164194618349,1.22160332238523,TRUE,FALSE,TRUE
2222,31.2629051620648,312.556335170478,0.260048014952941,-0.0995680348018189,0.200978932527479,1.22259901448086,TRUE,FALSE,TRUE
2223,31.390156062425,324.910387582132,0.265278186878085,-1.32876721953381,0.200164194618349,1.22160332238523,TRUE,FALSE,TRUE
2224,31.390156062425,296.951227811034,0.253064377570419,-1.40484603979647,0.200164194618349,1.22160332238523,TRUE,FALSE,TRUE
2225,31.421968787515,319.013489827153,0.262608304084354,-1.71531530248632,0.199961541228317,1.22135578541362,TRUE,FALSE,TRUE
2226,31.3265306122449,364.9284924826,0.281160297934329,-0.726631118372309,0.200570736190098,1.22210005588453,TRUE,FALSE,TRUE
2227,31.390156062425,410.67521752863,0.298835520796498,-1.31758202861171,0.200164194618349,1.22160332238523,TRUE,FALSE,TRUE
2228,31.390156062425,291.165947515413,0.250705038626348,-1.40244251940983,0.200164194618349,1.22160332238523,TRUE,FALSE,TRUE
2229,31.390156062425,285.618436472408,0.2485260436265,-1.28143930264241,0.200164194618349,1.22160332238523,TRUE,FALSE,TRUE
2230,31.3265306122449,334.402038090977,0.268692400692983,-0.819560438838541,0.200570736190098,1.22210005588453,TRUE,FALSE,TRUE
2231,31.3265306122449,286.616403377835,0.24864969259594,-0.796277946809827,0.200570736190098,1.22210005588453,TRUE,FALSE,TRUE
2232,31.2947178871549,377.161941655214,0.286098748363123,-0.375568102087036,0.200774626882275,1.22234925611478,TRUE,FALSE,TRUE
2233,31.3583433373349,307.268739705226,0.257787477897237,-1.00606908718179,0.200367259188048,1.22185141192648,TRUE,FALSE,TRUE
2234,31.390156062425,288.735685571258,0.249819043935597,-1.31788978849569,0.200164194618349,1.22160332238523,TRUE,FALSE,TRUE
2235,31.2310924369748,379.04946790781,0.286539291640233,0.195133497368066,0.20118365439375,1.22284933285476,TRUE,FALSE,TRUE
2236,31.2629051620648,282.752961689734,0.246927486205203,-0.112127422802459,0.200978932527479,1.22259901448086,TRUE,FALSE,TRUE
2237,31.453781512605,321.180296911611,0.263735642138448,-1.95779230760543,0.199759297770337,1.22110879917268,TRUE,FALSE,TRUE
2238,31.2629051620648,347.105595237357,0.274349104276499,-0.0532495057130582,0.200978932527479,1.22259901448086,TRUE,FALSE,TRUE
2239,31.4855942376951,313.23643599956,0.260357183606215,-2.24272996747688,0.199557463001834,1.22086236183153,TRUE,FALSE,TRUE
2240,31.2310924369748,329.491797974388,0.266895779611818,0.189600354972482,0.20118365439375,1.22284933285476,TRUE,FALSE,TRUE
2241,31.1038415366146,322.184622349989,0.263639405888425,1.44063196576576,0.202006729611941,1.22385624416124,TRUE,FALSE,TRUE
2242,31.1992797118848,387.107376919782,0.289344140931866,0.464879635412234,0.201388793754304,1.22310021311678,TRUE,FALSE,TRUE
2243,31.2947178871549,291.002119606014,0.250791541268158,-0.396689008277276,0.200774626882275,1.22234925611478,TRUE,FALSE,TRUE
2244,31.390156062425,357.389450308199,0.278166966759422,-1.37207732436768,0.200164194618349,1.22160332238523,TRUE,FALSE,TRUE
2245,31.2629051620648,364.420512354453,0.281070440859612,-0.0626194233239648,0.200978932527479,1.22259901448086,TRUE,FALSE,TRUE
2246,31.2947178871549,344.033014218037,0.273019531252579,-0.393939437124987,0.200774626882275,1.22234925611478,TRUE,FALSE,TRUE
2247,31.3265306122449,324.885598281054,0.265741372256351,-0.565117173330287,0.200570736190098,1.22210005588453,TRUE,FALSE,TRUE
2248,31.390156062425,307.003449733707,0.257613888227348,-1.37007336245494,0.200164194618349,1.22160332238523,TRUE,FALSE,TRUE
2249,31.2947178871549,372.228055632848,0.284156263441574,-0.338773494175132,0.200774626882275,1.22234925611478,TRUE,FALSE,TRUE
2250,31.2310924369748,290.310092037076,0.250524902898501,0.236116292112914,0.20118365439375,1.22284933285476,TRUE,FALSE,TRUE
2251,31.3583433373349,316.906981465814,0.261891626227939,-1.01299348552168,0.200367259188048,1.22185141192648,TRUE,FALSE,TRUE
2252,31.1356542617047,371.965835029613,0.283703220046616,1.16769507367271,0.201800330077136,1.22360366686859,TRUE,FALSE,TRUE
2253,31.421968787515,360.281657584538,0.279354729603178,-1.65567142804771,0.199961541228317,1.22135578541362,TRUE,FALSE,TRUE
2254,31.1356542617047,360.759733282104,0.279366870814893,1.20862855980457,0.201800330077136,1.22360366686859,TRUE,FALSE,TRUE
2255,31.1674669867947,323.926517534152,0.26424560177331,0.770208366582612,0.201594351887553,1.22335165715567,TRUE,FALSE,TRUE
2256,31.2947178871549,305.354934861173,0.256919185600121,-0.40616099084927,0.200774626882275,1.22234925611478,TRUE,FALSE,TRUE
2257,31.1992797118848,350.055954233538,0.274900702710856,0.463876881042422,0.201388793754304,1.22310021311678,TRUE,FALSE,TRUE
2258,31.1992797118848,277.677915830236,0.244513594654496,0.473273626448944,0.201388793754304,1.22310021311678,TRUE,FALSE,TRUE
2259,31.2629051620648,353.233455685338,0.276621666740808,-0.0842794515666452,0.200978932527479,1.22259901448086,TRUE,FALSE,TRUE
2260,31.421968787515,308.421317366837,0.258122470716778,-1.67236918411091,0.199961541228317,1.22135578541362,TRUE,FALSE,TRUE
2261,31.2310924369748,290.234809237684,0.2505567915642,0.251257240689971,0.20118365439375,1.22284933285476,TRUE,FALSE,TRUE
2262,31.390156062425,317.28366640912,0.261945320166156,-1.32997102666978,0.200164194618349,1.22160332238523,TRUE,FALSE,TRUE
2263,31.3265306122449,304.342281421125,0.256386929610512,-0.770086041824065,0.200570736190098,1.22210005588453,TRUE,FALSE,TRUE
2264,31.2629051620648,346.93886745112,0.274139716828358,-0.0837923256330012,0.200978932527479,1.22259901448086,TRUE,FALSE,TRUE
2265,31.390156062425,320.466630784386,0.263284135636829,-1.3722720167472,0.200164194618349,1.22160332238523,TRUE,FALSE,TRUE
2266,31.2947178871549,307.611044957184,0.257836830024111,-0.446743981616522,0.200774626882275,1.22234925611478,TRUE,FALSE,TRUE
2267,31.2947178871549,302.520703590047,0.25587991727121,-0.363323861558454,0.200774626882275,1.22234925611478,TRUE,FALSE,TRUE
2268,31.421968787515,293.071210662402,0.251691744612471,-1.67004228488953,0.199961541228317,1.22135578541362,TRUE,FALSE,TRUE
2269,31.390156062425,302.888746722219,0.255761923156282,-1.39675845103175,0.200164194618349,1.22160332238523,TRUE,FALSE,TRUE
2270,31.2947178871549,289.833665942296,0.250169257190692,-0.429238541712009,0.200774626882275,1.22234925611478,TRUE,FALSE,TRUE
2271,31.2947178871549,327.48395932705,0.266135352295426,-0.423305116815215,0.200774626882275,1.22234925611478,TRUE,FALSE,TRUE
2272,31.390156062425,315.638424190684,0.261521567537,-1.27880823807727,0.200164194618349,1.22160332238523,TRUE,FALSE,TRUE
2273,31.1992797118848,287.840406383,0.249433910226627,0.560948226664152,0.201388793754304,1.22310021311678,TRUE,FALSE,TRUE
2274,31.3265306122449,330.772795551414,0.267663538264591,-0.691838737771046,0.200570736190098,1.22210005588453,TRUE,FALSE,TRUE
2275,31.3265306122449,403.267115214289,0.295814323402341,-0.711688126892382,0.200570736190098,1.22210005588453,TRUE,FALSE,TRUE
2276,31.3583433373349,328.472808025333,0.266879864910518,-0.965667811772057,0.200367259188048,1.22185141192648,TRUE,FALSE,TRUE
2277,31.390156062425,348.374767261559,0.274301905818347,-1.4570416860842,0.200164194618349,1.22160332238523,TRUE,FALSE,TRUE
2278,31.2629051620648,349.301310550157,0.274968681922557,-0.111970160650843,0.200978932527479,1.22259901448086,TRUE,FALSE,TRUE
2279,31.2310924369748,327.983857216888,0.266568025954509,0.262876890318868,0.20118365439375,1.22284933285476,TRUE,FALSE,TRUE
2280,31.1674669867947,313.33447360027,0.26027733071449,0.865616799122628,0.201594351887553,1.22335165715567,TRUE,FALSE,TRUE
2281,31.5174069627851,314.709313830168,0.26102276335788,-2.55694585506782,0.199356035685252,1.22061647156741,TRUE,FALSE,TRUE
2282,31.2310924369748,395.954504463713,0.293443589605974,0.329601254799927,0.20118365439375,1.22284933285476,TRUE,FALSE,TRUE
2283,31.2947178871549,324.052394849663,0.26472386305069,-0.451678748115835,0.200774626882275,1.22234925611478,TRUE,FALSE,TRUE
2284,31.2629051620648,321.227729877627,0.263772631972861,-0.0309499729491525,0.200978932527479,1.22259901448086,TRUE,FALSE,TRUE
2285,31.2629051620648,330.49294063801,0.267415559439928,-0.106544816501587,0.200978932527479,1.22259901448086,TRUE,FALSE,TRUE
2286,31.1356542617047,333.729022283546,0.268671990267179,1.19947302520391,0.201800330077136,1.22360366686859,TRUE,FALSE,TRUE
2287,31.3583433373349,418.407816692678,0.301511923109387,-1.03068759892097,0.200367259188048,1.22185141192648,TRUE,FALSE,TRUE
2288,31.3583433373349,321.057061288349,0.263638552945653,-0.980762247545468,0.200367259188048,1.22185141192648,TRUE,FALSE,TRUE
2289,31.421968787515,354.397842002615,0.277337414851797,-1.57811810590795,0.199961541228317,1.22135578541362,TRUE,FALSE,TRUE
2290,31.421968787515,357.837850087286,0.278503590150089,-1.69074846644214,0.199961541228317,1.22135578541362,TRUE,FALSE,TRUE
2291,31.2947178871549,274.447631727261,0.243395284817816,-0.409933810213211,0.200774626882275,1.22234925611478,TRUE,FALSE,TRUE
2292,31.2310924369748,315.259577996631,0.261062518494335,0.233062692957297,0.20118365439375,1.22284933285476,TRUE,FALSE,TRUE
2293,31.421968787515,362.576227896794,0.28007909342516,-1.69221645499514,0.199961541228317,1.22135578541362,TRUE,FALSE,TRUE
2294,31.2629051620648,332.25741825577,0.268122881253747,-0.0904992624476496,0.200978932527479,1.22259901448086,TRUE,FALSE,TRUE
2295,31.390156062425,292.133863356439,0.251384464880891,-1.36013331102672,0.200164194618349,1.22160332238523,TRUE,FALSE,TRUE
2296,31.3265306122449,270.045469248465,0.241638769638626,-0.692382094187837,0.200570736190098,1.22210005588453,TRUE,FALSE,TRUE
2297,31.3265306122449,345.212969737986,0.27351207207397,-0.677113413657726,0.200570736190098,1.22210005588453,TRUE,FALSE,TRUE
2298,31.2947178871549,298.648017637294,0.253867270084149,-0.455757776685888,0.200774626882275,1.22234925611478,TRUE,FALSE,TRUE
2299,31.3265306122449,366.437977095106,0.281673856963621,-0.757401299150759,0.200570736190098,1.22210005588453,TRUE,FALSE,TRUE
2300,31.2310924369748,292.422785930365,0.25121272037322,0.210850592714004,0.20118365439375,1.22284933285476,TRUE,FALSE,TRUE
2301,31.2629051620648,331.570937302409,0.268005970818482,-0.0260117185769905,0.200978932527479,1.22259901448086,TRUE,FALSE,TRUE
2302,31.3265306122449,310.143526773827,0.259189905522523,-0.673083800019694,0.200570736190098,1.22210005588453,TRUE,FALSE,TRUE
2303,31.2310924369748,314.178914337549,0.260164554673867,0.13842247330792,0.20118365439375,1.22284933285476,TRUE,FALSE,TRUE
2304,31.2310924369748,372.265789742378,0.284240930268181,0.261953232141721,0.20118365439375,1.22284933285476,TRUE,FALSE,TRUE
2305,31.390156062425,309.819071390037,0.258910127092239,-1.34421911088175,0.200164194618349,1.22160332238523,TRUE,FALSE,TRUE
2306,31.1356542617047,294.595648683937,0.252243990006001,1.16092156782607,0.201800330077136,1.22360366686859,TRUE,FALSE,TRUE
2307,31.453781512605,325.390664846692,0.265228540369073,-2.01367141564215,0.199759297770337,1.22110879917268,TRUE,FALSE,TRUE
2308,31.2947178871549,308.008915904022,0.258071469899253,-0.405293938930881,0.200774626882275,1.22234925611478,TRUE,FALSE,TRUE
2309,31.2947178871549,260.106074958384,0.237027788077304,-0.411455312614369,0.200774626882275,1.22234925611478,TRUE,FALSE,TRUE
2310,31.390156062425,267.479011122591,0.240352728762726,-1.36410796478027,0.200164194618349,1.22160332238523,TRUE,FALSE,TRUE
2311,31.2310924369748,302.284710765107,0.255596802779881,0.232579162976457,0.20118365439375,1.22284933285476,TRUE,FALSE,TRUE
2312,31.453781512605,294.739889912211,0.252783628097442,-1.8551446772891,0.199759297770337,1.22110879917268,TRUE,FALSE,TRUE
2313,31.421968787515,307.241302783218,0.257952758208743,-1.61713893513132,0.199961541228317,1.22135578541362,TRUE,FALSE,TRUE
2314,31.5174069627851,376.050145888823,0.285339726141517,-2.63139374956222,0.199356035685252,1.22061647156741,TRUE,FALSE,TRUE
2315,31.2629051620648,290.391711903503,0.25023547939326,-0.166680253491252,0.200978932527479,1.22259901448086,TRUE,FALSE,TRUE
2316,31.2629051620648,354.525097318295,0.27704747203168,-0.10477528524247,0.200978932527479,1.22259901448086,TRUE,FALSE,TRUE
2317,31.3583433373349,361.610006912532,0.279828558370814,-1.08672171370697,0.200367259188048,1.22185141192648,TRUE,FALSE,TRUE
2318,31.2310924369748,325.250284455473,0.264727835281677,0.122517133387945,0.20118365439375,1.22284933285476,TRUE,FALSE,TRUE
2319,31.390156062425,309.215455504926,0.258353509617487,-1.41918125927546,0.200164194618349,1.22160332238523,TRUE,FALSE,TRUE
2320,31.3265306122449,367.843951618861,0.282859388801865,-0.591702736650221,0.200570736190098,1.22210005588453,TRUE,FALSE,TRUE
2321,31.2629051620648,316.177199814307,0.26138020345122,-0.117963363007752,0.200978932527479,1.22259901448086,TRUE,FALSE,TRUE
2322,31.2629051620648,327.683472700635,0.266270069662509,-0.0932483312366463,0.200978932527479,1.22259901448086,TRUE,FALSE,TRUE
2323,31.2310924369748,320.481063220959,0.263222011240014,0.202264244517836,0.20118365439375,1.22284933285476,TRUE,FALSE,TRUE
2324,31.2310924369748,340.265117869824,0.271266142831356,0.211601869398613,0.20118365439375,1.22284933285476,TRUE,FALSE,TRUE
2325,31.2947178871549,386.586233718989,0.289306149240839,-0.45995424544313,0.200774626882275,1.22234925611478,TRUE,FALSE,TRUE
2326,31.421968787515,301.590424235247,0.255423246135593,-1.66005450476404,0.199961541228317,1.22135578541362,TRUE,FALSE,TRUE
2327,31.2310924369748,291.592604664398,0.251346712538184,0.324770690771314,0.20118365439375,1.22284933285476,TRUE,FALSE,TRUE
2328,31.2947178871549,357.83416520774,0.27833161962083,-0.424444568924122,0.200774626882275,1.22234925611478,TRUE,FALSE,TRUE
2329,31.390156062425,339.325871100777,0.271051689771039,-1.37577071444824,0.200164194618349,1.22160332238523,TRUE,FALSE,TRUE
2330,31.453781512605,323.327271091675,0.264311958264894,-1.99658210205972,0.199759297770337,1.22110879917268,TRUE,FALSE,TRUE
2331,31.2310924369748,274.65161510638,0.243810003636927,0.317603212997401,0.20118365439375,1.22284933285476,TRUE,FALSE,TRUE
2332,31.390156062425,367.587139742997,0.282191730210439,-1.34917621255243,0.200164194618349,1.22160332238523,TRUE,FALSE,TRUE
2333,31.3265306122449,297.479465878659,0.253438303626808,-0.779982808215724,0.200570736190098,1.22210005588453,TRUE,FALSE,TRUE
2334,31.390156062425,325.82115069857,0.265515358814569,-1.34920353658217,0.200164194618349,1.22160332238523,TRUE,FALSE,TRUE
2335,31.3583433373349,300.880804025491,0.255208514678193,-0.977177265019829,0.200367259188048,1.22185141192648,TRUE,FALSE,TRUE
2336,31.390156062425,362.552446728126,0.280361733697474,-1.33000663170001,0.200164194618349,1.22160332238523,TRUE,FALSE,TRUE
2337,31.3265306122449,302.13121716382,0.25548923482916,-0.736582805312061,0.200570736190098,1.22210005588453,TRUE,FALSE,TRUE
2338,31.2947178871549,310.126046738621,0.25885363622251,-0.451863587498726,0.200774626882275,1.22234925611478,TRUE,FALSE,TRUE
2339,31.3265306122449,326.264915674997,0.265857397324497,-0.728974271338922,0.200570736190098,1.22210005588453,TRUE,FALSE,TRUE
2340,31.2629051620648,349.627781316008,0.275301521993532,-0.0651092064431177,0.200978932527479,1.22259901448086,TRUE,FALSE,TRUE
2341,31.2310924369748,304.419628809734,0.256396381087261,0.208792391252294,0.20118365439375,1.22284933285476,TRUE,FALSE,TRUE
2342,31.3583433373349,345.060726744881,0.273225993835157,-1.07125770371812,0.200367259188048,1.22185141192648,TRUE,FALSE,TRUE
2343,31.2310924369748,334.744709064979,0.268921343653769,0.178396699676273,0.20118365439375,1.22284933285476,TRUE,FALSE,TRUE
2344,31.1356542617047,303.773315756281,0.255923718059633,1.13332934406031,0.201800330077136,1.22360366686859,TRUE,FALSE,TRUE
2345,31.2947178871549,298.209175225648,0.253485159643821,-0.495272105248317,0.200774626882275,1.22234925611478,TRUE,FALSE,TRUE
2346,31.3583433373349,322.483645578491,0.264176998903065,-1.03465410814539,0.200367259188048,1.22185141192648,TRUE,FALSE,TRUE
2347,31.2310924369748,309.835391797615,0.258672985770542,0.190075698186962,0.20118365439375,1.22284933285476,TRUE,FALSE,TRUE
2348,31.421968787515,266.833722375198,0.239771967336972,-1.73674593479823,0.199961541228317,1.22135578541362,TRUE,FALSE,TRUE
2349,31.2947178871549,370.409011112569,0.283512706256378,-0.351539981705734,0.200774626882275,1.22234925611478,TRUE,FALSE,TRUE
2350,31.3583433373349,321.701883579974,0.263957592679986,-0.980016424600372,0.200367259188048,1.22185141192648,TRUE,FALSE,TRUE
2351,31.2947178871549,319.316671299559,0.262831198198882,-0.396542376525841,0.200774626882275,1.22234925611478,TRUE,FALSE,TRUE
2352,31.2310924369748,371.94108358609,0.283920142532015,0.234316279510698,0.20118365439375,1.22284933285476,TRUE,FALSE,TRUE
2353,31.2947178871549,314.705023142202,0.261147450612797,-0.345749752647219,0.200774626882275,1.22234925611478,TRUE,FALSE,TRUE
2354,31.3583433373349,353.694671930023,0.276920166343586,-1.0085849531783,0.200367259188048,1.22185141192648,TRUE,FALSE,TRUE
2355,31.390156062425,295.275578223068,0.252883937515092,-1.25735970878595,0.200164194618349,1.22160332238523,TRUE,FALSE,TRUE
2356,31.3583433373349,415.863259263039,0.299955468918119,-1.15126099600569,0.200367259188048,1.22185141192648,TRUE,FALSE,TRUE
2357,31.2947178871549,316.437551139153,0.261285014298094,-0.492678745960944,0.200774626882275,1.22234925611478,TRUE,FALSE,TRUE
2358,31.3265306122449,292.497536751549,0.251365152906695,-0.726774516225881,0.200570736190098,1.22210005588453,TRUE,FALSE,TRUE
2359,31.5174069627851,282.691449306692,0.247166151532214,-2.57805809961121,0.199356035685252,1.22061647156741,TRUE,FALSE,TRUE
2360,31.2947178871549,319.902122519873,0.262639754158329,-0.49258188776974,0.200774626882275,1.22234925611478,TRUE,FALSE,TRUE
2361,31.390156062425,387.148401108547,0.289811929645919,-1.32306452094771,0.200164194618349,1.22160332238523,TRUE,FALSE,TRUE
2362,31.390156062425,324.772607152073,0.26505156757972,-1.36115922324772,0.200164194618349,1.22160332238523,TRUE,FALSE,TRUE
2363,31.390156062425,274.14703690515,0.243296740590657,-1.34789557935391,0.200164194618349,1.22160332238523,TRUE,FALSE,TRUE
2364,31.2947178871549,344.213500646613,0.272802201568184,-0.449927603768852,0.200774626882275,1.22234925611478,TRUE,FALSE,TRUE
2365,31.421968787515,304.707546454605,0.256596182693823,-1.6690887391705,0.199961541228317,1.22135578541362,TRUE,FALSE,TRUE
2366,31.421968787515,348.631795184099,0.27490557704307,-1.65917116510111,0.199961541228317,1.22135578541362,TRUE,FALSE,TRUE
2367,31.2947178871549,366.864566586482,0.282012802843284,-0.419397287075409,0.200774626882275,1.22234925611478,TRUE,FALSE,TRUE
2368,31.390156062425,324.436954440354,0.265087445761408,-1.31456367980512,0.200164194618349,1.22160332238523,TRUE,FALSE,TRUE
2369,31.421968787515,333.551114971872,0.268813388053283,-1.61774656827007,0.199961541228317,1.22135578541362,TRUE,FALSE,TRUE
2370,31.3583433373349,286.434063302099,0.24875250136483,-1.02417857812854,0.200367259188048,1.22185141192648,TRUE,FALSE,TRUE
2371,31.421968787515,331.498044288199,0.267537391211567,-1.73117494321291,0.199961541228317,1.22135578541362,TRUE,FALSE,TRUE
2372,31.3265306122449,300.627098011584,0.254977828486339,-0.759059424020281,0.200570736190098,1.22210005588453,TRUE,FALSE,TRUE
2373,31.390156062425,364.716840631539,0.280968639801688,-1.36035175686162,0.200164194618349,1.22160332238523,TRUE,FALSE,TRUE
2374,31.3265306122449,314.903137244019,0.261014075586635,-0.683455131515007,0.200570736190098,1.22210005588453,TRUE,FALSE,TRUE
2375,31.2310924369748,383.678582870509,0.288256882169797,0.215124128138063,0.20118365439375,1.22284933285476,TRUE,FALSE,TRUE
2376,31.1992797118848,306.495837832203,0.257453221726592,0.598001412671147,0.201388793754304,1.22310021311678,TRUE,FALSE,TRUE
2377,31.3583433373349,283.36406768687,0.247453658955418,-1.03779734502868,0.200367259188048,1.22185141192648,TRUE,FALSE,TRUE
2378,31.5492196878751,322.37735332267,0.264101134043209,-2.89729878434741,0.199155014588025,1.22037112656558,TRUE,FALSE,TRUE
2379,31.4855942376951,321.133645793382,0.263450553789338,-2.34196703443569,0.199557463001834,1.22086236183153,TRUE,FALSE,TRUE
2380,31.2629051620648,343.604913416242,0.272579975382828,-0.133512791497066,0.200978932527479,1.22259901448086,TRUE,FALSE,TRUE
2381,31.3583433373349,311.048628633757,0.259745455035635,-0.929067946700815,0.200367259188048,1.22185141192648,TRUE,FALSE,TRUE
2382,31.3265306122449,323.889612578468,0.264628599262619,-0.721785731190137,0.200570736190098,1.22210005588453,TRUE,FALSE,TRUE
2383,31.3265306122449,321.14504229489,0.263534046050304,-0.745193562420849,0.200570736190098,1.22210005588453,TRUE,FALSE,TRUE
2384,31.3265306122449,315.054445781133,0.26125626159432,-0.677057702542451,0.200570736190098,1.22210005588453,TRUE,FALSE,TRUE
2385,31.3265306122449,272.038531348979,0.242064800277879,-0.811140101304706,0.200570736190098,1.22210005588453,TRUE,FALSE,TRUE
2386,31.3583433373349,319.944573867456,0.263317479392718,-0.909768930906687,0.200367259188048,1.22185141192648,TRUE,FALSE,TRUE
2387,31.3265306122449,315.372610725855,0.261211653585073,-0.71336807530802,0.200570736190098,1.22210005588453,TRUE,FALSE,TRUE
2388,31.3583433373349,328.806371536636,0.266530832753051,-1.08449612019846,0.200367259188048,1.22185141192648,TRUE,FALSE,TRUE
2389,31.1992797118848,425.801618397507,0.303849296516414,0.528790912271846,0.201388793754304,1.22310021311678,TRUE,FALSE,TRUE
2390,31.390156062425,302.461245161392,0.25550254332675,-1.4116932093573,0.200164194618349,1.22160332238523,TRUE,FALSE,TRUE
2391,31.4855942376951,399.303916131175,0.294461996180591,-2.24748598134293,0.199557463001834,1.22086236183153,TRUE,FALSE,TRUE
2392,31.453781512605,274.568549426427,0.243449452743773,-1.96057532803617,0.199759297770337,1.22110879917268,TRUE,FALSE,TRUE
2393,31.1038415366146,373.498972321748,0.284092751656676,1.45178801688264,0.202006729611941,1.22385624416124,TRUE,FALSE,TRUE
2394,31.2310924369748,323.2598125492,0.264310610912686,0.229524124338234,0.20118365439375,1.22284933285476,TRUE,FALSE,TRUE
2395,31.1674669867947,301.787402420202,0.255438692596288,0.87298502858552,0.201594351887553,1.22335165715567,TRUE,FALSE,TRUE
2396,31.3265306122449,339.769753846145,0.270969359652617,-0.749666960628816,0.200570736190098,1.22210005588453,TRUE,FALSE,TRUE
2397,31.3265306122449,378.291209746621,0.286477975413874,-0.696888896387142,0.200570736190098,1.22210005588453,TRUE,FALSE,TRUE
2398,31.2947178871549,312.84351109237,0.26011542666327,-0.393188719945112,0.200774626882275,1.22234925611478,TRUE,FALSE,TRUE
2399,31.3583433373349,326.551401770662,0.265660356926248,-1.08634980632273,0.200367259188048,1.22185141192648,TRUE,FALSE,TRUE
2400,31.390156062425,302.67839456316,0.255599382418706,-1.39410257265657,0.200164194618349,1.22160332238523,TRUE,FALSE,TRUE
2401,31.2629051620648,355.308182367246,0.277925183757274,0.0461319820077962,0.200978932527479,1.22259901448086,TRUE,FALSE,TRUE
2402,31.2629051620648,331.62337566859,0.267996987315532,-0.00977505992459688,0.200978932527479,1.22259901448086,TRUE,FALSE,TRUE
2403,31.390156062425,334.768449180954,0.269343617338497,-1.31709799143096,0.200164194618349,1.22160332238523,TRUE,FALSE,TRUE
2404,31.3265306122449,333.521142845761,0.268833148698546,-0.700750619269912,0.200570736190098,1.22210005588453,TRUE,FALSE,TRUE
2405,31.3265306122449,344.954273852307,0.273410006375997,-0.694209120092163,0.200570736190098,1.22210005588453,TRUE,FALSE,TRUE
2406,31.3583433373349,292.29140397484,0.251522461466685,-1.00106662225805,0.200367259188048,1.22185141192648,TRUE,FALSE,TRUE
2407,31.1992797118848,329.00111019248,0.267107573541938,0.607394738520517,0.201388793754304,1.22310021311678,TRUE,FALSE,TRUE
2408,31.1674669867947,282.950672600755,0.246933639322679,0.795042106270381,0.201594351887553,1.22335165715567,TRUE,FALSE,TRUE
2409,31.453781512605,307.995736068399,0.258221161058354,-1.96934842020558,0.199759297770337,1.22110879917268,TRUE,FALSE,TRUE
2410,31.3583433373349,302.422690655526,0.255850221250813,-1.00051875461237,0.200367259188048,1.22185141192648,TRUE,FALSE,TRUE
2411,31.3583433373349,323.995778368024,0.264497227054343,-1.0830098182045,0.200367259188048,1.22185141192648,TRUE,FALSE,TRUE
2412,31.3265306122449,327.089640141537,0.2662002559413,-0.616996818846465,0.200570736190098,1.22210005588453,TRUE,FALSE,TRUE
2413,31.1356542617047,283.342661879727,0.247085147614705,1.12507857982288,0.201800330077136,1.22360366686859,TRUE,FALSE,TRUE
2414,31.2629051620648,373.650484490389,0.28456642946641,-0.102914644839535,0.200978932527479,1.22259901448086,TRUE,FALSE,TRUE
2415,31.2947178871549,333.054908639057,0.268337202448423,-0.432785895503634,0.200774626882275,1.22234925611478,TRUE,FALSE,TRUE
2416,31.390156062425,318.008321278105,0.262313852430969,-1.34712874242707,0.200164194618349,1.22160332238523,TRUE,FALSE,TRUE
2417,31.2629051620648,238.842577139317,0.226772201285688,-0.123608656394137,0.200978932527479,1.22259901448086,TRUE,FALSE,TRUE
2418,31.2310924369748,384.82710022272,0.288644177084466,0.170097891389562,0.20118365439375,1.22284933285476,TRUE,FALSE,TRUE
2419,31.2947178871549,358.358750645937,0.278430695095932,-0.456077855503961,0.200774626882275,1.22234925611478,TRUE,FALSE,TRUE
2420,31.390156062425,322.542688793812,0.264455822313491,-1.25470857580768,0.200164194618349,1.22160332238523,TRUE,FALSE,TRUE
2421,31.3265306122449,327.576866362802,0.266153265866031,-0.77508352715226,0.200570736190098,1.22210005588453,TRUE,FALSE,TRUE
2422,31.453781512605,267.890524879673,0.240653725202817,-1.90134680346656,0.199759297770337,1.22110879917268,TRUE,FALSE,TRUE
2423,31.3265306122449,328.11147679203,0.266510705460052,-0.705814802701739,0.200570736190098,1.22210005588453,TRUE,FALSE,TRUE
2424,31.390156062425,320.000955699003,0.263127289304474,-1.3334506667661,0.200164194618349,1.22160332238523,TRUE,FALSE,TRUE
2425,31.453781512605,275.418510780576,0.243805217106962,-2.02538507119096,0.199759297770337,1.22110879917268,TRUE,FALSE,TRUE
2426,31.2629051620648,304.444968497655,0.256781421795854,-0.0218998311469156,0.200978932527479,1.22259901448086,TRUE,FALSE,TRUE
2427,31.390156062425,332.740611575357,0.268173152759126,-1.41554596667949,0.200164194618349,1.22160332238523,TRUE,FALSE,TRUE
2428,31.3583433373349,261.919755179224,0.237864100675021,-1.01448760428643,0.200367259188048,1.22185141192648,TRUE,FALSE,TRUE
2429,31.2947178871549,339.624069815666,0.271030962758703,-0.443108598857694,0.200774626882275,1.22234925611478,TRUE,FALSE,TRUE
2430,31.2629051620648,335.69330284769,0.269240569570479,-0.158773406257166,0.200978932527479,1.22259901448086,TRUE,FALSE,TRUE
2431,31.2310924369748,343.792913164637,0.272886357993457,0.248334985941429,0.20118365439375,1.22284933285476,TRUE,FALSE,TRUE
2432,31.3583433373349,285.5840003713,0.248449023040245,-1.05687517775632,0.200367259188048,1.22185141192648,TRUE,FALSE,TRUE
2433,31.3265306122449,271.394837182071,0.242159672206776,-0.677054124910687,0.200570736190098,1.22210005588453,TRUE,FALSE,TRUE
2434,31.390156062425,331.089927884563,0.267938498125472,-1.29579950383938,0.200164194618349,1.22160332238523,TRUE,FALSE,TRUE
2435,31.1992797118848,296.522797035871,0.253188331295708,0.574388333201518,0.201388793754304,1.22310021311678,TRUE,FALSE,TRUE
2436,31.4855942376951,291.805359984483,0.251138538645658,-2.25486988666136,0.199557463001834,1.22086236183153,TRUE,FALSE,TRUE
2437,31.2947178871549,382.040135159243,0.288154996288428,-0.328919079514948,0.200774626882275,1.22234925611478,TRUE,FALSE,TRUE
2438,31.3583433373349,286.771153121025,0.2486758120338,-1.0925816019625,0.200367259188048,1.22185141192648,TRUE,FALSE,TRUE
2439,31.2629051620648,346.677122843009,0.273977112243891,-0.070797275793565,0.200978932527479,1.22259901448086,TRUE,FALSE,TRUE
2440,31.3265306122449,324.247449790862,0.264868016795384,-0.71212224035881,0.200570736190098,1.22210005588453,TRUE,FALSE,TRUE
2441,31.2310924369748,269.677315944369,0.240917298392089,0.114050264425091,0.20118365439375,1.22284933285476,TRUE,FALSE,TRUE
2442,31.1992797118848,284.324726290208,0.247598842702379,0.525942044869944,0.201388793754304,1.22310021311678,TRUE,FALSE,TRUE
2443,31.3583433373349,346.872931127591,0.274106227376786,-1.00339787795429,0.200367259188048,1.22185141192648,TRUE,FALSE,TRUE
2444,31.3265306122449,262.944462321778,0.238148285246294,-0.708532381270774,0.200570736190098,1.22210005588453,TRUE,FALSE,TRUE
2445,31.2310924369748,330.050374369587,0.267107939245696,0.188662166724616,0.20118365439375,1.22284933285476,TRUE,FALSE,TRUE
2446,31.390156062425,394.107130617534,0.292634210192524,-1.30148779387234,0.200164194618349,1.22160332238523,TRUE,FALSE,TRUE
2447,31.421968787515,273.0653417522,0.242947944813604,-1.63752870663897,0.199961541228317,1.22135578541362,TRUE,FALSE,TRUE
2448,31.2629051620648,323.110810464115,0.264405707263387,-0.116962115923915,0.200978932527479,1.22259901448086,TRUE,FALSE,TRUE
2449,31.2947178871549,268.627941487868,0.240705003990458,-0.430915783812179,0.200774626882275,1.22234925611478,TRUE,FALSE,TRUE
2450,31.2629051620648,303.717071788541,0.256225421386609,-0.0829018282177784,0.200978932527479,1.22259901448086,TRUE,FALSE,TRUE
2451,31.453781512605,329.753503282428,0.26722667653973,-1.98621643902607,0.199759297770337,1.22110879917268,TRUE,FALSE,TRUE
2452,31.421968787515,291.979502876069,0.251520267720151,-1.5858250252609,0.199961541228317,1.22135578541362,TRUE,FALSE,TRUE
2453,31.453781512605,277.504792246721,0.244984995420815,-1.94475550323536,0.199759297770337,1.22110879917268,TRUE,FALSE,TRUE
2454,31.421968787515,395.174600365877,0.292776034870139,-1.71946946668477,0.199961541228317,1.22135578541362,TRUE,FALSE,TRUE
2455,31.2629051620648,338.343625687404,0.270667305778858,-0.0579735354082395,0.200978932527479,1.22259901448086,TRUE,FALSE,TRUE
2456,31.1674669867947,371.475653437089,0.283826641623068,0.878166551970512,0.201594351887553,1.22335165715567,TRUE,FALSE,TRUE
2457,31.2629051620648,298.417240486181,0.254132711897523,-0.0742497784535119,0.200978932527479,1.22259901448086,TRUE,FALSE,TRUE
2458,31.390156062425,255.197068648521,0.23451772992085,-1.36223014474111,0.200164194618349,1.22160332238523,TRUE,FALSE,TRUE
2459,31.1992797118848,311.679481859632,0.258771081248905,0.358040072935356,0.201388793754304,1.22310021311678,TRUE,FALSE,TRUE
2460,31.3583433373349,308.10090518279,0.258051258414855,-1.0310158407569,0.200367259188048,1.22185141192648,TRUE,FALSE,TRUE
2461,31.1992797118848,288.521531599801,0.24931371225,0.480947124463769,0.201388793754304,1.22310021311678,TRUE,FALSE,TRUE
2462,31.2947178871549,275.889230247775,0.244119686471317,-0.393553802411187,0.200774626882275,1.22234925611478,TRUE,FALSE,TRUE
2463,31.4855942376951,330.111519824854,0.267226498611489,-2.32009710624695,0.199557463001834,1.22086236183153,TRUE,FALSE,TRUE
2464,31.2310924369748,291.052096498053,0.250500113671837,0.152566558323693,0.20118365439375,1.22284933285476,TRUE,FALSE,TRUE
2465,31.390156062425,367.810762349468,0.282403711057727,-1.33617295387356,0.200164194618349,1.22160332238523,TRUE,FALSE,TRUE
2466,31.3265306122449,299.750587638539,0.254748171047546,-0.6635979615118,0.200570736190098,1.22210005588453,TRUE,FALSE,TRUE
2467,31.3583433373349,370.826301839997,0.283472864158739,-1.02079512872208,0.200367259188048,1.22185141192648,TRUE,FALSE,TRUE
2468,31.3265306122449,303.217452321622,0.255864425336952,-0.757296604147271,0.200570736190098,1.22210005588453,TRUE,FALSE,TRUE
2469,31.2629051620648,328.487444882828,0.266691906275494,-0.0429612367549667,0.200978932527479,1.22259901448086,TRUE,FALSE,TRUE
2470,31.3265306122449,280.441376875844,0.246129578971838,-0.680184017676404,0.200570736190098,1.22210005588453,TRUE,FALSE,TRUE
2471,31.2947178871549,301.01977161055,0.255168521047341,-0.37003279917006,0.200774626882275,1.22234925611478,TRUE,FALSE,TRUE
2472,31.3583433373349,285.59769511501,0.248401304506419,-1.04046022543802,0.200367259188048,1.22185141192648,TRUE,FALSE,TRUE
2473,31.3265306122449,295.767070655408,0.253068777954876,-0.645850991220496,0.200570736190098,1.22210005588453,TRUE,FALSE,TRUE
2474,31.390156062425,358.310935489567,0.278977097636646,-1.27970628520705,0.200164194618349,1.22160332238523,TRUE,FALSE,TRUE
2475,31.2629051620648,311.724214983195,0.259803057583253,-0.0670542802455639,0.200978932527479,1.22259901448086,TRUE,FALSE,TRUE
2476,31.3583433373349,271.78412384464,0.242153688644848,-1.07905471288482,0.200367259188048,1.22185141192648,TRUE,FALSE,TRUE
2477,31.2947178871549,315.823958444439,0.261281751040106,-0.40639549747635,0.200774626882275,1.22234925611478,TRUE,FALSE,TRUE
2478,31.2310924369748,347.257771669282,0.2739457481919,0.166733376202381,0.20118365439375,1.22284933285476,TRUE,FALSE,TRUE
2479,31.3583433373349,304.567962077067,0.256288937789508,-1.13114038710333,0.200367259188048,1.22185141192648,TRUE,FALSE,TRUE
2480,31.2947178871549,347.536902451843,0.273916317032329,-0.519756954837673,0.200774626882275,1.22234925611478,TRUE,FALSE,TRUE
2481,31.2947178871549,283.181157426568,0.247554045315898,-0.330002296616562,0.200774626882275,1.22234925611478,TRUE,FALSE,TRUE
2482,31.2947178871549,287.585779567162,0.249486206833381,-0.361160492750914,0.200774626882275,1.22234925611478,TRUE,FALSE,TRUE
2483,31.2310924369748,305.59714382961,0.256762625734075,0.169907263606241,0.20118365439375,1.22284933285476,TRUE,FALSE,TRUE
2484,31.3265306122449,319.199017170403,0.2629152345462,-0.713233979556755,0.200570736190098,1.22210005588453,TRUE,FALSE,TRUE
2485,31.3265306122449,378.045046003788,0.286246243595408,-0.728670548470724,0.200570736190098,1.22210005588453,TRUE,FALSE,TRUE
2486,31.2629051620648,334.739852799001,0.2689252034216,-0.138376008302279,0.200978932527479,1.22259901448086,TRUE,FALSE,TRUE
2487,31.3265306122449,307.588245541326,0.257839261594089,-0.717580581088215,0.200570736190098,1.22210005588453,TRUE,FALSE,TRUE
2488,31.2947178871549,311.581610945432,0.25930446551466,-0.482058778635648,0.200774626882275,1.22234925611478,TRUE,FALSE,TRUE
2489,31.3583433373349,336.267192421261,0.269676760090322,-1.07892804052886,0.200367259188048,1.22185141192648,TRUE,FALSE,TRUE
2490,31.2310924369748,282.966483797596,0.247351458420163,0.260500094523924,0.20118365439375,1.22284933285476,TRUE,FALSE,TRUE
2491,31.3265306122449,329.796066223743,0.267334293386378,-0.68750371140867,0.200570736190098,1.22210005588453,TRUE,FALSE,TRUE
2492,31.390156062425,316.441618274125,0.261711928276845,-1.33250411764241,0.200164194618349,1.22160332238523,TRUE,FALSE,TRUE
2493,31.3583433373349,353.7423847465,0.276946177392484,-0.980293716502736,0.200367259188048,1.22185141192648,TRUE,FALSE,TRUE
2494,31.2310924369748,341.071261798862,0.271911629353011,0.259609830860758,0.20118365439375,1.22284933285476,TRUE,FALSE,TRUE
2495,31.2629051620648,303.885938631296,0.256239345012209,-0.0791537102101417,0.200978932527479,1.22259901448086,TRUE,FALSE,TRUE
2496,31.3583433373349,275.021427547872,0.243564435167847,-1.07044770810595,0.200367259188048,1.22185141192648,TRUE,FALSE,TRUE
2497,31.390156062425,348.547617166921,0.274574943862884,-1.35896268022933,0.200164194618349,1.22160332238523,TRUE,FALSE,TRUE
2498,31.2947178871549,338.768810187184,0.27077497194332,-0.384953218608952,0.200774626882275,1.22234925611478,TRUE,FALSE,TRUE
2499,31.1674669867947,347.619406526041,0.274451030240894,0.897638919954724,0.201594351887553,1.22335165715567,TRUE,FALSE,TRUE
2500,31.421968787515,346.96239224323,0.273961067112411,-1.69599090040048,0.199961541228317,1.22135578541362,TRUE,FALSE,TRUE
2501,31.390156062425,311.308050053354,0.259537008708425,-1.33910663050303,0.200164194618349,1.22160332238523,TRUE,FALSE,TRUE
2502,31.1992797118848,303.229547996366,0.25611443829974,0.573894100743352,0.201388793754304,1.22310021311678,TRUE,FALSE,TRUE
2503,31.2310924369748,350.599259556248,0.275342529353765,0.173032169013005,0.20118365439375,1.22284933285476,TRUE,FALSE,TRUE
2504,31.3265306122449,305.897130452478,0.257252552938437,-0.702476242344369,0.200570736190098,1.22210005588453,TRUE,FALSE,TRUE
2505,31.0720288115246,332.753668941216,0.267583872779574,1.68596769818835,0.202213551786137,1.22410939094784,TRUE,FALSE,TRUE
2506,31.1674669867947,250.743014400481,0.232618656280903,0.879130191736544,0.201594351887553,1.22335165715567,TRUE,FALSE,TRUE
2507,31.2629051620648,311.300628519368,0.259361772183704,-0.134354682685268,0.200978932527479,1.22259901448086,TRUE,FALSE,TRUE
2508,31.3265306122449,276.496997152619,0.244053108643582,-0.805828173586439,0.200570736190098,1.22210005588453,TRUE,FALSE,TRUE
2509,31.2629051620648,329.199726212734,0.267006389763489,-0.0294921841469867,0.200978932527479,1.22259901448086,TRUE,FALSE,TRUE
2510,31.3583433373349,304.570174948465,0.256823153359353,-0.999205867612409,0.200367259188048,1.22185141192648,TRUE,FALSE,TRUE
2511,31.3583433373349,302.810319733154,0.255861567828037,-1.03470185728971,0.200367259188048,1.22185141192648,TRUE,FALSE,TRUE
2512,31.1992797118848,347.732380535476,0.274412194489136,0.548952405251646,0.201388793754304,1.22310021311678,TRUE,FALSE,TRUE
2513,31.2947178871549,358.413638069005,0.278566464229757,-0.399852900281649,0.200774626882275,1.22234925611478,TRUE,FALSE,TRUE
2514,31.2947178871549,276.125904771093,0.244189608419051,-0.384967041110318,0.200774626882275,1.22234925611478,TRUE,FALSE,TRUE
2515,31.1356542617047,286.087319551829,0.248038305069767,1.06849177902745,0.201800330077136,1.22360366686859,TRUE,FALSE,TRUE
2516,31.2629051620648,311.667415584246,0.259337399438082,-0.164098664800062,0.200978932527479,1.22259901448086,TRUE,FALSE,TRUE
2517,31.2947178871549,317.732325379843,0.261915205948753,-0.441429418827297,0.200774626882275,1.22234925611478,TRUE,FALSE,TRUE
2518,31.421968787515,304.064306558271,0.256541706026572,-1.65673727149337,0.199961541228317,1.22135578541362,TRUE,FALSE,TRUE
2519,31.3583433373349,331.112900027095,0.267647467391361,-1.06731074684194,0.200367259188048,1.22185141192648,TRUE,FALSE,TRUE
2520,31.390156062425,287.280245957882,0.249039846308238,-1.37970409607044,0.200164194618349,1.22160332238523,TRUE,FALSE,TRUE
2521,31.3265306122449,365.780098369431,0.281664486005713,-0.689265276080398,0.200570736190098,1.22210005588453,TRUE,FALSE,TRUE
2522,31.3583433373349,342.5841457435,0.272286361233443,-1.03334960943986,0.200367259188048,1.22185141192648,TRUE,FALSE,TRUE
2523,31.3265306122449,297.102714793621,0.253511815314642,-0.683286855718876,0.200570736190098,1.22210005588453,TRUE,FALSE,TRUE
2524,31.3583433373349,293.84588084771,0.252095495913977,-1.00562920506146,0.200367259188048,1.22185141192648,TRUE,FALSE,TRUE
2525,31.390156062425,341.743179962376,0.271891427612768,-1.36398637204498,0.200164194618349,1.22160332238523,TRUE,FALSE,TRUE
2526,31.2629051620648,319.788528648478,0.262577912603912,-0.196961285553164,0.200978932527479,1.22259901448086,TRUE,FALSE,TRUE
2527,31.3265306122449,293.506508235435,0.251851396013553,-0.695532312197664,0.200570736190098,1.22210005588453,TRUE,FALSE,TRUE
2528,31.3265306122449,289.343165744147,0.249955731341426,-0.72837986951653,0.200570736190098,1.22210005588453,TRUE,FALSE,TRUE
2529,31.2310924369748,298.528479409256,0.253936327130432,0.214296306388465,0.20118365439375,1.22284933285476,TRUE,FALSE,TRUE
2530,31.2629051620648,269.303181560949,0.241236881949531,-0.079111405056442,0.200978932527479,1.22259901448086,TRUE,FALSE,TRUE
2531,31.1992797118848,269.828201756431,0.241079527620812,0.468787490494191,0.201388793754304,1.22310021311678,TRUE,FALSE,TRUE
2532,31.3583433373349,272.465358000203,0.24254774787135,-0.982255808111011,0.200367259188048,1.22185141192648,TRUE,FALSE,TRUE
2533,31.390156062425,320.540842006601,0.263599339344797,-1.29612261751437,0.200164194618349,1.22160332238523,TRUE,FALSE,TRUE
2534,31.2947178871549,255.175838271161,0.234553458064088,-0.424801703587667,0.200774626882275,1.22234925611478,TRUE,FALSE,TRUE
2535,31.2310924369748,280.964201589453,0.246293974003617,0.24000752966084,0.20118365439375,1.22284933285476,TRUE,FALSE,TRUE
2536,31.2947178871549,282.738936732144,0.247043368765525,-0.418794627849566,0.200774626882275,1.22234925611478,TRUE,FALSE,TRUE
2537,31.2310924369748,335.900621860387,0.269423326171927,0.189454753155315,0.20118365439375,1.22284933285476,TRUE,FALSE,TRUE
2538,31.421968787515,363.679419806843,0.280803230559161,-1.60465512910586,0.199961541228317,1.22135578541362,TRUE,FALSE,TRUE
2539,31.1038415366146,336.265318297135,0.269420510187534,1.43758097438203,0.202006729611941,1.22385624416124,TRUE,FALSE,TRUE
2540,31.390156062425,346.87659702402,0.273938431429818,-1.36919466415082,0.200164194618349,1.22160332238523,TRUE,FALSE,TRUE
2541,31.3265306122449,288.860532301411,0.249958024619913,-0.697359278570608,0.200570736190098,1.22210005588453,TRUE,FALSE,TRUE
2542,31.3265306122449,311.377022360699,0.259653816028867,-0.689879230807929,0.200570736190098,1.22210005588453,TRUE,FALSE,TRUE
2543,31.2629051620648,383.269425021785,0.288411730747526,-0.0419273822059584,0.200978932527479,1.22259901448086,TRUE,FALSE,TRUE
2544,31.421968787515,342.695828527293,0.272406891581337,-1.6408777329634,0.199961541228317,1.22135578541362,TRUE,FALSE,TRUE
2545,31.453781512605,312.954131163755,0.260381101914425,-1.9337796176046,0.199759297770337,1.22110879917268,TRUE,FALSE,TRUE
2546,31.453781512605,307.37598874264,0.257811640744428,-1.9797464833945,0.199759297770337,1.22110879917268,TRUE,FALSE,TRUE
2547,31.3265306122449,278.163776129642,0.245265180148005,-0.668422591747926,0.200570736190098,1.22210005588453,TRUE,FALSE,TRUE
2548,31.2629051620648,320.266182331749,0.26313780605755,-0.0894320089042763,0.200978932527479,1.22259901448086,TRUE,FALSE,TRUE
2549,31.4855942376951,327.811290262879,0.266404596841678,-2.28971604509922,0.199557463001834,1.22086236183153,TRUE,FALSE,TRUE
2550,31.3583433373349,300.356915752764,0.255073742055992,-0.948417720044657,0.200367259188048,1.22185141192648,TRUE,FALSE,TRUE
2551,31.3583433373349,321.726505273056,0.263688686285199,-1.09537692261668,0.200367259188048,1.22185141192648,TRUE,FALSE,TRUE
2552,31.3583433373349,269.911020945597,0.241421149096845,-1.04410972043858,0.200367259188048,1.22185141192648,TRUE,FALSE,TRUE
2553,31.2310924369748,291.407503565565,0.250966505862461,0.238860225073682,0.20118365439375,1.22284933285476,TRUE,FALSE,TRUE
2554,31.2629051620648,316.900621741007,0.261539516308926,-0.140329716245471,0.200978932527479,1.22259901448086,TRUE,FALSE,TRUE
2555,31.2310924369748,370.459242751862,0.283337446854332,0.229335176396316,0.20118365439375,1.22284933285476,TRUE,FALSE,TRUE
2556,31.2947178871549,297.894884888537,0.253942495607511,-0.369875628757516,0.200774626882275,1.22234925611478,TRUE,FALSE,TRUE
2557,31.3583433373349,322.790653366116,0.264388044143245,-1.04141088113434,0.200367259188048,1.22185141192648,TRUE,FALSE,TRUE
2558,31.2947178871549,311.420137484459,0.259207722561744,-0.475764043675055,0.200774626882275,1.22234925611478,TRUE,FALSE,TRUE
2559,31.2629051620648,297.029787928756,0.253047389129204,-0.15911067837545,0.200978932527479,1.22259901448086,TRUE,FALSE,TRUE
2560,31.421968787515,346.537169994532,0.273987345772738,-1.66443263206452,0.199961541228317,1.22135578541362,TRUE,FALSE,TRUE
2561,31.2947178871549,326.436432364072,0.265458316196801,-0.48888088408909,0.200774626882275,1.22234925611478,TRUE,FALSE,TRUE
2562,31.3265306122449,297.142554300342,0.253020475093726,-0.833782167025405,0.200570736190098,1.22210005588453,TRUE,FALSE,TRUE
2563,31.2947178871549,371.044626742802,0.283351254320705,-0.444362987381318,0.200774626882275,1.22234925611478,TRUE,FALSE,TRUE
2564,31.2310924369748,309.19837414974,0.258362166934915,0.208277222592055,0.20118365439375,1.22284933285476,TRUE,FALSE,TRUE
2565,31.390156062425,267.333132188518,0.240084069080571,-1.38733491690837,0.200164194618349,1.22160332238523,TRUE,FALSE,TRUE
2566,31.2629051620648,290.14305649634,0.250618689526609,-0.0515532908594152,0.200978932527479,1.22259901448086,TRUE,FALSE,TRUE
2567,31.2947178871549,319.457471969424,0.262867200449386,-0.411572564438585,0.200774626882275,1.22234925611478,TRUE,FALSE,TRUE
2568,31.3265306122449,300.063552713588,0.254659054846991,-0.742206461645784,0.200570736190098,1.22210005588453,TRUE,FALSE,TRUE
2569,31.421968787515,296.366866339752,0.252949127960974,-1.72404707855058,0.199961541228317,1.22135578541362,TRUE,FALSE,TRUE
2570,31.2947178871549,328.846766881652,0.266897383754136,-0.403516707963089,0.200774626882275,1.22234925611478,TRUE,FALSE,TRUE
2571,31.2947178871549,369.523693668037,0.283197519891235,-0.394641744410898,0.200774626882275,1.22234925611478,TRUE,FALSE,TRUE
2572,31.3265306122449,306.680696987846,0.257303487489587,-0.781879094427167,0.200570736190098,1.22210005588453,TRUE,FALSE,TRUE
2573,31.2629051620648,289.423896094004,0.250302000481774,-0.0097766432808794,0.200978932527479,1.22259901448086,TRUE,FALSE,TRUE
2574,31.453781512605,350.261613746091,0.275416993700101,-1.9865189244279,0.199759297770337,1.22110879917268,TRUE,FALSE,TRUE
2575,31.2947178871549,308.135452718901,0.258149253480414,-0.401762001214352,0.200774626882275,1.22234925611478,TRUE,FALSE,TRUE
2576,31.3583433373349,280.241022857972,0.246217214439006,-0.996058893113054,0.200367259188048,1.22185141192648,TRUE,FALSE,TRUE
2577,31.2629051620648,372.468623893947,0.283930550834076,-0.149607862807848,0.200978932527479,1.22259901448086,TRUE,FALSE,TRUE
2578,31.2629051620648,359.028236856095,0.278686447693075,-0.151183753960773,0.200978932527479,1.22259901448086,TRUE,FALSE,TRUE
2579,31.390156062425,330.660157652905,0.267135803005506,-1.44467121794993,0.200164194618349,1.22160332238523,TRUE,FALSE,TRUE
2580,31.2310924369748,335.515276392354,0.269444733559346,0.198534858472969,0.20118365439375,1.22284933285476,TRUE,FALSE,TRUE
2581,31.2629051620648,334.690742254751,0.268474069975275,-0.25926811252992,0.200978932527479,1.22259901448086,TRUE,FALSE,TRUE
2582,31.390156062425,330.620494489281,0.267289235937148,-1.39100269995371,0.200164194618349,1.22160332238523,TRUE,FALSE,TRUE
2583,31.2947178871549,317.852217391018,0.2623209335581,-0.34447214059785,0.200774626882275,1.22234925611478,TRUE,FALSE,TRUE
2584,31.453781512605,326.302141183604,0.265915342599807,-1.93156859321094,0.199759297770337,1.22110879917268,TRUE,FALSE,TRUE
2585,31.3583433373349,251.793781585879,0.233178271355879,-0.979539442096607,0.200367259188048,1.22185141192648,TRUE,FALSE,TRUE
2586,31.3265306122449,282.56100687214,0.247279868675517,-0.655990614953776,0.200570736190098,1.22210005588453,TRUE,FALSE,TRUE
2587,31.1992797118848,343.911917352606,0.272713346555382,0.526321817038481,0.201388793754304,1.22310021311678,TRUE,FALSE,TRUE
2588,31.421968787515,298.009302503306,0.253698923940798,-1.72185805775425,0.199961541228317,1.22135578541362,TRUE,FALSE,TRUE
2589,31.390156062425,330.650972789402,0.267399725065084,-1.37984357898773,0.200164194618349,1.22160332238523,TRUE,FALSE,TRUE
2590,31.421968787515,275.891840120237,0.243715843385721,-1.78602093803525,0.199961541228317,1.22135578541362,TRUE,FALSE,TRUE
2591,31.2947178871549,314.2823128255,0.260838940971367,-0.36712418457671,0.200774626882275,1.22234925611478,TRUE,FALSE,TRUE
2592,31.2947178871549,307.217002150543,0.257748082184781,-0.422657122321024,0.200774626882275,1.22234925611478,TRUE,FALSE,TRUE
2593,31.2310924369748,271.528624886348,0.241598788309317,0.0909113811314701,0.20118365439375,1.22284933285476,TRUE,FALSE,TRUE
2594,31.3265306122449,322.998141994387,0.264359587147102,-0.704237484341195,0.200570736190098,1.22210005588453,TRUE,FALSE,TRUE
2595,31.390156062425,298.867286472592,0.254510314543054,-1.26787367692773,0.200164194618349,1.22160332238523,TRUE,FALSE,TRUE
2596,31.2629051620648,364.53552580407,0.280843655946148,-0.134988765096363,0.200978932527479,1.22259901448086,TRUE,FALSE,TRUE
2597,31.3265306122449,301.062292418528,0.254831334442404,-0.794631581791936,0.200570736190098,1.22210005588453,TRUE,FALSE,TRUE
2598,31.3265306122449,310.436004295846,0.258603064538383,-0.822547788453783,0.200570736190098,1.22210005588453,TRUE,FALSE,TRUE
2599,31.390156062425,297.480857138525,0.253709146689068,-1.31175139721192,0.200164194618349,1.22160332238523,TRUE,FALSE,TRUE
2600,31.2629051620648,345.109986796471,0.27343870073722,-0.052468649663099,0.200978932527479,1.22259901448086,TRUE,FALSE,TRUE
2601,31.2947178871549,331.882533542297,0.267940018120673,-0.373399125813805,0.200774626882275,1.22234925611478,TRUE,FALSE,TRUE
2602,31.3583433373349,262.461927030222,0.238073294683609,-1.02468739169713,0.200367259188048,1.22185141192648,TRUE,FALSE,TRUE
2603,31.2947178871549,283.341061172273,0.24724365258512,-0.453685206104095,0.200774626882275,1.22234925611478,TRUE,FALSE,TRUE
2604,31.3583433373349,334.467880196112,0.269122464725668,-0.998241672266203,0.200367259188048,1.22185141192648,TRUE,FALSE,TRUE
2605,31.5174069627851,289.40709640595,0.250156558917409,-2.58130386399668,0.199356035685252,1.22061647156741,TRUE,FALSE,TRUE
2606,31.2629051620648,400.192985634972,0.294604104602543,-0.103930694073826,0.200978932527479,1.22259901448086,TRUE,FALSE,TRUE
2607,31.390156062425,255.243325603169,0.234725299629442,-1.35261008972931,0.200164194618349,1.22160332238523,TRUE,FALSE,TRUE
2608,31.4855942376951,312.355478494445,0.260075998658799,-2.22499957793301,0.199557463001834,1.22086236183153,TRUE,FALSE,TRUE
2609,31.5492196878751,280.864440877267,0.246343027624214,-2.87177391141331,0.199155014588025,1.22037112656558,TRUE,FALSE,TRUE
2610,31.3265306122449,375.710859825117,0.285019377698156,-0.819645185189037,0.200570736190098,1.22210005588453,TRUE,FALSE,TRUE
2611,31.3265306122449,317.301321804478,0.262399434876088,-0.586134873094375,0.200570736190098,1.22210005588453,TRUE,FALSE,TRUE
2612,31.3583433373349,294.541581640948,0.252129810930839,-1.11316706765349,0.200367259188048,1.22185141192648,TRUE,FALSE,TRUE
2613,31.2947178871549,355.978936139432,0.27782298672286,-0.383910069252098,0.200774626882275,1.22234925611478,TRUE,FALSE,TRUE
2614,31.3583433373349,340.88333214726,0.271788356073673,-0.992951433304129,0.200367259188048,1.22185141192648,TRUE,FALSE,TRUE
2615,31.2629051620648,273.207721273845,0.242787002028053,-0.101460901769258,0.200978932527479,1.22259901448086,TRUE,FALSE,TRUE
2616,31.421968787515,285.705531875584,0.248593376385429,-1.63577064939515,0.199961541228317,1.22135578541362,TRUE,FALSE,TRUE
2617,31.2310924369748,306.2883262986,0.257233192554312,0.21132609262065,0.20118365439375,1.22284933285476,TRUE,FALSE,TRUE
2618,31.390156062425,275.658148216774,0.244020997298994,-1.32129676154447,0.200164194618349,1.22160332238523,TRUE,FALSE,TRUE
2619,31.3583433373349,306.990026726807,0.257752938821907,-1.04556293853154,0.200367259188048,1.22185141192648,TRUE,FALSE,TRUE
2620,31.5174069627851,364.654795100893,0.281208975420759,-2.59276853885279,0.199356035685252,1.22061647156741,TRUE,FALSE,TRUE
2621,31.390156062425,324.624570539112,0.264890997555994,-1.41770104211631,0.200164194618349,1.22160332238523,TRUE,FALSE,TRUE
2622,31.2947178871549,352.507371797626,0.276596731329917,-0.356056339320311,0.200774626882275,1.22234925611478,TRUE,FALSE,TRUE
2623,31.2629051620648,303.910982353665,0.256081975278306,-0.134518216870405,0.200978932527479,1.22259901448086,TRUE,FALSE,TRUE
2624,31.1356542617047,343.22084274775,0.272483670057034,1.20385613268663,0.201800330077136,1.22360366686859,TRUE,FALSE,TRUE
2625,31.3583433373349,317.699774006408,0.262032450085673,-1.06157008283031,0.200367259188048,1.22185141192648,TRUE,FALSE,TRUE
2626,31.3265306122449,314.028161865075,0.260251908163597,-0.820772455010954,0.200570736190098,1.22210005588453,TRUE,FALSE,TRUE
2627,31.2629051620648,290.20782066134,0.250370687230772,-0.101654564114885,0.200978932527479,1.22259901448086,TRUE,FALSE,TRUE
2628,31.2947178871549,333.65905686765,0.268638983756487,-0.412963642039078,0.200774626882275,1.22234925611478,TRUE,FALSE,TRUE
2629,31.390156062425,321.165165369295,0.263653339817418,-1.3549582700062,0.200164194618349,1.22160332238523,TRUE,FALSE,TRUE
2630,31.3583433373349,318.0867688232,0.262370053435691,-1.02100230855197,0.200367259188048,1.22185141192648,TRUE,FALSE,TRUE
2631,31.1674669867947,279.070117589296,0.245851132537102,0.941020612872249,0.201594351887553,1.22335165715567,TRUE,FALSE,TRUE
2632,31.390156062425,371.708362831911,0.283795995322265,-1.37674713118171,0.200164194618349,1.22160332238523,TRUE,FALSE,TRUE
2633,31.1038415366146,347.82067841049,0.274271243716241,1.50451779994117,0.202006729611941,1.22385624416124,TRUE,FALSE,TRUE
2634,31.4855942376951,332.311885185949,0.268237103018887,-2.26746049389959,0.199557463001834,1.22086236183153,TRUE,FALSE,TRUE
2635,31.1992797118848,286.563084016045,0.248621882563671,0.520124472698524,0.201388793754304,1.22310021311678,TRUE,FALSE,TRUE
2636,31.390156062425,356.193248901986,0.277718107240236,-1.36992900812469,0.200164194618349,1.22160332238523,TRUE,FALSE,TRUE
2637,31.2629051620648,328.48451336621,0.26641810518081,-0.144668492367284,0.200978932527479,1.22259901448086,TRUE,FALSE,TRUE
2638,31.3265306122449,350.958372585595,0.275583389930389,-0.749458276861826,0.200570736190098,1.22210005588453,TRUE,FALSE,TRUE
2639,31.2947178871549,365.692879493535,0.281724801415728,-0.360674463573101,0.200774626882275,1.22234925611478,TRUE,FALSE,TRUE
2640,31.2310924369748,293.248079990101,0.25175003111364,0.216988307147542,0.20118365439375,1.22284933285476,TRUE,FALSE,TRUE
2641,31.390156062425,322.594417092257,0.264126499966847,-1.3859935954007,0.200164194618349,1.22160332238523,TRUE,FALSE,TRUE
2642,31.3265306122449,347.475666969627,0.274726102349828,-0.609309235080401,0.200570736190098,1.22210005588453,TRUE,FALSE,TRUE
2643,31.2947178871549,272.944421926672,0.242693735000857,-0.440940682259693,0.200774626882275,1.22234925611478,TRUE,FALSE,TRUE
2644,31.390156062425,351.168386441026,0.275549604187336,-1.38951736096951,0.200164194618349,1.22160332238523,TRUE,FALSE,TRUE
2645,31.2947178871549,289.421037488912,0.249915005162578,-0.438009981098984,0.200774626882275,1.22234925611478,TRUE,FALSE,TRUE
2646,31.3265306122449,286.644619021905,0.248491932424481,-0.805895837232256,0.200570736190098,1.22210005588453,TRUE,FALSE,TRUE
2647,31.1992797118848,263.533813886938,0.238564916490327,0.556541181507165,0.201388793754304,1.22310021311678,TRUE,FALSE,TRUE
2648,31.2947178871549,257.251030865669,0.235644095460952,-0.420630563494279,0.200774626882275,1.22234925611478,TRUE,FALSE,TRUE
2649,31.421968787515,315.744153740247,0.261460044243491,-1.6397911224039,0.199961541228317,1.22135578541362,TRUE,FALSE,TRUE
2650,31.3265306122449,366.975540791699,0.28190076704957,-0.753556616085903,0.200570736190098,1.22210005588453,TRUE,FALSE,TRUE
2651,31.2310924369748,339.936293740029,0.271061921326739,0.179288786812842,0.20118365439375,1.22284933285476,TRUE,FALSE,TRUE
2652,31.453781512605,310.049531475526,0.258816091972161,-2.05421720947983,0.199759297770337,1.22110879917268,TRUE,FALSE,TRUE
2653,31.390156062425,272.621993649796,0.242912860356731,-1.30900933348881,0.200164194618349,1.22160332238523,TRUE,FALSE,TRUE
2654,31.421968787515,363.00418222941,0.280442823990752,-1.66260511394773,0.199961541228317,1.22135578541362,TRUE,FALSE,TRUE
2655,31.421968787515,290.55625919751,0.250481799251847,-1.66601272996778,0.199961541228317,1.22135578541362,TRUE,FALSE,TRUE
2656,31.2629051620648,322.97412599193,0.264415245678301,-0.0820942031096347,0.200978932527479,1.22259901448086,TRUE,FALSE,TRUE
2657,31.390156062425,308.086693613979,0.258536376932378,-1.276009200208,0.200164194618349,1.22160332238523,TRUE,FALSE,TRUE
2658,31.421968787515,357.33406883585,0.278273924067568,-1.64264000229392,0.199961541228317,1.22135578541362,TRUE,FALSE,TRUE
2659,31.421968787515,333.714861180221,0.268645901697821,-1.65837455232407,0.199961541228317,1.22135578541362,TRUE,FALSE,TRUE
2660,31.3265306122449,286.754608722225,0.249084784213675,-0.709748377893685,0.200570736190098,1.22210005588453,TRUE,FALSE,TRUE
2661,31.2310924369748,318.706865756558,0.262848608172269,0.310587866535531,0.20118365439375,1.22284933285476,TRUE,FALSE,TRUE
2662,31.3583433373349,307.638748185694,0.25799097187244,-1.02159200636153,0.200367259188048,1.22185141192648,TRUE,FALSE,TRUE
2663,31.2947178871549,362.774275686868,0.280575309754223,-0.347808209110912,0.200774626882275,1.22234925611478,TRUE,FALSE,TRUE
2664,31.2310924369748,280.340550369908,0.245840216426831,0.19363402468677,0.20118365439375,1.22284933285476,TRUE,FALSE,TRUE
2665,31.4855942376951,281.766207539679,0.246731215284189,-2.27415697748154,0.199557463001834,1.22086236183153,TRUE,FALSE,TRUE
2666,31.390156062425,345.240495841861,0.273502154310997,-1.33651660013336,0.200164194618349,1.22160332238523,TRUE,FALSE,TRUE
2667,31.1674669867947,319.581766455154,0.262349056408122,0.733444118131558,0.201594351887553,1.22335165715567,TRUE,FALSE,TRUE
2668,31.421968787515,276.688116342191,0.244523792028577,-1.65961020940693,0.199961541228317,1.22135578541362,TRUE,FALSE,TRUE
2669,31.3265306122449,297.66852361355,0.253630404783137,-0.699917105835037,0.200570736190098,1.22210005588453,TRUE,FALSE,TRUE
2670,31.2310924369748,339.58485381108,0.271400177163242,0.305302378191881,0.20118365439375,1.22284933285476,TRUE,FALSE,TRUE
2671,31.4855942376951,293.892694559839,0.251798539963499,-2.35328991560242,0.199557463001834,1.22086236183153,TRUE,FALSE,TRUE
2672,31.3583433373349,245.212720074195,0.230280726843482,-0.982857279535723,0.200367259188048,1.22185141192648,TRUE,FALSE,TRUE
2673,31.390156062425,349.555392607029,0.275082671889571,-1.38156166004094,0.200164194618349,1.22160332238523,TRUE,FALSE,TRUE
2674,31.3265306122449,321.254993740696,0.263692354437313,-0.721112286522818,0.200570736190098,1.22210005588453,TRUE,FALSE,TRUE
2675,31.2947178871549,283.796623003054,0.247702041035219,-0.371680423626468,0.200774626882275,1.22234925611478,TRUE,FALSE,TRUE
2676,31.1356542617047,330.702324249419,0.267247658144675,1.12969293804059,0.201800330077136,1.22360366686859,TRUE,FALSE,TRUE
2677,31.2947178871549,285.607132002219,0.248115584506289,-0.462637767650393,0.200774626882275,1.22234925611478,TRUE,FALSE,TRUE
2678,31.453781512605,368.597219840263,0.282804381517838,-1.93107062078891,0.199759297770337,1.22110879917268,TRUE,FALSE,TRUE
2679,31.3265306122449,318.500391050193,0.262238063655195,-0.790256172579336,0.200570736190098,1.22210005588453,TRUE,FALSE,TRUE
2680,31.1356542617047,305.597728474188,0.256702998658029,1.09486598915651,0.201800330077136,1.22360366686859,TRUE,FALSE,TRUE
2681,31.2310924369748,399.263539764434,0.294228980881638,0.226423106229618,0.20118365439375,1.22284933285476,TRUE,FALSE,TRUE
2682,31.2947178871549,344.022087968394,0.273173383522619,-0.372793329851366,0.200774626882275,1.22234925611478,TRUE,FALSE,TRUE
2683,31.2947178871549,328.300840124279,0.266539721265453,-0.38084717238779,0.200774626882275,1.22234925611478,TRUE,FALSE,TRUE
2684,31.2310924369748,290.246666702717,0.250192192750066,0.195347670200657,0.20118365439375,1.22284933285476,TRUE,FALSE,TRUE
2685,31.2947178871549,348.493995488548,0.274741465361965,-0.390386036034498,0.200774626882275,1.22234925611478,TRUE,FALSE,TRUE
2686,31.3265306122449,283.442766200488,0.247597253690898,-0.687367163929708,0.200570736190098,1.22210005588453,TRUE,FALSE,TRUE
2687,31.421968787515,286.031999252703,0.248677358238994,-1.65806311734079,0.199961541228317,1.22135578541362,TRUE,FALSE,TRUE
2688,31.2947178871549,321.276772691826,0.263710295073319,-0.4015266536602,0.200774626882275,1.22234925611478,TRUE,FALSE,TRUE
2689,31.1038415366146,305.547634127869,0.256818722643866,1.50643870262698,0.202006729611941,1.22385624416124,TRUE,FALSE,TRUE
2690,31.421968787515,276.332729574905,0.24439553177267,-1.59936782116853,0.199961541228317,1.22135578541362,TRUE,FALSE,TRUE
2691,31.453781512605,240.985566917515,0.227898161277623,-1.99385077260301,0.199759297770337,1.22110879917268,TRUE,FALSE,TRUE
2692,31.4855942376951,311.386179799803,0.259162411846086,-2.36515725336059,0.199557463001834,1.22086236183153,TRUE,FALSE,TRUE
2693,31.3265306122449,282.260178232047,0.246743655431979,-0.798491832519013,0.200570736190098,1.22210005588453,TRUE,FALSE,TRUE
2694,31.2947178871549,300.725177513909,0.255195601486274,-0.329929232417056,0.200774626882275,1.22234925611478,TRUE,FALSE,TRUE
2695,31.2947178871549,297.948052688804,0.253944277090163,-0.361999835767613,0.200774626882275,1.22234925611478,TRUE,FALSE,TRUE
2696,31.2629051620648,273.644271791299,0.242968557697218,-0.111237683064188,0.200978932527479,1.22259901448086,TRUE,FALSE,TRUE
2697,31.3265306122449,291.390942241213,0.250977106776533,-0.693064845778974,0.200570736190098,1.22210005588453,TRUE,FALSE,TRUE
2698,31.390156062425,346.610484665844,0.273889408371591,-1.39234887093163,0.200164194618349,1.22160332238523,TRUE,FALSE,TRUE
2699,31.3583433373349,272.682289122644,0.242722195653146,-1.01783777512865,0.200367259188048,1.22185141192648,TRUE,FALSE,TRUE
2700,31.3265306122449,304.088017363571,0.256443044750323,-0.703030261975145,0.200570736190098,1.22210005588453,TRUE,FALSE,TRUE
2701,31.2310924369748,312.750784851266,0.259489074370321,0.0776961423611989,0.20118365439375,1.22284933285476,TRUE,FALSE,TRUE
2702,31.2629051620648,283.084708153407,0.247235536607931,-0.0919919231494572,0.200978932527479,1.22259901448086,TRUE,FALSE,TRUE
2703,31.3583433373349,300.243484807056,0.254588277886887,-1.07386511906843,0.200367259188048,1.22185141192648,TRUE,FALSE,TRUE
2704,31.5810324129652,291.690406518538,0.251069904167763,3.10160773299263,0.198954398482556,1.22012632501933,TRUE,FALSE,TRUE
2705,31.1992797118848,305.828758782717,0.257249924512235,0.571841384935133,0.201388793754304,1.22310021311678,TRUE,FALSE,TRUE
2706,31.1038415366146,340.89339893662,0.27129296304649,1.43989026617691,0.202006729611941,1.22385624416124,TRUE,FALSE,TRUE
2707,31.2629051620648,308.312910304426,0.257968454445248,-0.16352798565847,0.200978932527479,1.22259901448086,TRUE,FALSE,TRUE
2708,31.3583433373349,316.381723019793,0.261260610008291,-1.09721485528199,0.200367259188048,1.22185141192648,TRUE,FALSE,TRUE
2709,31.3583433373349,333.384101690971,0.268707992957874,-1.04025552382177,0.200367259188048,1.22185141192648,TRUE,FALSE,TRUE
2710,31.2947178871549,312.393678871268,0.259761587979976,-0.447612640699733,0.200774626882275,1.22234925611478,TRUE,FALSE,TRUE
2711,31.3265306122449,301.657530565875,0.25550457785283,-0.654358386855359,0.200570736190098,1.22210005588453,TRUE,FALSE,TRUE
2712,31.3583433373349,281.422089428649,0.246770694585766,-0.981314218681306,0.200367259188048,1.22185141192648,TRUE,FALSE,TRUE
2713,31.1992797118848,299.477684250504,0.254505693774075,0.552957014265079,0.201388793754304,1.22310021311678,TRUE,FALSE,TRUE
2714,31.3265306122449,291.81197821064,0.250671880460929,-0.818771715420424,0.200570736190098,1.22210005588453,TRUE,FALSE,TRUE
2715,31.2629051620648,339.223893928075,0.270884837261923,-0.136440106391642,0.200978932527479,1.22259901448086,TRUE,FALSE,TRUE
2716,31.3265306122449,321.584656297205,0.263535091512977,-0.758904614605476,0.200570736190098,1.22210005588453,TRUE,FALSE,TRUE
2717,31.2629051620648,355.741904669464,0.277736613388088,-0.0620558976888146,0.200978932527479,1.22259901448086,TRUE,FALSE,TRUE
2718,31.2629051620648,296.662256775353,0.253181251087431,-0.0978222894814722,0.200978932527479,1.22259901448086,TRUE,FALSE,TRUE
2719,31.421968787515,290.139894555154,0.250439007540888,-1.6603273610492,0.199961541228317,1.22135578541362,TRUE,FALSE,TRUE
2720,31.2629051620648,347.342429638626,0.274426249912199,-0.0730701362837759,0.200978932527479,1.22259901448086,TRUE,FALSE,TRUE
2721,31.2310924369748,272.758849649853,0.24248385311576,0.164717135069212,0.20118365439375,1.22284933285476,TRUE,FALSE,TRUE
2722,31.2310924369748,306.245467982927,0.257299951750282,0.227300849488445,0.20118365439375,1.22284933285476,TRUE,FALSE,TRUE
2723,31.2629051620648,280.219000173391,0.246406311300061,0.00683783889318449,0.200978932527479,1.22259901448086,TRUE,FALSE,TRUE
2724,31.2629051620648,332.122238939192,0.267964061930176,-0.105423735956666,0.200978932527479,1.22259901448086,TRUE,FALSE,TRUE
2725,31.2947178871549,344.60745799437,0.272898743479435,-0.46836084208284,0.200774626882275,1.22234925611478,TRUE,FALSE,TRUE
2726,31.2947178871549,326.548456031874,0.266061059765389,-0.338538511419757,0.200774626882275,1.22234925611478,TRUE,FALSE,TRUE
2727,31.390156062425,400.805256601711,0.294914759224662,-1.34367413207624,0.200164194618349,1.22160332238523,TRUE,FALSE,TRUE
2728,31.2310924369748,303.218904051871,0.25573705660591,0.15717929112763,0.20118365439375,1.22284933285476,TRUE,FALSE,TRUE
2729,31.2629051620648,334.550391366879,0.269162471432144,-0.0528627299057951,0.200978932527479,1.22259901448086,TRUE,FALSE,TRUE
2730,31.2947178871549,280.91270487217,0.246515926050278,-0.347098379784829,0.200774626882275,1.22234925611478,TRUE,FALSE,TRUE
2731,31.2947178871549,302.724816899276,0.255662939139035,-0.443732896681109,0.200774626882275,1.22234925611478,TRUE,FALSE,TRUE
2732,31.3265306122449,289.035784217703,0.250119405412069,-0.669664677978398,0.200570736190098,1.22210005588453,TRUE,FALSE,TRUE
2733,31.3583433373349,322.299149488262,0.264162769382248,-1.0347900134975,0.200367259188048,1.22185141192648,TRUE,FALSE,TRUE
2734,31.1992797118848,402.197099640878,0.295408026731237,0.568242302054181,0.201388793754304,1.22310021311678,TRUE,FALSE,TRUE
2735,31.5174069627851,306.548393377865,0.25761242717068,-2.56289276032877,0.199356035685252,1.22061647156741,TRUE,FALSE,TRUE
2736,31.2947178871549,309.605310897615,0.258673644066305,-0.399028574500319,0.200774626882275,1.22234925611478,TRUE,FALSE,TRUE
2737,31.390156062425,291.559569101336,0.251165148708138,-1.28807971091395,0.200164194618349,1.22160332238523,TRUE,FALSE,TRUE
2738,31.3583433373349,358.532256401384,0.278514996437352,-1.06065579721682,0.200367259188048,1.22185141192648,TRUE,FALSE,TRUE
2739,31.3265306122449,290.2389977221,0.250569105885277,-0.69062804691092,0.200570736190098,1.22210005588453,TRUE,FALSE,TRUE
2740,31.2310924369748,325.206824432676,0.265483608417909,0.283841352550813,0.20118365439375,1.22284933285476,TRUE,FALSE,TRUE
2741,31.421968787515,305.410407312408,0.257102849591198,-1.59778535543899,0.199961541228317,1.22135578541362,TRUE,FALSE,TRUE
2742,31.421968787515,326.408489093825,0.265641208179663,-1.6416088463351,0.199961541228317,1.22135578541362,TRUE,FALSE,TRUE
2743,31.2310924369748,356.879060294056,0.277884661598668,0.192995695730308,0.20118365439375,1.22284933285476,TRUE,FALSE,TRUE
2744,31.3583433373349,327.052879396973,0.266160031238632,-1.03709836895744,0.200367259188048,1.22185141192648,TRUE,FALSE,TRUE
2745,31.390156062425,322.17872787704,0.264146940935636,-1.32231406115452,0.200164194618349,1.22160332238523,TRUE,FALSE,TRUE
2746,31.2947178871549,319.839662041445,0.263092447210754,-0.391803478957682,0.200774626882275,1.22234925611478,TRUE,FALSE,TRUE
2747,31.390156062425,320.885511977878,0.263543668520026,-1.3182863983222,0.200164194618349,1.22160332238523,TRUE,FALSE,TRUE
2748,31.2310924369748,327.61184760933,0.266233167607746,0.242683223806808,0.20118365439375,1.22284933285476,TRUE,FALSE,TRUE
2749,31.2629051620648,285.42259262399,0.248255204524492,-0.105407344964373,0.200978932527479,1.22259901448086,TRUE,FALSE,TRUE
2750,31.3265306122449,326.539165108711,0.265822447236988,-0.750806370956918,0.200570736190098,1.22210005588453,TRUE,FALSE,TRUE
2751,31.3265306122449,338.500933751865,0.270533915244135,-0.744405901622456,0.200570736190098,1.22210005588453,TRUE,FALSE,TRUE
2752,31.2947178871549,278.198191321196,0.244906477858808,-0.449335645583885,0.200774626882275,1.22234925611478,TRUE,FALSE,TRUE
2753,31.390156062425,340.654185606108,0.271473835247296,-1.38791159663879,0.200164194618349,1.22160332238523,TRUE,FALSE,TRUE
2754,31.2629051620648,306.39238429183,0.257632433823323,-0.0217831102057042,0.200978932527479,1.22259901448086,TRUE,FALSE,TRUE
2755,31.1992797118848,273.515615352447,0.243443054810384,0.667708013097733,0.201388793754304,1.22310021311678,TRUE,FALSE,TRUE
2756,31.390156062425,286.643077966965,0.248947736440259,-1.3253614426332,0.200164194618349,1.22160332238523,TRUE,FALSE,TRUE
2757,31.1674669867947,298.110870256267,0.253684352751282,0.851571336580677,0.201594351887553,1.22335165715567,TRUE,FALSE,TRUE
2758,31.453781512605,374.860046277347,0.285126975063841,-2.0110896565201,0.199759297770337,1.22110879917268,TRUE,FALSE,TRUE
2759,31.390156062425,287.097119539178,0.249157840983656,-1.31601189779562,0.200164194618349,1.22160332238523,TRUE,FALSE,TRUE
2760,31.2310924369748,294.0973069024,0.251828536136194,0.183412865791741,0.20118365439375,1.22284933285476,TRUE,FALSE,TRUE
2761,31.2629051620648,353.352045786457,0.276964042918508,-0.0327026385155693,0.200978932527479,1.22259901448086,TRUE,FALSE,TRUE
2762,31.3265306122449,312.877218099119,0.260010414263395,-0.790097807244586,0.200570736190098,1.22210005588453,TRUE,FALSE,TRUE
2763,31.1356542617047,242.990982758263,0.228749930579057,1.14297971469297,0.201800330077136,1.22360366686859,TRUE,FALSE,TRUE
2764,31.421968787515,356.571177910861,0.277721951331086,-1.70229560162584,0.199961541228317,1.22135578541362,TRUE,FALSE,TRUE
2765,31.453781512605,323.581301509601,0.264792542627396,-1.88035819866494,0.199759297770337,1.22110879917268,TRUE,FALSE,TRUE
2766,31.3583433373349,321.704432781547,0.263921682506819,-1.04127109099032,0.200367259188048,1.22185141192648,TRUE,FALSE,TRUE
2767,31.2947178871549,317.518487497353,0.261911599052816,-0.438407021718333,0.200774626882275,1.22234925611478,TRUE,FALSE,TRUE
2768,31.2629051620648,318.537021440752,0.26244379572665,-0.104609024273849,0.200978932527479,1.22259901448086,TRUE,FALSE,TRUE
2769,31.3265306122449,292.525909391206,0.251481903714225,-0.695360351186705,0.200570736190098,1.22210005588453,TRUE,FALSE,TRUE
2770,31.390156062425,313.476228175659,0.260156505300846,-1.41054075034727,0.200164194618349,1.22160332238523,TRUE,FALSE,TRUE
2771,31.2310924369748,336.55063616171,0.269930026493043,0.245808675092204,0.20118365439375,1.22284933285476,TRUE,FALSE,TRUE
2772,31.2629051620648,380.324190280197,0.28698260383378,-0.120263265330418,0.200978932527479,1.22259901448086,TRUE,FALSE,TRUE
2773,31.390156062425,318.06847538482,0.262188486155924,-1.3551603672859,0.200164194618349,1.22160332238523,TRUE,FALSE,TRUE
2774,31.390156062425,346.83363876722,0.273859166378578,-1.41800799125363,0.200164194618349,1.22160332238523,TRUE,FALSE,TRUE
2775,31.3265306122449,352.279091679113,0.276426778094333,-0.658614281786522,0.200570736190098,1.22210005588453,TRUE,FALSE,TRUE
2776,31.3583433373349,345.155558692871,0.2735524042185,-0.994967991185102,0.200367259188048,1.22185141192648,TRUE,FALSE,TRUE
2777,31.1038415366146,219.994064301272,0.217539187711811,1.44654927511642,0.202006729611941,1.22385624416124,TRUE,FALSE,TRUE
2778,31.3583433373349,320.790357668135,0.263461760292669,-1.01757928017454,0.200367259188048,1.22185141192648,TRUE,FALSE,TRUE
2779,31.3583433373349,385.655502592675,0.289284844566858,-1.00300702441823,0.200367259188048,1.22185141192648,TRUE,FALSE,TRUE
2780,31.421968787515,358.02505593959,0.278491366166417,-1.69100358945605,0.199961541228317,1.22135578541362,TRUE,FALSE,TRUE
2781,31.3265306122449,280.227890606008,0.246280969788244,-0.641060831822045,0.200570736190098,1.22210005588453,TRUE,FALSE,TRUE
2782,31.2947178871549,338.001620213213,0.270673777033559,-0.352483236531565,0.200774626882275,1.22234925611478,TRUE,FALSE,TRUE
2783,31.453781512605,363.624549635913,0.280650460060894,-1.96720199135905,0.199759297770337,1.22110879917268,TRUE,FALSE,TRUE
2784,31.1992797118848,315.113129075816,0.260467807768626,0.406725547571048,0.201388793754304,1.22310021311678,TRUE,FALSE,TRUE
2785,31.3583433373349,345.137720383478,0.273364274112184,-1.04056070607217,0.200367259188048,1.22185141192648,TRUE,FALSE,TRUE
2786,31.3265306122449,364.917150433257,0.281113973381117,-0.749298025534636,0.200570736190098,1.22210005588453,TRUE,FALSE,TRUE
2787,31.2947178871549,316.779778812805,0.261551861473777,-0.433220920465129,0.200774626882275,1.22234925611478,TRUE,FALSE,TRUE
2788,31.1674669867947,278.837954813591,0.244965748165892,0.762866728739191,0.201594351887553,1.22335165715567,TRUE,FALSE,TRUE
2789,31.3265306122449,352.07496683171,0.276102750409459,-0.721530679919221,0.200570736190098,1.22210005588453,TRUE,FALSE,TRUE
2790,31.2310924369748,339.672893965992,0.271161383000148,0.233844734882792,0.20118365439375,1.22284933285476,TRUE,FALSE,TRUE
2791,31.2947178871549,293.016508094218,0.25164362293353,-0.416920019276575,0.200774626882275,1.22234925611478,TRUE,FALSE,TRUE
2792,31.3583433373349,289.815775925011,0.250045938791365,-1.09706284024043,0.200367259188048,1.22185141192648,TRUE,FALSE,TRUE
2793,31.3265306122449,375.922762691516,0.285194923421646,-0.79956181152601,0.200570736190098,1.22210005588453,TRUE,FALSE,TRUE
2794,31.2947178871549,274.492071686082,0.243739980946454,-0.310626463966679,0.200774626882275,1.22234925611478,TRUE,FALSE,TRUE
2795,31.2947178871549,351.552527882876,0.276064193342889,-0.375254256578816,0.200774626882275,1.22234925611478,TRUE,FALSE,TRUE
2796,31.2310924369748,416.644596923522,0.300763492873762,0.236587389031266,0.20118365439375,1.22284933285476,TRUE,FALSE,TRUE
2797,31.390156062425,315.323318676578,0.261302145446534,-1.28899710343133,0.200164194618349,1.22160332238523,TRUE,FALSE,TRUE
2798,31.3265306122449,341.894215946656,0.272239782482287,-0.697023258911144,0.200570736190098,1.22210005588453,TRUE,FALSE,TRUE
2799,31.390156062425,323.622342694005,0.264716441797108,-1.33384513701584,0.200164194618349,1.22160332238523,TRUE,FALSE,TRUE
2800,31.3265306122449,268.298461151491,0.24056981805483,-0.788535021265366,0.200570736190098,1.22210005588453,TRUE,FALSE,TRUE
2801,31.3265306122449,335.391586665909,0.268898806604057,-0.86031935760874,0.200570736190098,1.22210005588453,TRUE,FALSE,TRUE
2802,31.1992797118848,351.293665859063,0.276006793259367,0.586276093003945,0.201388793754304,1.22310021311678,TRUE,FALSE,TRUE
2803,31.2947178871549,328.950427806552,0.266708704033998,-0.460985990594512,0.200774626882275,1.22234925611478,TRUE,FALSE,TRUE
2804,31.421968787515,338.999822627417,0.270765194537645,-1.73469322244941,0.199961541228317,1.22135578541362,TRUE,FALSE,TRUE
2805,31.390156062425,310.934848048224,0.259099855327532,-1.40505515343675,0.200164194618349,1.22160332238523,TRUE,FALSE,TRUE
2806,31.2947178871549,388.098370921755,0.290346990738894,-0.327825513357505,0.200774626882275,1.22234925611478,TRUE,FALSE,TRUE
2807,31.390156062425,319.620935609702,0.26307748763028,-1.31212803292947,0.200164194618349,1.22160332238523,TRUE,FALSE,TRUE
2808,31.4855942376951,318.786688880994,0.26263581269016,-2.27483105648362,0.199557463001834,1.22086236183153,TRUE,FALSE,TRUE
2809,31.3265306122449,339.527217171807,0.270883817615669,-0.768663621375157,0.200570736190098,1.22210005588453,TRUE,FALSE,TRUE
2810,31.2629051620648,319.134381834876,0.262777721358653,-0.095258856934119,0.200978932527479,1.22259901448086,TRUE,FALSE,TRUE
2811,31.2947178871549,368.443570982263,0.282361569086462,-0.454805844474308,0.200774626882275,1.22234925611478,TRUE,FALSE,TRUE
2812,31.3265306122449,360.462113055934,0.279053855059227,-0.83049203319787,0.200570736190098,1.22210005588453,TRUE,FALSE,TRUE
2813,31.5174069627851,408.668688683272,0.297790311975776,-2.60100952983997,0.199356035685252,1.22061647156741,TRUE,FALSE,TRUE
2814,31.1992797118848,361.962203231279,0.279712100363147,0.471542276946794,0.201388793754304,1.22310021311678,TRUE,FALSE,TRUE
2815,31.3265306122449,334.171672805447,0.269065312373409,-0.682373639388814,0.200570736190098,1.22210005588453,TRUE,FALSE,TRUE
2816,31.5174069627851,350.314879838051,0.275247843119593,-2.62853575132414,0.199356035685252,1.22061647156741,TRUE,FALSE,TRUE
2817,31.3583433373349,381.534676684553,0.287526427416484,-1.06597050311809,0.200367259188048,1.22185141192648,TRUE,FALSE,TRUE
2818,31.3583433373349,342.022827354172,0.272042208239559,-1.08503939419009,0.200367259188048,1.22185141192648,TRUE,FALSE,TRUE
2819,31.3583433373349,397.826082240308,0.294182535237664,-0.975180636825539,0.200367259188048,1.22185141192648,TRUE,FALSE,TRUE
2820,31.3265306122449,376.976819657052,0.285884040768058,-0.713489128713906,0.200570736190098,1.22210005588453,TRUE,FALSE,TRUE
2821,31.390156062425,272.125239401804,0.242556549821796,-1.32687324011371,0.200164194618349,1.22160332238523,TRUE,FALSE,TRUE
2822,31.390156062425,308.902388578517,0.258763318790568,-1.28365658499385,0.200164194618349,1.22160332238523,TRUE,FALSE,TRUE
2823,31.390156062425,323.525931492204,0.264897948616463,-1.30002532670534,0.200164194618349,1.22160332238523,TRUE,FALSE,TRUE
2824,31.2629051620648,320.570320684279,0.263196538789005,-0.124506611399254,0.200978932527479,1.22259901448086,TRUE,FALSE,TRUE
2825,31.453781512605,329.19467428994,0.267107144334963,-1.93995132564171,0.199759297770337,1.22110879917268,TRUE,FALSE,TRUE
2826,31.3265306122449,306.596097576844,0.257471047821762,-0.716252674009028,0.200570736190098,1.22210005588453,TRUE,FALSE,TRUE
2827,31.2947178871549,294.956284502265,0.252491187894748,-0.392580971233383,0.200774626882275,1.22234925611478,TRUE,FALSE,TRUE
2828,31.3583433373349,350.712664732387,0.275542537536741,-1.04132333210611,0.200367259188048,1.22185141192648,TRUE,FALSE,TRUE
2829,31.2629051620648,341.259419958567,0.271996246437458,-0.0399992037941895,0.200978932527479,1.22259901448086,TRUE,FALSE,TRUE
2830,31.1992797118848,314.761035884964,0.260757906760858,0.506644530057736,0.201388793754304,1.22310021311678,TRUE,FALSE,TRUE
2831,31.3583433373349,339.263987704268,0.270920654982353,-1.08597444392869,0.200367259188048,1.22185141192648,TRUE,FALSE,TRUE
2832,31.3583433373349,378.540023883962,0.286437379750727,-1.05355823128931,0.200367259188048,1.22185141192648,TRUE,FALSE,TRUE
2833,31.3265306122449,291.084801859583,0.250774738639244,-0.708655930700565,0.200570736190098,1.22210005588453,TRUE,FALSE,TRUE
2834,31.1356542617047,348.32783379483,0.274723726074248,1.23504530443381,0.201800330077136,1.22360366686859,TRUE,FALSE,TRUE
2835,31.3265306122449,295.816394851098,0.252563729826206,-0.810988958852986,0.200570736190098,1.22210005588453,TRUE,FALSE,TRUE
2836,31.3265306122449,367.937107970899,0.282607785802594,-0.673476770675043,0.200570736190098,1.22210005588453,TRUE,FALSE,TRUE
2837,31.453781512605,342.336112603124,0.272423517474921,-1.95284089174565,0.199759297770337,1.22110879917268,TRUE,FALSE,TRUE
2838,31.2947178871549,281.392882219603,0.246428309262593,-0.451370536207628,0.200774626882275,1.22234925611478,TRUE,FALSE,TRUE
2839,31.2310924369748,319.985716674424,0.263081535835361,0.236737311885366,0.20118365439375,1.22284933285476,TRUE,FALSE,TRUE
2840,31.3265306122449,355.499406110732,0.277535539896692,-0.72759373943502,0.200570736190098,1.22210005588453,TRUE,FALSE,TRUE
2841,31.3583433373349,370.986544972773,0.283422949899106,-1.07125532311108,0.200367259188048,1.22185141192648,TRUE,FALSE,TRUE
2842,31.3265306122449,293.857640263779,0.25207144418967,-0.688093838645079,0.200570736190098,1.22210005588453,TRUE,FALSE,TRUE
2843,31.1992797118848,349.563575664656,0.2755843356933,0.654826566626381,0.201388793754304,1.22310021311678,TRUE,FALSE,TRUE
2844,31.2947178871549,358.640179242383,0.278953250181815,-0.359112528000838,0.200774626882275,1.22234925611478,TRUE,FALSE,TRUE
2845,31.390156062425,304.784336049929,0.25698159498071,-1.29978919399243,0.200164194618349,1.22160332238523,TRUE,FALSE,TRUE
2846,31.2629051620648,330.934245095218,0.267241951268475,-0.188475213867129,0.200978932527479,1.22259901448086,TRUE,FALSE,TRUE
2847,31.390156062425,272.669502259832,0.242602704860213,-1.34833167133647,0.200164194618349,1.22160332238523,TRUE,FALSE,TRUE
2848,31.2629051620648,297.56285854409,0.253711691427317,-0.0734204768349362,0.200978932527479,1.22259901448086,TRUE,FALSE,TRUE
2849,31.2310924369748,405.580036213762,0.296483171354921,0.20577521400728,0.20118365439375,1.22284933285476,TRUE,FALSE,TRUE
2850,31.3265306122449,249.61481075137,0.231970440808906,-0.749926147547855,0.200570736190098,1.22210005588453,TRUE,FALSE,TRUE
2851,31.421968787515,315.291808360175,0.261430945387821,-1.60483672323126,0.199961541228317,1.22135578541362,TRUE,FALSE,TRUE
2852,31.3583433373349,304.524799602848,0.256881901643721,-0.944772949513667,0.200367259188048,1.22185141192648,TRUE,FALSE,TRUE
2853,31.2310924369748,297.990341981123,0.253893524696821,0.247177855947458,0.20118365439375,1.22284933285476,TRUE,FALSE,TRUE
2854,31.421968787515,265.334526970278,0.239255411225844,-1.65605716797091,0.199961541228317,1.22135578541362,TRUE,FALSE,TRUE
2855,31.421968787515,297.253255387913,0.253532083573089,-1.64077304546356,0.199961541228317,1.22135578541362,TRUE,FALSE,TRUE
2856,31.390156062425,353.994075570194,0.277064055888685,-1.31433918607791,0.200164194618349,1.22160332238523,TRUE,FALSE,TRUE
2857,31.4855942376951,332.257143304465,0.268330375520983,-2.2393379847101,0.199557463001834,1.22086236183153,TRUE,FALSE,TRUE
2858,31.390156062425,329.109798789416,0.266724550653083,-1.39187375069502,0.200164194618349,1.22160332238523,TRUE,FALSE,TRUE
2859,31.421968787515,307.190902032188,0.257744656011374,-1.64155872795003,0.199961541228317,1.22135578541362,TRUE,FALSE,TRUE
2860,31.3265306122449,340.394857804688,0.271310502926405,-0.753295324740888,0.200570736190098,1.22210005588453,TRUE,FALSE,TRUE
2861,31.2629051620648,355.738324774471,0.277566626295234,-0.131260393993415,0.200978932527479,1.22259901448086,TRUE,FALSE,TRUE
2862,31.421968787515,308.745871626379,0.258292512014402,-1.69158888108913,0.199961541228317,1.22135578541362,TRUE,FALSE,TRUE
2863,31.2629051620648,227.344602619911,0.221519783505377,-0.052195510096921,0.200978932527479,1.22259901448086,TRUE,FALSE,TRUE
2864,31.421968787515,320.678275734142,0.263092717631019,-1.76057438849587,0.199961541228317,1.22135578541362,TRUE,FALSE,TRUE
2865,31.2310924369748,321.599230226983,0.263804077858866,0.251075163764144,0.20118365439375,1.22284933285476,TRUE,FALSE,TRUE
2866,31.390156062425,343.056094143199,0.272595053773883,-1.31022494037426,0.200164194618349,1.22160332238523,TRUE,FALSE,TRUE
2867,31.2629051620648,270.937781552439,0.241870604002946,-0.0989633695360799,0.200978932527479,1.22259901448086,TRUE,FALSE,TRUE
2868,31.3265306122449,356.97305166318,0.278183849207182,-0.724598695479612,0.200570736190098,1.22210005588453,TRUE,FALSE,TRUE
2869,31.1992797118848,290.884719026293,0.250414081111991,0.475985354913902,0.201388793754304,1.22310021311678,TRUE,FALSE,TRUE
2870,31.2947178871549,284.160350890818,0.247960845210367,-0.36120275250477,0.200774626882275,1.22234925611478,TRUE,FALSE,TRUE
2871,31.1038415366146,319.430541903417,0.262352739805146,1.39599424543811,0.202006729611941,1.22385624416124,TRUE,FALSE,TRUE
2872,31.2629051620648,366.775114320775,0.282047634332675,-0.083090876262609,0.200978932527479,1.22259901448086,TRUE,FALSE,TRUE
2873,31.3265306122449,297.358440882185,0.253321759633351,-0.76302458753576,0.200570736190098,1.22210005588453,TRUE,FALSE,TRUE
2874,31.453781512605,288.579463810154,0.249391546122208,-2.09904185902363,0.199759297770337,1.22110879917268,TRUE,FALSE,TRUE
2875,31.2629051620648,355.484598324544,0.277602987013788,-0.0812081231313326,0.200978932527479,1.22259901448086,TRUE,FALSE,TRUE
2876,31.1992797118848,327.54595580029,0.266324344157958,0.568503214620642,0.201388793754304,1.22310021311678,TRUE,FALSE,TRUE
2877,31.2310924369748,329.657290105962,0.267080451047876,0.213511336177048,0.20118365439375,1.22284933285476,TRUE,FALSE,TRUE
2878,31.3583433373349,324.14228002094,0.264885306321646,-0.995265309200359,0.200367259188048,1.22185141192648,TRUE,FALSE,TRUE
2879,31.3583433373349,398.399278203332,0.294235587403771,-0.975329342395638,0.200367259188048,1.22185141192648,TRUE,FALSE,TRUE
2880,31.2947178871549,346.291262892612,0.273891852453898,-0.366999774800748,0.200774626882275,1.22234925611478,TRUE,FALSE,TRUE
2881,31.3583433373349,351.415143473643,0.276201752713311,-0.940743105319252,0.200367259188048,1.22185141192648,TRUE,FALSE,TRUE
2882,31.2947178871549,281.046126359881,0.246472987655303,-0.388216246011342,0.200774626882275,1.22234925611478,TRUE,FALSE,TRUE
2883,31.1038415366146,360.296388638581,0.279005304139764,1.44674181447256,0.202006729611941,1.22385624416124,TRUE,FALSE,TRUE
2884,31.421968787515,363.504981822616,0.28062848086039,-1.6750001499929,0.199961541228317,1.22135578541362,TRUE,FALSE,TRUE
2885,31.390156062425,331.067957057732,0.267535161281196,-1.36992049966709,0.200164194618349,1.22160332238523,TRUE,FALSE,TRUE
2886,31.390156062425,359.601672725828,0.279284131388531,-1.29825540607938,0.200164194618349,1.22160332238523,TRUE,FALSE,TRUE
2887,31.3265306122449,342.810007887664,0.272377655132963,-0.706349851251003,0.200570736190098,1.22210005588453,TRUE,FALSE,TRUE
2888,31.3265306122449,316.712674827119,0.26183501407553,-0.66095998091413,0.200570736190098,1.22210005588453,TRUE,FALSE,TRUE
2889,31.2629051620648,306.187101377408,0.257493746150343,-0.0113338923816133,0.200978932527479,1.22259901448086,TRUE,FALSE,TRUE
2890,31.2629051620648,317.865357710942,0.262236257525922,-0.0486001563656349,0.200978932527479,1.22259901448086,TRUE,FALSE,TRUE
2891,31.3265306122449,334.520742303732,0.269256539057068,-0.68534552881707,0.200570736190098,1.22210005588453,TRUE,FALSE,TRUE
2892,31.2947178871549,325.003842609319,0.265103365671042,-0.405154164292889,0.200774626882275,1.22234925611478,TRUE,FALSE,TRUE
2893,31.3583433373349,401.638817295332,0.29487660212524,-1.13576300520372,0.200367259188048,1.22185141192648,TRUE,FALSE,TRUE
2894,31.2947178871549,341.71873084713,0.272244565378864,-0.328595895365486,0.200774626882275,1.22234925611478,TRUE,FALSE,TRUE
2895,31.3265306122449,290.936157420014,0.250833780655539,-0.679324181886839,0.200570736190098,1.22210005588453,TRUE,FALSE,TRUE
2896,31.3583433373349,282.736055518728,0.246963191419225,-1.10339174766457,0.200367259188048,1.22185141192648,TRUE,FALSE,TRUE
2897,31.421968787515,301.988499799554,0.255348119281718,-1.70755630412331,0.199961541228317,1.22135578541362,TRUE,FALSE,TRUE
2898,31.2947178871549,291.733905638656,0.250954025901118,-0.433710154885964,0.200774626882275,1.22234925611478,TRUE,FALSE,TRUE
2899,31.390156062425,425.458828864665,0.304060747449712,-1.33926732019059,0.200164194618349,1.22160332238523,TRUE,FALSE,TRUE
2900,31.1992797118848,346.683235469611,0.274123998612096,0.583401474022928,0.201388793754304,1.22310021311678,TRUE,FALSE,TRUE
2901,31.3583433373349,280.381723383743,0.24619750218148,-1.00981447736542,0.200367259188048,1.22185141192648,TRUE,FALSE,TRUE
2902,31.3265306122449,397.098239321795,0.293483996398122,-0.724932136665607,0.200570736190098,1.22210005588453,TRUE,FALSE,TRUE
2903,31.3583433373349,329.899054324288,0.267078710993163,-1.05215869075506,0.200367259188048,1.22185141192648,TRUE,FALSE,TRUE
2904,31.3583433373349,387.35565736943,0.289537374016717,-1.12190601143016,0.200367259188048,1.22185141192648,TRUE,FALSE,TRUE
2905,31.3583433373349,328.926932358627,0.266627180732923,-1.07444017423274,0.200367259188048,1.22185141192648,TRUE,FALSE,TRUE
2906,31.421968787515,298.322721842366,0.253987446511109,-1.67078301840444,0.199961541228317,1.22135578541362,TRUE,FALSE,TRUE
2907,31.390156062425,315.852199416793,0.261516156271003,-1.33479700449175,0.200164194618349,1.22160332238523,TRUE,FALSE,TRUE
2908,31.2629051620648,388.948814252697,0.290540918870607,-0.0677129468539237,0.200978932527479,1.22259901448086,TRUE,FALSE,TRUE
2909,31.3265306122449,363.257394669444,0.280794222131349,-0.655272163474928,0.200570736190098,1.22210005588453,TRUE,FALSE,TRUE
2910,31.2947178871549,328.804930674865,0.266824780160753,-0.376714783502632,0.200774626882275,1.22234925611478,TRUE,FALSE,TRUE
2911,31.390156062425,308.459745559352,0.258502822861608,-1.3021509983106,0.200164194618349,1.22160332238523,TRUE,FALSE,TRUE
2912,31.390156062425,291.318532477581,0.250675329316872,-1.42685225373295,0.200164194618349,1.22160332238523,TRUE,FALSE,TRUE
2913,31.6128451380552,325.26192424386,0.265311691971083,2.80650661695966,0.198754186146186,1.21988206512987,TRUE,FALSE,TRUE
2914,31.3265306122449,335.469991846341,0.26953522036805,-0.691289000576041,0.200570736190098,1.22210005588453,TRUE,FALSE,TRUE
2915,31.2310924369748,329.140571588171,0.266982856987338,0.226884403951453,0.20118365439375,1.22284933285476,TRUE,FALSE,TRUE
2916,31.4855942376951,329.101837987766,0.266724327614329,-2.37826586225398,0.199557463001834,1.22086236183153,TRUE,FALSE,TRUE
2917,31.3265306122449,267.961534377544,0.240486698112748,-0.712294857547189,0.200570736190098,1.22210005588453,TRUE,FALSE,TRUE
2918,31.1038415366146,282.140543649067,0.246611653189359,1.46063951188206,0.202006729611941,1.22385624416124,TRUE,FALSE,TRUE
2919,31.3265306122449,323.319087480481,0.264354628628621,-0.734767004328361,0.200570736190098,1.22210005588453,TRUE,FALSE,TRUE
2920,31.2310924369748,343.470928317205,0.2726102430111,0.204757228574669,0.20118365439375,1.22284933285476,TRUE,FALSE,TRUE
2921,31.2310924369748,330.523254244123,0.267193082046093,0.169606547430859,0.20118365439375,1.22284933285476,TRUE,FALSE,TRUE
2922,31.390156062425,330.606082430484,0.26735085534703,-1.4022979289013,0.200164194618349,1.22160332238523,TRUE,FALSE,TRUE
2923,31.2629051620648,354.719480215972,0.277170736590777,-0.0861355145384843,0.200978932527479,1.22259901448086,TRUE,FALSE,TRUE
2924,31.3265306122449,317.491145355585,0.261926798110801,-0.740641443059339,0.200570736190098,1.22210005588453,TRUE,FALSE,TRUE
2925,31.6128451380552,317.95014699543,0.26224337979965,2.74509291007824,0.198754186146186,1.21988206512987,TRUE,FALSE,TRUE
2926,31.2947178871549,342.033013271405,0.272302492569971,-0.350131628914706,0.200774626882275,1.22234925611478,TRUE,FALSE,TRUE
2927,31.3583433373349,353.102587880037,0.276672677381791,-1.01167261356545,0.200367259188048,1.22185141192648,TRUE,FALSE,TRUE
2928,31.390156062425,347.216075970165,0.274232626444844,-1.36709209564529,0.200164194618349,1.22160332238523,TRUE,FALSE,TRUE
2929,31.3583433373349,360.474738433539,0.279647312709557,-1.01371461394608,0.200367259188048,1.22185141192648,TRUE,FALSE,TRUE
2930,31.2310924369748,327.735789658247,0.266242629717667,0.211776194323658,0.20118365439375,1.22284933285476,TRUE,FALSE,TRUE
2931,31.3265306122449,291.359320711558,0.251056147669731,-0.638312436702258,0.200570736190098,1.22210005588453,TRUE,FALSE,TRUE
2932,31.3265306122449,363.877575685959,0.28067857580717,-0.775859454713715,0.200570736190098,1.22210005588453,TRUE,FALSE,TRUE
2933,31.1992797118848,297.002548343492,0.253094067769081,0.490262937942399,0.201388793754304,1.22310021311678,TRUE,FALSE,TRUE
2934,31.4855942376951,357.882288426979,0.278554658211169,-2.27244787711059,0.199557463001834,1.22086236183153,TRUE,FALSE,TRUE
2935,31.3265306122449,386.72327319905,0.289188120010787,-0.789606184153024,0.200570736190098,1.22210005588453,TRUE,FALSE,TRUE
2936,31.3265306122449,305.880872757817,0.257087270449297,-0.734817507687809,0.200570736190098,1.22210005588453,TRUE,FALSE,TRUE
2937,31.4855942376951,328.266328806553,0.266437153328743,-2.27750247317235,0.199557463001834,1.22086236183153,TRUE,FALSE,TRUE
2938,31.1356542617047,287.241542835117,0.249008509489131,1.17489418205918,0.201800330077136,1.22360366686859,TRUE,FALSE,TRUE
2939,31.421968787515,302.011295963306,0.255305863091276,-1.73252136341535,0.199961541228317,1.22135578541362,TRUE,FALSE,TRUE
2940,31.3265306122449,294.262149494952,0.252304991771429,-0.695388894651242,0.200570736190098,1.22210005588453,TRUE,FALSE,TRUE
2941,31.2947178871549,331.065395282718,0.267668525474819,-0.437620071789895,0.200774626882275,1.22234925611478,TRUE,FALSE,TRUE
2942,31.3583433373349,266.338652385147,0.239825312103515,-1.03158114117527,0.200367259188048,1.22185141192648,TRUE,FALSE,TRUE
2943,31.2629051620648,266.619300448605,0.23996973472193,-0.0455442969403157,0.200978932527479,1.22259901448086,TRUE,FALSE,TRUE
2944,31.390156062425,244.765030128648,0.229565325158875,-1.42370841648762,0.200164194618349,1.22160332238523,TRUE,FALSE,TRUE
2945,31.3583433373349,295.432003682312,0.252565005798726,-1.05184850961002,0.200367259188048,1.22185141192648,TRUE,FALSE,TRUE
2946,31.453781512605,271.392356110287,0.242271415720332,-1.87852259564312,0.199759297770337,1.22110879917268,TRUE,FALSE,TRUE
2947,31.1674669867947,353.826894998257,0.276756022727881,0.852668589193882,0.201594351887553,1.22335165715567,TRUE,FALSE,TRUE
2948,31.3583433373349,358.409295281391,0.278312186545657,-1.11959778482758,0.200367259188048,1.22185141192648,TRUE,FALSE,TRUE
2949,31.2947178871549,294.156507564919,0.252123190904532,-0.398255922060082,0.200774626882275,1.22234925611478,TRUE,FALSE,TRUE
2950,31.3265306122449,346.023836956256,0.273856262180554,-0.711611848203684,0.200570736190098,1.22210005588453,TRUE,FALSE,TRUE
2951,31.2947178871549,359.177403154517,0.279145350053318,-0.381203254139409,0.200774626882275,1.22234925611478,TRUE,FALSE,TRUE
2952,31.2947178871549,338.561018017342,0.271132551969167,-0.304889478842409,0.200774626882275,1.22234925611478,TRUE,FALSE,TRUE
2953,31.2947178871549,349.759492105941,0.275427208724514,-0.362707588320584,0.200774626882275,1.22234925611478,TRUE,FALSE,TRUE
2954,31.3583433373349,322.777215922499,0.264618768939237,-0.963729359739402,0.200367259188048,1.22185141192648,TRUE,FALSE,TRUE
2955,31.2947178871549,337.067428163698,0.270086724364887,-0.400136487687789,0.200774626882275,1.22234925611478,TRUE,FALSE,TRUE
2956,31.2629051620648,288.116391850603,0.249582454239444,-0.0871404459185203,0.200978932527479,1.22259901448086,TRUE,FALSE,TRUE
2957,31.390156062425,331.744625789294,0.267823656689606,-1.40949609532436,0.200164194618349,1.22160332238523,TRUE,FALSE,TRUE
2958,31.1674669867947,297.048785711944,0.253253659050006,0.835395917311079,0.201594351887553,1.22335165715567,TRUE,FALSE,TRUE
2959,31.3265306122449,356.511890827649,0.277716107465398,-0.770534280243529,0.200570736190098,1.22210005588453,TRUE,FALSE,TRUE
2960,31.2310924369748,317.192052426642,0.262161930780135,0.281835395648719,0.20118365439375,1.22284933285476,TRUE,FALSE,TRUE
2961,31.2629051620648,301.974217935421,0.255446215772539,-0.124174089769963,0.200978932527479,1.22259901448086,TRUE,FALSE,TRUE
2962,31.2310924369748,313.527867236956,0.260445285578701,0.220471305220295,0.20118365439375,1.22284933285476,TRUE,FALSE,TRUE
2963,31.2947178871549,295.553412078448,0.253076877639592,-0.310521148603526,0.200774626882275,1.22234925611478,TRUE,FALSE,TRUE
2964,31.3265306122449,331.262694602169,0.267887246322825,-0.696540422964416,0.200570736190098,1.22210005588453,TRUE,FALSE,TRUE
2965,31.3265306122449,318.512031043777,0.262348567739916,-0.719568096439505,0.200570736190098,1.22210005588453,TRUE,FALSE,TRUE
2966,31.3583433373349,317.299876535106,0.261973164154584,-1.06282008198701,0.200367259188048,1.22185141192648,TRUE,FALSE,TRUE
2967,31.3583433373349,268.197213684207,0.240566440256236,-1.08593463066176,0.200367259188048,1.22185141192648,TRUE,FALSE,TRUE
2968,31.3265306122449,302.504185482275,0.256274994693638,-0.563442688998913,0.200570736190098,1.22210005588453,TRUE,FALSE,TRUE
2969,31.421968787515,279.124973114968,0.245530135627603,-1.67224560643066,0.199961541228317,1.22135578541362,TRUE,FALSE,TRUE
2970,31.421968787515,350.044581451313,0.27525146502707,-1.64365266387026,0.199961541228317,1.22135578541362,TRUE,FALSE,TRUE
2971,31.1992797118848,311.059517370565,0.258946232257815,0.443790533107308,0.201388793754304,1.22310021311678,TRUE,FALSE,TRUE
2972,31.3583433373349,331.726360666165,0.26764915459709,-1.09819855926804,0.200367259188048,1.22185141192648,TRUE,FALSE,TRUE
2973,31.421968787515,340.678014608559,0.271540431111315,-1.68618541647854,0.199961541228317,1.22135578541362,TRUE,FALSE,TRUE
2974,31.2947178871549,332.173996183692,0.268166192393523,-0.374026076301311,0.200774626882275,1.22234925611478,TRUE,FALSE,TRUE
2975,31.3265306122449,369.548091523656,0.282909207427237,-0.751395386952472,0.200570736190098,1.22210005588453,TRUE,FALSE,TRUE
2976,31.1992797118848,281.269481996222,0.246290927461671,0.510379587477649,0.201388793754304,1.22310021311678,TRUE,FALSE,TRUE
2977,31.3265306122449,397.082201926781,0.293596870521473,-0.710827184720669,0.200570736190098,1.22210005588453,TRUE,FALSE,TRUE
2978,31.2310924369748,357.996226945369,0.277909186308219,0.102919044134655,0.20118365439375,1.22284933285476,TRUE,FALSE,TRUE
2979,31.2629051620648,312.866915748908,0.260376445173214,-0.0474939597693967,0.200978932527479,1.22259901448086,TRUE,FALSE,TRUE
2980,31.421968787515,305.138237043517,0.256797339464574,-1.66658184634741,0.199961541228317,1.22135578541362,TRUE,FALSE,TRUE
2981,31.3583433373349,353.823497306078,0.276836489093175,-1.04347528431331,0.200367259188048,1.22185141192648,TRUE,FALSE,TRUE
2982,31.421968787515,315.463653504499,0.26149347542495,-1.55927939835182,0.199961541228317,1.22135578541362,TRUE,FALSE,TRUE
2983,31.5174069627851,296.705333994614,0.253386846819974,-2.5393747037114,0.199356035685252,1.22061647156741,TRUE,FALSE,TRUE
2984,31.2310924369748,334.353576323984,0.269156892150396,0.254195181464157,0.20118365439375,1.22284933285476,TRUE,FALSE,TRUE
2985,31.2947178871549,241.199344169664,0.228054793176284,-0.409661573000511,0.200774626882275,1.22234925611478,TRUE,FALSE,TRUE
2986,31.3583433373349,345.960355997782,0.273576270319747,-1.05403784738677,0.200367259188048,1.22185141192648,TRUE,FALSE,TRUE
2987,31.3265306122449,379.125607251767,0.286830007700621,-0.73241726835454,0.200570736190098,1.22210005588453,TRUE,FALSE,TRUE
2988,31.1992797118848,335.391798125085,0.269205357544293,0.485509058769474,0.201388793754304,1.22310021311678,TRUE,FALSE,TRUE
2989,31.2310924369748,359.805743494647,0.279351787896334,0.300988316119807,0.20118365439375,1.22284933285476,TRUE,FALSE,TRUE
2990,31.4855942376951,278.674806968669,0.245218964489302,-2.34702026715885,0.199557463001834,1.22086236183153,TRUE,FALSE,TRUE
2991,31.390156062425,327.236348874431,0.266140349362625,-1.33582822731685,0.200164194618349,1.22160332238523,TRUE,FALSE,TRUE
2992,31.2947178871549,298.123733481192,0.253550021116572,-0.487061503126947,0.200774626882275,1.22234925611478,TRUE,FALSE,TRUE
2993,31.2629051620648,380.088399576933,0.286546700998765,-0.203622632476902,0.200978932527479,1.22259901448086,TRUE,FALSE,TRUE
2994,31.3265306122449,401.948450301058,0.295441887546526,-0.684979861609058,0.200570736190098,1.22210005588453,TRUE,FALSE,TRUE
2995,31.3265306122449,329.623361536192,0.266852339776921,-0.770396938836814,0.200570736190098,1.22210005588453,TRUE,FALSE,TRUE
2996,31.421968787515,265.255217697641,0.239438362392771,-1.61966213119878,0.199961541228317,1.22135578541362,TRUE,FALSE,TRUE
2997,31.421968787515,251.666486629287,0.232927545451751,-1.70237471893104,0.199961541228317,1.22135578541362,TRUE,FALSE,TRUE
2998,31.1992797118848,296.86124376233,0.253467078061224,0.581323762479932,0.201388793754304,1.22310021311678,TRUE,FALSE,TRUE
2999,31.2310924369748,328.201668618961,0.266366588357166,0.225463736398898,0.20118365439375,1.22284933285476,TRUE,FALSE,TRUE
3000,31.390156062425,329.809505263676,0.266894004867877,-1.42304602295658,0.200164194618349,1.22160332238523,TRUE,FALSE,TRUE
3001,31.421968787515,275.280912670452,0.243854826052739,-1.62884026408146,0.199961541228317,1.22135578541362,TRUE,FALSE,TRUE
3002,31.1992797118848,342.35923022536,0.272145658480021,0.560232079705765,0.201388793754304,1.22310021311678,TRUE,FALSE,TRUE
3003,31.2310924369748,304.064121139773,0.256199033335266,0.191579523094562,0.20118365439375,1.22284933285476,TRUE,FALSE,TRUE
3004,31.453781512605,330.468996615839,0.267170745254998,-2.01204824277903,0.199759297770337,1.22110879917268,TRUE,FALSE,TRUE
3005,31.3583433373349,267.757960561515,0.240619273041628,-1.02259537842785,0.200367259188048,1.22185141192648,TRUE,FALSE,TRUE
3006,31.2629051620648,270.782555836459,0.242014905645796,-0.0245672809601755,0.200978932527479,1.22259901448086,TRUE,FALSE,TRUE
3007,31.2629051620648,324.459133803022,0.265246501126193,0.0254089003865566,0.200978932527479,1.22259901448086,TRUE,FALSE,TRUE
3008,31.2629051620648,328.126764250409,0.266139506021317,-0.187005521106115,0.200978932527479,1.22259901448086,TRUE,FALSE,TRUE
3009,31.390156062425,348.294794495999,0.274526550787893,-1.37479815231508,0.200164194618349,1.22160332238523,TRUE,FALSE,TRUE
3010,31.2629051620648,314.016880146955,0.2600351970805,-0.203679769716905,0.200978932527479,1.22259901448086,TRUE,FALSE,TRUE
3011,31.2947178871549,295.480372674426,0.252581521287308,-0.43405585491507,0.200774626882275,1.22234925611478,TRUE,FALSE,TRUE
3012,31.3265306122449,321.55236035679,0.263740214759014,-0.733279968071032,0.200570736190098,1.22210005588453,TRUE,FALSE,TRUE
3013,31.2947178871549,309.54312607825,0.258522770331024,-0.418087462319049,0.200774626882275,1.22234925611478,TRUE,FALSE,TRUE
3014,31.390156062425,255.003477048423,0.234912088765616,-1.22146968565197,0.200164194618349,1.22160332238523,TRUE,FALSE,TRUE
3015,31.390156062425,330.227113851878,0.267428402423624,-1.30206534020339,0.200164194618349,1.22160332238523,TRUE,FALSE,TRUE
3016,31.2629051620648,336.959035457576,0.27005907990173,-0.0988190802064088,0.200978932527479,1.22259901448086,TRUE,FALSE,TRUE
3017,31.2629051620648,303.253998005412,0.255995305513469,-0.125049428636228,0.200978932527479,1.22259901448086,TRUE,FALSE,TRUE
3018,31.2629051620648,376.2350680544,0.285466157289009,-0.135613111272745,0.200978932527479,1.22259901448086,TRUE,FALSE,TRUE
3019,31.2629051620648,291.996417193734,0.251382205968248,-0.0330829233062349,0.200978932527479,1.22259901448086,TRUE,FALSE,TRUE
3020,31.2947178871549,288.603584788694,0.249786042872446,-0.39948454350667,0.200774626882275,1.22234925611478,TRUE,FALSE,TRUE
3021,31.453781512605,325.26191650588,0.265479499817928,-1.92645992074055,0.199759297770337,1.22110879917268,TRUE,FALSE,TRUE
3022,31.453781512605,327.261719218138,0.266232828546091,-1.94532989725513,0.199759297770337,1.22110879917268,TRUE,FALSE,TRUE
3023,31.1992797118848,313.426216767087,0.260114816411755,0.486027176292298,0.201388793754304,1.22310021311678,TRUE,FALSE,TRUE
3024,31.2310924369748,386.932070271152,0.289575542979903,0.2312658273451,0.20118365439375,1.22284933285476,TRUE,FALSE,TRUE
3025,31.421968787515,316.409309601762,0.261834363854219,-1.50542314532918,0.199961541228317,1.22135578541362,TRUE,FALSE,TRUE
3026,31.421968787515,329.662344011704,0.267392707335818,-1.57170562840803,0.199961541228317,1.22135578541362,TRUE,FALSE,TRUE
3027,31.2629051620648,380.871647752375,0.287090959554889,-0.139651444352689,0.200978932527479,1.22259901448086,TRUE,FALSE,TRUE
3028,31.390156062425,307.449549807274,0.257912259804366,-1.34760684930824,0.200164194618349,1.22160332238523,TRUE,FALSE,TRUE
3029,31.2947178871549,290.294521665091,0.250204075030085,-0.450859908726367,0.200774626882275,1.22234925611478,TRUE,FALSE,TRUE
3030,31.5492196878751,296.495801538293,0.252931516963581,-2.98042437234377,0.199155014588025,1.22037112656558,TRUE,FALSE,TRUE
3031,31.390156062425,238.763592105804,0.227210712391715,-1.29440153281806,0.200164194618349,1.22160332238523,TRUE,FALSE,TRUE
3032,31.3583433373349,340.401778389225,0.271619853974052,-1.0078918111919,0.200367259188048,1.22185141192648,TRUE,FALSE,TRUE
3033,31.1992797118848,291.235145274849,0.250997349005924,0.583037793845267,0.201388793754304,1.22310021311678,TRUE,FALSE,TRUE
3034,31.421968787515,348.527507456361,0.274584727791093,-1.68330144323953,0.199961541228317,1.22135578541362,TRUE,FALSE,TRUE
3035,31.2629051620648,360.64775024625,0.27973952528391,-0.04019499755174,0.200978932527479,1.22259901448086,TRUE,FALSE,TRUE
3036,31.2629051620648,310.631299604516,0.259023238267948,-0.126331417131382,0.200978932527479,1.22259901448086,TRUE,FALSE,TRUE
3037,31.2629051620648,301.869042973428,0.255521658018619,-0.0909376914957348,0.200978932527479,1.22259901448086,TRUE,FALSE,TRUE
3038,31.1992797118848,247.14850753537,0.230966464419074,0.56973816262657,0.201388793754304,1.22310021311678,TRUE,FALSE,TRUE
3039,31.3265306122449,324.616736882539,0.264840139153125,-0.76824744660423,0.200570736190098,1.22210005588453,TRUE,FALSE,TRUE
3040,31.3265306122449,260.566864116263,0.237323492581338,-0.69726002751811,0.200570736190098,1.22210005588453,TRUE,FALSE,TRUE
3041,31.3265306122449,331.920490808209,0.268042144296205,-0.753556138909004,0.200570736190098,1.22210005588453,TRUE,FALSE,TRUE
3042,31.3583433373349,339.074626628968,0.271288787779503,-0.993957194317339,0.200367259188048,1.22185141192648,TRUE,FALSE,TRUE
3043,31.1674669867947,377.510309465661,0.285811028630764,0.811060858320039,0.201594351887553,1.22335165715567,TRUE,FALSE,TRUE
3044,31.3583433373349,253.474060736862,0.234086015116399,-0.930227544852163,0.200367259188048,1.22185141192648,TRUE,FALSE,TRUE
3045,31.3265306122449,312.86530159403,0.259994053820249,-0.737185503493336,0.200570736190098,1.22210005588453,TRUE,FALSE,TRUE
3046,31.390156062425,296.068568462863,0.253270333194043,-1.25215828060179,0.200164194618349,1.22160332238523,TRUE,FALSE,TRUE
3047,31.2629051620648,362.251183655523,0.2802397140824,-0.0361518940577115,0.200978932527479,1.22259901448086,TRUE,FALSE,TRUE
3048,31.453781512605,302.011361258862,0.255678108182835,-1.96819040806668,0.199759297770337,1.22110879917268,TRUE,FALSE,TRUE
3049,31.1038415366146,388.490118280411,0.289732212712333,1.41100570679447,0.202006729611941,1.22385624416124,TRUE,FALSE,TRUE
3050,31.3583433373349,301.446296894943,0.255359644711511,-0.989479294076903,0.200367259188048,1.22185141192648,TRUE,FALSE,TRUE
3051,31.2947178871549,345.138091740892,0.273546310440053,-0.366826563443282,0.200774626882275,1.22234925611478,TRUE,FALSE,TRUE
3052,31.3265306122449,357.194209710874,0.278140938382535,-0.723726911039079,0.200570736190098,1.22210005588453,TRUE,FALSE,TRUE
3053,31.2629051620648,300.925619504551,0.255206366304692,-0.0845496492231339,0.200978932527479,1.22259901448086,TRUE,FALSE,TRUE
3054,31.3265306122449,320.114597521457,0.263230054461895,-0.717033207906788,0.200570736190098,1.22210005588453,TRUE,FALSE,TRUE
3055,31.3583433373349,324.383645424719,0.265119626346653,-0.988720988457202,0.200367259188048,1.22185141192648,TRUE,FALSE,TRUE
3056,31.1992797118848,368.801694597786,0.282672321679649,0.5436545074968,0.201388793754304,1.22310021311678,TRUE,FALSE,TRUE
3057,31.1356542617047,353.112884719556,0.276188227924848,1.11548688134292,0.201800330077136,1.22360366686859,TRUE,FALSE,TRUE
3058,31.2310924369748,301.700856393997,0.255140777117866,0.183586213077116,0.20118365439375,1.22284933285476,TRUE,FALSE,TRUE
3059,31.453781512605,310.017129605789,0.258618020698676,-2.05226103989952,0.199759297770337,1.22110879917268,TRUE,FALSE,TRUE
3060,31.453781512605,300.088024999255,0.254866115291486,-1.89377843101076,0.199759297770337,1.22110879917268,TRUE,FALSE,TRUE
3061,31.421968787515,284.676447399705,0.247842963137254,-1.68307191773952,0.199961541228317,1.22135578541362,TRUE,FALSE,TRUE
3062,31.453781512605,286.25750066059,0.248374274270208,-2.07410106714855,0.199759297770337,1.22110879917268,TRUE,FALSE,TRUE
3063,31.3265306122449,301.055270042462,0.254944856922746,-0.744733319433602,0.200570736190098,1.22210005588453,TRUE,FALSE,TRUE
3064,31.390156062425,271.414582772174,0.242165358963469,-1.33164574912528,0.200164194618349,1.22160332238523,TRUE,FALSE,TRUE
3065,31.2310924369748,332.723759803228,0.268305288231723,0.232401529255085,0.20118365439375,1.22284933285476,TRUE,FALSE,TRUE
3066,31.390156062425,259.9572843599,0.236971423108039,-1.33792935703642,0.200164194618349,1.22160332238523,TRUE,FALSE,TRUE
3067,31.2947178871549,327.960012626052,0.266289302346786,-0.433612360853091,0.200774626882275,1.22234925611478,TRUE,FALSE,TRUE
3068,31.1674669867947,310.021556800691,0.259057333966398,0.922557510694939,0.201594351887553,1.22335165715567,TRUE,FALSE,TRUE
3069,31.2947178871549,344.220807447313,0.272595911500093,-0.492924622641487,0.200774626882275,1.22234925611478,TRUE,FALSE,TRUE
3070,31.3583433373349,332.903167035924,0.26852849060267,-0.991821673248489,0.200367259188048,1.22185141192648,TRUE,FALSE,TRUE
3071,31.3583433373349,329.750240268959,0.267360677940712,-0.983058049292284,0.200367259188048,1.22185141192648,TRUE,FALSE,TRUE
3072,31.3265306122449,290.546017000106,0.250893816857496,-0.627660138949553,0.200570736190098,1.22210005588453,TRUE,FALSE,TRUE
3073,31.3583433373349,332.535728697913,0.268722737036543,-0.92488026478586,0.200367259188048,1.22185141192648,TRUE,FALSE,TRUE
3074,31.3583433373349,390.162734690122,0.290975479690407,-1.01328352149923,0.200367259188048,1.22185141192648,TRUE,FALSE,TRUE
3075,31.1674669867947,335.675505710888,0.269271838660107,0.825903504045681,0.201594351887553,1.22335165715567,TRUE,FALSE,TRUE
3076,31.421968787515,331.64520288855,0.267804495949397,-1.66828662651522,0.199961541228317,1.22135578541362,TRUE,FALSE,TRUE
3077,31.2947178871549,325.769086191287,0.265306824776229,-0.429610325019259,0.200774626882275,1.22234925611478,TRUE,FALSE,TRUE
3078,31.2629051620648,276.180601594631,0.244166939486022,-0.113059821666548,0.200978932527479,1.22259901448086,TRUE,FALSE,TRUE
3079,31.3583433373349,367.863787317122,0.282608375196662,-0.991914630362095,0.200367259188048,1.22185141192648,TRUE,FALSE,TRUE
3080,31.2629051620648,333.683964706439,0.268581869935645,-0.11315426447963,0.200978932527479,1.22259901448086,TRUE,FALSE,TRUE
3081,31.390156062425,315.932031348343,0.26120129041745,-1.41371651750656,0.200164194618349,1.22160332238523,TRUE,FALSE,TRUE
3082,31.2629051620648,311.171930158268,0.259381859175901,-0.0921220314860004,0.200978932527479,1.22259901448086,TRUE,FALSE,TRUE
3083,31.2310924369748,347.478927583403,0.274242902578176,0.223146014594334,0.20118365439375,1.22284933285476,TRUE,FALSE,TRUE
3084,31.2947178871549,310.463495043535,0.259031754132534,-0.424520122034289,0.200774626882275,1.22234925611478,TRUE,FALSE,TRUE
3085,31.1674669867947,260.215783589695,0.23672593252126,0.819414466227088,0.201594351887553,1.22335165715567,TRUE,FALSE,TRUE
3086,31.4855942376951,277.172457389055,0.244773213516548,-2.23322057188901,0.199557463001834,1.22086236183153,TRUE,FALSE,TRUE
3087,31.3265306122449,327.08766644452,0.266193393058485,-0.645013516903881,0.200570736190098,1.22210005588453,TRUE,FALSE,TRUE
3088,31.1992797118848,321.262216371547,0.263534378492095,0.543979675268902,0.201388793754304,1.22310021311678,TRUE,FALSE,TRUE
3089,31.2310924369748,333.379923158118,0.268617576499066,0.224290815711634,0.20118365439375,1.22284933285476,TRUE,FALSE,TRUE
3090,31.1674669867947,275.338440839855,0.244235482770562,0.964272213714177,0.201594351887553,1.22335165715567,TRUE,FALSE,TRUE
3091,31.3265306122449,309.110107258371,0.258969916196013,-0.624652729075642,0.200570736190098,1.22210005588453,TRUE,FALSE,TRUE
3092,31.390156062425,311.89300999585,0.259832943550898,-1.36089942747201,0.200164194618349,1.22160332238523,TRUE,FALSE,TRUE
3093,31.2629051620648,314.798954833886,0.260949249950267,-0.105633931732464,0.200978932527479,1.22259901448086,TRUE,FALSE,TRUE
3094,31.2629051620648,299.123629293721,0.253929984180766,-0.183054036118417,0.200978932527479,1.22259901448086,TRUE,FALSE,TRUE
3095,31.2310924369748,385.350765383159,0.288830880807855,0.203214649129745,0.20118365439375,1.22284933285476,TRUE,FALSE,TRUE
3096,31.2310924369748,385.124316925818,0.289062304285907,0.219574660420576,0.20118365439375,1.22284933285476,TRUE,FALSE,TRUE
3097,31.2310924369748,292.456632287271,0.251705692182793,0.287366689962881,0.20118365439375,1.22284933285476,TRUE,FALSE,TRUE
3098,31.1992797118848,359.837879128709,0.279700786048982,0.662326243473355,0.201388793754304,1.22310021311678,TRUE,FALSE,TRUE
3099,31.3583433373349,281.284457021564,0.24656525475752,-0.985676765679702,0.200367259188048,1.22185141192648,TRUE,FALSE,TRUE
3100,31.3583433373349,331.996428240916,0.268029641140926,-1.04399021206646,0.200367259188048,1.22185141192648,TRUE,FALSE,TRUE
3101,31.3583433373349,366.172493445515,0.281763200547825,-1.02290727307441,0.200367259188048,1.22185141192648,TRUE,FALSE,TRUE
3102,31.2947178871549,251.164795102811,0.232733848775686,-0.438661665994685,0.200774626882275,1.22234925611478,TRUE,FALSE,TRUE
3103,31.3583433373349,324.267897175438,0.264972942810036,-1.00366791045229,0.200367259188048,1.22185141192648,TRUE,FALSE,TRUE
3104,31.390156062425,232.77934387561,0.22403754193217,-1.36782557064029,0.200164194618349,1.22160332238523,TRUE,FALSE,TRUE
3105,31.2947178871549,316.12809112251,0.261537239957322,-0.401993417971764,0.200774626882275,1.22234925611478,TRUE,FALSE,TRUE
3106,31.390156062425,353.126322502746,0.276778191696533,-1.3291500074785,0.200164194618349,1.22160332238523,TRUE,FALSE,TRUE
3107,31.2947178871549,387.886116418922,0.290033628657175,-0.427516190987084,0.200774626882275,1.22234925611478,TRUE,FALSE,TRUE
3108,31.2947178871549,338.729219884015,0.270832680581224,-0.403854541430608,0.200774626882275,1.22234925611478,TRUE,FALSE,TRUE
3109,31.421968787515,325.074905207931,0.264985796038382,-1.72468158396335,0.199961541228317,1.22135578541362,TRUE,FALSE,TRUE
3110,31.421968787515,301.439234509026,0.255200400947365,-1.71635729168572,0.199961541228317,1.22135578541362,TRUE,FALSE,TRUE
3111,31.3583433373349,341.624421163334,0.27229971381205,-0.956241066161497,0.200367259188048,1.22185141192648,TRUE,FALSE,TRUE
3112,31.2629051620648,316.262126425905,0.261313359507838,-0.13816434179496,0.200978932527479,1.22259901448086,TRUE,FALSE,TRUE
3113,31.421968787515,334.975947920727,0.269035593225488,-1.75437791042192,0.199961541228317,1.22135578541362,TRUE,FALSE,TRUE
3114,31.4855942376951,297.082621021367,0.253328907185583,-2.3075888827871,0.199557463001834,1.22086236183153,TRUE,FALSE,TRUE
3115,31.1038415366146,298.218055173749,0.253511263585025,1.46551054095054,0.202006729611941,1.22385624416124,TRUE,FALSE,TRUE
3116,31.3583433373349,259.258780904729,0.23628035870238,-1.0783013201189,0.200367259188048,1.22185141192648,TRUE,FALSE,TRUE
3117,31.3583433373349,377.75403277834,0.285998596952101,-1.06961676692142,0.200367259188048,1.22185141192648,TRUE,FALSE,TRUE
3118,31.2629051620648,316.501312434933,0.261339714674588,-0.160323882615986,0.200978932527479,1.22259901448086,TRUE,FALSE,TRUE
3119,31.3583433373349,320.194987646338,0.263157927536382,-1.05348283111869,0.200367259188048,1.22185141192648,TRUE,FALSE,TRUE
3120,31.2629051620648,370.417690562886,0.283219835885792,-0.107023658444331,0.200978932527479,1.22259901448086,TRUE,FALSE,TRUE
3121,31.390156062425,292.185937599545,0.250814540416447,-1.45497438671453,0.200164194618349,1.22160332238523,TRUE,FALSE,TRUE
3122,31.453781512605,326.074259111152,0.265504257410857,-2.01895279133745,0.199759297770337,1.22110879917268,TRUE,FALSE,TRUE
3123,31.3265306122449,296.29260074992,0.253092722181452,-0.700636411090997,0.200570736190098,1.22210005588453,TRUE,FALSE,TRUE
3124,31.3583433373349,327.768952269066,0.266727890154003,-0.933286576628843,0.200367259188048,1.22185141192648,TRUE,FALSE,TRUE
3125,31.390156062425,302.388968120517,0.255685814067879,-1.33698817955294,0.200164194618349,1.22160332238523,TRUE,FALSE,TRUE
3126,31.3583433373349,350.321002626337,0.275163104453876,-1.10698540193668,0.200367259188048,1.22185141192648,TRUE,FALSE,TRUE
3127,31.4855942376951,357.86438133401,0.278601063265618,-2.26519046999172,0.199557463001834,1.22086236183153,TRUE,FALSE,TRUE
3128,31.2947178871549,308.773934756698,0.258146053366582,-0.45252553440163,0.200774626882275,1.22234925611478,TRUE,FALSE,TRUE
3129,31.1674669867947,316.97026140491,0.261279932912682,0.746989282002204,0.201594351887553,1.22335165715567,TRUE,FALSE,TRUE
3130,31.5174069627851,357.686515916458,0.278588587719299,-2.54794592970566,0.199356035685252,1.22061647156741,TRUE,FALSE,TRUE
3131,31.390156062425,342.681229404706,0.272622486299976,-1.31276960772635,0.200164194618349,1.22160332238523,TRUE,FALSE,TRUE
3132,31.2947178871549,310.108114783467,0.258984384510129,-0.386084824084155,0.200774626882275,1.22234925611478,TRUE,FALSE,TRUE
3133,31.421968787515,336.202543859144,0.269967231276167,-1.63102942070197,0.199961541228317,1.22135578541362,TRUE,FALSE,TRUE
3134,31.3583433373349,306.069557431132,0.257108972920538,-1.05754869405089,0.200367259188048,1.22185141192648,TRUE,FALSE,TRUE
3135,31.1992797118848,362.011959625673,0.280133658885343,0.560169448634027,0.201388793754304,1.22310021311678,TRUE,FALSE,TRUE
3136,31.2629051620648,382.876629565545,0.288278152249072,-0.0584005327161812,0.200978932527479,1.22259901448086,TRUE,FALSE,TRUE
3137,31.2947178871549,283.496263645826,0.247078443262851,-0.477093716780716,0.200774626882275,1.22234925611478,TRUE,FALSE,TRUE
3138,31.421968787515,296.511019726697,0.25313358657898,-1.66480243606708,0.199961541228317,1.22135578541362,TRUE,FALSE,TRUE
3139,31.1992797118848,319.432309704032,0.262369490048878,0.445994887269464,0.201388793754304,1.22310021311678,TRUE,FALSE,TRUE
3140,31.390156062425,305.95374065314,0.257358561714089,-1.30313069292798,0.200164194618349,1.22160332238523,TRUE,FALSE,TRUE
3141,31.3583433373349,327.286412852417,0.265751887699939,-1.12907191132869,0.200367259188048,1.22185141192648,TRUE,FALSE,TRUE
3142,31.2947178871549,293.402104066579,0.251560054052476,-0.467269935850532,0.200774626882275,1.22234925611478,TRUE,FALSE,TRUE
3143,31.3265306122449,310.32721812573,0.259136708660067,-0.711713158423961,0.200570736190098,1.22210005588453,TRUE,FALSE,TRUE
3144,31.3583433373349,307.048557362726,0.257582948418483,-1.01138715688767,0.200367259188048,1.22185141192648,TRUE,FALSE,TRUE
3145,31.453781512605,379.927081969415,0.287270562113681,-1.90058456707925,0.199759297770337,1.22110879917268,TRUE,FALSE,TRUE
3146,31.2629051620648,310.35297150218,0.258714423944749,-0.158964249944254,0.200978932527479,1.22259901448086,TRUE,FALSE,TRUE
3147,31.1992797118848,311.99813985578,0.259973849700264,0.64063122091468,0.201388793754304,1.22310021311678,TRUE,FALSE,TRUE
3148,31.3583433373349,357.470029666442,0.278172389877174,-1.07100020925285,0.200367259188048,1.22185141192648,TRUE,FALSE,TRUE
3149,31.3265306122449,333.480804478829,0.268837081585817,-0.696253795963983,0.200570736190098,1.22210005588453,TRUE,FALSE,TRUE
3150,31.2629051620648,269.787807904401,0.241262962448394,-0.133408991286266,0.200978932527479,1.22259901448086,TRUE,FALSE,TRUE
3151,31.2629051620648,366.132647279955,0.281448800699959,-0.139081273662359,0.200978932527479,1.22259901448086,TRUE,FALSE,TRUE
3152,31.3265306122449,313.533497521576,0.260296374656335,-0.760537552072353,0.200570736190098,1.22210005588453,TRUE,FALSE,TRUE
3153,31.2629051620648,341.777403978689,0.271676576167972,-0.168895739917239,0.200978932527479,1.22259901448086,TRUE,FALSE,TRUE
3154,31.3583433373349,308.274468051554,0.258057218344854,-1.07567888882963,0.200367259188048,1.22185141192648,TRUE,FALSE,TRUE
3155,31.2947178871549,318.187907092478,0.26216144737095,-0.438301424732376,0.200774626882275,1.22234925611478,TRUE,FALSE,TRUE
3156,31.3265306122449,308.813875963567,0.258498652037118,-0.700190742955407,0.200570736190098,1.22210005588453,TRUE,FALSE,TRUE
3157,31.2629051620648,320.772284410521,0.263136844061077,-0.145834101721452,0.200978932527479,1.22259901448086,TRUE,FALSE,TRUE
3158,31.3265306122449,306.024665270345,0.257465172904575,-0.670968870292382,0.200570736190098,1.22210005588453,TRUE,FALSE,TRUE
3159,31.390156062425,329.683536349532,0.267280317776733,-1.30906710521208,0.200164194618349,1.22160332238523,TRUE,FALSE,TRUE
3160,31.3583433373349,317.822068111175,0.262080742916718,-1.09469796448216,0.200367259188048,1.22185141192648,TRUE,FALSE,TRUE
3161,31.2947178871549,296.008407952702,0.253004567090191,-0.367718390891668,0.200774626882275,1.22234925611478,TRUE,FALSE,TRUE
3162,31.2947178871549,303.98893567306,0.256298875976082,-0.445968908741428,0.200774626882275,1.22234925611478,TRUE,FALSE,TRUE
3163,31.390156062425,332.948304368327,0.268176656880365,-1.43769777235468,0.200164194618349,1.22160332238523,TRUE,FALSE,TRUE
3164,31.3583433373349,273.741456651858,0.24275240001985,-1.1049195194884,0.200367259188048,1.22185141192648,TRUE,FALSE,TRUE
3165,31.421968787515,303.775369383117,0.256019858685725,-1.74700044313365,0.199961541228317,1.22135578541362,TRUE,FALSE,TRUE
3166,31.2947178871549,357.836928289056,0.27849450142537,-0.394012996114213,0.200774626882275,1.22234925611478,TRUE,FALSE,TRUE
3167,31.2629051620648,325.113586485438,0.264999830634189,-0.132785554484773,0.200978932527479,1.22259901448086,TRUE,FALSE,TRUE
3168,31.2310924369748,342.087708569572,0.27183363958585,0.166870523100729,0.20118365439375,1.22284933285476,TRUE,FALSE,TRUE
3169,31.3265306122449,386.400094963362,0.289617720819594,-0.676928793728636,0.200570736190098,1.22210005588453,TRUE,FALSE,TRUE
3170,31.390156062425,389.352765399519,0.290492567678927,-1.36877163022061,0.200164194618349,1.22160332238523,TRUE,FALSE,TRUE
3171,31.2629051620648,363.494027040884,0.280600875498248,-0.0753208156722509,0.200978932527479,1.22259901448086,TRUE,FALSE,TRUE
3172,31.390156062425,317.352257288449,0.261945117674348,-1.36033014659335,0.200164194618349,1.22160332238523,TRUE,FALSE,TRUE
3173,31.2629051620648,340.728900335517,0.271241822944519,-0.157817700874153,0.200978932527479,1.22259901448086,TRUE,FALSE,TRUE
3174,31.390156062425,277.763343545464,0.244670037464839,-1.42610298031102,0.200164194618349,1.22160332238523,TRUE,FALSE,TRUE
3175,31.2310924369748,346.215970105362,0.273439465796932,0.153862545173124,0.20118365439375,1.22284933285476,TRUE,FALSE,TRUE
3176,31.2947178871549,312.544916837867,0.259904290895035,-0.419906331632999,0.200774626882275,1.22234925611478,TRUE,FALSE,TRUE
3177,31.4855942376951,285.136464110881,0.248427495799157,-2.22052915232962,0.199557463001834,1.22086236183153,TRUE,FALSE,TRUE
3178,31.3583433373349,326.919983724138,0.266132780603191,-0.972110795020794,0.200367259188048,1.22185141192648,TRUE,FALSE,TRUE
3179,31.390156062425,328.558364472077,0.266623897842701,-1.36683560495527,0.200164194618349,1.22160332238523,TRUE,FALSE,TRUE
3180,31.2947178871549,311.690634095318,0.259555377407768,-0.43627262179803,0.200774626882275,1.22234925611478,TRUE,FALSE,TRUE
3181,31.3265306122449,319.497825939329,0.262652473916685,-0.766364361592164,0.200570736190098,1.22210005588453,TRUE,FALSE,TRUE
3182,31.2629051620648,308.208251114888,0.258285093894596,-0.0360871260329867,0.200978932527479,1.22259901448086,TRUE,FALSE,TRUE
3183,31.2947178871549,333.496935022659,0.268668505290167,-0.418332376707118,0.200774626882275,1.22234925611478,TRUE,FALSE,TRUE
3184,31.3265306122449,283.948918310581,0.247207425791744,-0.827414695299754,0.200570736190098,1.22210005588453,TRUE,FALSE,TRUE
3185,31.5174069627851,296.1130492894,0.25285565265839,-2.63666255860792,0.199356035685252,1.22061647156741,TRUE,FALSE,TRUE
3186,31.3265306122449,311.897367302657,0.259307855436027,-0.823616801878398,0.200570736190098,1.22210005588453,TRUE,FALSE,TRUE
3187,31.3265306122449,342.091989437784,0.271947399112565,-0.768462895666697,0.200570736190098,1.22210005588453,TRUE,FALSE,TRUE
3188,31.3265306122449,322.228411349506,0.263901210769148,-0.759805374860316,0.200570736190098,1.22210005588453,TRUE,FALSE,TRUE
3189,31.390156062425,287.929263216249,0.249317022441096,-1.4060653372655,0.200164194618349,1.22160332238523,TRUE,FALSE,TRUE
3190,31.390156062425,360.792917640501,0.279710190448339,-1.31318858458507,0.200164194618349,1.22160332238523,TRUE,FALSE,TRUE
3191,31.3265306122449,282.508829063524,0.247062319055093,-0.718560075945081,0.200570736190098,1.22210005588453,TRUE,FALSE,TRUE
3192,31.3265306122449,278.788397535262,0.245250160780901,-0.742567072100371,0.200570736190098,1.22210005588453,TRUE,FALSE,TRUE
3193,31.3583433373349,299.131065577533,0.254417403489373,-0.972569043176025,0.200367259188048,1.22185141192648,TRUE,FALSE,TRUE
3194,31.453781512605,266.980070398443,0.23990250826973,-2.05759201405816,0.199759297770337,1.22110879917268,TRUE,FALSE,TRUE
3195,31.2947178871549,311.103092178176,0.259492353664782,-0.379859361418145,0.200774626882275,1.22234925611478,TRUE,FALSE,TRUE
3196,31.1992797118848,320.648173925126,0.263589742372724,0.610965638159815,0.201388793754304,1.22310021311678,TRUE,FALSE,TRUE
3197,31.3583433373349,340.298119183153,0.271370866157607,-1.02481565033581,0.200367259188048,1.22185141192648,TRUE,FALSE,TRUE
3198,31.2310924369748,281.630593603038,0.246457313361688,0.191716776180359,0.20118365439375,1.22284933285476,TRUE,FALSE,TRUE
3199,31.3265306122449,392.304421135825,0.29171856820965,-0.707681082902755,0.200570736190098,1.22210005588453,TRUE,FALSE,TRUE
3200,31.2629051620648,414.331333852081,0.29980133659132,-0.0996781064335526,0.200978932527479,1.22259901448086,TRUE,FALSE,TRUE
3201,31.390156062425,311.380276704407,0.259589288577127,-1.33009326976819,0.200164194618349,1.22160332238523,TRUE,FALSE,TRUE
3202,31.421968787515,296.311189370913,0.253279550806649,-1.5849701526799,0.199961541228317,1.22135578541362,TRUE,FALSE,TRUE
3203,31.390156062425,295.804178414771,0.252872749161854,-1.32751736381882,0.200164194618349,1.22160332238523,TRUE,FALSE,TRUE
3204,31.3583433373349,298.509120829879,0.254067990943916,-1.03094070483237,0.200367259188048,1.22185141192648,TRUE,FALSE,TRUE
3205,31.421968787515,329.333977401013,0.267439026095146,-1.52727420766073,0.199961541228317,1.22135578541362,TRUE,FALSE,TRUE
3206,31.2629051620648,365.875044679419,0.281571266527162,-0.0682166706785517,0.200978932527479,1.22259901448086,TRUE,FALSE,TRUE
3207,31.421968787515,399.893187806833,0.294762150334739,-1.60474882028506,0.199961541228317,1.22135578541362,TRUE,FALSE,TRUE
3208,31.2310924369748,373.771899405648,0.284691288989153,0.268999719909464,0.20118365439375,1.22284933285476,TRUE,FALSE,TRUE
3209,31.2629051620648,309.455349093452,0.258673827756499,-0.0879787428806681,0.200978932527479,1.22259901448086,TRUE,FALSE,TRUE
3210,31.2629051620648,327.144160983382,0.265931517706166,-0.0911753114635101,0.200978932527479,1.22259901448086,TRUE,FALSE,TRUE
3211,31.2629051620648,295.324990722165,0.252863541483202,-0.0455038946018921,0.200978932527479,1.22259901448086,TRUE,FALSE,TRUE
3212,31.1992797118848,351.327627620682,0.275948252551575,0.569224650600232,0.201388793754304,1.22310021311678,TRUE,FALSE,TRUE
3213,31.421968787515,327.177771593223,0.266295798667369,-1.60345004913275,0.199961541228317,1.22135578541362,TRUE,FALSE,TRUE
3214,31.2629051620648,315.958075859647,0.261253739957513,-0.128527725015851,0.200978932527479,1.22259901448086,TRUE,FALSE,TRUE
3215,31.1992797118848,305.340631677496,0.256815723149762,0.533435644050304,0.201388793754304,1.22310021311678,TRUE,FALSE,TRUE
3216,31.3265306122449,288.354311576453,0.249327953521522,-0.809248483939978,0.200570736190098,1.22210005588453,TRUE,FALSE,TRUE
3217,31.3583433373349,303.395460135986,0.256560479918536,-0.942491697299485,0.200367259188048,1.22185141192648,TRUE,FALSE,TRUE
3218,31.3583433373349,280.891625371364,0.246494674259043,-0.961246569008308,0.200367259188048,1.22185141192648,TRUE,FALSE,TRUE
3219,31.1356542617047,301.219900063205,0.255080162809807,1.17732720426971,0.201800330077136,1.22360366686859,TRUE,FALSE,TRUE
3220,31.2310924369748,271.013395874087,0.241740776954741,0.194807168047393,0.20118365439375,1.22284933285476,TRUE,FALSE,TRUE
3221,31.3583433373349,360.807293378151,0.279590604167145,-1.02263460561074,0.200367259188048,1.22185141192648,TRUE,FALSE,TRUE
3222,31.2947178871549,339.279529162081,0.271052346076343,-0.365306554498763,0.200774626882275,1.22234925611478,TRUE,FALSE,TRUE
3223,31.2947178871549,283.562724908122,0.247822070513497,-0.300647982527487,0.200774626882275,1.22234925611478,TRUE,FALSE,TRUE
3224,31.3265306122449,311.429661121598,0.259596866401635,-0.671872978575936,0.200570736190098,1.22210005588453,TRUE,FALSE,TRUE
3225,31.4855942376951,304.065029774239,0.256323954543984,-2.27326212750211,0.199557463001834,1.22086236183153,TRUE,FALSE,TRUE
3226,31.2310924369748,381.814001922823,0.287997618522396,0.293663532910471,0.20118365439375,1.22284933285476,TRUE,FALSE,TRUE
3227,31.390156062425,344.345247480602,0.273281385601682,-1.30707084536706,0.200164194618349,1.22160332238523,TRUE,FALSE,TRUE
3228,31.2947178871549,349.549590447603,0.275067847279303,-0.416608207069053,0.200774626882275,1.22234925611478,TRUE,FALSE,TRUE
3229,31.3265306122449,302.751176181991,0.255655494119955,-0.74360066903344,0.200570736190098,1.22210005588453,TRUE,FALSE,TRUE
3230,31.3583433373349,363.463609390698,0.280681503487705,-1.0358126650458,0.200367259188048,1.22185141192648,TRUE,FALSE,TRUE
3231,31.3583433373349,397.951223368638,0.293796649659028,-1.00010369381054,0.200367259188048,1.22185141192648,TRUE,FALSE,TRUE
3232,31.421968787515,309.594685429526,0.258715239780239,-1.69577921413232,0.199961541228317,1.22135578541362,TRUE,FALSE,TRUE
3233,31.1992797118848,279.85713797566,0.245759209394263,0.507312975931348,0.201388793754304,1.22310021311678,TRUE,FALSE,TRUE
3234,31.3583433373349,341.123041480832,0.271792731403828,-1.04894012793442,0.200367259188048,1.22185141192648,TRUE,FALSE,TRUE
3235,31.2947178871549,296.092513447774,0.25294254779418,-0.410063892272109,0.200774626882275,1.22234925611478,TRUE,FALSE,TRUE
3236,31.3265306122449,297.626043450267,0.253983449878337,-0.639560770672664,0.200570736190098,1.22210005588453,TRUE,FALSE,TRUE
3237,31.390156062425,384.218068875094,0.288610140191573,-1.36795427077855,0.200164194618349,1.22160332238523,TRUE,FALSE,TRUE
3238,31.3583433373349,383.872620091439,0.288600703990212,-1.05653087043402,0.200367259188048,1.22185141192648,TRUE,FALSE,TRUE
3239,31.3583433373349,331.729679994196,0.268055265704903,-1.02378328735902,0.200367259188048,1.22185141192648,TRUE,FALSE,TRUE
3240,31.390156062425,331.85245522472,0.26800979370186,-1.33425482329802,0.200164194618349,1.22160332238523,TRUE,FALSE,TRUE
3241,31.2629051620648,315.692233803417,0.261097993484639,-0.121236777710138,0.200978932527479,1.22259901448086,TRUE,FALSE,TRUE
3242,31.2310924369748,388.717128673423,0.289810699565665,0.127537899809616,0.20118365439375,1.22284933285476,TRUE,FALSE,TRUE
3243,31.2629051620648,303.80886341877,0.256448096802509,-0.0331435262000318,0.200978932527479,1.22259901448086,TRUE,FALSE,TRUE
3244,31.3265306122449,314.682544711721,0.260942188808994,-0.71801879407936,0.200570736190098,1.22210005588453,TRUE,FALSE,TRUE
3245,31.2947178871549,362.398155066174,0.279916868377245,-0.470277008846578,0.200774626882275,1.22234925611478,TRUE,FALSE,TRUE
3246,31.390156062425,281.079181741167,0.246506740906008,-1.32666272939866,0.200164194618349,1.22160332238523,TRUE,FALSE,TRUE
3247,31.3265306122449,266.012365164095,0.239583255167545,-0.757650235856252,0.200570736190098,1.22210005588453,TRUE,FALSE,TRUE
3248,31.2947178871549,333.647190888029,0.268417056040515,-0.460032000893006,0.200774626882275,1.22234925611478,TRUE,FALSE,TRUE
3249,31.2947178871549,374.661619138854,0.285085614384167,-0.376752262485092,0.200774626882275,1.22234925611478,TRUE,FALSE,TRUE
3250,31.390156062425,286.319251107399,0.248759337465188,-1.35162206987325,0.200164194618349,1.22160332238523,TRUE,FALSE,TRUE
3251,31.390156062425,371.020369650283,0.283801189436947,-1.28036885578618,0.200164194618349,1.22160332238523,TRUE,FALSE,TRUE
3252,31.2629051620648,279.384854653469,0.24553316113657,-0.147546070022933,0.200978932527479,1.22259901448086,TRUE,FALSE,TRUE
3253,31.453781512605,336.576692167634,0.269873110446937,-1.98434032392904,0.199759297770337,1.22110879917268,TRUE,FALSE,TRUE
3254,31.1674669867947,293.705248757869,0.251789980388349,0.841351831926958,0.201594351887553,1.22335165715567,TRUE,FALSE,TRUE
3255,31.3583433373349,306.061808778366,0.257275928425153,-1.03665939885686,0.200367259188048,1.22185141192648,TRUE,FALSE,TRUE
3256,31.3583433373349,301.415742986817,0.255524908687493,-0.967447264512587,0.200367259188048,1.22185141192648,TRUE,FALSE,TRUE
3257,31.3583433373349,387.372421347264,0.289569738010991,-1.10432345094678,0.200367259188048,1.22185141192648,TRUE,FALSE,TRUE
3258,31.390156062425,347.201334050312,0.274376795756608,-1.31315060235838,0.200164194618349,1.22160332238523,TRUE,FALSE,TRUE
3259,31.3265306122449,334.265132423029,0.268603596239634,-0.762811552746643,0.200570736190098,1.22210005588453,TRUE,FALSE,TRUE
3260,31.2947178871549,306.37308270094,0.257135632653878,-0.472675253671753,0.200774626882275,1.22234925611478,TRUE,FALSE,TRUE
3261,31.2947178871549,324.311297788784,0.265080841943464,-0.361380299448736,0.200774626882275,1.22234925611478,TRUE,FALSE,TRUE
3262,31.3265306122449,314.819355285678,0.260874508798562,-0.710475514924389,0.200570736190098,1.22210005588453,TRUE,FALSE,TRUE
3263,31.3265306122449,327.102965135031,0.265841715393537,-0.796957101458941,0.200570736190098,1.22210005588453,TRUE,FALSE,TRUE
3264,31.3583433373349,336.806566978861,0.270251576947775,-0.978713531765795,0.200367259188048,1.22185141192648,TRUE,FALSE,TRUE
3265,31.453781512605,315.140025728172,0.261336119425396,-1.93806024761532,0.199759297770337,1.22110879917268,TRUE,FALSE,TRUE
3266,31.390156062425,312.980890225729,0.260332544428249,-1.2960765040596,0.200164194618349,1.22160332238523,TRUE,FALSE,TRUE
3267,31.2629051620648,279.700825334776,0.245556159726114,-0.153792711814774,0.200978932527479,1.22259901448086,TRUE,FALSE,TRUE
3268,31.1992797118848,346.18074130841,0.273567612642445,0.511609324438454,0.201388793754304,1.22310021311678,TRUE,FALSE,TRUE
3269,31.3265306122449,281.54020523411,0.246547802529455,-0.741529172535295,0.200570736190098,1.22210005588453,TRUE,FALSE,TRUE
3270,31.3265306122449,309.65453016811,0.258750941256508,-0.748477356925104,0.200570736190098,1.22210005588453,TRUE,FALSE,TRUE
3271,31.4855942376951,267.106649164675,0.240161423546293,-2.24602693530924,0.199557463001834,1.22086236183153,TRUE,FALSE,TRUE
3272,31.3583433373349,349.487981776465,0.275128395688448,-1.02647830062481,0.200367259188048,1.22185141192648,TRUE,FALSE,TRUE
3273,31.3265306122449,331.775358692502,0.267866038404886,-0.736588779820354,0.200570736190098,1.22210005588453,TRUE,FALSE,TRUE
3274,31.3265306122449,359.203869684101,0.278781674945121,-0.733270810460338,0.200570736190098,1.22210005588453,TRUE,FALSE,TRUE
3275,31.3265306122449,302.288654431,0.255528945843886,-0.744221651218636,0.200570736190098,1.22210005588453,TRUE,FALSE,TRUE
3276,31.3583433373349,340.342191250521,0.271292963304574,-1.04950367812869,0.200367259188048,1.22185141192648,TRUE,FALSE,TRUE
3277,31.390156062425,292.392426841037,0.25147838093218,-1.30784725174806,0.200164194618349,1.22160332238523,TRUE,FALSE,TRUE
3278,31.453781512605,361.556079672053,0.28032565881626,-1.87064888641722,0.199759297770337,1.22110879917268,TRUE,FALSE,TRUE
3279,31.3265306122449,317.554643213073,0.262322411107168,-0.672846853308291,0.200570736190098,1.22210005588453,TRUE,FALSE,TRUE
3280,31.390156062425,349.783652147333,0.275366397240864,-1.33394603729656,0.200164194618349,1.22160332238523,TRUE,FALSE,TRUE
3281,31.421968787515,330.617151281496,0.267141658890305,-1.75232044270128,0.199961541228317,1.22135578541362,TRUE,FALSE,TRUE
3282,31.2947178871549,325.979588904711,0.265854203277398,-0.35366206848311,0.200774626882275,1.22234925611478,TRUE,FALSE,TRUE
3283,31.2310924369748,324.600249537972,0.26491786448018,0.244571314224297,0.20118365439375,1.22284933285476,TRUE,FALSE,TRUE
3284,31.421968787515,325.489378434113,0.265915107844027,-1.5334123544198,0.199961541228317,1.22135578541362,TRUE,FALSE,TRUE
3285,31.2629051620648,342.357618148347,0.272120140906804,-0.104607653476141,0.200978932527479,1.22259901448086,TRUE,FALSE,TRUE
3286,31.2947178871549,285.748616066229,0.24877242576009,-0.336558765311689,0.200774626882275,1.22234925611478,TRUE,FALSE,TRUE
3287,31.421968787515,337.550602445445,0.270506687866975,-1.59225824692112,0.199961541228317,1.22135578541362,TRUE,FALSE,TRUE
3288,31.5174069627851,346.727813833551,0.273745923264228,-2.68765866622823,0.199356035685252,1.22061647156741,TRUE,FALSE,TRUE
3289,31.3265306122449,306.321597041987,0.257252986618591,-0.762513046881113,0.200570736190098,1.22210005588453,TRUE,FALSE,TRUE
3290,31.1992797118848,273.756735866835,0.242881367738786,0.479365863239109,0.201388793754304,1.22310021311678,TRUE,FALSE,TRUE
3291,31.2310924369748,276.621735826199,0.244394241014602,0.226881022989418,0.20118365439375,1.22284933285476,TRUE,FALSE,TRUE
3292,31.3583433373349,333.958777698874,0.268721456199357,-1.05985911423892,0.200367259188048,1.22185141192648,TRUE,FALSE,TRUE
3293,31.421968787515,296.146062484843,0.253232365187345,-1.5817309910043,0.199961541228317,1.22135578541362,TRUE,FALSE,TRUE
3294,31.5174069627851,262.814485982936,0.23827368490892,-2.60020078769816,0.199356035685252,1.22061647156741,TRUE,FALSE,TRUE
3295,31.2947178871549,268.931084879999,0.240598602676428,-0.508130160676882,0.200774626882275,1.22234925611478,TRUE,FALSE,TRUE
3296,31.1674669867947,315.33814859787,0.261091985152516,0.862762503058229,0.201594351887553,1.22335165715567,TRUE,FALSE,TRUE
3297,31.390156062425,307.825919492071,0.257906143052027,-1.37097815088217,0.200164194618349,1.22160332238523,TRUE,FALSE,TRUE
3298,31.2947178871549,231.927956151464,0.223856896581188,-0.322081125911558,0.200774626882275,1.22234925611478,TRUE,FALSE,TRUE
3299,31.2310924369748,314.665048553598,0.260524691269882,0.152775819705755,0.20118365439375,1.22284933285476,TRUE,FALSE,TRUE
3300,31.390156062425,349.705583006682,0.275057050362122,-1.39309052180752,0.200164194618349,1.22160332238523,TRUE,FALSE,TRUE
3301,31.2947178871549,400.687384115294,0.294862448805963,-0.415952432460837,0.200774626882275,1.22234925611478,TRUE,FALSE,TRUE
3302,31.3265306122449,319.154783534934,0.262793240494215,-0.736090155914184,0.200570736190098,1.22210005588453,TRUE,FALSE,TRUE
3303,31.2310924369748,316.84221657036,0.261588503346267,0.205005869088398,0.20118365439375,1.22284933285476,TRUE,FALSE,TRUE
3304,31.2629051620648,329.821235894729,0.267051658555363,-0.116378540980708,0.200978932527479,1.22259901448086,TRUE,FALSE,TRUE
3305,31.2310924369748,251.0648056731,0.233183513320919,0.359469741216091,0.20118365439375,1.22284933285476,TRUE,FALSE,TRUE
3306,31.390156062425,316.252912761287,0.261730847085672,-1.34971403366827,0.200164194618349,1.22160332238523,TRUE,FALSE,TRUE
3307,31.2947178871549,298.784874717039,0.253922363554113,-0.413906171014541,0.200774626882275,1.22234925611478,TRUE,FALSE,TRUE
3308,31.2947178871549,276.823774362752,0.244532204034334,-0.419193189048221,0.200774626882275,1.22234925611478,TRUE,FALSE,TRUE
3309,31.390156062425,296.563388875245,0.253356094240627,-1.28907811279276,0.200164194618349,1.22160332238523,TRUE,FALSE,TRUE
3310,31.421968787515,358.280203107081,0.278981680530336,-1.56217963956314,0.199961541228317,1.22135578541362,TRUE,FALSE,TRUE
3311,31.390156062425,403.941015240879,0.296119372278714,-1.32085988843849,0.200164194618349,1.22160332238523,TRUE,FALSE,TRUE
3312,31.2947178871549,305.321802939786,0.256522731329308,-0.505509832020736,0.200774626882275,1.22234925611478,TRUE,FALSE,TRUE
3313,31.2629051620648,282.350032483171,0.246924997370093,-0.112262528824219,0.200978932527479,1.22259901448086,TRUE,FALSE,TRUE
3314,31.390156062425,356.184390325534,0.277829301853295,-1.33012203527866,0.200164194618349,1.22160332238523,TRUE,FALSE,TRUE
3315,31.3265306122449,337.572944267045,0.270042272515092,-0.787038180436831,0.200570736190098,1.22210005588453,TRUE,FALSE,TRUE
3316,31.3265306122449,267.563430834674,0.24053226767183,-0.64868504802681,0.200570736190098,1.22210005588453,TRUE,FALSE,TRUE
3317,31.2947178871549,250.079446591733,0.232213071440264,-0.451111371694985,0.200774626882275,1.22234925611478,TRUE,FALSE,TRUE
3318,31.3265306122449,376.573559189868,0.285639852948474,-0.755978513246339,0.200570736190098,1.22210005588453,TRUE,FALSE,TRUE
3319,31.3583433373349,347.349992360726,0.274124740957621,-1.06473201483881,0.200367259188048,1.22185141192648,TRUE,FALSE,TRUE
3320,31.2310924369748,315.641679794024,0.26113159984847,0.189051846500026,0.20118365439375,1.22284933285476,TRUE,FALSE,TRUE
3321,31.2629051620648,309.42719670765,0.258489194394446,-0.118959658502384,0.200978932527479,1.22259901448086,TRUE,FALSE,TRUE
3322,31.3265306122449,302.648800910403,0.255878634683996,-0.679991810783912,0.200570736190098,1.22210005588453,TRUE,FALSE,TRUE
3323,31.3583433373349,282.810217886856,0.247063430514713,-1.08555507869866,0.200367259188048,1.22185141192648,TRUE,FALSE,TRUE
3324,31.390156062425,301.017283502518,0.255312192218073,-1.28211014508803,0.200164194618349,1.22160332238523,TRUE,FALSE,TRUE
3325,31.1992797118848,350.743967174831,0.275721812408118,0.551650955667746,0.201388793754304,1.22310021311678,TRUE,FALSE,TRUE
3326,31.2947178871549,290.818419193278,0.250887701028401,-0.349679605764771,0.200774626882275,1.22234925611478,TRUE,FALSE,TRUE
3327,31.2310924369748,321.746110384035,0.263622008860225,0.185299388931774,0.20118365439375,1.22284933285476,TRUE,FALSE,TRUE
3328,31.2947178871549,339.569978009535,0.271326373032545,-0.344708374155508,0.200774626882275,1.22234925611478,TRUE,FALSE,TRUE
3329,31.3583433373349,307.531287296586,0.258182099793881,-0.977642633327429,0.200367259188048,1.22185141192648,TRUE,FALSE,TRUE
3330,31.3265306122449,260.644861304928,0.236722106215848,-0.855762037867682,0.200570736190098,1.22210005588453,TRUE,FALSE,TRUE
3331,31.2947178871549,304.677626963669,0.256512668223986,-0.417870731542918,0.200774626882275,1.22234925611478,TRUE,FALSE,TRUE
3332,31.2947178871549,327.783449079958,0.266389616540441,-0.375675518754064,0.200774626882275,1.22234925611478,TRUE,FALSE,TRUE
3333,31.3583433373349,258.500998889277,0.236315447390421,-0.980654513069342,0.200367259188048,1.22185141192648,TRUE,FALSE,TRUE
3334,31.3583433373349,302.148926931328,0.255454053944718,-1.06420092241715,0.200367259188048,1.22185141192648,TRUE,FALSE,TRUE
3335,31.2947178871549,305.840983725105,0.257093164669811,-0.385081184003977,0.200774626882275,1.22234925611478,TRUE,FALSE,TRUE
3336,31.3265306122449,323.905235723826,0.264479902951506,-0.745855512648897,0.200570736190098,1.22210005588453,TRUE,FALSE,TRUE
3337,31.390156062425,315.096213476321,0.261127397100522,-1.35604799900665,0.200164194618349,1.22160332238523,TRUE,FALSE,TRUE
3338,31.3265306122449,347.168309232074,0.274176473733248,-0.728372754228873,0.200570736190098,1.22210005588453,TRUE,FALSE,TRUE
3339,31.3265306122449,264.354594545891,0.238815090517243,-0.731531104550193,0.200570736190098,1.22210005588453,TRUE,FALSE,TRUE
3340,31.390156062425,331.989710853614,0.26819230539026,-1.34568479772909,0.200164194618349,1.22160332238523,TRUE,FALSE,TRUE
3341,31.3265306122449,331.375940288267,0.267616398263504,-0.757838951656208,0.200570736190098,1.22210005588453,TRUE,FALSE,TRUE
3342,31.2947178871549,286.801708951869,0.24907313551165,-0.380605944821802,0.200774626882275,1.22234925611478,TRUE,FALSE,TRUE
3343,31.3265306122449,364.34282033951,0.280974327636148,-0.7398097723795,0.200570736190098,1.22210005588453,TRUE,FALSE,TRUE
3344,31.2947178871549,274.132602707144,0.243411805451708,-0.34177017675488,0.200774626882275,1.22234925611478,TRUE,FALSE,TRUE
3345,31.2947178871549,333.688709912515,0.268904567689875,-0.396244735841266,0.200774626882275,1.22234925611478,TRUE,FALSE,TRUE
3346,31.2629051620648,338.078644626666,0.270726149785193,-0.0280943655282273,0.200978932527479,1.22259901448086,TRUE,FALSE,TRUE
3347,31.2629051620648,343.300718824994,0.272484931336457,-0.120802843526027,0.200978932527479,1.22259901448086,TRUE,FALSE,TRUE
3348,31.2947178871549,308.654950073278,0.258626654342072,-0.334028064733821,0.200774626882275,1.22234925611478,TRUE,FALSE,TRUE
3349,31.2629051620648,326.604567010767,0.265325680516117,-0.194446820707478,0.200978932527479,1.22259901448086,TRUE,FALSE,TRUE
3350,31.3265306122449,293.070599071412,0.251678474771383,-0.699249464073714,0.200570736190098,1.22210005588453,TRUE,FALSE,TRUE
3351,31.421968787515,261.493371000454,0.237365811912832,-1.74386344261536,0.199961541228317,1.22135578541362,TRUE,FALSE,TRUE
3352,31.3583433373349,311.90047593176,0.259743809505885,-1.01774568891465,0.200367259188048,1.22185141192648,TRUE,FALSE,TRUE
3353,31.453781512605,342.134196398761,0.271961767983435,-2.04426308205026,0.199759297770337,1.22110879917268,TRUE,FALSE,TRUE
3354,31.390156062425,382.830556913788,0.288163013569384,-1.37922628171124,0.200164194618349,1.22160332238523,TRUE,FALSE,TRUE
3355,31.2947178871549,328.62136975562,0.266595782682308,-0.435116052007632,0.200774626882275,1.22234925611478,TRUE,FALSE,TRUE
3356,31.1356542617047,281.886832946153,0.246793011438083,1.19051880792341,0.201800330077136,1.22360366686859,TRUE,FALSE,TRUE
3357,31.3265306122449,260.485280202497,0.237096193698933,-0.721096478925055,0.200570736190098,1.22210005588453,TRUE,FALSE,TRUE
3358,31.2310924369748,351.447664810499,0.275648517505422,0.17228240839084,0.20118365439375,1.22284933285476,TRUE,FALSE,TRUE
3359,31.3583433373349,306.567679108814,0.257304007201538,-1.06487311496875,0.200367259188048,1.22185141192648,TRUE,FALSE,TRUE
3360,31.4855942376951,303.497389726789,0.256016085796876,-2.31309704670565,0.199557463001834,1.22086236183153,TRUE,FALSE,TRUE
3361,31.1992797118848,299.862450581787,0.254807285542514,0.619811224579115,0.201388793754304,1.22310021311678,TRUE,FALSE,TRUE
3362,31.3265306122449,329.24254709654,0.267156303177246,-0.641691936260671,0.200570736190098,1.22210005588453,TRUE,FALSE,TRUE
3363,31.4855942376951,278.392944244111,0.245233995439545,-2.29930050492507,0.199557463001834,1.22086236183153,TRUE,FALSE,TRUE
3364,31.3583433373349,309.927420932991,0.258867932771985,-1.03054267548726,0.200367259188048,1.22185141192648,TRUE,FALSE,TRUE
3365,31.1674669867947,328.25571172098,0.26664133150529,0.894077885703505,0.201594351887553,1.22335165715567,TRUE,FALSE,TRUE
3366,31.453781512605,308.699098354791,0.258216023562962,-2.00291870040675,0.199759297770337,1.22110879917268,TRUE,FALSE,TRUE
3367,31.390156062425,343.41629296626,0.272889428979637,-1.29841093333521,0.200164194618349,1.22160332238523,TRUE,FALSE,TRUE
3368,31.421968787515,295.379935120243,0.252807220369697,-1.63508518546934,0.199961541228317,1.22135578541362,TRUE,FALSE,TRUE
3369,31.390156062425,316.59238908329,0.261869971616486,-1.27963847144992,0.200164194618349,1.22160332238523,TRUE,FALSE,TRUE
3370,31.3583433373349,284.969789716858,0.247932962135518,-1.11005525954002,0.200367259188048,1.22185141192648,TRUE,FALSE,TRUE
3371,31.390156062425,324.790520763274,0.2653363489498,-1.2647859827083,0.200164194618349,1.22160332238523,TRUE,FALSE,TRUE
3372,31.453781512605,296.106124607321,0.253102484275892,-1.91969133236662,0.199759297770337,1.22110879917268,TRUE,FALSE,TRUE
3373,31.390156062425,275.610507006762,0.243939720920318,-1.3656494491901,0.200164194618349,1.22160332238523,TRUE,FALSE,TRUE
3374,31.3583433373349,288.526585536389,0.249596361733303,-1.06905245417449,0.200367259188048,1.22185141192648,TRUE,FALSE,TRUE
3375,31.2310924369748,342.331818233648,0.272407582708029,0.294454360086527,0.20118365439375,1.22284933285476,TRUE,FALSE,TRUE
3376,31.3583433373349,340.671259148696,0.271683099489766,-1.02107812586939,0.200367259188048,1.22185141192648,TRUE,FALSE,TRUE
3377,31.1992797118848,351.366189421844,0.27546082618163,0.465904676738202,0.201388793754304,1.22310021311678,TRUE,FALSE,TRUE
3378,31.2947178871549,330.344160219908,0.267142552543856,-0.467324821283438,0.200774626882275,1.22234925611478,TRUE,FALSE,TRUE
3379,31.2310924369748,334.643546395231,0.268694661412433,0.149776801166487,0.20118365439375,1.22284933285476,TRUE,FALSE,TRUE
3380,31.2629051620648,295.523304251991,0.252630749815135,-0.113044131006223,0.200978932527479,1.22259901448086,TRUE,FALSE,TRUE
3381,31.390156062425,282.446043855991,0.247113279410031,-1.35612374797207,0.200164194618349,1.22160332238523,TRUE,FALSE,TRUE
3382,31.390156062425,259.922138562105,0.23679127297959,-1.37707657163766,0.200164194618349,1.22160332238523,TRUE,FALSE,TRUE
3383,31.2947178871549,331.227834420846,0.267551416377941,-0.431288550474435,0.200774626882275,1.22234925611478,TRUE,FALSE,TRUE
3384,31.2947178871549,326.992243540113,0.265872825587876,-0.444526996816137,0.200774626882275,1.22234925611478,TRUE,FALSE,TRUE
3385,31.2947178871549,347.960195271659,0.274777393497707,-0.342105256258599,0.200774626882275,1.22234925611478,TRUE,FALSE,TRUE
3386,31.3265306122449,362.628997329968,0.280539964881542,-0.65780246847932,0.200570736190098,1.22210005588453,TRUE,FALSE,TRUE
3387,31.3583433373349,339.579242807922,0.271149543981687,-1.0455629555604,0.200367259188048,1.22185141192648,TRUE,FALSE,TRUE
3388,31.421968787515,245.1984531081,0.229954405445395,-1.66608265214756,0.199961541228317,1.22135578541362,TRUE,FALSE,TRUE
3389,31.3265306122449,350.968649848377,0.275714580676494,-0.713877332138286,0.200570736190098,1.22210005588453,TRUE,FALSE,TRUE
3390,31.2310924369748,351.023127459052,0.275700781578455,0.219246154361179,0.20118365439375,1.22284933285476,TRUE,FALSE,TRUE
3391,31.1992797118848,272.955843317408,0.242619959721684,0.500619724926913,0.201388793754304,1.22310021311678,TRUE,FALSE,TRUE
3392,31.390156062425,307.994808278532,0.258223096207458,-1.30663860334842,0.200164194618349,1.22160332238523,TRUE,FALSE,TRUE
3393,31.2629051620648,354.009793299652,0.277066062076058,-0.0872841103199732,0.200978932527479,1.22259901448086,TRUE,FALSE,TRUE
3394,31.1992797118848,373.972383729171,0.284673448082119,0.564359271739972,0.201388793754304,1.22310021311678,TRUE,FALSE,TRUE
3395,31.3583433373349,354.72157223979,0.277214268723815,-1.04225441251109,0.200367259188048,1.22185141192648,TRUE,FALSE,TRUE
3396,31.1992797118848,290.877906557465,0.250497039023086,0.477971587129496,0.201388793754304,1.22310021311678,TRUE,FALSE,TRUE
3397,31.2629051620648,362.933096718116,0.28055772217958,-0.0369646872801015,0.200978932527479,1.22259901448086,TRUE,FALSE,TRUE
3398,31.2629051620648,310.16229685081,0.258894286813115,-0.0992913493725161,0.200978932527479,1.22259901448086,TRUE,FALSE,TRUE
3399,31.1038415366146,391.613581770334,0.291299562819027,1.49685675956401,0.202006729611941,1.22385624416124,TRUE,FALSE,TRUE
3400,31.2310924369748,376.205454298332,0.285469009716866,0.207067150287605,0.20118365439375,1.22284933285476,TRUE,FALSE,TRUE
3401,31.421968787515,301.769147868137,0.255563646636679,-1.64184846854986,0.199961541228317,1.22135578541362,TRUE,FALSE,TRUE
3402,31.2947178871549,388.680168270654,0.290100950041936,-0.409629307452616,0.200774626882275,1.22234925611478,TRUE,FALSE,TRUE
3403,31.1992797118848,304.414323570593,0.256361163004293,0.491713084621872,0.201388793754304,1.22310021311678,TRUE,FALSE,TRUE
3404,31.2947178871549,304.557810994746,0.25644757942108,-0.43900463693109,0.200774626882275,1.22234925611478,TRUE,FALSE,TRUE
3405,31.2947178871549,292.684545629129,0.251599710861045,-0.343807447288774,0.200774626882275,1.22234925611478,TRUE,FALSE,TRUE
3406,31.453781512605,380.260163801728,0.287247321056775,-1.96622847764356,0.199759297770337,1.22110879917268,TRUE,FALSE,TRUE
3407,31.453781512605,287.455265547778,0.249472500538401,-1.88146134699505,0.199759297770337,1.22110879917268,TRUE,FALSE,TRUE
3408,31.3265306122449,302.573645718887,0.255987658252949,-0.646476623059112,0.200570736190098,1.22210005588453,TRUE,FALSE,TRUE
3409,31.2310924369748,327.060494179777,0.265898675945606,0.242272751058379,0.20118365439375,1.22284933285476,TRUE,FALSE,TRUE
3410,31.1674669867947,324.543376238471,0.264592048868695,0.786688603028357,0.201594351887553,1.22335165715567,TRUE,FALSE,TRUE
3411,31.2947178871549,312.688616623371,0.259826835165775,-0.440665661405687,0.200774626882275,1.22234925611478,TRUE,FALSE,TRUE
3412,31.2947178871549,296.354214649021,0.253024682803038,-0.420780983052834,0.200774626882275,1.22234925611478,TRUE,FALSE,TRUE
3413,31.3265306122449,274.629952478946,0.243452855662886,-0.775457132313065,0.200570736190098,1.22210005588453,TRUE,FALSE,TRUE
3414,31.3583433373349,367.167821913929,0.282005961754372,-1.05033557073727,0.200367259188048,1.22185141192648,TRUE,FALSE,TRUE
3415,31.3583433373349,335.825021259646,0.269714214957147,-1.02811264821108,0.200367259188048,1.22185141192648,TRUE,FALSE,TRUE
3416,31.3583433373349,328.009225089303,0.266700590793038,-1.00786401532312,0.200367259188048,1.22185141192648,TRUE,FALSE,TRUE
3417,31.390156062425,334.827446608696,0.269302810560454,-1.35375231724883,0.200164194618349,1.22160332238523,TRUE,FALSE,TRUE
3418,31.3583433373349,324.154262720589,0.264744201303534,-1.0386009896029,0.200367259188048,1.22185141192648,TRUE,FALSE,TRUE
3419,31.2629051620648,325.251204266511,0.265248194696621,-0.0917609508684828,0.200978932527479,1.22259901448086,TRUE,FALSE,TRUE
3420,31.4855942376951,303.293618975553,0.256256428401668,-2.28537313677691,0.199557463001834,1.22086236183153,TRUE,FALSE,TRUE
3421,31.3583433373349,337.368784807504,0.270118253514382,-1.08164051239022,0.200367259188048,1.22185141192648,TRUE,FALSE,TRUE
3422,31.1674669867947,309.661125421649,0.258634949339802,0.85296566836702,0.201594351887553,1.22335165715567,TRUE,FALSE,TRUE
3423,31.2629051620648,363.845138527357,0.280954509455047,-0.0627280075679232,0.200978932527479,1.22259901448086,TRUE,FALSE,TRUE
3424,31.3583433373349,298.671775004668,0.254179149002011,-1.02699300370131,0.200367259188048,1.22185141192648,TRUE,FALSE,TRUE
3425,31.421968787515,313.684246648627,0.260447798805252,-1.69711510738822,0.199961541228317,1.22135578541362,TRUE,FALSE,TRUE
3426,31.3265306122449,310.072658728494,0.259267896326068,-0.634727062586725,0.200570736190098,1.22210005588453,TRUE,FALSE,TRUE
3427,31.2629051620648,335.026985452064,0.269465032379199,-0.0786010861745459,0.200978932527479,1.22259901448086,TRUE,FALSE,TRUE
3428,31.3265306122449,345.459767248865,0.273519766004147,-0.708315553529949,0.200570736190098,1.22210005588453,TRUE,FALSE,TRUE
3429,31.390156062425,369.844964240186,0.283174176228759,-1.35501484533908,0.200164194618349,1.22160332238523,TRUE,FALSE,TRUE
3430,31.2629051620648,357.753206983123,0.278368466975153,-0.123761901786725,0.200978932527479,1.22259901448086,TRUE,FALSE,TRUE
3431,31.1992797118848,308.695248550916,0.257984958618706,0.442893256502311,0.201388793754304,1.22310021311678,TRUE,FALSE,TRUE
3432,31.390156062425,321.995724889898,0.26321418337667,-1.5377472261086,0.200164194618349,1.22160332238523,TRUE,FALSE,TRUE
3433,31.3583433373349,305.582540430258,0.257265878380506,-1.00797295246997,0.200367259188048,1.22185141192648,TRUE,FALSE,TRUE
3434,31.5174069627851,313.381617725862,0.260187820951872,-2.60256253134157,0.199356035685252,1.22061647156741,TRUE,FALSE,TRUE
3435,31.1992797118848,348.527539609584,0.274771365354124,0.576948228774498,0.201388793754304,1.22310021311678,TRUE,FALSE,TRUE
3436,31.390156062425,349.879871575032,0.275198114950135,-1.37720220658186,0.200164194618349,1.22160332238523,TRUE,FALSE,TRUE
3437,31.2947178871549,308.879714813528,0.258266855848319,-0.446443179959964,0.200774626882275,1.22234925611478,TRUE,FALSE,TRUE
3438,31.390156062425,370.827914133853,0.283494368857806,-1.35817253171522,0.200164194618349,1.22160332238523,TRUE,FALSE,TRUE
3439,31.390156062425,304.180562618281,0.256824264660307,-1.23680506818051,0.200164194618349,1.22160332238523,TRUE,FALSE,TRUE
3440,31.4855942376951,306.190654098477,0.25724077425354,-2.28474778181905,0.199557463001834,1.22086236183153,TRUE,FALSE,TRUE
3441,31.2947178871549,335.591812810595,0.269737086319572,-0.319705738290069,0.200774626882275,1.22234925611478,TRUE,FALSE,TRUE
3442,31.390156062425,323.190096750529,0.264192596831199,-1.39646461704963,0.200164194618349,1.22160332238523,TRUE,FALSE,TRUE
3443,31.390156062425,294.205577328007,0.252260680513889,-1.33944071621936,0.200164194618349,1.22160332238523,TRUE,FALSE,TRUE
3444,31.3583433373349,277.71494984161,0.244798508249652,-1.0558205991979,0.200367259188048,1.22185141192648,TRUE,FALSE,TRUE
3445,31.3583433373349,324.922222713687,0.265269678816859,-0.984929182515801,0.200367259188048,1.22185141192648,TRUE,FALSE,TRUE
3446,31.3265306122449,360.6333662127,0.279472722012773,-0.733380571803217,0.200570736190098,1.22210005588453,TRUE,FALSE,TRUE
3447,31.3265306122449,351.613208996748,0.275978326101518,-0.755408608430552,0.200570736190098,1.22210005588453,TRUE,FALSE,TRUE
3448,31.2947178871549,316.442677444679,0.261520910110239,-0.425981211776378,0.200774626882275,1.22234925611478,TRUE,FALSE,TRUE
3449,31.2629051620648,301.755475229395,0.255565865721672,-0.0655433068187411,0.200978932527479,1.22259901448086,TRUE,FALSE,TRUE
3450,31.2947178871549,302.943831906585,0.25590145916657,-0.426436399258676,0.200774626882275,1.22234925611478,TRUE,FALSE,TRUE
3451,31.421968787515,290.592078179832,0.250617680986598,-1.65370459539474,0.199961541228317,1.22135578541362,TRUE,FALSE,TRUE
3452,31.3583433373349,311.041837604525,0.259292296268661,-1.00915256216456,0.200367259188048,1.22185141192648,TRUE,FALSE,TRUE
3453,31.3265306122449,363.015485170128,0.280663035335198,-0.698802854663424,0.200570736190098,1.22210005588453,TRUE,FALSE,TRUE
3454,31.3583433373349,317.964519534379,0.26188333769024,-1.15013664897677,0.200367259188048,1.22185141192648,TRUE,FALSE,TRUE
3455,31.3265306122449,340.143061655187,0.271854017675156,-0.629492841208487,0.200570736190098,1.22210005588453,TRUE,FALSE,TRUE
3456,31.3583433373349,295.323311216843,0.252647624774448,-1.04952188594877,0.200367259188048,1.22185141192648,TRUE,FALSE,TRUE
3457,31.2310924369748,367.244403137615,0.281970347645016,0.220285192451458,0.20118365439375,1.22284933285476,TRUE,FALSE,TRUE
3458,31.2629051620648,344.64686904638,0.273098054098169,-0.124970878654744,0.200978932527479,1.22259901448086,TRUE,FALSE,TRUE
3459,31.2310924369748,308.572270988593,0.258465829999356,0.251330458286385,0.20118365439375,1.22284933285476,TRUE,FALSE,TRUE
3460,31.3583433373349,340.63516100667,0.271929570695103,-0.96074133554997,0.200367259188048,1.22185141192648,TRUE,FALSE,TRUE
3461,31.2629051620648,310.146121639605,0.258995873317383,-0.0554254981644235,0.200978932527479,1.22259901448086,TRUE,FALSE,TRUE
3462,31.1674669867947,375.480946646998,0.285217587658127,0.894863432093428,0.201594351887553,1.22335165715567,TRUE,FALSE,TRUE
3463,31.3583433373349,300.034561534059,0.254636552040881,-1.03966468177406,0.200367259188048,1.22185141192648,TRUE,FALSE,TRUE
3464,31.2310924369748,347.025771355542,0.274138780741205,0.247248867239866,0.20118365439375,1.22284933285476,TRUE,FALSE,TRUE
3465,31.1674669867947,303.519035023788,0.256032160583688,0.827394227594617,0.201594351887553,1.22335165715567,TRUE,FALSE,TRUE
3466,31.421968787515,294.704809004774,0.252308382118419,-1.7118131652701,0.199961541228317,1.22135578541362,TRUE,FALSE,TRUE
3467,31.3583433373349,314.472734685518,0.260898627349255,-1.01435830012517,0.200367259188048,1.22185141192648,TRUE,FALSE,TRUE
3468,31.390156062425,306.505534222195,0.257619949385571,-1.2890299049807,0.200164194618349,1.22160332238523,TRUE,FALSE,TRUE
3469,31.3265306122449,298.941830724691,0.254199597084507,-0.724911987642588,0.200570736190098,1.22210005588453,TRUE,FALSE,TRUE
3470,31.390156062425,305.822390005023,0.25703518126183,-1.38005685851578,0.200164194618349,1.22160332238523,TRUE,FALSE,TRUE
3471,31.2629051620648,281.396957103608,0.24651870287142,-0.120852449112944,0.200978932527479,1.22259901448086,TRUE,FALSE,TRUE
3472,31.3583433373349,317.717634515283,0.262348878567708,-0.96476400370146,0.200367259188048,1.22185141192648,TRUE,FALSE,TRUE
3473,31.3265306122449,305.421902192159,0.257189224158102,-0.674762979215131,0.200570736190098,1.22210005588453,TRUE,FALSE,TRUE
3474,31.453781512605,277.414898425265,0.244704771999449,-1.99615247013735,0.199759297770337,1.22110879917268,TRUE,FALSE,TRUE
3475,31.2947178871549,377.059035115528,0.285838971538378,-0.414130234565447,0.200774626882275,1.22234925611478,TRUE,FALSE,TRUE
3476,31.3583433373349,309.308263156526,0.258671704956522,-1.03749611468865,0.200367259188048,1.22185141192648,TRUE,FALSE,TRUE
3477,31.390156062425,311.65493362477,0.259638035590487,-1.35872055989293,0.200164194618349,1.22160332238523,TRUE,FALSE,TRUE
3478,31.2310924369748,309.994317483982,0.258793388268341,0.209069086388019,0.20118365439375,1.22284933285476,TRUE,FALSE,TRUE
3479,31.390156062425,335.871767828487,0.269469795815144,-1.37604180244251,0.200164194618349,1.22160332238523,TRUE,FALSE,TRUE
3480,31.3265306122449,318.094660975982,0.261995254234005,-0.780028826222518,0.200570736190098,1.22210005588453,TRUE,FALSE,TRUE
3481,31.2310924369748,301.427867249495,0.255009356916065,0.159547978343366,0.20118365439375,1.22284933285476,TRUE,FALSE,TRUE
3482,31.3265306122449,417.125483623167,0.300614089708254,-0.809291044046738,0.200570736190098,1.22210005588453,TRUE,FALSE,TRUE
3483,31.2310924369748,315.928314125275,0.261537196879911,0.261422142596595,0.20118365439375,1.22284933285476,TRUE,FALSE,TRUE
3484,31.3265306122449,331.16698874879,0.26751483307654,-0.759724173994558,0.200570736190098,1.22210005588453,TRUE,FALSE,TRUE
3485,31.1674669867947,356.965566714431,0.278036853148339,0.885819826109754,0.201594351887553,1.22335165715567,TRUE,FALSE,TRUE
3486,31.2310924369748,255.084567881206,0.234353980366394,0.156435304155702,0.20118365439375,1.22284933285476,TRUE,FALSE,TRUE
3487,31.1992797118848,248.280772971567,0.231659911036124,0.605783109563604,0.201388793754304,1.22310021311678,TRUE,FALSE,TRUE
3488,31.3265306122449,343.112222829678,0.272390955543725,-0.758448581504854,0.200570736190098,1.22210005588453,TRUE,FALSE,TRUE
3489,31.3583433373349,380.482663344331,0.28696709404827,-1.07890477711305,0.200367259188048,1.22185141192648,TRUE,FALSE,TRUE
3490,31.2629051620648,311.942530225703,0.259763813488959,-0.0810412769170933,0.200978932527479,1.22259901448086,TRUE,FALSE,TRUE
3491,31.421968787515,305.574103187188,0.257296444414784,-1.55952758040497,0.199961541228317,1.22135578541362,TRUE,FALSE,TRUE
3492,31.2947178871549,279.086170271111,0.246004146606413,-0.27505655029327,0.200774626882275,1.22234925611478,TRUE,FALSE,TRUE
3493,31.390156062425,301.735899510199,0.255578797140958,-1.32116284058206,0.200164194618349,1.22160332238523,TRUE,FALSE,TRUE
3494,31.1356542617047,259.80605093447,0.236509388611823,1.12035176939116,0.201800330077136,1.22360366686859,TRUE,FALSE,TRUE
3495,31.390156062425,352.072267549531,0.275853333981615,-1.41149128843521,0.200164194618349,1.22160332238523,TRUE,FALSE,TRUE
3496,31.2629051620648,307.913390480181,0.257983642887068,-0.0925038898381845,0.200978932527479,1.22259901448086,TRUE,FALSE,TRUE
3497,31.3583433373349,350.098457359334,0.275191633747761,-1.09932219822941,0.200367259188048,1.22185141192648,TRUE,FALSE,TRUE
3498,31.2629051620648,404.078295045575,0.296023109562655,-0.124741957445076,0.200978932527479,1.22259901448086,TRUE,FALSE,TRUE
3499,31.390156062425,375.799479337689,0.285269951027054,-1.39828250214951,0.200164194618349,1.22160332238523,TRUE,FALSE,TRUE
3500,31.2310924369748,321.506890458841,0.263557774594424,0.205888557830813,0.20118365439375,1.22284933285476,TRUE,FALSE,TRUE
3501,31.3583433373349,311.148606047969,0.259283045864337,-1.07046914220428,0.200367259188048,1.22185141192648,TRUE,FALSE,TRUE
3502,31.3583433373349,354.921493114139,0.277417126621902,-0.995541774348029,0.200367259188048,1.22185141192648,TRUE,FALSE,TRUE
3503,31.3265306122449,344.275284497546,0.272747304875307,-0.802177126534209,0.200570736190098,1.22210005588453,TRUE,FALSE,TRUE
3504,31.2947178871549,254.563975933227,0.234150566084408,-0.482442401541952,0.200774626882275,1.22234925611478,TRUE,FALSE,TRUE
3505,31.2629051620648,279.803279591327,0.245719376838752,-0.0829364889502387,0.200978932527479,1.22259901448086,TRUE,FALSE,TRUE
3506,31.2947178871549,303.870729984582,0.256153747776105,-0.447448461265341,0.200774626882275,1.22234925611478,TRUE,FALSE,TRUE
3507,31.2947178871549,321.188145864755,0.263385611515016,-0.464580577746983,0.200774626882275,1.22234925611478,TRUE,FALSE,TRUE
3508,31.2629051620648,350.873331435963,0.275124156131239,-0.194584570710187,0.200978932527479,1.22259901448086,TRUE,FALSE,TRUE
3509,31.3265306122449,331.674084103587,0.268285681674808,-0.664411928611337,0.200570736190098,1.22210005588453,TRUE,FALSE,TRUE
3510,31.1992797118848,278.084490151676,0.24459322109958,0.445806995161636,0.201388793754304,1.22310021311678,TRUE,FALSE,TRUE
3511,31.3583433373349,290.309855945463,0.250556469197062,-1.03912260134648,0.200367259188048,1.22185141192648,TRUE,FALSE,TRUE
3512,31.2947178871549,322.337549297855,0.264305176187867,-0.352067873321308,0.200774626882275,1.22234925611478,TRUE,FALSE,TRUE
3513,31.453781512605,318.731207771759,0.262812268213362,-1.9023649421712,0.199759297770337,1.22110879917268,TRUE,FALSE,TRUE
3514,31.2947178871549,325.05697794373,0.265637584245695,-0.304445328339948,0.200774626882275,1.22234925611478,TRUE,FALSE,TRUE
3515,31.390156062425,329.71494427645,0.267321514380241,-1.3219202655483,0.200164194618349,1.22160332238523,TRUE,FALSE,TRUE
3516,31.390156062425,368.627723073739,0.28270673750966,-1.33914113976152,0.200164194618349,1.22160332238523,TRUE,FALSE,TRUE
3517,31.3265306122449,323.662251399906,0.264825328501104,-0.673713244922109,0.200570736190098,1.22210005588453,TRUE,FALSE,TRUE
3518,31.3583433373349,320.36782660508,0.263351088599401,-0.991027913982901,0.200367259188048,1.22185141192648,TRUE,FALSE,TRUE
3519,31.3583433373349,302.381708852562,0.25595589801226,-0.978991616989909,0.200367259188048,1.22185141192648,TRUE,FALSE,TRUE
3520,31.2629051620648,325.782890262823,0.265607451649626,-0.094382549917853,0.200978932527479,1.22259901448086,TRUE,FALSE,TRUE
3521,31.1992797118848,338.850333132528,0.270371641002161,0.414936143718103,0.201388793754304,1.22310021311678,TRUE,FALSE,TRUE
3522,31.2947178871549,315.000579282162,0.261067780772345,-0.38987425544649,0.200774626882275,1.22234925611478,TRUE,FALSE,TRUE
3523,31.2629051620648,295.518583876772,0.252792938488153,-0.0821963699731909,0.200978932527479,1.22259901448086,TRUE,FALSE,TRUE
3524,31.2947178871549,341.602832758084,0.271928914608193,-0.409176172887493,0.200774626882275,1.22234925611478,TRUE,FALSE,TRUE
3525,31.3265306122449,320.81469126378,0.263693009274855,-0.649879926096828,0.200570736190098,1.22210005588453,TRUE,FALSE,TRUE
3526,31.2947178871549,307.594859076148,0.257891553958577,-0.431553561087067,0.200774626882275,1.22234925611478,TRUE,FALSE,TRUE
3527,31.2629051620648,328.097818496466,0.266327101886582,-0.122347496887324,0.200978932527479,1.22259901448086,TRUE,FALSE,TRUE
3528,31.3265306122449,341.626855667577,0.272112488647507,-0.695362108911205,0.200570736190098,1.22210005588453,TRUE,FALSE,TRUE
3529,31.421968787515,303.487172776295,0.256228810634935,-1.617175041482,0.199961541228317,1.22135578541362,TRUE,FALSE,TRUE
3530,31.390156062425,319.365713391326,0.262632077407857,-1.41904491988735,0.200164194618349,1.22160332238523,TRUE,FALSE,TRUE
3531,31.390156062425,367.292294491709,0.282114707884507,-1.36526239295404,0.200164194618349,1.22160332238523,TRUE,FALSE,TRUE
3532,31.3265306122449,370.484197112952,0.28349854971938,-0.659162153919659,0.200570736190098,1.22210005588453,TRUE,FALSE,TRUE
3533,31.3265306122449,319.830699431665,0.263019779170105,-0.695824291401784,0.200570736190098,1.22210005588453,TRUE,FALSE,TRUE
3534,31.2947178871549,328.947711060012,0.267085541617891,-0.326243882598214,0.200774626882275,1.22234925611478,TRUE,FALSE,TRUE
3535,31.3583433373349,390.492679075135,0.29121543507511,-0.975052608073191,0.200367259188048,1.22185141192648,TRUE,FALSE,TRUE
3536,31.2629051620648,305.819856092366,0.256744856145946,-0.165014281681056,0.200978932527479,1.22259901448086,TRUE,FALSE,TRUE
3537,31.2947178871549,344.481694647716,0.273241704852385,-0.36861189706208,0.200774626882275,1.22234925611478,TRUE,FALSE,TRUE
3538,31.2310924369748,306.178105156396,0.257101333971105,0.1603598115021,0.20118365439375,1.22284933285476,TRUE,FALSE,TRUE
3539,31.2629051620648,356.888767159366,0.278212331547578,-0.0337042785212929,0.200978932527479,1.22259901448086,TRUE,FALSE,TRUE
3540,31.2947178871549,360.387021115626,0.279147942053372,-0.466865441592141,0.200774626882275,1.22234925611478,TRUE,FALSE,TRUE
3541,31.2947178871549,369.481959358895,0.28303887681343,-0.404891985602879,0.200774626882275,1.22234925611478,TRUE,FALSE,TRUE
3542,31.2947178871549,269.138743291561,0.241232422301049,-0.370512551173094,0.200774626882275,1.22234925611478,TRUE,FALSE,TRUE
3543,31.2310924369748,337.367276964171,0.270607485337553,0.299261160120117,0.20118365439375,1.22284933285476,TRUE,FALSE,TRUE
3544,31.1038415366146,281.266356124012,0.246557981555262,1.54051631497853,0.202006729611941,1.22385624416124,TRUE,FALSE,TRUE
3545,31.3265306122449,346.549582415516,0.273978981999069,-0.729567096301751,0.200570736190098,1.22210005588453,TRUE,FALSE,TRUE
3546,31.3265306122449,262.995526926193,0.23851282008197,-0.651045661054817,0.200570736190098,1.22210005588453,TRUE,FALSE,TRUE
3547,31.3265306122449,256.548974137691,0.235348291987855,-0.702113475645042,0.200570736190098,1.22210005588453,TRUE,FALSE,TRUE
3548,31.2947178871549,342.661713895818,0.272206177934826,-0.424427196425112,0.200774626882275,1.22234925611478,TRUE,FALSE,TRUE
3549,31.3583433373349,299.532807040823,0.254634119976969,-1.00093640722183,0.200367259188048,1.22185141192648,TRUE,FALSE,TRUE
3550,31.2310924369748,355.501040153569,0.277511980013891,0.236367638508427,0.20118365439375,1.22284933285476,TRUE,FALSE,TRUE
3551,31.3583433373349,330.212308222415,0.267402801808141,-1.02940681063938,0.200367259188048,1.22185141192648,TRUE,FALSE,TRUE
3552,31.3583433373349,291.602653658917,0.251038325230959,-1.05314563499701,0.200367259188048,1.22185141192648,TRUE,FALSE,TRUE
3553,31.3583433373349,341.780201122636,0.271972142940056,-1.03214799468802,0.200367259188048,1.22185141192648,TRUE,FALSE,TRUE
3554,31.5492196878751,227.671081407303,0.221605699107414,-2.8558318354722,0.199155014588025,1.22037112656558,TRUE,FALSE,TRUE
3555,31.3583433373349,315.406996630908,0.261239462556601,-1.01864364561203,0.200367259188048,1.22185141192648,TRUE,FALSE,TRUE
3556,31.2629051620648,334.165208404434,0.269110090898737,-0.0365956659294424,0.200978932527479,1.22259901448086,TRUE,FALSE,TRUE
3557,31.2947178871549,312.254108825544,0.259904938293792,-0.380023051547121,0.200774626882275,1.22234925611478,TRUE,FALSE,TRUE
3558,31.2947178871549,303.909753342314,0.256216419560651,-0.429696177652488,0.200774626882275,1.22234925611478,TRUE,FALSE,TRUE
3559,31.3265306122449,336.728571135733,0.270147032009667,-0.649542285746301,0.200570736190098,1.22210005588453,TRUE,FALSE,TRUE
3560,31.3583433373349,289.375652753698,0.249668086310419,-1.15308350038128,0.200367259188048,1.22185141192648,TRUE,FALSE,TRUE
3561,31.2629051620648,371.08158201833,0.283728941244141,-0.0425852270085063,0.200978932527479,1.22259901448086,TRUE,FALSE,TRUE
3562,31.2310924369748,315.754577600461,0.261544593608018,0.307691381783813,0.20118365439375,1.22284933285476,TRUE,FALSE,TRUE
3563,31.2947178871549,303.316319974272,0.256406527458149,-0.342062725694797,0.200774626882275,1.22234925611478,TRUE,FALSE,TRUE
3564,31.3265306122449,380.208628855257,0.287021413403652,-0.730105066208431,0.200570736190098,1.22210005588453,TRUE,FALSE,TRUE
3565,31.3265306122449,310.521277959072,0.259253097012903,-0.680920742620027,0.200570736190098,1.22210005588453,TRUE,FALSE,TRUE
3566,31.3583433373349,324.723908340606,0.264911247208534,-1.08691031747908,0.200367259188048,1.22185141192648,TRUE,FALSE,TRUE
3567,31.2947178871549,341.456139436856,0.271531958809126,-0.491972347188951,0.200774626882275,1.22234925611478,TRUE,FALSE,TRUE
3568,31.2629051620648,339.653534799007,0.270984696588848,-0.127066393848366,0.200978932527479,1.22259901448086,TRUE,FALSE,TRUE
3569,31.3583433373349,327.6899417683,0.266375936553419,-1.03349882522382,0.200367259188048,1.22185141192648,TRUE,FALSE,TRUE
3570,31.3583433373349,333.033331399653,0.268433490310307,-1.07120273987409,0.200367259188048,1.22185141192648,TRUE,FALSE,TRUE
3571,31.4855942376951,300.557467343171,0.254953345786713,-2.26724005941191,0.199557463001834,1.22086236183153,TRUE,FALSE,TRUE
3572,31.390156062425,327.014543472304,0.265796870632351,-1.40199866329901,0.200164194618349,1.22160332238523,TRUE,FALSE,TRUE
3573,31.3583433373349,309.661779008657,0.258741635136097,-1.08117299512163,0.200367259188048,1.22185141192648,TRUE,FALSE,TRUE
3574,31.1992797118848,349.334612003732,0.27490464165349,0.507623802577279,0.201388793754304,1.22310021311678,TRUE,FALSE,TRUE
3575,31.3583433373349,301.286332977251,0.254986890879247,-1.07675911977257,0.200367259188048,1.22185141192648,TRUE,FALSE,TRUE
3576,31.390156062425,357.524601982467,0.278479883146064,-1.32825243140157,0.200164194618349,1.22160332238523,TRUE,FALSE,TRUE
3577,31.2629051620648,308.521572389287,0.258522311795317,-0.043335175662422,0.200978932527479,1.22259901448086,TRUE,FALSE,TRUE
3578,31.2310924369748,269.833850659605,0.241364808682965,0.217206019417777,0.20118365439375,1.22284933285476,TRUE,FALSE,TRUE
3579,31.390156062425,342.753979440284,0.272236146127269,-1.42020659264205,0.200164194618349,1.22160332238523,TRUE,FALSE,TRUE
3580,31.2629051620648,345.07970895172,0.273235237191479,-0.121163291351169,0.200978932527479,1.22259901448086,TRUE,FALSE,TRUE
3581,31.421968787515,324.185111366292,0.264892128489212,-1.64482215702568,0.199961541228317,1.22135578541362,TRUE,FALSE,TRUE
3582,31.2629051620648,275.862962895305,0.24381240680231,-0.158852277969711,0.200978932527479,1.22259901448086,TRUE,FALSE,TRUE
3583,31.390156062425,354.155051960485,0.277274979364935,-1.29340380328619,0.200164194618349,1.22160332238523,TRUE,FALSE,TRUE
3584,31.2947178871549,316.034327932378,0.261514193539556,-0.411378030785546,0.200774626882275,1.22234925611478,TRUE,FALSE,TRUE
3585,31.2629051620648,297.774161332059,0.253314615453309,-0.19624817679321,0.200978932527479,1.22259901448086,TRUE,FALSE,TRUE
3586,31.421968787515,308.728007421512,0.258248666906417,-1.69040028078332,0.199961541228317,1.22135578541362,TRUE,FALSE,TRUE
3587,31.3265306122449,318.572120829775,0.262432945151807,-0.733844082285175,0.200570736190098,1.22210005588453,TRUE,FALSE,TRUE
3588,31.2947178871549,321.776783449738,0.26402910995593,-0.350316404493975,0.200774626882275,1.22234925611478,TRUE,FALSE,TRUE
3589,31.3265306122449,341.935776283168,0.272301251714382,-0.70335956992035,0.200570736190098,1.22210005588453,TRUE,FALSE,TRUE
3590,31.3265306122449,320.962988946905,0.263473614493339,-0.706171496870301,0.200570736190098,1.22210005588453,TRUE,FALSE,TRUE
3591,31.421968787515,298.156763400638,0.253752846090752,-1.71946872945936,0.199961541228317,1.22135578541362,TRUE,FALSE,TRUE
3592,31.3265306122449,312.068840801942,0.25971318231816,-0.731873149311608,0.200570736190098,1.22210005588453,TRUE,FALSE,TRUE
3593,31.421968787515,321.864484230621,0.263916203617675,-1.63124189200841,0.199961541228317,1.22135578541362,TRUE,FALSE,TRUE
3594,31.2947178871549,289.716096513229,0.25019232980055,-0.390757290183727,0.200774626882275,1.22234925611478,TRUE,FALSE,TRUE
3595,31.2310924369748,340.34625760978,0.271167301530859,0.157082286533085,0.20118365439375,1.22284933285476,TRUE,FALSE,TRUE
3596,31.3583433373349,260.448497783498,0.237086697698864,-1.06293970332986,0.200367259188048,1.22185141192648,TRUE,FALSE,TRUE
3597,31.3583433373349,287.003561886848,0.248749408318092,-1.13628446456544,0.200367259188048,1.22185141192648,TRUE,FALSE,TRUE
3598,31.2629051620648,310.869195181119,0.259323085496829,-0.0969737047214475,0.200978932527479,1.22259901448086,TRUE,FALSE,TRUE
3599,31.390156062425,275.584969353056,0.244307748842122,-1.27173848170376,0.200164194618349,1.22160332238523,TRUE,FALSE,TRUE
3600,31.390156062425,289.500302414542,0.250009122688752,-1.3802644656631,0.200164194618349,1.22160332238523,TRUE,FALSE,TRUE
3601,31.2310924369748,371.003112767013,0.283280669332607,0.180743227486917,0.20118365439375,1.22284933285476,TRUE,FALSE,TRUE
3602,31.421968787515,325.132473157338,0.265268889639498,-1.68811817159724,0.199961541228317,1.22135578541362,TRUE,FALSE,TRUE
3603,31.3265306122449,301.990535899564,0.255648591550547,-0.649369138284305,0.200570736190098,1.22210005588453,TRUE,FALSE,TRUE
3604,31.390156062425,283.273840220475,0.24755919491465,-1.29639156052851,0.200164194618349,1.22160332238523,TRUE,FALSE,TRUE
3605,31.2629051620648,288.372024616846,0.249527766847221,-0.0722856114440599,0.200978932527479,1.22259901448086,TRUE,FALSE,TRUE
3606,31.3583433373349,345.875045760839,0.27381826028419,-1.01546929620918,0.200367259188048,1.22185141192648,TRUE,FALSE,TRUE
3607,31.2947178871549,267.365851559557,0.240420741254529,-0.353494662729278,0.200774626882275,1.22234925611478,TRUE,FALSE,TRUE
3608,31.1674669867947,282.98766607085,0.246954791262132,0.804010776019204,0.201594351887553,1.22335165715567,TRUE,FALSE,TRUE
3609,31.3583433373349,287.493934594361,0.24922107467573,-1.01730301952047,0.200367259188048,1.22185141192648,TRUE,FALSE,TRUE
3610,31.2629051620648,313.788665827577,0.260273036008897,-0.143973388826154,0.200978932527479,1.22259901448086,TRUE,FALSE,TRUE
3611,31.390156062425,289.376740723717,0.249925899811729,-1.38265527415714,0.200164194618349,1.22160332238523,TRUE,FALSE,TRUE
3612,31.2629051620648,369.836594417827,0.282646413935061,-0.188497630559297,0.200978932527479,1.22259901448086,TRUE,FALSE,TRUE
3613,31.3583433373349,344.520855319038,0.273271876364107,-1.00311152517826,0.200367259188048,1.22185141192648,TRUE,FALSE,TRUE
3614,31.2947178871549,296.41445029021,0.25350054992339,-0.316272674220174,0.200774626882275,1.22234925611478,TRUE,FALSE,TRUE
3615,31.1356542617047,337.748272178757,0.270363654469704,1.19652666163385,0.201800330077136,1.22360366686859,TRUE,FALSE,TRUE
3616,31.2629051620648,337.242053269748,0.269901805896245,-0.161756120741102,0.200978932527479,1.22259901448086,TRUE,FALSE,TRUE
3617,31.3265306122449,309.761291503653,0.25880402280508,-0.739237636119992,0.200570736190098,1.22210005588453,TRUE,FALSE,TRUE
3618,31.2310924369748,311.004184693556,0.259492919146935,0.260533791973243,0.20118365439375,1.22284933285476,TRUE,FALSE,TRUE
3619,31.2629051620648,356.786713974886,0.277735925165745,-0.133018519963641,0.200978932527479,1.22259901448086,TRUE,FALSE,TRUE
3620,31.3265306122449,368.656821315734,0.283006981128204,-0.645063768505315,0.200570736190098,1.22210005588453,TRUE,FALSE,TRUE
3621,31.3583433373349,314.182712110093,0.260674403232675,-1.01927031506414,0.200367259188048,1.22185141192648,TRUE,FALSE,TRUE
3622,31.4855942376951,296.512713944246,0.253115753574339,-2.27970696732699,0.199557463001834,1.22086236183153,TRUE,FALSE,TRUE
3623,31.453781512605,298.225184574403,0.253913497186567,-1.97796877992284,0.199759297770337,1.22110879917268,TRUE,FALSE,TRUE
3624,31.3583433373349,305.789857784335,0.257017022834008,-1.07710141547267,0.200367259188048,1.22185141192648,TRUE,FALSE,TRUE
3625,31.1674669867947,355.871478953648,0.277882775215937,0.960666704892127,0.201594351887553,1.22335165715567,TRUE,FALSE,TRUE
3626,31.390156062425,398.138179720681,0.294165617019634,-1.2454794257629,0.200164194618349,1.22160332238523,TRUE,FALSE,TRUE
3627,31.453781512605,386.888990980275,0.289560676434412,-2.02284043100202,0.199759297770337,1.22110879917268,TRUE,FALSE,TRUE
3628,31.3583433373349,305.969743580194,0.256919441722106,-1.1229679472172,0.200367259188048,1.22185141192648,TRUE,FALSE,TRUE
3629,31.421968787515,324.490406125887,0.264979058768957,-1.68014630675473,0.199961541228317,1.22135578541362,TRUE,FALSE,TRUE
3630,31.421968787515,316.248642919085,0.262066515329715,-1.54656344727281,0.199961541228317,1.22135578541362,TRUE,FALSE,TRUE
3631,31.3265306122449,288.824187846999,0.249820507641835,-0.750128518921218,0.200570736190098,1.22210005588453,TRUE,FALSE,TRUE
3632,31.3265306122449,353.905651761104,0.276928677690004,-0.70210382982917,0.200570736190098,1.22210005588453,TRUE,FALSE,TRUE
3633,31.2947178871549,306.048908982361,0.257063937037577,-0.443761748423597,0.200774626882275,1.22234925611478,TRUE,FALSE,TRUE
3634,31.390156062425,330.092939235028,0.267372353848008,-1.25348056283928,0.200164194618349,1.22160332238523,TRUE,FALSE,TRUE
3635,31.3265306122449,293.253837230476,0.251800218911952,-0.72831782063018,0.200570736190098,1.22210005588453,TRUE,FALSE,TRUE
3636,31.2629051620648,370.145213152372,0.283429942160629,-0.0288912949562443,0.200978932527479,1.22259901448086,TRUE,FALSE,TRUE
3637,31.2629051620648,376.032426302155,0.285838576261484,-0.0420783659665957,0.200978932527479,1.22259901448086,TRUE,FALSE,TRUE
3638,31.3265306122449,349.551244554637,0.275152637557912,-0.710328830939137,0.200570736190098,1.22210005588453,TRUE,FALSE,TRUE
3639,31.1992797118848,303.318794345766,0.255894008273799,0.539195114288327,0.201388793754304,1.22310021311678,TRUE,FALSE,TRUE
3640,31.453781512605,318.631863901707,0.262576452515901,-1.95105359741669,0.199759297770337,1.22110879917268,TRUE,FALSE,TRUE
3641,31.3583433373349,306.787872763524,0.257707467621588,-0.968307243049956,0.200367259188048,1.22185141192648,TRUE,FALSE,TRUE
3642,31.2947178871549,345.067909779798,0.273524871939213,-0.380749333493717,0.200774626882275,1.22234925611478,TRUE,FALSE,TRUE
3643,31.421968787515,336.448245547316,0.269873280952401,-1.67258362299388,0.199961541228317,1.22135578541362,TRUE,FALSE,TRUE
3644,31.2947178871549,286.167447215141,0.248521483310322,-0.457756766451601,0.200774626882275,1.22234925611478,TRUE,FALSE,TRUE
3645,31.1992797118848,326.335366623571,0.265420253984249,0.494664546587003,0.201388793754304,1.22310021311678,TRUE,FALSE,TRUE
3646,31.2947178871549,315.531323883864,0.261486192364907,-0.342469040914157,0.200774626882275,1.22234925611478,TRUE,FALSE,TRUE
3647,31.2947178871549,307.021887881855,0.258051106926953,-0.302834016021372,0.200774626882275,1.22234925611478,TRUE,FALSE,TRUE
3648,31.1992797118848,319.763325191291,0.26282988584047,0.514963226878288,0.201388793754304,1.22310021311678,TRUE,FALSE,TRUE
3649,31.2310924369748,354.234622159768,0.2767974223741,0.186828782549028,0.20118365439375,1.22284933285476,TRUE,FALSE,TRUE
3650,31.1038415366146,280.493984410894,0.24594925711255,1.45312493909206,0.202006729611941,1.22385624416124,TRUE,FALSE,TRUE
3651,31.3265306122449,291.23630193613,0.250964686352609,-0.68870205546413,0.200570736190098,1.22210005588453,TRUE,FALSE,TRUE
3652,31.3583433373349,331.508608488968,0.2679718323395,-1.02166365244933,0.200367259188048,1.22185141192648,TRUE,FALSE,TRUE
3653,31.390156062425,372.527860951752,0.284084754489326,-1.37347747302706,0.200164194618349,1.22160332238523,TRUE,FALSE,TRUE
3654,31.3583433373349,313.118803379196,0.260493687644588,-0.985221859245946,0.200367259188048,1.22185141192648,TRUE,FALSE,TRUE
3655,31.3265306122449,259.941247481761,0.236962843467062,-0.691316432023518,0.200570736190098,1.22210005588453,TRUE,FALSE,TRUE
3656,31.1992797118848,363.470922010338,0.2804103589713,0.512524492036378,0.201388793754304,1.22310021311678,TRUE,FALSE,TRUE
3657,31.390156062425,342.462789873436,0.272009257632818,-1.44578466785808,0.200164194618349,1.22160332238523,TRUE,FALSE,TRUE
3658,31.390156062425,336.632012441773,0.270080600030466,-1.31563370817987,0.200164194618349,1.22160332238523,TRUE,FALSE,TRUE
3659,31.2947178871549,315.638346625935,0.261157553972654,-0.433406152199455,0.200774626882275,1.22234925611478,TRUE,FALSE,TRUE
3660,31.2947178871549,367.398402597327,0.282444620666347,-0.346525414401499,0.200774626882275,1.22234925611478,TRUE,FALSE,TRUE
3661,31.2947178871549,319.309624902694,0.262518874832383,-0.458801494798179,0.200774626882275,1.22234925611478,TRUE,FALSE,TRUE
3662,31.2310924369748,328.24037881115,0.266424419020302,0.212557193343904,0.20118365439375,1.22284933285476,TRUE,FALSE,TRUE
3663,31.390156062425,353.351086885696,0.276270385544367,-1.45957651046848,0.200164194618349,1.22160332238523,TRUE,FALSE,TRUE
3664,31.2947178871549,312.542672344407,0.259943169406429,-0.427348240531792,0.200774626882275,1.22234925611478,TRUE,FALSE,TRUE
3665,31.2629051620648,334.018080292238,0.268364283555819,-0.215546403204904,0.200978932527479,1.22259901448086,TRUE,FALSE,TRUE
3666,31.3265306122449,266.599301924584,0.23974585015456,-0.768320728155298,0.200570736190098,1.22210005588453,TRUE,FALSE,TRUE
3667,31.2947178871549,332.114964751939,0.268090922386135,-0.387645022488037,0.200774626882275,1.22234925611478,TRUE,FALSE,TRUE
3668,31.1674669867947,311.292068930149,0.259556413826044,0.890698112803776,0.201594351887553,1.22335165715567,TRUE,FALSE,TRUE
3669,31.3583433373349,306.737640278929,0.257263771992643,-1.11627299613824,0.200367259188048,1.22185141192648,TRUE,FALSE,TRUE
3670,31.421968787515,336.739105950203,0.270028220048154,-1.66265408390287,0.199961541228317,1.22135578541362,TRUE,FALSE,TRUE
3671,31.3265306122449,273.253997797229,0.242946306617293,-0.734159361911281,0.200570736190098,1.22210005588453,TRUE,FALSE,TRUE
3672,31.2629051620648,298.588970658039,0.253831928617997,-0.124292221964369,0.200978932527479,1.22259901448086,TRUE,FALSE,TRUE
3673,31.2947178871549,252.982781670392,0.23310886194724,-0.536827266407433,0.200774626882275,1.22234925611478,TRUE,FALSE,TRUE
3674,31.3583433373349,354.225448794034,0.277005591164771,-1.02080105768017,0.200367259188048,1.22185141192648,TRUE,FALSE,TRUE
3675,31.3265306122449,314.663145803516,0.260383090304471,-0.826074403017596,0.200570736190098,1.22210005588453,TRUE,FALSE,TRUE
3676,31.2629051620648,418.593987431108,0.301589137628454,-0.0443001240188351,0.200978932527479,1.22259901448086,TRUE,FALSE,TRUE
3677,31.390156062425,294.052603658807,0.251845742744758,-1.40857131656758,0.200164194618349,1.22160332238523,TRUE,FALSE,TRUE
3678,31.3583433373349,320.067463996413,0.263266515155647,-0.990182589123105,0.200367259188048,1.22185141192648,TRUE,FALSE,TRUE
3679,31.390156062425,366.393945400569,0.281962646899696,-1.29362901265534,0.200164194618349,1.22160332238523,TRUE,FALSE,TRUE
3680,31.421968787515,317.806225460509,0.262103440424604,-1.70673363752397,0.199961541228317,1.22135578541362,TRUE,FALSE,TRUE
3681,31.3265306122449,297.333646000078,0.253563958791939,-0.675912097777284,0.200570736190098,1.22210005588453,TRUE,FALSE,TRUE
3682,31.3583433373349,312.685622594757,0.260142163462099,-1.03635401432667,0.200367259188048,1.22185141192648,TRUE,FALSE,TRUE
3683,31.1356542617047,291.143118586914,0.250618672143478,1.14054671580298,0.201800330077136,1.22360366686859,TRUE,FALSE,TRUE
3684,31.421968787515,241.640394101261,0.22839931859823,-1.64748772322756,0.199961541228317,1.22135578541362,TRUE,FALSE,TRUE
3685,31.2310924369748,351.870825052581,0.275771337397524,0.187754085770568,0.20118365439375,1.22284933285476,TRUE,FALSE,TRUE
3686,31.2947178871549,342.050606067614,0.27232939996642,-0.36647701715653,0.200774626882275,1.22234925611478,TRUE,FALSE,TRUE
3687,31.2947178871549,286.135983649709,0.248802949955426,-0.357173942201984,0.200774626882275,1.22234925611478,TRUE,FALSE,TRUE
3688,31.2947178871549,315.063555712688,0.260816161300613,-0.424431819303269,0.200774626882275,1.22234925611478,TRUE,FALSE,TRUE
3689,31.2947178871549,337.005705491021,0.270004539259554,-0.426307788517797,0.200774626882275,1.22234925611478,TRUE,FALSE,TRUE
3690,31.3265306122449,347.312886734714,0.274104093487601,-0.759188529040114,0.200570736190098,1.22210005588453,TRUE,FALSE,TRUE
3691,31.421968787515,316.230900319146,0.261612923010092,-1.63845901208023,0.199961541228317,1.22135578541362,TRUE,FALSE,TRUE
3692,31.3583433373349,338.400957856447,0.270721191976769,-1.01674446432126,0.200367259188048,1.22185141192648,TRUE,FALSE,TRUE
3693,31.3583433373349,291.416431265288,0.251038315836832,-0.984479222605177,0.200367259188048,1.22185141192648,TRUE,FALSE,TRUE
3694,31.1992797118848,315.292886787788,0.261133887262025,0.560467097702231,0.201388793754304,1.22310021311678,TRUE,FALSE,TRUE
3695,31.2947178871549,328.430901893434,0.266500572062663,-0.419492522336581,0.200774626882275,1.22234925611478,TRUE,FALSE,TRUE
3696,31.5492196878751,262.582209671825,0.238115106000401,-2.96605511711114,0.199155014588025,1.22037112656558,TRUE,FALSE,TRUE
3697,31.2947178871549,374.53293124449,0.28506857711586,-0.356403494153598,0.200774626882275,1.22234925611478,TRUE,FALSE,TRUE
3698,31.3265306122449,396.93072985716,0.293387104344711,-0.739667022341846,0.200570736190098,1.22210005588453,TRUE,FALSE,TRUE
3699,31.3265306122449,326.274610055944,0.265829276965374,-0.70892482401953,0.200570736190098,1.22210005588453,TRUE,FALSE,TRUE
3700,31.3583433373349,321.844737812632,0.263976689084799,-1.00305090386118,0.200367259188048,1.22185141192648,TRUE,FALSE,TRUE
3701,31.2629051620648,402.96270517079,0.295897125950162,-0.0410179757769514,0.200978932527479,1.22259901448086,TRUE,FALSE,TRUE
3702,31.453781512605,321.522351232012,0.263706301695214,-2.00731160249448,0.199759297770337,1.22110879917268,TRUE,FALSE,TRUE
3703,31.1674669867947,339.756733329063,0.271030640543941,0.808559469670441,0.201594351887553,1.22335165715567,TRUE,FALSE,TRUE
3704,31.390156062425,279.789855348972,0.245959892944983,-1.31468945055563,0.200164194618349,1.22160332238523,TRUE,FALSE,TRUE
3705,31.421968787515,333.490126471727,0.268341612173565,-1.75960891588009,0.199961541228317,1.22135578541362,TRUE,FALSE,TRUE
3706,31.2310924369748,353.863707412476,0.276521761365095,0.166481329083828,0.20118365439375,1.22284933285476,TRUE,FALSE,TRUE
3707,31.2310924369748,365.757028658488,0.28129469648937,0.185735912901975,0.20118365439375,1.22284933285476,TRUE,FALSE,TRUE
3708,31.421968787515,353.547585048897,0.277133553970905,-1.59115650248557,0.199961541228317,1.22135578541362,TRUE,FALSE,TRUE
3709,31.390156062425,308.930415216584,0.2583294964808,-1.39163576305277,0.200164194618349,1.22160332238523,TRUE,FALSE,TRUE
3710,31.3583433373349,336.134063254927,0.269738914861232,-1.07479878730565,0.200367259188048,1.22185141192648,TRUE,FALSE,TRUE
3711,31.2310924369748,311.002321616081,0.259180622462922,0.190126581405044,0.20118365439375,1.22284933285476,TRUE,FALSE,TRUE
3712,31.5492196878751,366.745840564887,0.281990223732275,-2.89356924449423,0.199155014588025,1.22037112656558,TRUE,FALSE,TRUE
3713,31.390156062425,289.50065805244,0.250237210617458,-1.31013255706672,0.200164194618349,1.22160332238523,TRUE,FALSE,TRUE
3714,31.3583433373349,341.98440451597,0.272117095625351,-1.01588592293724,0.200367259188048,1.22185141192648,TRUE,FALSE,TRUE
3715,31.421968787515,329.539694932211,0.26704147184249,-1.6743386219904,0.199961541228317,1.22135578541362,TRUE,FALSE,TRUE
3716,31.2310924369748,313.073129907695,0.26060839411383,0.333324613055791,0.20118365439375,1.22284933285476,TRUE,FALSE,TRUE
3717,31.3265306122449,317.901462406264,0.262396908265927,-0.653833421483419,0.200570736190098,1.22210005588453,TRUE,FALSE,TRUE
3718,31.2629051620648,289.83053389652,0.250213646367537,-0.0910132146612132,0.200978932527479,1.22259901448086,TRUE,FALSE,TRUE
3719,31.421968787515,263.063303974858,0.238592918505497,-1.55762243423775,0.199961541228317,1.22135578541362,TRUE,FALSE,TRUE
3720,31.5174069627851,259.123702052213,0.23654122378584,-2.60613805476154,0.199356035685252,1.22061647156741,TRUE,FALSE,TRUE
3721,31.2947178871549,247.052175200776,0.230662906234778,-0.459685596802421,0.200774626882275,1.22234925611478,TRUE,FALSE,TRUE
3722,31.2310924369748,319.555700243321,0.262666479406965,0.179270714030817,0.20118365439375,1.22284933285476,TRUE,FALSE,TRUE
3723,31.2310924369748,335.904313640183,0.269577778980997,0.195834020631208,0.20118365439375,1.22284933285476,TRUE,FALSE,TRUE
3724,31.2947178871549,367.696315523298,0.282174351942204,-0.428777926704674,0.200774626882275,1.22234925611478,TRUE,FALSE,TRUE
3725,31.3265306122449,292.755486607959,0.251630877121439,-0.716515032016709,0.200570736190098,1.22210005588453,TRUE,FALSE,TRUE
3726,31.2947178871549,320.252862045975,0.262821150225782,-0.479141970065357,0.200774626882275,1.22234925611478,TRUE,FALSE,TRUE
3727,31.2947178871549,368.216805122601,0.282826992889671,-0.318831308065945,0.200774626882275,1.22234925611478,TRUE,FALSE,TRUE
3728,31.3583433373349,362.638155249625,0.280376304663656,-1.01107278504173,0.200367259188048,1.22185141192648,TRUE,FALSE,TRUE
3729,31.3265306122449,296.965967815293,0.253305247362503,-0.732615550046388,0.200570736190098,1.22210005588453,TRUE,FALSE,TRUE
3730,31.1674669867947,282.153082997535,0.246777427419878,0.849264194114944,0.201594351887553,1.22335165715567,TRUE,FALSE,TRUE
3731,31.2310924369748,333.23447071127,0.268358838363665,0.191695653960586,0.20118365439375,1.22284933285476,TRUE,FALSE,TRUE
3732,31.421968787515,323.543806884636,0.264831111970959,-1.58629595321029,0.199961541228317,1.22135578541362,TRUE,FALSE,TRUE
3733,31.3583433373349,283.167568557278,0.247312719087193,-1.04924309137904,0.200367259188048,1.22185141192648,TRUE,FALSE,TRUE
3734,31.2310924369748,316.230708816179,0.261844487905568,0.311658761982896,0.20118365439375,1.22284933285476,TRUE,FALSE,TRUE
3735,31.2629051620648,316.35508777564,0.261292063428836,-0.132534576558192,0.200978932527479,1.22259901448086,TRUE,FALSE,TRUE
3736,31.1038415366146,339.456379745312,0.270624289330024,1.41189775539142,0.202006729611941,1.22385624416124,TRUE,FALSE,TRUE
3737,31.1992797118848,318.683890258259,0.262935025020891,0.662430163047681,0.201388793754304,1.22310021311678,TRUE,FALSE,TRUE
3738,31.2947178871549,311.176317325639,0.259254456019317,-0.437038665382094,0.200774626882275,1.22234925611478,TRUE,FALSE,TRUE
3739,31.390156062425,377.026795745565,0.285635886145997,-1.4030808073001,0.200164194618349,1.22160332238523,TRUE,FALSE,TRUE
3740,31.2947178871549,353.720340963097,0.27692435099623,-0.3859746224239,0.200774626882275,1.22234925611478,TRUE,FALSE,TRUE
3741,31.2947178871549,277.757766833543,0.244739738795954,-0.453345661756443,0.200774626882275,1.22234925611478,TRUE,FALSE,TRUE
3742,31.1992797118848,352.795978271879,0.276079488443464,0.488593586490802,0.201388793754304,1.22310021311678,TRUE,FALSE,TRUE
3743,31.3583433373349,366.703638501573,0.281694216885303,-1.06392152557846,0.200367259188048,1.22185141192648,TRUE,FALSE,TRUE
3744,31.1992797118848,350.129116535443,0.275341596593827,0.517756972757223,0.201388793754304,1.22310021311678,TRUE,FALSE,TRUE
3745,31.3583433373349,307.015341657783,0.257576695953813,-1.09442338508924,0.200367259188048,1.22185141192648,TRUE,FALSE,TRUE
3746,31.3265306122449,370.076765253216,0.283291370494746,-0.711422775914242,0.200570736190098,1.22210005588453,TRUE,FALSE,TRUE
3747,31.2947178871549,341.863643166577,0.272280865667343,-0.336393256105088,0.200774626882275,1.22234925611478,TRUE,FALSE,TRUE
3748,31.390156062425,288.531996060586,0.249797411611824,-1.34698350370835,0.200164194618349,1.22160332238523,TRUE,FALSE,TRUE
3749,31.3583433373349,336.456468770042,0.269933363869445,-1.01330468718069,0.200367259188048,1.22185141192648,TRUE,FALSE,TRUE
3750,31.3583433373349,380.590611748094,0.287360287136702,-1.05328401898934,0.200367259188048,1.22185141192648,TRUE,FALSE,TRUE
3751,31.1992797118848,269.335558211142,0.241104648407974,0.529071036175939,0.201388793754304,1.22310021311678,TRUE,FALSE,TRUE
3752,31.421968787515,324.077995938789,0.265127046494496,-1.61235675525259,0.199961541228317,1.22135578541362,TRUE,FALSE,TRUE
3753,31.3265306122449,300.906085390137,0.25485178295392,-0.739296935687735,0.200570736190098,1.22210005588453,TRUE,FALSE,TRUE
3754,31.390156062425,289.677494978786,0.25027157799864,-1.34205892756005,0.200164194618349,1.22160332238523,TRUE,FALSE,TRUE
3755,31.390156062425,375.466074964447,0.285334195168521,-1.31684574630996,0.200164194618349,1.22160332238523,TRUE,FALSE,TRUE
3756,31.2947178871549,287.917322010253,0.249806409935592,-0.279148793612243,0.200774626882275,1.22234925611478,TRUE,FALSE,TRUE
3757,31.3583433373349,256.507496841268,0.235378795955338,-0.999747752912588,0.200367259188048,1.22185141192648,TRUE,FALSE,TRUE
3758,31.3583433373349,352.313672103093,0.276348412329949,-1.03110377042665,0.200367259188048,1.22185141192648,TRUE,FALSE,TRUE
3759,31.3583433373349,368.713968400645,0.282304155431638,-1.13942271940104,0.200367259188048,1.22185141192648,TRUE,FALSE,TRUE
3760,31.3583433373349,324.369354221226,0.264633813478927,-1.0692291603537,0.200367259188048,1.22185141192648,TRUE,FALSE,TRUE
3761,31.453781512605,318.367946059699,0.262665233866444,-1.89452051575428,0.199759297770337,1.22110879917268,TRUE,FALSE,TRUE
3762,31.1356542617047,296.047155410622,0.253084572553069,1.22868823170725,0.201800330077136,1.22360366686859,TRUE,FALSE,TRUE
3763,31.2629051620648,334.445842463849,0.269203987666473,-0.0514985504658193,0.200978932527479,1.22259901448086,TRUE,FALSE,TRUE
3764,31.3265306122449,300.751212235925,0.255156860393529,-0.630305166871194,0.200570736190098,1.22210005588453,TRUE,FALSE,TRUE
3765,31.390156062425,314.323297746711,0.260909946957912,-1.30814843965368,0.200164194618349,1.22160332238523,TRUE,FALSE,TRUE
3766,31.2629051620648,279.206645547991,0.24555368516138,-0.0602027478008117,0.200978932527479,1.22259901448086,TRUE,FALSE,TRUE
3767,31.421968787515,350.466672933982,0.275325820293621,-1.74424950497882,0.199961541228317,1.22135578541362,TRUE,FALSE,TRUE
3768,31.3583433373349,292.837950730315,0.251544656220104,-1.08500702471566,0.200367259188048,1.22185141192648,TRUE,FALSE,TRUE
3769,31.2629051620648,348.239983319647,0.275093555508754,0.027296348582865,0.200978932527479,1.22259901448086,TRUE,FALSE,TRUE
3770,31.3583433373349,356.914022857217,0.278003965937232,-1.02783462709156,0.200367259188048,1.22185141192648,TRUE,FALSE,TRUE
3771,31.2947178871549,269.827809462266,0.241610631408744,-0.31420628129064,0.200774626882275,1.22234925611478,TRUE,FALSE,TRUE
3772,31.2310924369748,310.840730087512,0.258798918279509,0.132874251520543,0.20118365439375,1.22284933285476,TRUE,FALSE,TRUE
3773,31.3265306122449,330.232421027953,0.267047475181277,-0.782021248398895,0.200570736190098,1.22210005588453,TRUE,FALSE,TRUE
3774,31.3265306122449,305.309598358334,0.25683427002964,-0.741426297610894,0.200570736190098,1.22210005588453,TRUE,FALSE,TRUE
3775,31.2947178871549,331.387285646083,0.26781104219515,-0.402025898626205,0.200774626882275,1.22234925611478,TRUE,FALSE,TRUE
3776,31.2947178871549,313.258111569001,0.260110580348401,-0.446263770630264,0.200774626882275,1.22234925611478,TRUE,FALSE,TRUE
3777,31.4855942376951,348.818715172243,0.27480843349825,-2.30644773294846,0.199557463001834,1.22086236183153,TRUE,FALSE,TRUE
3778,31.3265306122449,301.263103981789,0.255093776340973,-0.729911699762344,0.200570736190098,1.22210005588453,TRUE,FALSE,TRUE
3779,31.2947178871549,323.804510914149,0.264757846605999,-0.394603182216439,0.200774626882275,1.22234925611478,TRUE,FALSE,TRUE
3780,31.3265306122449,270.867985808746,0.241900722192413,-0.670387986712458,0.200570736190098,1.22210005588453,TRUE,FALSE,TRUE
3781,31.3265306122449,236.926097564977,0.226018871790728,-0.727407485212754,0.200570736190098,1.22210005588453,TRUE,FALSE,TRUE
3782,31.3265306122449,301.728729973846,0.255036504326018,-0.793316158128644,0.200570736190098,1.22210005588453,TRUE,FALSE,TRUE
3783,31.390156062425,253.354323412754,0.23396543753116,-1.31041968289227,0.200164194618349,1.22160332238523,TRUE,FALSE,TRUE
3784,31.390156062425,299.628666444972,0.254229181995787,-1.42060260589436,0.200164194618349,1.22160332238523,TRUE,FALSE,TRUE
3785,31.3583433373349,279.643959614079,0.245724781503048,-1.05267970506468,0.200367259188048,1.22185141192648,TRUE,FALSE,TRUE
3786,31.0720288115246,340.485939577913,0.271048347700214,1.75199676939105,0.202213551786137,1.22410939094784,TRUE,FALSE,TRUE
3787,31.1992797118848,385.980176429026,0.289129774524313,0.512665284061227,0.201388793754304,1.22310021311678,TRUE,FALSE,TRUE
3788,31.2629051620648,288.64728180607,0.249609699045331,-0.147298893718818,0.200978932527479,1.22259901448086,TRUE,FALSE,TRUE
3789,31.2310924369748,282.362406188601,0.246890322820908,0.230361796254239,0.20118365439375,1.22284933285476,TRUE,FALSE,TRUE
3790,31.421968787515,374.339018885006,0.284950796444816,-1.64176612855189,0.199961541228317,1.22135578541362,TRUE,FALSE,TRUE
3791,31.5174069627851,341.177508385243,0.271690463574733,-2.63220139216006,0.199356035685252,1.22061647156741,TRUE,FALSE,TRUE
3792,31.453781512605,341.063050732845,0.271782853143465,-1.96996206047074,0.199759297770337,1.22110879917268,TRUE,FALSE,TRUE
3793,31.5174069627851,314.632219926629,0.260891812311017,-2.60326490252756,0.199356035685252,1.22061647156741,TRUE,FALSE,TRUE
3794,31.1674669867947,387.79955483147,0.289477094695905,0.785937064488171,0.201594351887553,1.22335165715567,TRUE,FALSE,TRUE
3795,31.1674669867947,286.837216568538,0.248702041837873,0.832297589299997,0.201594351887553,1.22335165715567,TRUE,FALSE,TRUE
3796,31.2310924369748,324.312125159118,0.264957451295055,0.249728640427603,0.20118365439375,1.22284933285476,TRUE,FALSE,TRUE
3797,31.2629051620648,289.78096860049,0.250176259882156,-0.077449208657576,0.200978932527479,1.22259901448086,TRUE,FALSE,TRUE
3798,31.2947178871549,317.087026912327,0.261552130373111,-0.49153299564544,0.200774626882275,1.22234925611478,TRUE,FALSE,TRUE
3799,31.2947178871549,319.017581426241,0.2626558439624,-0.411877255151497,0.200774626882275,1.22234925611478,TRUE,FALSE,TRUE
3800,31.3265306122449,312.015280467799,0.259702857150536,-0.720902772621061,0.200570736190098,1.22210005588453,TRUE,FALSE,TRUE
3801,31.390156062425,327.061870121174,0.266009046420112,-1.35926962084998,0.200164194618349,1.22160332238523,TRUE,FALSE,TRUE
3802,31.2947178871549,289.492933715064,0.249846747972523,-0.463074499673475,0.200774626882275,1.22234925611478,TRUE,FALSE,TRUE
3803,31.3583433373349,342.366427128794,0.272242739136241,-1.03472413577421,0.200367259188048,1.22185141192648,TRUE,FALSE,TRUE
3804,31.2947178871549,337.493707291928,0.270460284210326,-0.355420566143086,0.200774626882275,1.22234925611478,TRUE,FALSE,TRUE
3805,31.1992797118848,315.949507535163,0.261097645638095,0.459664290879932,0.201388793754304,1.22310021311678,TRUE,FALSE,TRUE
3806,31.3265306122449,291.563153232265,0.250923366922746,-0.725073614102259,0.200570736190098,1.22210005588453,TRUE,FALSE,TRUE
3807,31.1674669867947,354.442732964869,0.27705330188961,0.882075099253531,0.201594351887553,1.22335165715567,TRUE,FALSE,TRUE
3808,31.2947178871549,346.934933887293,0.274274971305172,-0.385617202961494,0.200774626882275,1.22234925611478,TRUE,FALSE,TRUE
3809,31.3265306122449,287.493766224634,0.249329404310164,-0.66161733389246,0.200570736190098,1.22210005588453,TRUE,FALSE,TRUE
3810,31.2629051620648,252.355415347667,0.233397602003347,-0.0790166360983075,0.200978932527479,1.22259901448086,TRUE,FALSE,TRUE
3811,31.390156062425,333.596234874388,0.268917833749826,-1.30158577427893,0.200164194618349,1.22160332238523,TRUE,FALSE,TRUE
3812,31.390156062425,297.301212551471,0.253567605548633,-1.38817178145421,0.200164194618349,1.22160332238523,TRUE,FALSE,TRUE
3813,31.3583433373349,314.808724195597,0.260815163695786,-1.07507821088186,0.200367259188048,1.22185141192648,TRUE,FALSE,TRUE
3814,31.3265306122449,275.184432822144,0.243467394753784,-0.832861751003333,0.200570736190098,1.22210005588453,TRUE,FALSE,TRUE
3815,31.3583433373349,305.860550178979,0.257023306256944,-1.08273321092111,0.200367259188048,1.22185141192648,TRUE,FALSE,TRUE
3816,31.3583433373349,295.809350199838,0.252980626150272,-1.03065555714182,0.200367259188048,1.22185141192648,TRUE,FALSE,TRUE
3817,31.1356542617047,303.129294033386,0.256227396868837,1.22745048787075,0.201800330077136,1.22360366686859,TRUE,FALSE,TRUE
3818,31.1992797118848,257.16329830773,0.235432913036585,0.491321919012541,0.201388793754304,1.22310021311678,TRUE,FALSE,TRUE
3819,31.2629051620648,323.753282144814,0.264825345173369,-0.053263631503792,0.200978932527479,1.22259901448086,TRUE,FALSE,TRUE
3820,31.1992797118848,323.639554143877,0.26425537809186,0.466698347931635,0.201388793754304,1.22310021311678,TRUE,FALSE,TRUE
3821,31.3265306122449,322.424940963637,0.263994759957684,-0.723752154374137,0.200570736190098,1.22210005588453,TRUE,FALSE,TRUE
3822,31.3583433373349,308.012391477764,0.258119091057455,-1.03144118118485,0.200367259188048,1.22185141192648,TRUE,FALSE,TRUE
3823,31.2947178871549,324.405669030586,0.265083006698649,-0.340437225942125,0.200774626882275,1.22234925611478,TRUE,FALSE,TRUE
3824,31.2629051620648,307.025018830958,0.257813875364786,-0.0508383264509043,0.200978932527479,1.22259901448086,TRUE,FALSE,TRUE
3825,31.5174069627851,318.047497643622,0.262409288008899,-2.59428177053135,0.199356035685252,1.22061647156741,TRUE,FALSE,TRUE
3826,31.3265306122449,356.21362822862,0.277952701000473,-0.671503522834992,0.200570736190098,1.22210005588453,TRUE,FALSE,TRUE
3827,31.390156062425,256.276893872501,0.234992728458203,-1.38183126077917,0.200164194618349,1.22160332238523,TRUE,FALSE,TRUE
3828,31.2310924369748,359.275558258191,0.278838622879222,0.194539192855328,0.20118365439375,1.22284933285476,TRUE,FALSE,TRUE
3829,31.3583433373349,326.02705739665,0.265389826354992,-1.08885637033652,0.200367259188048,1.22185141192648,TRUE,FALSE,TRUE
3830,31.453781512605,359.450154751329,0.279121768157062,-1.97564770042083,0.199759297770337,1.22110879917268,TRUE,FALSE,TRUE
3831,31.2947178871549,325.054603721589,0.265087353920137,-0.413150018949568,0.200774626882275,1.22234925611478,TRUE,FALSE,TRUE
3832,31.2947178871549,314.178472097,0.260834390746306,-0.351598122192519,0.200774626882275,1.22234925611478,TRUE,FALSE,TRUE
3833,31.3583433373349,314.185368713913,0.260579449453596,-1.05638751336268,0.200367259188048,1.22185141192648,TRUE,FALSE,TRUE
3834,31.453781512605,271.567335574606,0.24212622528485,-1.91032810333511,0.199759297770337,1.22110879917268,TRUE,FALSE,TRUE
3835,31.3583433373349,286.177560725754,0.248719699301734,-1.02802004177155,0.200367259188048,1.22185141192648,TRUE,FALSE,TRUE
3836,31.1992797118848,324.309259644581,0.26473704250594,0.515039209284342,0.201388793754304,1.22310021311678,TRUE,FALSE,TRUE
3837,31.2629051620648,293.685823903579,0.251389600753136,-0.197550328741064,0.200978932527479,1.22259901448086,TRUE,FALSE,TRUE
3838,31.3583433373349,295.241947301137,0.252496102225886,-1.06447431182325,0.200367259188048,1.22185141192648,TRUE,FALSE,TRUE
3839,31.3583433373349,316.546407172054,0.261815022993873,-0.979063879015345,0.200367259188048,1.22185141192648,TRUE,FALSE,TRUE
3840,31.453781512605,290.950476902816,0.250628249962649,-1.96452737378353,0.199759297770337,1.22110879917268,TRUE,FALSE,TRUE
3841,31.2629051620648,302.407933628797,0.255833738123529,-0.0264856654794738,0.200978932527479,1.22259901448086,TRUE,FALSE,TRUE
3842,31.421968787515,288.537618291408,0.24973116360038,-1.65163395844683,0.199961541228317,1.22135578541362,TRUE,FALSE,TRUE
3843,31.3583433373349,312.487510487393,0.259834737152868,-1.10603786978009,0.200367259188048,1.22185141192648,TRUE,FALSE,TRUE
3844,31.3265306122449,317.753729142722,0.261911746868376,-0.774737627645406,0.200570736190098,1.22210005588453,TRUE,FALSE,TRUE
3845,31.3583433373349,334.996041726665,0.269357875532737,-1.01338664792248,0.200367259188048,1.22185141192648,TRUE,FALSE,TRUE
3846,31.4855942376951,357.819109909074,0.278250521644134,-2.33966158273305,0.199557463001834,1.22086236183153,TRUE,FALSE,TRUE
3847,31.3265306122449,352.821029528969,0.276786277780204,-0.589596035216363,0.200570736190098,1.22210005588453,TRUE,FALSE,TRUE
3848,31.3265306122449,302.171285986865,0.255187956995728,-0.821004667928585,0.200570736190098,1.22210005588453,TRUE,FALSE,TRUE
3849,31.390156062425,306.337406720372,0.257202901057149,-1.40116214184825,0.200164194618349,1.22160332238523,TRUE,FALSE,TRUE
3850,31.3265306122449,305.990175987299,0.256789920902244,-0.82550826734885,0.200570736190098,1.22210005588453,TRUE,FALSE,TRUE
3851,31.3583433373349,302.816562420305,0.256129480120161,-0.977138317127791,0.200367259188048,1.22185141192648,TRUE,FALSE,TRUE
3852,31.2947178871549,309.11706816382,0.258377886392276,-0.435259779010097,0.200774626882275,1.22234925611478,TRUE,FALSE,TRUE
3853,31.3583433373349,297.529524676017,0.253236180379911,-1.1273513008179,0.200367259188048,1.22185141192648,TRUE,FALSE,TRUE
3854,31.421968787515,360.702691137495,0.279637936934689,-1.67506143369623,0.199961541228317,1.22135578541362,TRUE,FALSE,TRUE
3855,31.1992797118848,386.652758317492,0.289581539000651,0.549902064796395,0.201388793754304,1.22310021311678,TRUE,FALSE,TRUE
3856,31.4855942376951,401.4105954494,0.295234695722785,-2.30831008795862,0.199557463001834,1.22086236183153,TRUE,FALSE,TRUE
3857,31.1674669867947,313.033304026761,0.260171649228677,0.86145578541761,0.201594351887553,1.22335165715567,TRUE,FALSE,TRUE
3858,31.2629051620648,316.36366328037,0.261407840478901,-0.111439255451715,0.200978932527479,1.22259901448086,TRUE,FALSE,TRUE
3859,31.3583433373349,369.070551626801,0.282845885330929,-1.02430959640791,0.200367259188048,1.22185141192648,TRUE,FALSE,TRUE
3860,31.3583433373349,276.706680917559,0.244409093422947,-1.0768600167971,0.200367259188048,1.22185141192648,TRUE,FALSE,TRUE
3861,31.2947178871549,353.03194068882,0.276462878637614,-0.426225274223752,0.200774626882275,1.22234925611478,TRUE,FALSE,TRUE
3862,31.390156062425,307.471737501163,0.257684545772969,-1.38310462229029,0.200164194618349,1.22160332238523,TRUE,FALSE,TRUE
3863,31.3583433373349,334.682041458279,0.269151175533712,-1.02795984146725,0.200367259188048,1.22185141192648,TRUE,FALSE,TRUE
3864,31.2310924369748,374.733941378155,0.284632771847267,0.176583644062916,0.20118365439375,1.22284933285476,TRUE,FALSE,TRUE
3865,31.2629051620648,331.936856867529,0.268139417813144,-0.0725695776434877,0.200978932527479,1.22259901448086,TRUE,FALSE,TRUE
3866,31.453781512605,318.344927029484,0.262348241030047,-2.0477151467588,0.199759297770337,1.22110879917268,TRUE,FALSE,TRUE
3867,31.3583433373349,323.408301285901,0.264536425557249,-1.04005896945759,0.200367259188048,1.22185141192648,TRUE,FALSE,TRUE
3868,31.453781512605,334.191579412925,0.269185151282919,-1.92328495606995,0.199759297770337,1.22110879917268,TRUE,FALSE,TRUE
3869,31.453781512605,379.60518038608,0.286753537105332,-1.99679909962143,0.199759297770337,1.22110879917268,TRUE,FALSE,TRUE
3870,31.2310924369748,302.040384900865,0.254912114662645,0.0851959327093539,0.20118365439375,1.22284933285476,TRUE,FALSE,TRUE
3871,31.2310924369748,359.065707049614,0.278912164417871,0.227296522129046,0.20118365439375,1.22284933285476,TRUE,FALSE,TRUE
3872,31.390156062425,379.995739153613,0.287129979428035,-1.33528073649279,0.200164194618349,1.22160332238523,TRUE,FALSE,TRUE
3873,31.3583433373349,321.841723626512,0.263974040353031,-1.05108214309618,0.200367259188048,1.22185141192648,TRUE,FALSE,TRUE
3874,31.421968787515,303.279795244404,0.255791854277219,-1.74736681341182,0.199961541228317,1.22135578541362,TRUE,FALSE,TRUE
3875,31.2947178871549,351.329374084905,0.275885835277188,-0.385848156259198,0.200774626882275,1.22234925611478,TRUE,FALSE,TRUE
3876,31.3583433373349,278.865052942148,0.24543441994011,-1.03590157585802,0.200367259188048,1.22185141192648,TRUE,FALSE,TRUE
3877,31.390156062425,309.746689581139,0.258864318202294,-1.36167080626976,0.200164194618349,1.22160332238523,TRUE,FALSE,TRUE
3878,31.1674669867947,325.711869507812,0.265689246242298,0.894741974397217,0.201594351887553,1.22335165715567,TRUE,FALSE,TRUE
3879,31.2629051620648,375.795488588766,0.285237835024049,-0.128698557897947,0.200978932527479,1.22259901448086,TRUE,FALSE,TRUE
3880,31.1674669867947,275.136666003456,0.243554961598376,0.833448418258817,0.201594351887553,1.22335165715567,TRUE,FALSE,TRUE
3881,31.390156062425,271.815162242411,0.242156620703376,-1.38903118161523,0.200164194618349,1.22160332238523,TRUE,FALSE,TRUE
3882,31.2947178871549,369.347753414706,0.283283977232885,-0.35978842289552,0.200774626882275,1.22234925611478,TRUE,FALSE,TRUE
3883,31.1038415366146,384.079047531909,0.288661492817925,1.57293993015214,0.202006729611941,1.22385624416124,TRUE,FALSE,TRUE
3884,31.2947178871549,303.097186728378,0.255883355875516,-0.41490306024229,0.200774626882275,1.22234925611478,TRUE,FALSE,TRUE
3885,31.2310924369748,302.945006091947,0.256212161806926,0.32177153508534,0.20118365439375,1.22284933285476,TRUE,FALSE,TRUE
3886,31.2629051620648,345.560027377476,0.273457313635571,-0.100976907640082,0.200978932527479,1.22259901448086,TRUE,FALSE,TRUE
3887,31.3583433373349,300.213407227554,0.254740602601718,-1.06661135236416,0.200367259188048,1.22185141192648,TRUE,FALSE,TRUE
3888,31.3265306122449,325.668023123228,0.26520638825352,-0.802325624799893,0.200570736190098,1.22210005588453,TRUE,FALSE,TRUE
3889,31.453781512605,365.914806351297,0.281589270457207,-1.98397031958392,0.199759297770337,1.22110879917268,TRUE,FALSE,TRUE
3890,31.2310924369748,295.538933974709,0.252833785272132,0.267113327112984,0.20118365439375,1.22284933285476,TRUE,FALSE,TRUE
3891,31.3265306122449,331.640513647933,0.267761011218088,-0.760566100250309,0.200570736190098,1.22210005588453,TRUE,FALSE,TRUE
3892,31.2629051620648,222.952307101858,0.219150371930049,-0.096959984526126,0.200978932527479,1.22259901448086,TRUE,FALSE,TRUE
3893,31.2947178871549,278.98720987382,0.245711077361648,-0.309560027487305,0.200774626882275,1.22234925611478,TRUE,FALSE,TRUE
3894,31.3265306122449,284.212078853746,0.247689483049604,-0.742047226230908,0.200570736190098,1.22210005588453,TRUE,FALSE,TRUE
3895,31.1992797118848,402.118377494332,0.295196780188358,0.521176390616857,0.201388793754304,1.22310021311678,TRUE,FALSE,TRUE
3896,31.390156062425,337.597617778477,0.270231074949618,-1.3745805314285,0.200164194618349,1.22160332238523,TRUE,FALSE,TRUE
3897,31.3583433373349,358.044926383247,0.278790802935624,-0.944748299983071,0.200367259188048,1.22185141192648,TRUE,FALSE,TRUE
3898,31.1674669867947,304.841191141319,0.25633715958299,0.801899802975449,0.201594351887553,1.22335165715567,TRUE,FALSE,TRUE
3899,31.3583433373349,281.720664004091,0.246633979874415,-1.01879319978244,0.200367259188048,1.22185141192648,TRUE,FALSE,TRUE
3900,31.390156062425,339.907897425836,0.271319507931929,-1.3562989788064,0.200164194618349,1.22160332238523,TRUE,FALSE,TRUE
3901,31.421968787515,321.40403870211,0.263371147752687,-1.70712987244078,0.199961541228317,1.22135578541362,TRUE,FALSE,TRUE
3902,31.1992797118848,274.927987848232,0.243780246422603,0.531737611390261,0.201388793754304,1.22310021311678,TRUE,FALSE,TRUE
3903,31.2629051620648,318.972326425343,0.26247085360979,-0.113451477383526,0.200978932527479,1.22259901448086,TRUE,FALSE,TRUE
3904,31.2629051620648,406.045292549737,0.297061150423703,-0.0628738325589226,0.200978932527479,1.22259901448086,TRUE,FALSE,TRUE
3905,31.2947178871549,373.637453570973,0.284475645673996,-0.45040984167059,0.200774626882275,1.22234925611478,TRUE,FALSE,TRUE
3906,31.1992797118848,354.975817736257,0.277370464775279,0.562093993047552,0.201388793754304,1.22310021311678,TRUE,FALSE,TRUE
3907,31.3583433373349,292.155155007406,0.25127848094317,-1.04695284129216,0.200367259188048,1.22185141192648,TRUE,FALSE,TRUE
3908,31.2310924369748,308.637521420811,0.258456893547509,0.277750921380236,0.20118365439375,1.22284933285476,TRUE,FALSE,TRUE
3909,31.1674669867947,421.389199615831,0.302897167031884,0.944078757744756,0.201594351887553,1.22335165715567,TRUE,FALSE,TRUE
3910,31.1992797118848,316.107310880662,0.261234750493317,0.524078776005793,0.201388793754304,1.22310021311678,TRUE,FALSE,TRUE
3911,31.2947178871549,289.182971599166,0.250134683997543,-0.33609827388125,0.200774626882275,1.22234925611478,TRUE,FALSE,TRUE
3912,31.2310924369748,287.021426675118,0.248971516268024,0.228427688253125,0.20118365439375,1.22284933285476,TRUE,FALSE,TRUE
3913,31.3583433373349,295.360700855232,0.252718392158023,-1.04947098765072,0.200367259188048,1.22185141192648,TRUE,FALSE,TRUE
3914,31.3265306122449,355.485801404624,0.277323283803645,-0.759096194373639,0.200570736190098,1.22210005588453,TRUE,FALSE,TRUE
3915,31.1356542617047,273.480154790898,0.243006792420686,1.2036641095929,0.201800330077136,1.22360366686859,TRUE,FALSE,TRUE
3916,31.3265306122449,298.705993625525,0.253994315271147,-0.743079973185587,0.200570736190098,1.22210005588453,TRUE,FALSE,TRUE
3917,31.2947178871549,312.75875175075,0.260338845234609,-0.348055267262971,0.200774626882275,1.22234925611478,TRUE,FALSE,TRUE
3918,31.3265306122449,256.100221693526,0.235224984220533,-0.706282002218506,0.200570736190098,1.22210005588453,TRUE,FALSE,TRUE
3919,31.2310924369748,260.483639026616,0.236838711672997,0.171756598481202,0.20118365439375,1.22284933285476,TRUE,FALSE,TRUE
3920,31.3265306122449,308.37468977406,0.258068668459751,-0.773536786541754,0.200570736190098,1.22210005588453,TRUE,FALSE,TRUE
3921,31.2310924369748,368.226060267294,0.282712958871753,0.29786793283492,0.20118365439375,1.22284933285476,TRUE,FALSE,TRUE
3922,31.2947178871549,359.002134556036,0.279223129517854,-0.330608244018689,0.200774626882275,1.22234925611478,TRUE,FALSE,TRUE
3923,31.2629051620648,313.937057615796,0.260289860609517,-0.150229227805388,0.200978932527479,1.22259901448086,TRUE,FALSE,TRUE
3924,31.2947178871549,299.95073470653,0.254457356717608,-0.44591790480069,0.200774626882275,1.22234925611478,TRUE,FALSE,TRUE
3925,31.1992797118848,294.486550902131,0.252177492751974,0.500711940538611,0.201388793754304,1.22310021311678,TRUE,FALSE,TRUE
3926,31.1356542617047,322.966822760047,0.264213900807993,1.18001618495146,0.201800330077136,1.22360366686859,TRUE,FALSE,TRUE
3927,31.5174069627851,298.542974377065,0.254117740909488,-2.58995776548553,0.199356035685252,1.22061647156741,TRUE,FALSE,TRUE
3928,31.390156062425,333.886650758904,0.269200762365032,-1.22071561280302,0.200164194618349,1.22160332238523,TRUE,FALSE,TRUE
3929,31.2310924369748,313.323693355866,0.26053825463952,0.271815467915133,0.20118365439375,1.22284933285476,TRUE,FALSE,TRUE
3930,31.4855942376951,278.31458493105,0.245143393322394,-2.31876024399857,0.199557463001834,1.22086236183153,TRUE,FALSE,TRUE
3931,31.3583433373349,364.775513316311,0.280836645742288,-1.1186702635061,0.200367259188048,1.22185141192648,TRUE,FALSE,TRUE
3932,31.390156062425,287.086245939108,0.249245318813327,-1.28716785109145,0.200164194618349,1.22160332238523,TRUE,FALSE,TRUE
3933,31.3583433373349,361.280519551471,0.279648306989147,-1.08287660861934,0.200367259188048,1.22185141192648,TRUE,FALSE,TRUE
3934,31.421968787515,348.468900723952,0.2746984722118,-1.65621751829327,0.199961541228317,1.22135578541362,TRUE,FALSE,TRUE
3935,31.390156062425,333.537709534938,0.268419157698175,-1.41565638007107,0.200164194618349,1.22160332238523,TRUE,FALSE,TRUE
3936,31.2947178871549,331.678161492408,0.267944734789218,-0.380841372863558,0.200774626882275,1.22234925611478,TRUE,FALSE,TRUE
3937,31.3583433373349,311.171380795128,0.259210422290191,-1.06953148431067,0.200367259188048,1.22185141192648,TRUE,FALSE,TRUE
3938,31.2629051620648,259.389314000395,0.236554335295815,-0.117029492482707,0.200978932527479,1.22259901448086,TRUE,FALSE,TRUE
3939,31.3583433373349,322.419635748776,0.263813720064421,-1.07618919813575,0.200367259188048,1.22185141192648,TRUE,FALSE,TRUE
3940,31.3265306122449,371.846708058948,0.284238265318247,-0.615120844835146,0.200570736190098,1.22210005588453,TRUE,FALSE,TRUE
3941,31.453781512605,317.83506032832,0.262301793399254,-1.94480015425864,0.199759297770337,1.22110879917268,TRUE,FALSE,TRUE
3942,31.453781512605,303.963881885521,0.25602073912334,-2.08535835924382,0.199759297770337,1.22110879917268,TRUE,FALSE,TRUE
3943,31.3265306122449,359.786682732425,0.2790023551831,-0.774774622877489,0.200570736190098,1.22210005588453,TRUE,FALSE,TRUE
3944,31.2310924369748,310.938596131059,0.258786867936031,0.096585299252939,0.20118365439375,1.22284933285476,TRUE,FALSE,TRUE
3945,31.2310924369748,345.282182126499,0.272917877073002,0.123404865077981,0.20118365439375,1.22284933285476,TRUE,FALSE,TRUE
3946,31.1674669867947,322.839945000374,0.263810654246319,0.780372684054422,0.201594351887553,1.22335165715567,TRUE,FALSE,TRUE
3947,31.2947178871549,328.860522855861,0.267001243198194,-0.349759739127627,0.200774626882275,1.22234925611478,TRUE,FALSE,TRUE
3948,31.2947178871549,279.468611966188,0.245551701605816,-0.411743022807817,0.200774626882275,1.22234925611478,TRUE,FALSE,TRUE
3949,31.2629051620648,288.186697317392,0.249569160766374,-0.0780780711058748,0.200978932527479,1.22259901448086,TRUE,FALSE,TRUE
3950,31.2629051620648,334.657414698677,0.268873435989325,-0.132534244553193,0.200978932527479,1.22259901448086,TRUE,FALSE,TRUE
3951,31.2947178871549,313.805881737664,0.260592421929835,-0.37678972350276,0.200774626882275,1.22234925611478,TRUE,FALSE,TRUE
3952,31.2310924369748,294.276489166437,0.251947291866484,0.172441999917011,0.20118365439375,1.22284933285476,TRUE,FALSE,TRUE
3953,31.3265306122449,328.009539135426,0.266221216149363,-0.750931608126874,0.200570736190098,1.22210005588453,TRUE,FALSE,TRUE
3954,31.1356542617047,305.21049265586,0.256483288883175,1.10735568564707,0.201800330077136,1.22360366686859,TRUE,FALSE,TRUE
3955,31.2947178871549,342.549504068756,0.272878417385488,-0.307964694587989,0.200774626882275,1.22234925611478,TRUE,FALSE,TRUE
3956,31.2947178871549,330.838441081695,0.267399243921441,-0.453595345457019,0.200774626882275,1.22234925611478,TRUE,FALSE,TRUE
3957,31.2629051620648,327.399719653801,0.266261127570677,-0.0286956158155669,0.200978932527479,1.22259901448086,TRUE,FALSE,TRUE
3958,31.2947178871549,334.882414558288,0.269051101674351,-0.457859461740305,0.200774626882275,1.22234925611478,TRUE,FALSE,TRUE
3959,31.3265306122449,334.370309528926,0.269000459733524,-0.712075365783778,0.200570736190098,1.22210005588453,TRUE,FALSE,TRUE
3960,31.390156062425,316.68820487254,0.261471639687548,-1.44210132632665,0.200164194618349,1.22160332238523,TRUE,FALSE,TRUE
3961,31.3265306122449,285.824783425331,0.248872192199734,-0.658494723336183,0.200570736190098,1.22210005588453,TRUE,FALSE,TRUE
3962,31.3265306122449,281.452029600332,0.246489846030128,-0.75161512313219,0.200570736190098,1.22210005588453,TRUE,FALSE,TRUE
3963,31.2310924369748,407.861496327156,0.297277978023245,0.190943222615639,0.20118365439375,1.22284933285476,TRUE,FALSE,TRUE
3964,31.390156062425,336.689881999379,0.269964631434118,-1.35641611970038,0.200164194618349,1.22160332238523,TRUE,FALSE,TRUE
3965,31.390156062425,309.813488189155,0.258630523105045,-1.36210471766067,0.200164194618349,1.22160332238523,TRUE,FALSE,TRUE
3966,31.3583433373349,264.224339485646,0.238799520974995,-1.08297140395732,0.200367259188048,1.22185141192648,TRUE,FALSE,TRUE
3967,31.421968787515,284.652487686971,0.247909649473085,-1.6822015741971,0.199961541228317,1.22135578541362,TRUE,FALSE,TRUE
3968,31.390156062425,289.969102266772,0.25023903496375,-1.40782371239915,0.200164194618349,1.22160332238523,TRUE,FALSE,TRUE
3969,31.3583433373349,361.148407104789,0.279729371184346,-1.04285260601436,0.200367259188048,1.22185141192648,TRUE,FALSE,TRUE
3970,31.2629051620648,308.532865009084,0.257948515557746,-0.172969905493903,0.200978932527479,1.22259901448086,TRUE,FALSE,TRUE
3971,31.421968787515,305.271166757314,0.256861218787876,-1.68108019702927,0.199961541228317,1.22135578541362,TRUE,FALSE,TRUE
3972,31.2629051620648,367.65185649462,0.282308646018191,-0.0800999903039118,0.200978932527479,1.22259901448086,TRUE,FALSE,TRUE
3973,31.1674669867947,284.677613563929,0.248024438486632,0.864994842075891,0.201594351887553,1.22335165715567,TRUE,FALSE,TRUE
3974,31.421968787515,322.631393375182,0.26441951003009,-1.62318253364068,0.199961541228317,1.22135578541362,TRUE,FALSE,TRUE
3975,31.2947178871549,298.203498157376,0.254043452729686,-0.34622049351141,0.200774626882275,1.22234925611478,TRUE,FALSE,TRUE
3976,31.421968787515,306.030789018453,0.257368629674444,-1.63763279018543,0.199961541228317,1.22135578541362,TRUE,FALSE,TRUE
3977,31.3265306122449,264.340462954218,0.238820498882325,-0.74852100930744,0.200570736190098,1.22210005588453,TRUE,FALSE,TRUE
3978,31.3265306122449,336.292132859707,0.270027777040137,-0.64411308162769,0.200570736190098,1.22210005588453,TRUE,FALSE,TRUE
3979,31.2310924369748,262.322221110239,0.237875991914504,0.231031415694137,0.20118365439375,1.22284933285476,TRUE,FALSE,TRUE
3980,31.2947178871549,313.631361499259,0.260509464679161,-0.402697291450611,0.200774626882275,1.22234925611478,TRUE,FALSE,TRUE
3981,31.2310924369748,370.149815422952,0.282866990532036,0.179287622246202,0.20118365439375,1.22284933285476,TRUE,FALSE,TRUE
3982,31.4855942376951,322.29823129313,0.264248251658778,-2.21638238520153,0.199557463001834,1.22086236183153,TRUE,FALSE,TRUE
3983,31.3265306122449,313.352321190245,0.260238523752703,-0.74317506460514,0.200570736190098,1.22210005588453,TRUE,FALSE,TRUE
3984,31.3265306122449,306.856853280869,0.257898539358126,-0.656058830126835,0.200570736190098,1.22210005588453,TRUE,FALSE,TRUE
3985,31.3265306122449,332.185563399102,0.268323285478925,-0.659783556378045,0.200570736190098,1.22210005588453,TRUE,FALSE,TRUE
3986,31.1038415366146,316.955634981277,0.261698001833261,1.4735363945276,0.202006729611941,1.22385624416124,TRUE,FALSE,TRUE
3987,31.2947178871549,309.654782404264,0.259042237550174,-0.343312560678063,0.200774626882275,1.22234925611478,TRUE,FALSE,TRUE
3988,31.2947178871549,417.092629517001,0.300980248341773,-0.414596105051293,0.200774626882275,1.22234925611478,TRUE,FALSE,TRUE
3989,31.2310924369748,346.423061920945,0.273803659767842,0.199949508679163,0.20118365439375,1.22284933285476,TRUE,FALSE,TRUE
3990,31.3265306122449,352.235459101602,0.276013258469896,-0.73797555874293,0.200570736190098,1.22210005588453,TRUE,FALSE,TRUE
3991,31.421968787515,328.125360528307,0.266288193873871,-1.71627938044756,0.199961541228317,1.22135578541362,TRUE,FALSE,TRUE
3992,31.2947178871549,355.176314526632,0.277376430704093,-0.406850089699152,0.200774626882275,1.22234925611478,TRUE,FALSE,TRUE
3993,31.2947178871549,330.963463869699,0.267515462669318,-0.454936353707112,0.200774626882275,1.22234925611478,TRUE,FALSE,TRUE
3994,31.3265306122449,372.908708045115,0.28461696683497,-0.685106150449371,0.200570736190098,1.22210005588453,TRUE,FALSE,TRUE
3995,31.2629051620648,311.973752102235,0.259391025795069,-0.155472033202618,0.200978932527479,1.22259901448086,TRUE,FALSE,TRUE
3996,31.2629051620648,297.665837788558,0.253561738029694,-0.0905661284405432,0.200978932527479,1.22259901448086,TRUE,FALSE,TRUE
3997,31.5810324129652,311.790014326779,0.259564635284861,3.04540812267859,0.198954398482556,1.22012632501933,TRUE,FALSE,TRUE
3998,31.1992797118848,292.30574410032,0.250962601661013,0.476918871683815,0.201388793754304,1.22310021311678,TRUE,FALSE,TRUE
3999,31.2947178871549,273.22819597836,0.242884009398489,-0.372465552820281,0.200774626882275,1.22234925611478,TRUE,FALSE,TRUE
4000,31.2629051620648,331.915665853816,0.267941128058115,-0.0885143663664018,0.200978932527479,1.22259901448086,TRUE,FALSE,TRUE
4001,31.2629051620648,357.169111709711,0.278326323019805,-0.0654197960337661,0.200978932527479,1.22259901448086,TRUE,FALSE,TRUE
4002,31.2629051620648,361.752679298585,0.279632852598147,-0.144103409237064,0.200978932527479,1.22259901448086,TRUE,FALSE,TRUE
4003,31.453781512605,297.867478266419,0.253792610114183,-1.98176019207406,0.199759297770337,1.22110879917268,TRUE,FALSE,TRUE
4004,31.0402160864346,271.916426122783,0.242170939764734,2.13440346861454,0.202420797899197,1.22436310915123,TRUE,FALSE,TRUE
4005,31.453781512605,289.286474637412,0.249969224069104,-1.98237458002923,0.199759297770337,1.22110879917268,TRUE,FALSE,TRUE
4006,31.4855942376951,305.702708464151,0.257133186777068,-2.314132356777,0.199557463001834,1.22086236183153,TRUE,FALSE,TRUE
4007,31.390156062425,358.099276491789,0.278137913575221,-1.43254040957254,0.200164194618349,1.22160332238523,TRUE,FALSE,TRUE
4008,31.2310924369748,360.999002578663,0.280040563236748,0.302995842509233,0.20118365439375,1.22284933285476,TRUE,FALSE,TRUE
4009,31.2947178871549,304.850582153774,0.257239119419529,-0.301359413888927,0.200774626882275,1.22234925611478,TRUE,FALSE,TRUE
4010,31.3265306122449,382.177893024266,0.287475472372724,-0.791543652716075,0.200570736190098,1.22210005588453,TRUE,FALSE,TRUE
4011,31.3583433373349,315.793663998746,0.261538787189277,-0.988891925494946,0.200367259188048,1.22185141192648,TRUE,FALSE,TRUE
4012,31.1356542617047,317.179772288525,0.261498511136535,1.07719392529654,0.201800330077136,1.22360366686859,TRUE,FALSE,TRUE
4013,31.1356542617047,373.93720860821,0.28465263256031,1.18737413884499,0.201800330077136,1.22360366686859,TRUE,FALSE,TRUE
4014,31.390156062425,270.304710229875,0.241491933612446,-1.37452673303116,0.200164194618349,1.22160332238523,TRUE,FALSE,TRUE
4015,31.390156062425,308.223581567835,0.258230681252043,-1.34450351003634,0.200164194618349,1.22160332238523,TRUE,FALSE,TRUE
4016,31.3265306122449,334.778592836924,0.269356371581773,-0.676371553737849,0.200570736190098,1.22210005588453,TRUE,FALSE,TRUE
4017,31.421968787515,322.955663146852,0.264227290240759,-1.73810320855955,0.199961541228317,1.22135578541362,TRUE,FALSE,TRUE
4018,31.1992797118848,303.565570943695,0.256334263627123,0.592767001961575,0.201388793754304,1.22310021311678,TRUE,FALSE,TRUE
4019,31.390156062425,305.913443943345,0.256955074158366,-1.39672956443399,0.200164194618349,1.22160332238523,TRUE,FALSE,TRUE
4020,31.2310924369748,306.326736270883,0.257359503423613,0.215621266195354,0.20118365439375,1.22284933285476,TRUE,FALSE,TRUE
4021,31.3583433373349,298.795947288023,0.254232593184793,-1.02582755591134,0.200367259188048,1.22185141192648,TRUE,FALSE,TRUE
4022,31.3583433373349,291.716987061119,0.251073110566477,-0.998078287960446,0.200367259188048,1.22185141192648,TRUE,FALSE,TRUE
4023,31.3583433373349,300.789187213312,0.254836139592256,-1.08701033221921,0.200367259188048,1.22185141192648,TRUE,FALSE,TRUE
4024,31.3265306122449,303.276979190606,0.255563559029743,-0.8326143891262,0.200570736190098,1.22210005588453,TRUE,FALSE,TRUE
4025,31.421968787515,293.685531666115,0.251729489081135,-1.72168999862733,0.199961541228317,1.22135578541362,TRUE,FALSE,TRUE
4026,31.2947178871549,338.712151291267,0.270780027590955,-0.388231497981751,0.200774626882275,1.22234925611478,TRUE,FALSE,TRUE
4027,31.3265306122449,296.349686263858,0.253282797683909,-0.68225573607288,0.200570736190098,1.22210005588453,TRUE,FALSE,TRUE
4028,31.3265306122449,264.098286668731,0.238639514233675,-0.78995961568141,0.200570736190098,1.22210005588453,TRUE,FALSE,TRUE
4029,31.3265306122449,380.09095962057,0.287337395966017,-0.655956925180473,0.200570736190098,1.22210005588453,TRUE,FALSE,TRUE
4030,31.3265306122449,382.005562750865,0.287683304366272,-0.748504935665639,0.200570736190098,1.22210005588453,TRUE,FALSE,TRUE
4031,31.1992797118848,352.478850686672,0.275935854313936,0.487789465896354,0.201388793754304,1.22310021311678,TRUE,FALSE,TRUE
4032,31.2629051620648,277.389805999334,0.244552433675652,-0.171559492802815,0.200978932527479,1.22259901448086,TRUE,FALSE,TRUE
4033,31.3583433373349,214.501101580802,0.214904785345871,-1.08416660115977,0.200367259188048,1.22185141192648,TRUE,FALSE,TRUE
4034,31.3265306122449,305.511050733113,0.256939498893997,-0.762252647839335,0.200570736190098,1.22210005588453,TRUE,FALSE,TRUE
4035,31.421968787515,327.561506531553,0.266301130146857,-1.63398511062663,0.199961541228317,1.22135578541362,TRUE,FALSE,TRUE
4036,31.2629051620648,292.772807301435,0.251246434153334,-0.184767716083191,0.200978932527479,1.22259901448086,TRUE,FALSE,TRUE
4037,31.2310924369748,330.060120328356,0.267265109633016,0.244719788000396,0.20118365439375,1.22284933285476,TRUE,FALSE,TRUE
4038,31.421968787515,373.332738405227,0.284426354284086,-1.6732226843499,0.199961541228317,1.22135578541362,TRUE,FALSE,TRUE
4039,31.390156062425,343.675666289499,0.272530727842209,-1.42560228001227,0.200164194618349,1.22160332238523,TRUE,FALSE,TRUE
4040,31.3583433373349,266.305165964119,0.240015813091416,-1.00659737282885,0.200367259188048,1.22185141192648,TRUE,FALSE,TRUE
4041,31.390156062425,299.936528433643,0.254639065542571,-1.3482358995802,0.200164194618349,1.22160332238523,TRUE,FALSE,TRUE
4042,31.1992797118848,255.05968303051,0.234451853061046,0.491702267922611,0.201388793754304,1.22310021311678,TRUE,FALSE,TRUE
4043,31.2947178871549,368.13680569719,0.282304390845309,-0.426883779133991,0.200774626882275,1.22234925611478,TRUE,FALSE,TRUE
4044,31.390156062425,321.426259001058,0.263560087283388,-1.37800281536109,0.200164194618349,1.22160332238523,TRUE,FALSE,TRUE
4045,31.421968787515,291.002702701851,0.250650245140536,-1.68834033919473,0.199961541228317,1.22135578541362,TRUE,FALSE,TRUE
4046,31.2629051620648,324.303124632989,0.264854154259922,-0.0928659304649713,0.200978932527479,1.22259901448086,TRUE,FALSE,TRUE
4047,31.1992797118848,346.259184774184,0.273558368018866,0.495135472991972,0.201388793754304,1.22310021311678,TRUE,FALSE,TRUE
4048,31.2629051620648,325.29121654828,0.2652123783005,-0.11287414144294,0.200978932527479,1.22259901448086,TRUE,FALSE,TRUE
4049,31.2947178871549,353.898899106382,0.276421939858874,-0.502079027307206,0.200774626882275,1.22234925611478,TRUE,FALSE,TRUE
4050,31.3265306122449,318.746864404431,0.262231512010348,-0.790813068320209,0.200570736190098,1.22210005588453,TRUE,FALSE,TRUE
4051,31.1992797118848,318.667201161734,0.261809029317517,0.418601700177017,0.201388793754304,1.22310021311678,TRUE,FALSE,TRUE
4052,31.421968787515,298.361849539925,0.254050096824526,-1.63474281358111,0.199961541228317,1.22135578541362,TRUE,FALSE,TRUE
4053,31.1992797118848,324.131554195997,0.264661921006047,0.51971250109261,0.201388793754304,1.22310021311678,TRUE,FALSE,TRUE
4054,31.3583433373349,346.784885003841,0.273547535343111,-1.14860785779911,0.200367259188048,1.22185141192648,TRUE,FALSE,TRUE
4055,31.2947178871549,338.937546893722,0.270849485522737,-0.431407942424,0.200774626882275,1.22234925611478,TRUE,FALSE,TRUE
4056,31.2947178871549,328.49475441666,0.266497449739492,-0.443378551351458,0.200774626882275,1.22234925611478,TRUE,FALSE,TRUE
4057,31.421968787515,374.498292412847,0.285002191976456,-1.70390795174302,0.199961541228317,1.22135578541362,TRUE,FALSE,TRUE
4058,31.2629051620648,359.74234716608,0.279126598192105,-0.0921262562938025,0.200978932527479,1.22259901448086,TRUE,FALSE,TRUE
4059,31.421968787515,334.615647768094,0.269374561257484,-1.6148949057459,0.199961541228317,1.22135578541362,TRUE,FALSE,TRUE
4060,31.390156062425,278.766019698,0.245139633946034,-1.43706293485858,0.200164194618349,1.22160332238523,TRUE,FALSE,TRUE
4061,31.4855942376951,361.552892702421,0.279729679710048,-2.31001417589046,0.199557463001834,1.22086236183153,TRUE,FALSE,TRUE
4062,31.3583433373349,281.75002379942,0.246579408200918,-1.06903363553014,0.200367259188048,1.22185141192648,TRUE,FALSE,TRUE
4063,31.3265306122449,294.037900445294,0.251853509813904,-0.792342780257564,0.200570736190098,1.22210005588453,TRUE,FALSE,TRUE
4064,31.3265306122449,316.654087648514,0.261387361441819,-0.820457205091412,0.200570736190098,1.22210005588453,TRUE,FALSE,TRUE
4065,31.3265306122449,313.894521323189,0.260227671129104,-0.828530113489506,0.200570736190098,1.22210005588453,TRUE,FALSE,TRUE
4066,31.453781512605,301.445972079615,0.255058312531856,-2.03997696141958,0.199759297770337,1.22110879917268,TRUE,FALSE,TRUE
4067,31.2629051620648,349.830549998787,0.275009866413223,-0.161746103915478,0.200978932527479,1.22259901448086,TRUE,FALSE,TRUE
4068,31.3583433373349,317.842223310099,0.261991851793815,-1.11197085719243,0.200367259188048,1.22185141192648,TRUE,FALSE,TRUE
4069,31.3265306122449,318.559239598433,0.262432206485184,-0.783881275977119,0.200570736190098,1.22210005588453,TRUE,FALSE,TRUE
4070,31.421968787515,367.346726109196,0.282119117175326,-1.64594627238303,0.199961541228317,1.22135578541362,TRUE,FALSE,TRUE
4071,31.3583433373349,320.04002368064,0.263208960127761,-1.01568432779255,0.200367259188048,1.22185141192648,TRUE,FALSE,TRUE
4072,31.1992797118848,269.050729017216,0.241042993133468,0.535404256421632,0.201388793754304,1.22310021311678,TRUE,FALSE,TRUE
4073,31.390156062425,249.378246006572,0.232078438746336,-1.30363462755626,0.200164194618349,1.22160332238523,TRUE,FALSE,TRUE
4074,31.3265306122449,313.286481532635,0.260643023626667,-0.630665014488693,0.200570736190098,1.22210005588453,TRUE,FALSE,TRUE
4075,31.390156062425,256.573516974784,0.235232160208024,-1.39086014794437,0.200164194618349,1.22160332238523,TRUE,FALSE,TRUE
4076,31.2310924369748,381.962321259293,0.287996545427615,0.275936370634114,0.20118365439375,1.22284933285476,TRUE,FALSE,TRUE
4077,31.3265306122449,290.099130860719,0.25046385742251,-0.718357088148632,0.200570736190098,1.22210005588453,TRUE,FALSE,TRUE
4078,31.2947178871549,268.016576184268,0.240523576632011,-0.387897969497804,0.200774626882275,1.22234925611478,TRUE,FALSE,TRUE
4079,31.3583433373349,276.827439506573,0.244752234672603,-0.961971719483623,0.200367259188048,1.22185141192648,TRUE,FALSE,TRUE
4080,31.2629051620648,316.824924800186,0.261508271017906,-0.15672424959943,0.200978932527479,1.22259901448086,TRUE,FALSE,TRUE
4081,31.2947178871549,356.196366003342,0.277441523817606,-0.497261616221606,0.200774626882275,1.22234925611478,TRUE,FALSE,TRUE
4082,31.2947178871549,249.663112405192,0.232362731076348,-0.349244543510282,0.200774626882275,1.22234925611478,TRUE,FALSE,TRUE
4083,31.2947178871549,322.506833432386,0.264108094138084,-0.412475473857106,0.200774626882275,1.22234925611478,TRUE,FALSE,TRUE
4084,31.3583433373349,324.000481974666,0.264866723031433,-1.00181748486429,0.200367259188048,1.22185141192648,TRUE,FALSE,TRUE
4085,31.390156062425,340.981019710829,0.271527377754555,-1.41550069706787,0.200164194618349,1.22160332238523,TRUE,FALSE,TRUE
4086,31.3265306122449,317.551529230124,0.261826504697897,-0.784276646033857,0.200570736190098,1.22210005588453,TRUE,FALSE,TRUE
4087,31.3583433373349,316.810145968715,0.261928823980113,-1.00362401888241,0.200367259188048,1.22185141192648,TRUE,FALSE,TRUE
4088,31.2947178871549,313.62214387992,0.260561985730906,-0.371978116317925,0.200774626882275,1.22234925611478,TRUE,FALSE,TRUE
4089,31.3265306122449,357.942460129085,0.278541895078208,-0.697439476308882,0.200570736190098,1.22210005588453,TRUE,FALSE,TRUE
4090,31.1992797118848,345.775755854907,0.273393180749464,0.486933313025744,0.201388793754304,1.22310021311678,TRUE,FALSE,TRUE
4091,31.2947178871549,308.842378417812,0.258444256997076,-0.397930112282578,0.200774626882275,1.22234925611478,TRUE,FALSE,TRUE
4092,31.390156062425,284.164917617081,0.248151375167179,-1.27770063440802,0.200164194618349,1.22160332238523,TRUE,FALSE,TRUE
4093,31.2947178871549,290.720149553933,0.250665710530808,-0.37470981971841,0.200774626882275,1.22234925611478,TRUE,FALSE,TRUE
4094,31.2947178871549,294.243257503131,0.252067597802822,-0.415792093065384,0.200774626882275,1.22234925611478,TRUE,FALSE,TRUE
4095,31.3265306122449,330.099554355335,0.267342500083249,-0.696196796798691,0.200570736190098,1.22210005588453,TRUE,FALSE,TRUE
4096,31.3583433373349,273.403624189067,0.24306252895804,-1.0179823915589,0.200367259188048,1.22185141192648,TRUE,FALSE,TRUE
4097,31.3265306122449,338.494056508725,0.270675040616672,-0.709446794528374,0.200570736190098,1.22210005588453,TRUE,FALSE,TRUE
4098,31.2629051620648,302.262609242327,0.255670070176497,-0.101229804563609,0.200978932527479,1.22259901448086,TRUE,FALSE,TRUE
4099,31.3583433373349,329.319901639657,0.267224395884631,-0.936411151511607,0.200367259188048,1.22185141192648,TRUE,FALSE,TRUE
4100,31.390156062425,321.855644710048,0.263630021607992,-1.41317207250327,0.200164194618349,1.22160332238523,TRUE,FALSE,TRUE
4101,31.390156062425,277.184189253795,0.244774726898308,-1.32361671008953,0.200164194618349,1.22160332238523,TRUE,FALSE,TRUE
4102,31.390156062425,292.749277267327,0.251601774988338,-1.35573161894188,0.200164194618349,1.22160332238523,TRUE,FALSE,TRUE
4103,31.3265306122449,323.751356573628,0.264573230079762,-0.765712342640271,0.200570736190098,1.22210005588453,TRUE,FALSE,TRUE
4104,31.2310924369748,307.909144193951,0.25792272890242,0.221746826681969,0.20118365439375,1.22284933285476,TRUE,FALSE,TRUE
4105,31.421968787515,301.568261219646,0.255553338851672,-1.65377678389808,0.199961541228317,1.22135578541362,TRUE,FALSE,TRUE
4106,31.3583433373349,286.321885888938,0.248583855431453,-1.07389349870809,0.200367259188048,1.22185141192648,TRUE,FALSE,TRUE
4107,31.421968787515,327.409614915329,0.266021135053893,-1.70661721207682,0.199961541228317,1.22135578541362,TRUE,FALSE,TRUE
4108,31.2947178871549,273.504667824934,0.242799446618408,-0.42266051972809,0.200774626882275,1.22234925611478,TRUE,FALSE,TRUE
4109,31.2947178871549,304.093063381529,0.255944904162107,-0.534246221480095,0.200774626882275,1.22234925611478,TRUE,FALSE,TRUE
4110,31.390156062425,329.502307810261,0.267219960911685,-1.30062545971913,0.200164194618349,1.22160332238523,TRUE,FALSE,TRUE
4111,31.1992797118848,261.503308385549,0.237281112296627,0.436719530015417,0.201388793754304,1.22310021311678,TRUE,FALSE,TRUE
4112,31.2947178871549,248.145910424438,0.231168657903325,-0.474112907610494,0.200774626882275,1.22234925611478,TRUE,FALSE,TRUE
4113,31.2947178871549,369.594168636247,0.28324933679908,-0.362959846176061,0.200774626882275,1.22234925611478,TRUE,FALSE,TRUE
4114,31.3583433373349,356.101287981992,0.277710292977844,-1.04992214664505,0.200367259188048,1.22185141192648,TRUE,FALSE,TRUE
4115,31.2947178871549,331.471964497316,0.267985779565124,-0.372197754690035,0.200774626882275,1.22234925611478,TRUE,FALSE,TRUE
4116,31.2629051620648,269.963566517059,0.241471566830163,-0.0635142374757606,0.200978932527479,1.22259901448086,TRUE,FALSE,TRUE
4117,31.3583433373349,361.075278852403,0.279691921254793,-1.04160516060367,0.200367259188048,1.22185141192648,TRUE,FALSE,TRUE
4118,31.3265306122449,350.864942784127,0.275794480290242,-0.704126547015991,0.200570736190098,1.22210005588453,TRUE,FALSE,TRUE
4119,31.421968787515,312.568873669104,0.260104999494584,-1.63670117671211,0.199961541228317,1.22135578541362,TRUE,FALSE,TRUE
4120,31.2629051620648,400.525937741132,0.294659440702214,-0.109942991686535,0.200978932527479,1.22259901448086,TRUE,FALSE,TRUE
4121,31.2629051620648,285.640036019209,0.248319448110149,-0.102394069704023,0.200978932527479,1.22259901448086,TRUE,FALSE,TRUE
4122,31.2629051620648,278.232096357944,0.245438711942102,0.000426799225953561,0.200978932527479,1.22259901448086,TRUE,FALSE,TRUE
4123,31.3265306122449,283.482882894627,0.247583927611243,-0.669615586137286,0.200570736190098,1.22210005588453,TRUE,FALSE,TRUE
4124,31.1356542617047,368.257041034371,0.282190111524895,1.15761404987428,0.201800330077136,1.22360366686859,TRUE,FALSE,TRUE
4125,31.390156062425,266.791414843678,0.24037534254358,-1.25563912549375,0.200164194618349,1.22160332238523,TRUE,FALSE,TRUE
4126,31.3583433373349,316.48125245537,0.261770717692291,-0.993818137922938,0.200367259188048,1.22185141192648,TRUE,FALSE,TRUE
4127,31.2629051620648,344.053237971963,0.272656000741551,-0.132360873523719,0.200978932527479,1.22259901448086,TRUE,FALSE,TRUE
4128,31.2629051620648,296.932204888818,0.253361463694496,-0.0672130708488126,0.200978932527479,1.22259901448086,TRUE,FALSE,TRUE
4129,31.390156062425,303.54716188957,0.255843991241183,-1.44771609915592,0.200164194618349,1.22160332238523,TRUE,FALSE,TRUE
4130,31.3583433373349,345.571619311225,0.273785916726444,-0.992125292567226,0.200367259188048,1.22185141192648,TRUE,FALSE,TRUE
4131,31.2947178871549,349.470575910094,0.274989481569,-0.440920562919855,0.200774626882275,1.22234925611478,TRUE,FALSE,TRUE
4132,31.390156062425,322.282402119047,0.263947821471243,-1.36868492251596,0.200164194618349,1.22160332238523,TRUE,FALSE,TRUE
4133,31.3583433373349,271.623386869143,0.242213598690264,-1.04305198921458,0.200367259188048,1.22185141192648,TRUE,FALSE,TRUE
4134,31.4855942376951,327.166344919108,0.26579072696911,-2.39131462325713,0.199557463001834,1.22086236183153,TRUE,FALSE,TRUE
4135,31.390156062425,372.708818085532,0.28463680760195,-1.26452874831995,0.200164194618349,1.22160332238523,TRUE,FALSE,TRUE
4136,31.390156062425,256.032247804592,0.23510754313413,-1.30231056641355,0.200164194618349,1.22160332238523,TRUE,FALSE,TRUE
4137,31.1038415366146,313.085953636424,0.259459963672021,1.36663241047084,0.202006729611941,1.22385624416124,TRUE,FALSE,TRUE
4138,31.390156062425,321.928023559333,0.263402637922003,-1.46349132630374,0.200164194618349,1.22160332238523,TRUE,FALSE,TRUE
4139,31.2310924369748,344.612477299288,0.272832898837359,0.149796480404162,0.20118365439375,1.22284933285476,TRUE,FALSE,TRUE
4140,31.390156062425,360.4151525782,0.279483952788312,-1.33746874481033,0.200164194618349,1.22160332238523,TRUE,FALSE,TRUE
4141,31.3583433373349,311.678329345496,0.259529008609045,-1.06818923712187,0.200367259188048,1.22185141192648,TRUE,FALSE,TRUE
4142,31.3265306122449,332.874829175848,0.26794598625632,-0.84447726745947,0.200570736190098,1.22210005588453,TRUE,FALSE,TRUE
4143,31.421968787515,301.010046252187,0.255136097713511,-1.67436418887419,0.199961541228317,1.22135578541362,TRUE,FALSE,TRUE
4144,31.2310924369748,353.493449108607,0.276511086850995,0.223014313201274,0.20118365439375,1.22284933285476,TRUE,FALSE,TRUE
4145,31.390156062425,316.884488582426,0.261792489341206,-1.33102941314098,0.200164194618349,1.22160332238523,TRUE,FALSE,TRUE
4146,31.2310924369748,307.363819980013,0.25776590260154,0.239309006260939,0.20118365439375,1.22284933285476,TRUE,FALSE,TRUE
4147,31.3265306122449,339.357640694665,0.270797648664222,-0.782242530596737,0.200570736190098,1.22210005588453,TRUE,FALSE,TRUE
4148,31.453781512605,352.444302009574,0.276349884941808,-1.95776158101372,0.199759297770337,1.22110879917268,TRUE,FALSE,TRUE
4149,31.3265306122449,270.256761272482,0.241516353420135,-0.733862413198505,0.200570736190098,1.22210005588453,TRUE,FALSE,TRUE
4150,31.421968787515,327.98642678895,0.266366893642548,-1.70267044439806,0.199961541228317,1.22135578541362,TRUE,FALSE,TRUE
4151,31.2310924369748,271.26566030438,0.242003317966994,0.225176492886575,0.20118365439375,1.22284933285476,TRUE,FALSE,TRUE
4152,31.421968787515,268.118556049935,0.240666397202384,-1.65458100959401,0.199961541228317,1.22135578541362,TRUE,FALSE,TRUE
4153,31.390156062425,379.467608065851,0.286543615265281,-1.40601873329745,0.200164194618349,1.22160332238523,TRUE,FALSE,TRUE
4154,31.3583433373349,266.001358454344,0.239650871544261,-1.06243026369456,0.200367259188048,1.22185141192648,TRUE,FALSE,TRUE
4155,31.5492196878751,281.04332064996,0.246263254088998,-2.9808420147512,0.199155014588025,1.22037112656558,TRUE,FALSE,TRUE
4156,31.421968787515,279.397317018296,0.245643433806373,-1.69556768747436,0.199961541228317,1.22135578541362,TRUE,FALSE,TRUE
4157,31.390156062425,322.668972887483,0.264203713780882,-1.29906189417099,0.200164194618349,1.22160332238523,TRUE,FALSE,TRUE
4158,31.2947178871549,286.433985012101,0.248533284581349,-0.465350178037249,0.200774626882275,1.22234925611478,TRUE,FALSE,TRUE
4159,31.390156062425,306.760831274816,0.257275378765149,-1.41830307217226,0.200164194618349,1.22160332238523,TRUE,FALSE,TRUE
4160,31.421968787515,354.17569257407,0.276877664942996,-1.67698824547623,0.199961541228317,1.22135578541362,TRUE,FALSE,TRUE
4161,31.2947178871549,320.643465334145,0.263613595902177,-0.338937984634431,0.200774626882275,1.22234925611478,TRUE,FALSE,TRUE
4162,31.3583433373349,417.27893795909,0.300900686547353,-1.06131317241904,0.200367259188048,1.22185141192648,TRUE,FALSE,TRUE
4163,31.3265306122449,310.388666341137,0.259205464705162,-0.687752165645555,0.200570736190098,1.22210005588453,TRUE,FALSE,TRUE
4164,31.3583433373349,299.798998940784,0.254565325169247,-1.03254162308469,0.200367259188048,1.22185141192648,TRUE,FALSE,TRUE
4165,31.1992797118848,340.975819666843,0.271722980641532,0.517654274377986,0.201388793754304,1.22310021311678,TRUE,FALSE,TRUE
4166,31.2629051620648,393.366912329462,0.291807947963831,-0.139799897217075,0.200978932527479,1.22259901448086,TRUE,FALSE,TRUE
4167,31.390156062425,302.301105058674,0.255456828095623,-1.40825203370952,0.200164194618349,1.22160332238523,TRUE,FALSE,TRUE
4168,31.2629051620648,324.497403805551,0.265002720033669,-0.0691042947851469,0.200978932527479,1.22259901448086,TRUE,FALSE,TRUE
4169,31.2629051620648,322.404607860443,0.264211217852968,-0.0861405012348686,0.200978932527479,1.22259901448086,TRUE,FALSE,TRUE
4170,31.3583433373349,312.591823381613,0.259964112680539,-1.05068628894726,0.200367259188048,1.22185141192648,TRUE,FALSE,TRUE
4171,31.3583433373349,350.274831866442,0.275878753688957,-0.944065425101066,0.200367259188048,1.22185141192648,TRUE,FALSE,TRUE
4172,31.390156062425,377.518802742743,0.28587532262658,-1.41199651757253,0.200164194618349,1.22160332238523,TRUE,FALSE,TRUE
4173,31.453781512605,379.869769602693,0.286895507013611,-1.95790050459044,0.199759297770337,1.22110879917268,TRUE,FALSE,TRUE
4174,31.421968787515,322.805114656015,0.264528267468685,-1.6197645206728,0.199961541228317,1.22135578541362,TRUE,FALSE,TRUE
4175,31.3265306122449,357.855263561716,0.278276058843255,-0.768359388388497,0.200570736190098,1.22210005588453,TRUE,FALSE,TRUE
4176,31.390156062425,308.75473278342,0.258114567405459,-1.44690602466563,0.200164194618349,1.22160332238523,TRUE,FALSE,TRUE
4177,31.453781512605,324.490786817274,0.26477203113302,-2.02224600664413,0.199759297770337,1.22110879917268,TRUE,FALSE,TRUE
4178,31.3583433373349,364.615791435634,0.281179260313912,-1.03783581800265,0.200367259188048,1.22185141192648,TRUE,FALSE,TRUE
4179,31.421968787515,306.037989739518,0.257484741146578,-1.58457160007812,0.199961541228317,1.22135578541362,TRUE,FALSE,TRUE
4180,31.390156062425,298.549596032491,0.254151396352523,-1.32025998493866,0.200164194618349,1.22160332238523,TRUE,FALSE,TRUE
4181,31.2310924369748,306.677792182905,0.257548711947258,0.236131249306865,0.20118365439375,1.22284933285476,TRUE,FALSE,TRUE
4182,30.9765906362545,327.305187535066,0.265374759567973,2.65454567064383,0.202836567166493,1.22487226754289,TRUE,FALSE,TRUE
4183,31.390156062425,379.930355746979,0.287261100389798,-1.28397489377923,0.200164194618349,1.22160332238523,TRUE,FALSE,TRUE
4184,31.2947178871549,287.673740748772,0.249073262747684,-0.475340603698355,0.200774626882275,1.22234925611478,TRUE,FALSE,TRUE
4185,31.2947178871549,375.158184987127,0.2849420525252,-0.458233893208667,0.200774626882275,1.22234925611478,TRUE,FALSE,TRUE
4186,31.390156062425,287.916525555248,0.249484437242304,-1.34903909755347,0.200164194618349,1.22160332238523,TRUE,FALSE,TRUE
4187,31.453781512605,288.035599639498,0.249455951570202,-1.97803548181559,0.199759297770337,1.22110879917268,TRUE,FALSE,TRUE
4188,31.421968787515,354.381838265549,0.277145551648079,-1.6573816243953,0.199961541228317,1.22135578541362,TRUE,FALSE,TRUE
4189,31.3265306122449,322.448473435251,0.26390655359658,-0.743411451245964,0.200570736190098,1.22210005588453,TRUE,FALSE,TRUE
4190,31.3583433373349,312.020714592953,0.259887684129445,-1.00198860789862,0.200367259188048,1.22185141192648,TRUE,FALSE,TRUE
4191,31.3583433373349,332.13790427722,0.268042237388304,-1.05093855029667,0.200367259188048,1.22185141192648,TRUE,FALSE,TRUE
4192,31.2629051620648,301.116784688069,0.254721625310112,-0.178264678074618,0.200978932527479,1.22259901448086,TRUE,FALSE,TRUE
4193,31.2947178871549,324.471569354195,0.264942849701015,-0.405586377827829,0.200774626882275,1.22234925611478,TRUE,FALSE,TRUE
4194,31.2947178871549,289.054449935071,0.250009300005988,-0.401134997794642,0.200774626882275,1.22234925611478,TRUE,FALSE,TRUE
4195,31.3583433373349,309.02231815302,0.258678058880948,-1.0296702269651,0.200367259188048,1.22185141192648,TRUE,FALSE,TRUE
4196,31.0720288115246,330.452474173321,0.266810996075474,1.73232839293955,0.202213551786137,1.22410939094784,TRUE,FALSE,TRUE
4197,31.421968787515,309.997805258185,0.258973280048839,-1.61810398972661,0.199961541228317,1.22135578541362,TRUE,FALSE,TRUE
4198,31.3265306122449,320.324703463325,0.263212038286144,-0.743438315263328,0.200570736190098,1.22210005588453,TRUE,FALSE,TRUE
4199,31.1038415366146,279.741763610586,0.245535397790851,1.43901897438637,0.202006729611941,1.22385624416124,TRUE,FALSE,TRUE
4200,31.3583433373349,275.563388428709,0.243673063510759,-1.12735062670566,0.200367259188048,1.22185141192648,TRUE,FALSE,TRUE
4201,31.3583433373349,270.804184507739,0.241968774659977,-0.972873744234787,0.200367259188048,1.22185141192648,TRUE,FALSE,TRUE
4202,31.2947178871549,307.695793332309,0.258267745885617,-0.317177938360445,0.200774626882275,1.22234925611478,TRUE,FALSE,TRUE
4203,31.4855942376951,387.746228985792,0.289806451513479,-2.3565526662299,0.199557463001834,1.22086236183153,TRUE,FALSE,TRUE
4204,31.2947178871549,301.718961148678,0.255517468370002,-0.358050238563338,0.200774626882275,1.22234925611478,TRUE,FALSE,TRUE
4205,31.453781512605,311.741843403775,0.259637224153342,-1.97054365243297,0.199759297770337,1.22110879917268,TRUE,FALSE,TRUE
4206,31.1992797118848,280.225281941793,0.245888764942612,0.503329168775993,0.201388793754304,1.22310021311678,TRUE,FALSE,TRUE
4207,31.390156062425,307.158133514982,0.257753442658048,-1.31900518749875,0.200164194618349,1.22160332238523,TRUE,FALSE,TRUE
4208,31.390156062425,287.53188306848,0.249054380501371,-1.38294786925327,0.200164194618349,1.22160332238523,TRUE,FALSE,TRUE
4209,31.3265306122449,306.073511993687,0.257498720166515,-0.664590416051291,0.200570736190098,1.22210005588453,TRUE,FALSE,TRUE
4210,31.390156062425,287.018599719521,0.249066263264772,-1.3474765459718,0.200164194618349,1.22160332238523,TRUE,FALSE,TRUE
4211,31.2310924369748,344.616974399314,0.27326204945027,0.294119339881287,0.20118365439375,1.22284933285476,TRUE,FALSE,TRUE
4212,31.390156062425,275.35544788041,0.243709908697434,-1.39438820102719,0.200164194618349,1.22160332238523,TRUE,FALSE,TRUE
4213,31.5174069627851,321.026089849292,0.263488364122661,-2.59364598912962,0.199356035685252,1.22061647156741,TRUE,FALSE,TRUE
4214,31.390156062425,320.256529791182,0.263062618899299,-1.4122553604236,0.200164194618349,1.22160332238523,TRUE,FALSE,TRUE
4215,31.2629051620648,318.150637384662,0.262535394592288,-0.0204971339785188,0.200978932527479,1.22259901448086,TRUE,FALSE,TRUE
4216,31.390156062425,338.421084575501,0.270580773887774,-1.40478313906459,0.200164194618349,1.22160332238523,TRUE,FALSE,TRUE
4217,31.421968787515,316.897108075518,0.261823047016579,-1.64696408747418,0.199961541228317,1.22135578541362,TRUE,FALSE,TRUE
4218,31.1992797118848,332.369076586762,0.26812270438221,0.546939503860782,0.201388793754304,1.22310021311678,TRUE,FALSE,TRUE
4219,31.2947178871549,275.920533924638,0.244194421075758,-0.393995294341171,0.200774626882275,1.22234925611478,TRUE,FALSE,TRUE
4220,31.3583433373349,319.492470594272,0.262637311758483,-1.09446564550021,0.200367259188048,1.22185141192648,TRUE,FALSE,TRUE
4221,31.3583433373349,307.943586284451,0.257886995533639,-1.06374521737187,0.200367259188048,1.22185141192648,TRUE,FALSE,TRUE
4222,31.3265306122449,371.645707579997,0.283645170197104,-0.745057053036432,0.200570736190098,1.22210005588453,TRUE,FALSE,TRUE
4223,31.1992797118848,278.848409339377,0.245005209073587,0.475395485766831,0.201388793754304,1.22310021311678,TRUE,FALSE,TRUE
4224,31.2629051620648,265.423892247719,0.239317037432412,-0.1043379000675,0.200978932527479,1.22259901448086,TRUE,FALSE,TRUE
4225,31.1674669867947,314.629181767001,0.261064125383498,0.92649772251828,0.201594351887553,1.22335165715567,TRUE,FALSE,TRUE
4226,31.2310924369748,312.582102713441,0.260282656522545,0.30705606996925,0.20118365439375,1.22284933285476,TRUE,FALSE,TRUE
4227,31.421968787515,311.850726700138,0.259756948796949,-1.66356707336413,0.199961541228317,1.22135578541362,TRUE,FALSE,TRUE
4228,31.421968787515,325.710205205503,0.265678996484089,-1.63818210490834,0.199961541228317,1.22135578541362,TRUE,FALSE,TRUE
4229,31.2947178871549,331.930158372649,0.267822158803736,-0.457890665765016,0.200774626882275,1.22234925611478,TRUE,FALSE,TRUE
4230,31.1992797118848,356.510329519461,0.27793189906935,0.565296128977762,0.201388793754304,1.22310021311678,TRUE,FALSE,TRUE
4231,31.390156062425,343.981349696095,0.272883352744076,-1.32370209783741,0.200164194618349,1.22160332238523,TRUE,FALSE,TRUE
4232,31.3265306122449,293.91940163907,0.2525992899018,-0.608643826757446,0.200570736190098,1.22210005588453,TRUE,FALSE,TRUE
4233,31.2629051620648,322.606643420007,0.263876535441912,-0.175609644082921,0.200978932527479,1.22259901448086,TRUE,FALSE,TRUE
4234,31.2947178871549,268.847716560228,0.240954732241459,-0.408798849497859,0.200774626882275,1.22234925611478,TRUE,FALSE,TRUE
4235,31.2947178871549,326.108011108967,0.265375409221069,-0.499270972748408,0.200774626882275,1.22234925611478,TRUE,FALSE,TRUE
4236,31.421968787515,360.123148117412,0.279429824454346,-1.61780318131152,0.199961541228317,1.22135578541362,TRUE,FALSE,TRUE
4237,31.1992797118848,252.49827379595,0.233251779560154,0.516789999338211,0.201388793754304,1.22310021311678,TRUE,FALSE,TRUE
4238,31.2629051620648,301.614617361852,0.2553012345095,-0.0959685932926277,0.200978932527479,1.22259901448086,TRUE,FALSE,TRUE
4239,31.1992797118848,315.779416499607,0.261390484957368,0.534355998250325,0.201388793754304,1.22310021311678,TRUE,FALSE,TRUE
4240,31.2629051620648,327.818027377449,0.266132318627845,-0.131824632634655,0.200978932527479,1.22259901448086,TRUE,FALSE,TRUE
4241,31.2310924369748,320.509443465132,0.263255290997019,0.210327594266755,0.20118365439375,1.22284933285476,TRUE,FALSE,TRUE
4242,31.2629051620648,313.933743190064,0.260510258880398,-0.117308985777926,0.200978932527479,1.22259901448086,TRUE,FALSE,TRUE
4243,31.390156062425,236.534532955238,0.226033901093032,-1.31650750361903,0.200164194618349,1.22160332238523,TRUE,FALSE,TRUE
4244,31.2947178871549,313.40103434242,0.260837424107943,-0.323416790773419,0.200774626882275,1.22234925611478,TRUE,FALSE,TRUE
4245,31.3265306122449,341.322551019916,0.271791882157471,-0.728380772967474,0.200570736190098,1.22210005588453,TRUE,FALSE,TRUE
4246,31.2629051620648,357.645263866738,0.278359605617328,-0.0723808084059039,0.200978932527479,1.22259901448086,TRUE,FALSE,TRUE
4247,31.2310924369748,285.687306835867,0.248273583931563,0.18640162224828,0.20118365439375,1.22284933285476,TRUE,FALSE,TRUE
4248,31.2629051620648,331.504463314702,0.267710801002932,-0.131339710403674,0.200978932527479,1.22259901448086,TRUE,FALSE,TRUE
4249,31.2947178871549,362.394568808938,0.280194333317218,-0.403604307188713,0.200774626882275,1.22234925611478,TRUE,FALSE,TRUE
4250,31.2629051620648,380.220035977189,0.287256569348937,-0.0425430945636724,0.200978932527479,1.22259901448086,TRUE,FALSE,TRUE
4251,31.2947178871549,324.074246378902,0.264735533279621,-0.448573237497339,0.200774626882275,1.22234925611478,TRUE,FALSE,TRUE
4252,31.2947178871549,327.87242800727,0.266286980685745,-0.43664434383072,0.200774626882275,1.22234925611478,TRUE,FALSE,TRUE
4253,31.3265306122449,274.997745414923,0.243789304175472,-0.699450240560926,0.200570736190098,1.22210005588453,TRUE,FALSE,TRUE
4254,31.390156062425,375.036381682529,0.284975968056993,-1.39773678392053,0.200164194618349,1.22160332238523,TRUE,FALSE,TRUE
4255,31.390156062425,342.139429505029,0.271770885671506,-1.45816555236335,0.200164194618349,1.22160332238523,TRUE,FALSE,TRUE
4256,31.1356542617047,320.506951832131,0.263148217727102,1.16188285419126,0.201800330077136,1.22360366686859,TRUE,FALSE,TRUE
4257,31.2310924369748,326.197717791134,0.265686093176488,0.230794886673329,0.20118365439375,1.22284933285476,TRUE,FALSE,TRUE
4258,31.421968787515,323.407341738634,0.264739041624388,-1.57821066573075,0.199961541228317,1.22135578541362,TRUE,FALSE,TRUE
4259,31.390156062425,366.926930862981,0.281949757766569,-1.35320556845197,0.200164194618349,1.22160332238523,TRUE,FALSE,TRUE
4260,31.2310924369748,349.652171262259,0.275017138081189,0.170699114450088,0.20118365439375,1.22284933285476,TRUE,FALSE,TRUE
4261,31.453781512605,319.619491253238,0.263083653386946,-1.92983486554429,0.199759297770337,1.22110879917268,TRUE,FALSE,TRUE
4262,31.2629051620648,293.115983070375,0.251697403749632,-0.086093721018982,0.200978932527479,1.22259901448086,TRUE,FALSE,TRUE
4263,31.390156062425,295.577707627934,0.252837900882789,-1.37283528678922,0.200164194618349,1.22160332238523,TRUE,FALSE,TRUE
4264,31.2310924369748,329.369743106843,0.266925935833415,0.236083481199099,0.20118365439375,1.22284933285476,TRUE,FALSE,TRUE
4265,31.3265306122449,339.235748279924,0.271270019445334,-0.643143096282496,0.200570736190098,1.22210005588453,TRUE,FALSE,TRUE
4266,31.390156062425,295.08359328955,0.252702447526987,-1.32447050486555,0.200164194618349,1.22160332238523,TRUE,FALSE,TRUE
4267,31.2629051620648,308.670406327059,0.258275978237933,-0.0883762827347839,0.200978932527479,1.22259901448086,TRUE,FALSE,TRUE
4268,31.3265306122449,338.532337146306,0.270251417405335,-0.818783772765128,0.200570736190098,1.22210005588453,TRUE,FALSE,TRUE
4269,31.4855942376951,242.031325683843,0.22839389922384,-2.31179036148344,0.199557463001834,1.22086236183153,TRUE,FALSE,TRUE
4270,31.1356542617047,361.887419273769,0.27996578810495,1.20977334265361,0.201800330077136,1.22360366686859,TRUE,FALSE,TRUE
4271,31.3583433373349,276.349642991713,0.244386014371452,-1.02064837820038,0.200367259188048,1.22185141192648,TRUE,FALSE,TRUE
4272,31.2310924369748,310.262686807047,0.259385875447679,0.369066568198614,0.20118365439375,1.22284933285476,TRUE,FALSE,TRUE
4273,31.3583433373349,355.469641873819,0.277444556846577,-1.05380968654082,0.200367259188048,1.22185141192648,TRUE,FALSE,TRUE
4274,31.421968787515,352.641069950817,0.276294726656694,-1.66486685384827,0.199961541228317,1.22135578541362,TRUE,FALSE,TRUE
4275,31.3265306122449,344.003685594388,0.272725843977801,-0.750770063015386,0.200570736190098,1.22210005588453,TRUE,FALSE,TRUE
4276,31.3265306122449,281.276823223534,0.246672063465256,-0.641872349365489,0.200570736190098,1.22210005588453,TRUE,FALSE,TRUE
4277,31.2629051620648,281.839022572686,0.246865390926808,-0.0755551224389275,0.200978932527479,1.22259901448086,TRUE,FALSE,TRUE
4278,31.1992797118848,323.040608974264,0.264057317828898,0.493854826420314,0.201388793754304,1.22310021311678,TRUE,FALSE,TRUE
4279,31.3265306122449,316.652109727727,0.262016870005572,-0.631248922759591,0.200570736190098,1.22210005588453,TRUE,FALSE,TRUE
4280,31.2310924369748,282.212024196892,0.246829217773094,0.196863158958138,0.20118365439375,1.22284933285476,TRUE,FALSE,TRUE
4281,31.3265306122449,330.088673287181,0.267038182635276,-0.786382560968104,0.200570736190098,1.22210005588453,TRUE,FALSE,TRUE
4282,31.4855942376951,255.387589779967,0.234855109193813,-2.3080138448561,0.199557463001834,1.22086236183153,TRUE,FALSE,TRUE
4283,31.3265306122449,283.796780989611,0.247796661904061,-0.684305517137459,0.200570736190098,1.22210005588453,TRUE,FALSE,TRUE
4284,31.390156062425,339.248537828361,0.271244749734957,-1.30157425475383,0.200164194618349,1.22160332238523,TRUE,FALSE,TRUE
4285,31.390156062425,301.983810285317,0.255668011344213,-1.29143584005304,0.200164194618349,1.22160332238523,TRUE,FALSE,TRUE
4286,31.453781512605,384.367496636545,0.288907890560817,-1.90611192231841,0.199759297770337,1.22110879917268,TRUE,FALSE,TRUE
4287,31.2947178871549,339.449163104339,0.270936480721848,-0.414254146994129,0.200774626882275,1.22234925611478,TRUE,FALSE,TRUE
4288,31.453781512605,334.861588505583,0.269252852443712,-1.98848694082003,0.199759297770337,1.22110879917268,TRUE,FALSE,TRUE
4289,31.3265306122449,408.693766906872,0.29809234430741,-0.65158153526253,0.200570736190098,1.22210005588453,TRUE,FALSE,TRUE
4290,31.390156062425,267.743076259473,0.240485853931978,-1.32963126451781,0.200164194618349,1.22160332238523,TRUE,FALSE,TRUE
4291,31.1992797118848,307.370286515094,0.257780269537326,0.553039943770918,0.201388793754304,1.22310021311678,TRUE,FALSE,TRUE
4292,31.390156062425,307.115179243827,0.257715891562034,-1.35824386488926,0.200164194618349,1.22160332238523,TRUE,FALSE,TRUE
4293,31.3583433373349,240.392002778903,0.227864436381327,-0.987930620297738,0.200367259188048,1.22185141192648,TRUE,FALSE,TRUE
4294,31.3583433373349,353.92029770415,0.277156853285204,-0.971767494581386,0.200367259188048,1.22185141192648,TRUE,FALSE,TRUE
4295,31.453781512605,304.451401514561,0.2565037831658,-2.00558668765732,0.199759297770337,1.22110879917268,TRUE,FALSE,TRUE
4296,31.421968787515,334.919730000518,0.269247769388438,-1.66525835571767,0.199961541228317,1.22135578541362,TRUE,FALSE,TRUE
4297,31.3265306122449,288.830216148346,0.249973143415449,-0.653571902170551,0.200570736190098,1.22210005588453,TRUE,FALSE,TRUE
4298,31.421968787515,275.437664869067,0.244168558724667,-1.5783123036626,0.199961541228317,1.22135578541362,TRUE,FALSE,TRUE
4299,31.1992797118848,314.650358616985,0.260943357004536,0.582901488541799,0.201388793754304,1.22310021311678,TRUE,FALSE,TRUE
4300,31.2629051620648,325.089001973725,0.265024860637002,-0.144903352638105,0.200978932527479,1.22259901448086,TRUE,FALSE,TRUE
4301,31.2629051620648,346.532555354941,0.274038781527233,-0.0752067877893901,0.200978932527479,1.22259901448086,TRUE,FALSE,TRUE
4302,31.2629051620648,330.922398915669,0.267801729290121,-0.0367923510172827,0.200978932527479,1.22259901448086,TRUE,FALSE,TRUE
4303,31.2310924369748,353.163084950198,0.276825578148732,0.292516394557431,0.20118365439375,1.22284933285476,TRUE,FALSE,TRUE
4304,31.2947178871549,359.482165230072,0.279020027324147,-0.417199564001742,0.200774626882275,1.22234925611478,TRUE,FALSE,TRUE
4305,31.390156062425,388.261732005169,0.290421632122356,-1.31075204972377,0.200164194618349,1.22160332238523,TRUE,FALSE,TRUE
4306,31.3265306122449,339.651806506385,0.270820261805272,-0.799925857311835,0.200570736190098,1.22210005588453,TRUE,FALSE,TRUE
4307,31.1992797118848,343.273691841783,0.272774597363543,0.600030683424307,0.201388793754304,1.22310021311678,TRUE,FALSE,TRUE
4308,31.3265306122449,265.185151329878,0.239016040696575,-0.792798432382281,0.200570736190098,1.22210005588453,TRUE,FALSE,TRUE
4309,31.2947178871549,304.902515064625,0.256857187359662,-0.39760937084995,0.200774626882275,1.22234925611478,TRUE,FALSE,TRUE
4310,31.2947178871549,328.670073034005,0.266671453623283,-0.426037911007472,0.200774626882275,1.22234925611478,TRUE,FALSE,TRUE
4311,31.2310924369748,371.015110646484,0.283273933513851,0.199376727212129,0.20118365439375,1.22284933285476,TRUE,FALSE,TRUE
4312,31.3265306122449,335.23673347976,0.269441142813732,-0.69939663248064,0.200570736190098,1.22210005588453,TRUE,FALSE,TRUE
4313,31.2310924369748,303.014611639052,0.255631463589427,0.188677401844692,0.20118365439375,1.22284933285476,TRUE,FALSE,TRUE
4314,31.3583433373349,313.222533020526,0.260234173997912,-1.04534498173701,0.200367259188048,1.22185141192648,TRUE,FALSE,TRUE
4315,31.5492196878751,312.368040006315,0.260008094341345,-2.87953627468503,0.199155014588025,1.22037112656558,TRUE,FALSE,TRUE
4316,31.2310924369748,303.893408185992,0.256023989578578,0.167605909399021,0.20118365439375,1.22284933285476,TRUE,FALSE,TRUE
4317,31.2310924369748,310.3993690196,0.258728776193453,0.159407020031392,0.20118365439375,1.22284933285476,TRUE,FALSE,TRUE
4318,31.2629051620648,318.829686313168,0.262660532229018,-0.067884147695366,0.200978932527479,1.22259901448086,TRUE,FALSE,TRUE
4319,31.3583433373349,293.406371203886,0.251462404506267,-1.13058827350263,0.200367259188048,1.22185141192648,TRUE,FALSE,TRUE
4320,31.421968787515,323.57084313196,0.264478734808794,-1.67170145764512,0.199961541228317,1.22135578541362,TRUE,FALSE,TRUE
4321,31.3583433373349,377.075061793212,0.286055459067884,-1.00681640707079,0.200367259188048,1.22185141192648,TRUE,FALSE,TRUE
4322,31.2947178871549,290.524947898468,0.250222928094457,-0.472717680876511,0.200774626882275,1.22234925611478,TRUE,FALSE,TRUE
4323,31.5174069627851,315.856637173274,0.261297573830799,-2.6194945061144,0.199356035685252,1.22061647156741,TRUE,FALSE,TRUE
4324,31.421968787515,284.260045077123,0.247639260161255,-1.74210122091877,0.199961541228317,1.22135578541362,TRUE,FALSE,TRUE
4325,31.3583433373349,325.509907415712,0.26522383296454,-1.04961557725565,0.200367259188048,1.22185141192648,TRUE,FALSE,TRUE
4326,31.390156062425,311.862602189198,0.259736283561356,-1.36132032387043,0.200164194618349,1.22160332238523,TRUE,FALSE,TRUE
4327,31.3265306122449,287.221386986821,0.249341220282283,-0.664533517996082,0.200570736190098,1.22210005588453,TRUE,FALSE,TRUE
4328,31.2947178871549,269.956029492379,0.241350072271123,-0.434411146427161,0.200774626882275,1.22234925611478,TRUE,FALSE,TRUE
4329,31.3265306122449,311.540852511089,0.259623799420928,-0.702377464033196,0.200570736190098,1.22210005588453,TRUE,FALSE,TRUE
4330,31.2947178871549,322.153549262652,0.263702084115753,-0.468417745163245,0.200774626882275,1.22234925611478,TRUE,FALSE,TRUE
4331,31.2310924369748,275.859253523582,0.244164185792699,0.227328365196338,0.20118365439375,1.22284933285476,TRUE,FALSE,TRUE
4332,31.390156062425,309.868077552665,0.258850988256862,-1.36150073267232,0.200164194618349,1.22160332238523,TRUE,FALSE,TRUE
4333,31.390156062425,295.584443991478,0.252561284418519,-1.39814609344024,0.200164194618349,1.22160332238523,TRUE,FALSE,TRUE
4334,31.3583433373349,287.617732707761,0.249143466707044,-1.08205739074203,0.200367259188048,1.22185141192648,TRUE,FALSE,TRUE
4335,31.2310924369748,278.195743658186,0.245015149506849,0.203232671372773,0.20118365439375,1.22284933285476,TRUE,FALSE,TRUE
4336,31.1992797118848,308.486433716525,0.25788141152295,0.451116460163944,0.201388793754304,1.22310021311678,TRUE,FALSE,TRUE
4337,31.3583433373349,335.454184727656,0.269776247757646,-0.965392054022321,0.200367259188048,1.22185141192648,TRUE,FALSE,TRUE
4338,31.1992797118848,332.106807099151,0.268385574609838,0.620624709490154,0.201388793754304,1.22310021311678,TRUE,FALSE,TRUE
4339,31.390156062425,251.025788194684,0.232786764211225,-1.31300067419815,0.200164194618349,1.22160332238523,TRUE,FALSE,TRUE
4340,31.2629051620648,327.294651614508,0.266239189376336,-0.038049601275468,0.200978932527479,1.22259901448086,TRUE,FALSE,TRUE
4341,31.421968787515,380.526164737804,0.287272348577224,-1.65102138368903,0.199961541228317,1.22135578541362,TRUE,FALSE,TRUE
4342,31.3583433373349,297.798646590582,0.253773491689106,-1.03211766733544,0.200367259188048,1.22185141192648,TRUE,FALSE,TRUE
4343,31.2629051620648,358.235474149771,0.278322165875597,-0.128342397990138,0.200978932527479,1.22259901448086,TRUE,FALSE,TRUE
4344,31.3265306122449,304.079786774698,0.256448818089521,-0.747102813977434,0.200570736190098,1.22210005588453,TRUE,FALSE,TRUE
4345,31.2629051620648,310.031413142774,0.258923603209239,-0.0755347998029436,0.200978932527479,1.22259901448086,TRUE,FALSE,TRUE
4346,31.3583433373349,385.293023104906,0.289230707893019,-0.975830542390503,0.200367259188048,1.22185141192648,TRUE,FALSE,TRUE
4347,31.2629051620648,323.51106384195,0.264757352498591,-0.0166193733799984,0.200978932527479,1.22259901448086,TRUE,FALSE,TRUE
4348,31.3583433373349,293.623978899227,0.252321590253453,-0.930695184127235,0.200367259188048,1.22185141192648,TRUE,FALSE,TRUE
4349,31.2947178871549,240.459854973603,0.227853589351788,-0.36140508079985,0.200774626882275,1.22234925611478,TRUE,FALSE,TRUE
4350,31.2947178871549,292.36321683021,0.251165510013142,-0.452255469500946,0.200774626882275,1.22234925611478,TRUE,FALSE,TRUE
4351,31.2947178871549,309.647825194737,0.258264880139728,-0.514360092600256,0.200774626882275,1.22234925611478,TRUE,FALSE,TRUE
4352,31.3265306122449,284.431522205961,0.247619910528275,-0.804892393894696,0.200570736190098,1.22210005588453,TRUE,FALSE,TRUE
4353,31.3583433373349,298.320619618998,0.253791189404447,-1.02869467185907,0.200367259188048,1.22185141192648,TRUE,FALSE,TRUE
4354,31.421968787515,296.335132560939,0.252998676773677,-1.66886331408669,0.199961541228317,1.22135578541362,TRUE,FALSE,TRUE
4355,31.2629051620648,329.534740912842,0.266974944553648,-0.0691941679611247,0.200978932527479,1.22259901448086,TRUE,FALSE,TRUE
4356,31.390156062425,338.774922601884,0.270773437679253,-1.37080623864229,0.200164194618349,1.22160332238523,TRUE,FALSE,TRUE
4357,31.3583433373349,347.79288328748,0.274446916958717,-1.05132978096464,0.200367259188048,1.22185141192648,TRUE,FALSE,TRUE
4358,31.421968787515,316.968722555869,0.261761815976709,-1.6446197453706,0.199961541228317,1.22135578541362,TRUE,FALSE,TRUE
4359,31.2310924369748,316.697548619865,0.261374372190059,0.162081419431062,0.20118365439375,1.22284933285476,TRUE,FALSE,TRUE
4360,31.2629051620648,290.159804712833,0.250296539837569,-0.0863753801547502,0.200978932527479,1.22259901448086,TRUE,FALSE,TRUE
4361,31.3265306122449,303.822546943251,0.256132960885595,-0.795789981494781,0.200570736190098,1.22210005588453,TRUE,FALSE,TRUE
4362,31.2629051620648,315.894525618541,0.261217014709217,-0.117203728720211,0.200978932527479,1.22259901448086,TRUE,FALSE,TRUE
4363,31.421968787515,311.173702023118,0.259457923979289,-1.64587185167583,0.199961541228317,1.22135578541362,TRUE,FALSE,TRUE
4364,31.3583433373349,294.517535488763,0.252250902740702,-1.05838358169445,0.200367259188048,1.22185141192648,TRUE,FALSE,TRUE
4365,31.2947178871549,274.977764240325,0.24344663958956,-0.497846687075693,0.200774626882275,1.22234925611478,TRUE,FALSE,TRUE
4366,31.3265306122449,259.982179734223,0.236836325352867,-0.779187988854747,0.200570736190098,1.22210005588453,TRUE,FALSE,TRUE
4367,31.2629051620648,282.537122167336,0.246797641323206,-0.158661188684907,0.200978932527479,1.22259901448086,TRUE,FALSE,TRUE
4368,31.453781512605,356.851004650743,0.277878464620361,-2.04648282039564,0.199759297770337,1.22110879917268,TRUE,FALSE,TRUE
4369,31.2947178871549,258.344569701897,0.2363969320888,-0.363949492074808,0.200774626882275,1.22234925611478,TRUE,FALSE,TRUE
4370,31.1992797118848,408.69453736065,0.297427138450046,0.483729958123399,0.201388793754304,1.22310021311678,TRUE,FALSE,TRUE
4371,31.3583433373349,287.027634354365,0.249076749466458,-1.03366130984979,0.200367259188048,1.22185141192648,TRUE,FALSE,TRUE
4372,31.421968787515,310.729873399737,0.259571433703847,-1.54425509154591,0.199961541228317,1.22135578541362,TRUE,FALSE,TRUE
4373,31.2629051620648,349.799974238384,0.275091127060538,-0.102646971315521,0.200978932527479,1.22259901448086,TRUE,FALSE,TRUE
4374,31.2947178871549,338.724172407449,0.270963556310526,-0.345610313107501,0.200774626882275,1.22234925611478,TRUE,FALSE,TRUE
4375,31.421968787515,364.528443000801,0.281331428054584,-1.6103503235555,0.199961541228317,1.22135578541362,TRUE,FALSE,TRUE
4376,31.2947178871549,351.924210774689,0.276278716900772,-0.365247468064823,0.200774626882275,1.22234925611478,TRUE,FALSE,TRUE
4377,31.2947178871549,354.56749302553,0.277110807015853,-0.393187885969199,0.200774626882275,1.22234925611478,TRUE,FALSE,TRUE
4378,31.3583433373349,319.104259941383,0.262734222832298,-1.03843711422015,0.200367259188048,1.22185141192648,TRUE,FALSE,TRUE
4379,31.2629051620648,329.076138251073,0.266767021457245,-0.106503995995087,0.200978932527479,1.22259901448086,TRUE,FALSE,TRUE
4380,31.3265306122449,331.825237313361,0.268015683506057,-0.699227908328815,0.200570736190098,1.22210005588453,TRUE,FALSE,TRUE
4381,31.2629051620648,302.598527516165,0.25599087413128,-0.0365292118499673,0.200978932527479,1.22259901448086,TRUE,FALSE,TRUE
4382,31.3265306122449,378.947691249725,0.286666132932949,-0.706237705578496,0.200570736190098,1.22210005588453,TRUE,FALSE,TRUE
4383,31.4855942376951,380.513817358898,0.287559280963712,-2.1847689069799,0.199557463001834,1.22086236183153,TRUE,FALSE,TRUE
4384,31.2629051620648,332.569254312432,0.26833740763629,-0.0431057689772183,0.200978932527479,1.22259901448086,TRUE,FALSE,TRUE
4385,31.390156062425,384.128394489353,0.288495549370524,-1.36122507644604,0.200164194618349,1.22160332238523,TRUE,FALSE,TRUE
4386,31.2310924369748,246.543317685879,0.230300654088968,0.188113038005795,0.20118365439375,1.22284933285476,TRUE,FALSE,TRUE
4387,31.3583433373349,363.055952711229,0.280144460726798,-1.07789900135023,0.200367259188048,1.22185141192648,TRUE,FALSE,TRUE
4388,31.3583433373349,319.824208372728,0.263009636284711,-1.0385523229913,0.200367259188048,1.22185141192648,TRUE,FALSE,TRUE
4389,31.2947178871549,248.406061099122,0.231354650639907,-0.461465135501286,0.200774626882275,1.22234925611478,TRUE,FALSE,TRUE
4390,31.2629051620648,335.171236372736,0.269204594787329,-0.11421108323187,0.200978932527479,1.22259901448086,TRUE,FALSE,TRUE
4391,31.3265306122449,289.734021861663,0.250077356723893,-0.773583421804648,0.200570736190098,1.22210005588453,TRUE,FALSE,TRUE
4392,31.3265306122449,290.396060595999,0.250342324638849,-0.755103772521159,0.200570736190098,1.22210005588453,TRUE,FALSE,TRUE
4393,31.390156062425,372.617666882279,0.284612133675606,-1.28322387241156,0.200164194618349,1.22160332238523,TRUE,FALSE,TRUE
4394,31.2629051620648,314.983277282981,0.260782621696155,-0.155058045712075,0.200978932527479,1.22259901448086,TRUE,FALSE,TRUE
4395,31.2629051620648,334.504967585163,0.269166062338128,-0.0589259373325312,0.200978932527479,1.22259901448086,TRUE,FALSE,TRUE
4396,31.2310924369748,294.002798686003,0.251909285674057,0.179533129305281,0.20118365439375,1.22284933285476,TRUE,FALSE,TRUE
4397,31.453781512605,350.361008191891,0.275470126607798,-1.99677391435798,0.199759297770337,1.22110879917268,TRUE,FALSE,TRUE
4398,31.3583433373349,336.843912411684,0.269805381008775,-1.11175756761166,0.200367259188048,1.22185141192648,TRUE,FALSE,TRUE
4399,31.3583433373349,339.654024392934,0.271302447650696,-1.03051432599091,0.200367259188048,1.22185141192648,TRUE,FALSE,TRUE
4400,31.390156062425,249.635587284919,0.232294492517947,-1.26776054669796,0.200164194618349,1.22160332238523,TRUE,FALSE,TRUE
4401,31.1356542617047,304.603165000146,0.256613449014607,1.19541559095824,0.201800330077136,1.22360366686859,TRUE,FALSE,TRUE
4402,31.2629051620648,309.702236646196,0.258950409446984,-0.0340740956401016,0.200978932527479,1.22259901448086,TRUE,FALSE,TRUE
4403,31.2947178871549,354.277643801994,0.27726798236179,-0.385848710957421,0.200774626882275,1.22234925611478,TRUE,FALSE,TRUE
4404,31.2947178871549,302.48200959116,0.255551595366056,-0.456604052712617,0.200774626882275,1.22234925611478,TRUE,FALSE,TRUE
4405,31.2629051620648,227.330217466158,0.220990626393833,-0.179479116557842,0.200978932527479,1.22259901448086,TRUE,FALSE,TRUE
4406,31.390156062425,306.912313728437,0.257803697730116,-1.3273062149928,0.200164194618349,1.22160332238523,TRUE,FALSE,TRUE
4407,31.2629051620648,268.734949724967,0.241034797069178,-0.0200796944148967,0.200978932527479,1.22259901448086,TRUE,FALSE,TRUE
4408,31.390156062425,331.018466795918,0.267504225909579,-1.35950632607977,0.200164194618349,1.22160332238523,TRUE,FALSE,TRUE
4409,31.3583433373349,392.370708445607,0.29195973080666,-1.00412278125037,0.200367259188048,1.22185141192648,TRUE,FALSE,TRUE
4410,31.3265306122449,288.334354997699,0.24930783922752,-0.805197762119234,0.200570736190098,1.22210005588453,TRUE,FALSE,TRUE
4411,31.3265306122449,319.024720818308,0.262626947910641,-0.737843645878315,0.200570736190098,1.22210005588453,TRUE,FALSE,TRUE
4412,31.3265306122449,314.920263666152,0.261076341678579,-0.706827175415217,0.200570736190098,1.22210005588453,TRUE,FALSE,TRUE
4413,31.2629051620648,357.762097172823,0.278553335157987,-0.0441008321486702,0.200978932527479,1.22259901448086,TRUE,FALSE,TRUE
4414,31.421968787515,247.418375309679,0.230904963267138,-1.70003701536358,0.199961541228317,1.22135578541362,TRUE,FALSE,TRUE
4415,31.390156062425,383.45967986594,0.28838365229702,-1.31623170623385,0.200164194618349,1.22160332238523,TRUE,FALSE,TRUE
4416,31.2629051620648,259.414289555465,0.236494977096229,-0.107814606274812,0.200978932527479,1.22259901448086,TRUE,FALSE,TRUE
4417,31.2629051620648,295.260370282931,0.252656075232784,-0.108200695756621,0.200978932527479,1.22259901448086,TRUE,FALSE,TRUE
4418,31.2947178871549,316.507010654377,0.261793652945858,-0.365434521828575,0.200774626882275,1.22234925611478,TRUE,FALSE,TRUE
4419,31.421968787515,347.442342270229,0.274272820900618,-1.66179660183632,0.199961541228317,1.22135578541362,TRUE,FALSE,TRUE
4420,31.453781512605,359.045665722773,0.278858304299795,-1.98662944034727,0.199759297770337,1.22110879917268,TRUE,FALSE,TRUE
4421,31.3265306122449,292.46129644644,0.25176003325257,-0.617058308311535,0.200570736190098,1.22210005588453,TRUE,FALSE,TRUE
4422,31.2947178871549,306.843158014178,0.257354511287519,-0.432359740054065,0.200774626882275,1.22234925611478,TRUE,FALSE,TRUE
4423,31.2629051620648,340.53879204823,0.271382304445498,-0.135719415028735,0.200978932527479,1.22259901448086,TRUE,FALSE,TRUE
4424,31.4855942376951,400.745559685722,0.294868864482523,-2.32097766010654,0.199557463001834,1.22086236183153,TRUE,FALSE,TRUE
4425,31.2310924369748,296.447276207846,0.253462337432702,0.323223502544217,0.20118365439375,1.22284933285476,TRUE,FALSE,TRUE
4426,31.2310924369748,289.78804078936,0.250035558371473,0.194966963544011,0.20118365439375,1.22284933285476,TRUE,FALSE,TRUE
4427,31.0720288115246,298.696507293014,0.253907847923653,1.83916974720853,0.202213551786137,1.22410939094784,TRUE,FALSE,TRUE
4428,31.2310924369748,278.492220017986,0.245426570663153,0.271381933234263,0.20118365439375,1.22284933285476,TRUE,FALSE,TRUE
4429,31.421968787515,326.476789501307,0.265655026449544,-1.68793735783523,0.199961541228317,1.22135578541362,TRUE,FALSE,TRUE
4430,31.2947178871549,354.690221936776,0.277539510610181,-0.319914262495869,0.200774626882275,1.22234925611478,TRUE,FALSE,TRUE
4431,31.2629051620648,335.345548066822,0.269392181734957,-0.0711163428435831,0.200978932527479,1.22259901448086,TRUE,FALSE,TRUE
4432,31.3583433373349,324.611482631083,0.265043014792863,-0.995446114122233,0.200367259188048,1.22185141192648,TRUE,FALSE,TRUE
4433,31.1992797118848,385.199839018363,0.288997797299235,0.554388030994615,0.201388793754304,1.22310021311678,TRUE,FALSE,TRUE
4434,31.2947178871549,321.182114245889,0.263868766744493,-0.364662745279616,0.200774626882275,1.22234925611478,TRUE,FALSE,TRUE
4435,31.3583433373349,338.403960661941,0.27060232981025,-1.05483282310338,0.200367259188048,1.22185141192648,TRUE,FALSE,TRUE
4436,31.2310924369748,288.283745229924,0.249333047868997,0.163940578446472,0.20118365439375,1.22284933285476,TRUE,FALSE,TRUE
4437,31.3265306122449,383.569873082185,0.288367140865612,-0.721643708936595,0.200570736190098,1.22210005588453,TRUE,FALSE,TRUE
4438,31.421968787515,306.478002668133,0.257236947841908,-1.70644047291609,0.199961541228317,1.22135578541362,TRUE,FALSE,TRUE
4439,31.2629051620648,320.808340618816,0.263712522318536,-0.0309973035571199,0.200978932527479,1.22259901448086,TRUE,FALSE,TRUE
4440,31.453781512605,301.558266470254,0.255389110934825,-1.95557879504138,0.199759297770337,1.22110879917268,TRUE,FALSE,TRUE
4441,31.2629051620648,316.140392066126,0.261582719252603,-0.0752014303805606,0.200978932527479,1.22259901448086,TRUE,FALSE,TRUE
4442,31.3583433373349,281.720209755429,0.246612021703318,-1.06856616249573,0.200367259188048,1.22185141192648,TRUE,FALSE,TRUE
4443,31.2947178871549,354.986747620171,0.2777596227994,-0.291094627299559,0.200774626882275,1.22234925611478,TRUE,FALSE,TRUE
4444,31.390156062425,350.596754348458,0.275494530645736,-1.33818244800049,0.200164194618349,1.22160332238523,TRUE,FALSE,TRUE
4445,31.390156062425,273.675084141375,0.243123540535216,-1.36950285680744,0.200164194618349,1.22160332238523,TRUE,FALSE,TRUE
4446,31.2310924369748,360.861347057933,0.27950284096616,0.215003440697886,0.20118365439375,1.22284933285476,TRUE,FALSE,TRUE
4447,31.2947178871549,314.447380985,0.260472791746034,-0.485555659134136,0.200774626882275,1.22234925611478,TRUE,FALSE,TRUE
4448,31.390156062425,323.166586603362,0.264554190569321,-1.28408844215721,0.200164194618349,1.22160332238523,TRUE,FALSE,TRUE
4449,31.3583433373349,289.053574326502,0.249991917019692,-1.02137510938531,0.200367259188048,1.22185141192648,TRUE,FALSE,TRUE
4450,31.390156062425,318.521054489157,0.262175894659599,-1.42514624540505,0.200164194618349,1.22160332238523,TRUE,FALSE,TRUE
4451,31.2947178871549,339.794988024187,0.271386016113387,-0.349531939123637,0.200774626882275,1.22234925611478,TRUE,FALSE,TRUE
4452,31.2947178871549,317.112570849225,0.261820251223462,-0.416263138336267,0.200774626882275,1.22234925611478,TRUE,FALSE,TRUE
4453,31.2947178871549,246.978413349813,0.230891472786974,-0.389624414580608,0.200774626882275,1.22234925611478,TRUE,FALSE,TRUE
4454,31.2629051620648,311.412298826759,0.259747791017393,-0.0316107438149288,0.200978932527479,1.22259901448086,TRUE,FALSE,TRUE
4455,31.3265306122449,324.2615176236,0.26495093898143,-0.715625772370292,0.200570736190098,1.22210005588453,TRUE,FALSE,TRUE
4456,31.2310924369748,341.440241296544,0.271971519963826,0.254474558203964,0.20118365439375,1.22284933285476,TRUE,FALSE,TRUE
4457,31.2629051620648,349.105779809989,0.275048955304956,-0.0912759109014531,0.200978932527479,1.22259901448086,TRUE,FALSE,TRUE
4458,31.4855942376951,348.595323365946,0.274771776381664,-2.2639517918623,0.199557463001834,1.22086236183153,TRUE,FALSE,TRUE
4459,31.453781512605,316.057131658286,0.261278000275642,-2.04374670229823,0.199759297770337,1.22110879917268,TRUE,FALSE,TRUE
4460,31.3265306122449,351.28413877606,0.276157415841462,-0.663426162561303,0.200570736190098,1.22210005588453,TRUE,FALSE,TRUE
4461,31.3265306122449,295.951097061147,0.252958299461363,-0.714331153080922,0.200570736190098,1.22210005588453,TRUE,FALSE,TRUE
4462,31.390156062425,320.347631971384,0.263485164257428,-1.27029812003323,0.200164194618349,1.22160332238523,TRUE,FALSE,TRUE
4463,31.421968787515,270.640175050233,0.241635387885377,-1.73199974037076,0.199961541228317,1.22135578541362,TRUE,FALSE,TRUE
4464,31.3265306122449,306.095329724612,0.257159911001764,-0.778433844261831,0.200570736190098,1.22210005588453,TRUE,FALSE,TRUE
4465,31.2629051620648,313.262219164115,0.260207729893452,-0.117294316167262,0.200978932527479,1.22259901448086,TRUE,FALSE,TRUE
4466,31.3265306122449,323.160469544926,0.264544509614188,-0.67350925329381,0.200570736190098,1.22210005588453,TRUE,FALSE,TRUE
4467,31.3265306122449,328.713226190333,0.26672108835814,-0.741020649459546,0.200570736190098,1.22210005588453,TRUE,FALSE,TRUE
4468,31.3583433373349,340.992054914771,0.272162993164931,-0.888559254508062,0.200367259188048,1.22185141192648,TRUE,FALSE,TRUE
4469,31.3265306122449,326.408241594319,0.266027153276953,-0.682518677134227,0.200570736190098,1.22210005588453,TRUE,FALSE,TRUE
4470,31.3583433373349,362.234661198865,0.280133773884794,-1.06370681013953,0.200367259188048,1.22185141192648,TRUE,FALSE,TRUE
4471,31.3583433373349,347.311773849782,0.274513624451075,-0.972681859818338,0.200367259188048,1.22185141192648,TRUE,FALSE,TRUE
4472,31.2310924369748,288.424697660299,0.2495962819627,0.230116666517324,0.20118365439375,1.22284933285476,TRUE,FALSE,TRUE
4473,31.390156062425,265.022756303646,0.239201742153371,-1.36939147265508,0.200164194618349,1.22160332238523,TRUE,FALSE,TRUE
4474,31.1992797118848,355.747127911768,0.277695626952469,0.590880046168862,0.201388793754304,1.22310021311678,TRUE,FALSE,TRUE
4475,31.3583433373349,321.56808216314,0.263750758552468,-1.02596508512014,0.200367259188048,1.22185141192648,TRUE,FALSE,TRUE
4476,31.2629051620648,363.857752271841,0.280958039792786,-0.0404977857309552,0.200978932527479,1.22259901448086,TRUE,FALSE,TRUE
4477,31.3583433373349,337.929771198761,0.2702083431137,-1.09162346180403,0.200367259188048,1.22185141192648,TRUE,FALSE,TRUE
4478,31.3583433373349,312.548406135701,0.260114144837358,-0.997090350306364,0.200367259188048,1.22185141192648,TRUE,FALSE,TRUE
4479,31.2310924369748,296.028755493185,0.253089211689977,0.256298911910265,0.20118365439375,1.22284933285476,TRUE,FALSE,TRUE
4480,31.3583433373349,269.79377796585,0.24147591817228,-0.97736685868594,0.200367259188048,1.22185141192648,TRUE,FALSE,TRUE
4481,31.3265306122449,361.516361560096,0.280092895874535,-0.619274585892517,0.200570736190098,1.22210005588453,TRUE,FALSE,TRUE
4482,31.390156062425,275.811236268287,0.244222472572045,-1.32994812688113,0.200164194618349,1.22160332238523,TRUE,FALSE,TRUE
4483,31.2310924369748,370.349173198794,0.283198864305119,0.218193420050598,0.20118365439375,1.22284933285476,TRUE,FALSE,TRUE
4484,31.1992797118848,315.611012025957,0.26129658323229,0.564155013480203,0.201388793754304,1.22310021311678,TRUE,FALSE,TRUE
4485,31.1674669867947,324.684349666038,0.2652691000331,0.923602262689608,0.201594351887553,1.22335165715567,TRUE,FALSE,TRUE
4486,31.3265306122449,293.460033666225,0.251725756748215,-0.754643691438715,0.200570736190098,1.22210005588453,TRUE,FALSE,TRUE
4487,31.453781512605,306.060703057578,0.25724672473213,-1.97058431795001,0.199759297770337,1.22110879917268,TRUE,FALSE,TRUE
4488,31.2629051620648,324.347511638934,0.265095125201309,-0.0244597513970448,0.200978932527479,1.22259901448086,TRUE,FALSE,TRUE
4489,31.1356542617047,294.097093561184,0.252130369292407,1.20936382973982,0.201800330077136,1.22360366686859,TRUE,FALSE,TRUE
4490,31.390156062425,348.365256390626,0.274853776928166,-1.32161293630052,0.200164194618349,1.22160332238523,TRUE,FALSE,TRUE
4491,31.2629051620648,310.111577716555,0.258847167184818,-0.0843666105224077,0.200978932527479,1.22259901448086,TRUE,FALSE,TRUE
4492,31.2629051620648,306.364891275773,0.257434241076226,-0.0578885283616334,0.200978932527479,1.22259901448086,TRUE,FALSE,TRUE
4493,31.390156062425,298.420785244585,0.254242616452447,-1.29685204046746,0.200164194618349,1.22160332238523,TRUE,FALSE,TRUE
4494,31.3265306122449,279.083125055108,0.245652094706322,-0.696974229572067,0.200570736190098,1.22210005588453,TRUE,FALSE,TRUE
4495,31.2947178871549,379.467663515958,0.286770119135727,-0.411446236370237,0.200774626882275,1.22234925611478,TRUE,FALSE,TRUE
4496,31.390156062425,301.064299875394,0.254812363431084,-1.43733970237773,0.200164194618349,1.22160332238523,TRUE,FALSE,TRUE
4497,31.3265306122449,412.82824633195,0.299382409159127,-0.698057219337704,0.200570736190098,1.22210005588453,TRUE,FALSE,TRUE
4498,31.1674669867947,315.356232828382,0.261015036067582,0.889283150192203,0.201594351887553,1.22335165715567,TRUE,FALSE,TRUE
4499,31.2310924369748,352.245820776123,0.276301244085437,0.261661482457919,0.20118365439375,1.22284933285476,TRUE,FALSE,TRUE
4500,31.1992797118848,347.518780075583,0.274247726178845,0.536660666681981,0.201388793754304,1.22310021311678,TRUE,FALSE,TRUE
4501,31.421968787515,319.301674285424,0.262769476159232,-1.66727764991866,0.199961541228317,1.22135578541362,TRUE,FALSE,TRUE
4502,31.3265306122449,344.600396330339,0.273168890957162,-0.668301591453154,0.200570736190098,1.22210005588453,TRUE,FALSE,TRUE
4503,31.3583433373349,314.106407702612,0.260567542836488,-1.02088009955281,0.200367259188048,1.22185141192648,TRUE,FALSE,TRUE
4504,31.390156062425,320.804627714778,0.263446986947906,-1.35875010422878,0.200164194618349,1.22160332238523,TRUE,FALSE,TRUE
4505,31.2629051620648,252.367676977023,0.233367606446467,-0.0849882378287786,0.200978932527479,1.22259901448086,TRUE,FALSE,TRUE
4506,31.1674669867947,294.720348911929,0.252416472554624,0.880250792110577,0.201594351887553,1.22335165715567,TRUE,FALSE,TRUE
4507,31.3583433373349,365.246488987881,0.281135436133722,-1.05781144439157,0.200367259188048,1.22185141192648,TRUE,FALSE,TRUE
4508,31.3265306122449,319.861624559854,0.262972954759594,-0.750841614461489,0.200570736190098,1.22210005588453,TRUE,FALSE,TRUE
4509,31.390156062425,357.205696953585,0.27811554304942,-1.3611691132051,0.200164194618349,1.22160332238523,TRUE,FALSE,TRUE
4510,31.2629051620648,310.830818630747,0.25920914204531,-0.0907400381190879,0.200978932527479,1.22259901448086,TRUE,FALSE,TRUE
4511,31.1992797118848,270.254415718992,0.241290295967159,0.456209656231643,0.201388793754304,1.22310021311678,TRUE,FALSE,TRUE
4512,31.3265306122449,294.546564318384,0.252417193496858,-0.724054743028556,0.200570736190098,1.22210005588453,TRUE,FALSE,TRUE
4513,31.4855942376951,291.16133394579,0.251032620562444,-2.27675997971096,0.199557463001834,1.22086236183153,TRUE,FALSE,TRUE
4514,31.3265306122449,295.491960919265,0.252536052421015,-0.757678561812709,0.200570736190098,1.22210005588453,TRUE,FALSE,TRUE
4515,31.4855942376951,346.498250971218,0.273903672601164,-2.32784407070299,0.199557463001834,1.22086236183153,TRUE,FALSE,TRUE
4516,31.1356542617047,314.208186460688,0.260598310084267,1.20388118404314,0.201800330077136,1.22360366686859,TRUE,FALSE,TRUE
4517,31.390156062425,305.56692960418,0.257467475062174,-1.23330243352412,0.200164194618349,1.22160332238523,TRUE,FALSE,TRUE
4518,31.2310924369748,373.969946188144,0.284494543043035,0.173078426769638,0.20118365439375,1.22284933285476,TRUE,FALSE,TRUE
4519,31.390156062425,304.269528596393,0.256529813890836,-1.32458039315094,0.200164194618349,1.22160332238523,TRUE,FALSE,TRUE
4520,31.2310924369748,427.541467371689,0.304660949181304,0.20810695119431,0.20118365439375,1.22284933285476,TRUE,FALSE,TRUE
4521,31.2629051620648,372.312810451488,0.284042177442488,-0.091631253031955,0.200978932527479,1.22259901448086,TRUE,FALSE,TRUE
4522,31.3265306122449,357.203548550515,0.278143458754148,-0.750812404272746,0.200570736190098,1.22210005588453,TRUE,FALSE,TRUE
4523,31.2629051620648,314.402124893332,0.260779059290336,-0.0933191271439241,0.200978932527479,1.22259901448086,TRUE,FALSE,TRUE
4524,31.1992797118848,312.312444762164,0.259592857642732,0.455288820480724,0.201388793754304,1.22310021311678,TRUE,FALSE,TRUE
4525,31.390156062425,329.519692236105,0.266850581963431,-1.42015675360874,0.200164194618349,1.22160332238523,TRUE,FALSE,TRUE
4526,31.2947178871549,293.855971103157,0.251827478690508,-0.47319660597071,0.200774626882275,1.22234925611478,TRUE,FALSE,TRUE
4527,31.421968787515,305.559384829522,0.256766464116063,-1.76305982789291,0.199961541228317,1.22135578541362,TRUE,FALSE,TRUE
4528,31.2947178871549,338.986660297428,0.270943473946726,-0.372127706910062,0.200774626882275,1.22234925611478,TRUE,FALSE,TRUE
4529,31.453781512605,285.074135938784,0.248243072069359,-1.9682535112208,0.199759297770337,1.22110879917268,TRUE,FALSE,TRUE
4530,31.390156062425,286.814725856689,0.24924336087953,-1.26856374444554,0.200164194618349,1.22160332238523,TRUE,FALSE,TRUE
4531,31.3265306122449,319.3273286169,0.263026805358086,-0.686482096377911,0.200570736190098,1.22210005588453,TRUE,FALSE,TRUE
4532,31.1038415366146,323.180040933589,0.264138183521127,1.43645706431191,0.202006729611941,1.22385624416124,TRUE,FALSE,TRUE
4533,31.1992797118848,329.458005430116,0.266917630535436,0.533650364570853,0.201388793754304,1.22310021311678,TRUE,FALSE,TRUE
4534,31.2947178871549,267.725141305321,0.24056630438212,-0.373556259610993,0.200774626882275,1.22234925611478,TRUE,FALSE,TRUE
4535,31.3583433373349,315.770081658962,0.261360254283502,-1.04612987692876,0.200367259188048,1.22185141192648,TRUE,FALSE,TRUE
4536,31.453781512605,292.452381356775,0.251507810303884,-1.97366240268198,0.199759297770337,1.22110879917268,TRUE,FALSE,TRUE
4537,31.2947178871549,325.665619945197,0.265550161525925,-0.360185292650243,0.200774626882275,1.22234925611478,TRUE,FALSE,TRUE
4538,31.2947178871549,336.509783796221,0.270186411466826,-0.338066919907417,0.200774626882275,1.22234925611478,TRUE,FALSE,TRUE
4539,31.2947178871549,348.179276572928,0.274606933353767,-0.407315946118541,0.200774626882275,1.22234925611478,TRUE,FALSE,TRUE
4540,31.390156062425,352.844797202289,0.276594996675747,-1.2941406679549,0.200164194618349,1.22160332238523,TRUE,FALSE,TRUE
4541,31.3583433373349,349.770418126919,0.275288941673908,-1.03729609248973,0.200367259188048,1.22185141192648,TRUE,FALSE,TRUE
4542,31.3583433373349,264.661935657939,0.239125469054558,-1.04214353527427,0.200367259188048,1.22185141192648,TRUE,FALSE,TRUE
4543,31.2310924369748,324.855301629701,0.265220016618758,0.268429426005049,0.20118365439375,1.22284933285476,TRUE,FALSE,TRUE
4544,31.390156062425,326.254623245368,0.266008255523379,-1.27799006025151,0.200164194618349,1.22160332238523,TRUE,FALSE,TRUE
4545,31.1674669867947,321.188227429378,0.26361248667621,0.863916387391967,0.201594351887553,1.22335165715567,TRUE,FALSE,TRUE
4546,31.1674669867947,295.572213850552,0.252626764312604,0.861673060818726,0.201594351887553,1.22335165715567,TRUE,FALSE,TRUE
4547,31.2629051620648,270.851303906677,0.241776171769842,-0.0818094092433193,0.200978932527479,1.22259901448086,TRUE,FALSE,TRUE
4548,31.390156062425,297.346480801256,0.253715918814438,-1.32492450138056,0.200164194618349,1.22160332238523,TRUE,FALSE,TRUE
4549,31.453781512605,291.212718657594,0.250700044081856,-2.02504349530509,0.199759297770337,1.22110879917268,TRUE,FALSE,TRUE
4550,31.3583433373349,320.186140902511,0.263331551898782,-0.998723302894706,0.200367259188048,1.22185141192648,TRUE,FALSE,TRUE
4551,31.4855942376951,280.90342589169,0.246359614730165,-2.31200857881588,0.199557463001834,1.22086236183153,TRUE,FALSE,TRUE
4552,31.390156062425,301.181505264049,0.2551079196397,-1.36906415487534,0.200164194618349,1.22160332238523,TRUE,FALSE,TRUE
4553,31.3583433373349,316.97597980452,0.26183548890619,-1.05823074026229,0.200367259188048,1.22185141192648,TRUE,FALSE,TRUE
4554,31.3583433373349,266.521350190937,0.239946369169806,-1.01326377350141,0.200367259188048,1.22185141192648,TRUE,FALSE,TRUE
4555,31.0402160864346,347.586377351113,0.274164221131246,2.15679897353956,0.202420797899197,1.22436310915123,TRUE,FALSE,TRUE
4556,31.3265306122449,328.759229134673,0.266638081093958,-0.732359213653129,0.200570736190098,1.22210005588453,TRUE,FALSE,TRUE
4557,31.453781512605,356.358747356349,0.277906382200075,-1.96279669591924,0.199759297770337,1.22110879917268,TRUE,FALSE,TRUE
4558,31.1992797118848,297.167803488981,0.253372935121971,0.538355892791365,0.201388793754304,1.22310021311678,TRUE,FALSE,TRUE
4559,31.3583433373349,300.464000980212,0.254889876002637,-1.02341003423686,0.200367259188048,1.22185141192648,TRUE,FALSE,TRUE
4560,31.2947178871549,324.8879755785,0.265302456684612,-0.363535995994147,0.200774626882275,1.22234925611478,TRUE,FALSE,TRUE
4561,31.2629051620648,298.047881361961,0.2534938518247,-0.16171030342288,0.200978932527479,1.22259901448086,TRUE,FALSE,TRUE
4562,31.2947178871549,314.471712396833,0.260737069689345,-0.405331502675908,0.200774626882275,1.22234925611478,TRUE,FALSE,TRUE
4563,31.453781512605,313.725139586982,0.260432838646109,-2.03373139922031,0.199759297770337,1.22110879917268,TRUE,FALSE,TRUE
4564,31.3265306122449,343.62296711738,0.27264957166769,-0.75114121470672,0.200570736190098,1.22210005588453,TRUE,FALSE,TRUE
4565,31.3583433373349,338.249809522827,0.270504282198294,-1.08871079581374,0.200367259188048,1.22185141192648,TRUE,FALSE,TRUE
4566,31.2629051620648,308.216612224033,0.257930546488981,-0.124770290633321,0.200978932527479,1.22259901448086,TRUE,FALSE,TRUE
4567,31.2629051620648,260.293155407419,0.236928620027538,-0.124522502092987,0.200978932527479,1.22259901448086,TRUE,FALSE,TRUE
4568,31.3583433373349,314.486675687123,0.260869357502305,-1.02357804217227,0.200367259188048,1.22185141192648,TRUE,FALSE,TRUE
4569,31.2947178871549,299.531315464335,0.254256271083591,-0.451767974086708,0.200774626882275,1.22234925611478,TRUE,FALSE,TRUE
4570,31.3265306122449,385.250726233332,0.288535486942927,-0.838775021269751,0.200570736190098,1.22210005588453,TRUE,FALSE,TRUE
4571,31.2629051620648,291.575299889472,0.250751428727743,-0.123582224201845,0.200978932527479,1.22259901448086,TRUE,FALSE,TRUE
4572,31.2947178871549,313.988546754207,0.260254961707191,-0.4945121343289,0.200774626882275,1.22234925611478,TRUE,FALSE,TRUE
4573,31.421968787515,315.971287295042,0.261381590804685,-1.69502763448232,0.199961541228317,1.22135578541362,TRUE,FALSE,TRUE
4574,31.3583433373349,341.889894941907,0.27229579346471,-0.971511601924265,0.200367259188048,1.22185141192648,TRUE,FALSE,TRUE
4575,31.3265306122449,277.1822839817,0.244568333653366,-0.745191378301127,0.200570736190098,1.22210005588453,TRUE,FALSE,TRUE
4576,31.1038415366146,308.091198037844,0.257850515012512,1.43049344700348,0.202006729611941,1.22385624416124,TRUE,FALSE,TRUE
4577,31.390156062425,363.449291697872,0.280684804184065,-1.33120574349002,0.200164194618349,1.22160332238523,TRUE,FALSE,TRUE
4578,31.1356542617047,340.556378627885,0.271258733765274,1.12492862760155,0.201800330077136,1.22360366686859,TRUE,FALSE,TRUE
4579,31.2947178871549,307.031158727221,0.257721690386949,-0.393327870553989,0.200774626882275,1.22234925611478,TRUE,FALSE,TRUE
4580,31.2629051620648,355.539069420366,0.27744262380513,-0.113999700751863,0.200978932527479,1.22259901448086,TRUE,FALSE,TRUE
4581,31.2947178871549,316.882908067424,0.262109297928074,-0.327725001508664,0.200774626882275,1.22234925611478,TRUE,FALSE,TRUE
4582,31.2629051620648,276.415950725548,0.244260147342244,-0.113045426853766,0.200978932527479,1.22259901448086,TRUE,FALSE,TRUE
4583,31.2310924369748,326.774255861121,0.265888515393156,0.240106939309072,0.20118365439375,1.22284933285476,TRUE,FALSE,TRUE
4584,31.421968787515,287.024118228735,0.249190729918882,-1.61372136804744,0.199961541228317,1.22135578541362,TRUE,FALSE,TRUE
4585,31.3265306122449,269.807872725341,0.241173446456381,-0.784146387654049,0.200570736190098,1.22210005588453,TRUE,FALSE,TRUE
4586,31.2947178871549,342.581679673654,0.272458159622491,-0.37138782089244,0.200774626882275,1.22234925611478,TRUE,FALSE,TRUE
4587,31.3265306122449,317.889416379394,0.262241706079343,-0.726231940412257,0.200570736190098,1.22210005588453,TRUE,FALSE,TRUE
4588,31.3265306122449,382.703972445161,0.288197837723628,-0.659669752703666,0.200570736190098,1.22210005588453,TRUE,FALSE,TRUE
4589,31.3265306122449,347.103119855897,0.274113899836148,-0.704094505055653,0.200570736190098,1.22210005588453,TRUE,FALSE,TRUE
4590,31.421968787515,314.235371586822,0.260687331298581,-1.66718949058076,0.199961541228317,1.22135578541362,TRUE,FALSE,TRUE
4591,31.2629051620648,295.091205084888,0.252550841206967,-0.117508788027394,0.200978932527479,1.22259901448086,TRUE,FALSE,TRUE
4592,31.3583433373349,340.119357206106,0.271531329123065,-0.991154093326369,0.200367259188048,1.22185141192648,TRUE,FALSE,TRUE
4593,31.2947178871549,369.963666674693,0.282991480415799,-0.435923465208357,0.200774626882275,1.22234925611478,TRUE,FALSE,TRUE
4594,31.2629051620648,308.894007602867,0.258098682188433,-0.180011774247937,0.200978932527479,1.22259901448086,TRUE,FALSE,TRUE
4595,31.1356542617047,315.043902555393,0.261219947150822,1.23187510845071,0.201800330077136,1.22360366686859,TRUE,FALSE,TRUE
4596,31.2310924369748,375.073675698761,0.284959677194846,0.187581873139095,0.20118365439375,1.22284933285476,TRUE,FALSE,TRUE
4597,31.2629051620648,289.374615601007,0.249955927662158,-0.129193670764608,0.200978932527479,1.22259901448086,TRUE,FALSE,TRUE
4598,31.3265306122449,313.151490704102,0.260372038809599,-0.661876507270262,0.200570736190098,1.22210005588453,TRUE,FALSE,TRUE
4599,31.2629051620648,318.626299390357,0.26215893901591,-0.174806517558007,0.200978932527479,1.22259901448086,TRUE,FALSE,TRUE
4600,31.3265306122449,310.891690382193,0.259101183008602,-0.771704984127194,0.200570736190098,1.22210005588453,TRUE,FALSE,TRUE
4601,31.2310924369748,294.171322984233,0.252338969869762,0.289427730757208,0.20118365439375,1.22284933285476,TRUE,FALSE,TRUE
4602,31.3265306122449,317.842875225098,0.262486179843184,-0.692806579841587,0.200570736190098,1.22210005588453,TRUE,FALSE,TRUE
4603,31.3583433373349,322.280606471568,0.264123843428282,-0.979226605421599,0.200367259188048,1.22185141192648,TRUE,FALSE,TRUE
4604,31.2947178871549,330.086985676298,0.267321780301753,-0.402069910613186,0.200774626882275,1.22234925611478,TRUE,FALSE,TRUE
4605,31.2947178871549,288.540537296292,0.249801778509119,-0.390473671743427,0.200774626882275,1.22234925611478,TRUE,FALSE,TRUE
4606,31.421968787515,297.754738419931,0.253767171624545,-1.63584030296331,0.199961541228317,1.22135578541362,TRUE,FALSE,TRUE
4607,31.2629051620648,257.189790575664,0.23563134448053,-0.0862115697436205,0.200978932527479,1.22259901448086,TRUE,FALSE,TRUE
4608,31.2947178871549,287.353518808396,0.249383268670092,-0.368248103745467,0.200774626882275,1.22234925611478,TRUE,FALSE,TRUE
4609,31.390156062425,294.318754077811,0.252478403148816,-1.26147418148742,0.200164194618349,1.22160332238523,TRUE,FALSE,TRUE
4610,31.3583433373349,326.82129396756,0.265883014965673,-1.03013019740039,0.200367259188048,1.22185141192648,TRUE,FALSE,TRUE
4611,31.3265306122449,378.788711604275,0.287070329838996,-0.585147731789154,0.200570736190098,1.22210005588453,TRUE,FALSE,TRUE
4612,31.390156062425,330.445941103149,0.267548588165242,-1.29798001128503,0.200164194618349,1.22160332238523,TRUE,FALSE,TRUE
4613,31.390156062425,307.615727941963,0.257595617761061,-1.42441323349202,0.200164194618349,1.22160332238523,TRUE,FALSE,TRUE
4614,31.3265306122449,311.620385243495,0.259516667312005,-0.711675457847056,0.200570736190098,1.22210005588453,TRUE,FALSE,TRUE
4615,31.2629051620648,351.944963809411,0.276280181527593,-0.0100319220473762,0.200978932527479,1.22259901448086,TRUE,FALSE,TRUE
4616,31.390156062425,314.254684507324,0.260568038377347,-1.36096395415869,0.200164194618349,1.22160332238523,TRUE,FALSE,TRUE
4617,31.2629051620648,383.720503040151,0.288462436745439,-0.0629048346093674,0.200978932527479,1.22259901448086,TRUE,FALSE,TRUE
4618,31.390156062425,314.016666088742,0.26075236787841,-1.32775583105545,0.200164194618349,1.22160332238523,TRUE,FALSE,TRUE
4619,31.2947178871549,312.770520474864,0.259998760438875,-0.456630915256983,0.200774626882275,1.22234925611478,TRUE,FALSE,TRUE
4620,31.2629051620648,280.160229915345,0.245862259198853,-0.132120845991368,0.200978932527479,1.22259901448086,TRUE,FALSE,TRUE
4621,31.3265306122449,294.323133459885,0.25215859380035,-0.709781190902931,0.200570736190098,1.22210005588453,TRUE,FALSE,TRUE
4622,31.390156062425,378.455304447953,0.286386234963134,-1.37099821812186,0.200164194618349,1.22160332238523,TRUE,FALSE,TRUE
4623,31.2629051620648,316.036585769149,0.261568781074892,-0.0420478519677041,0.200978932527479,1.22259901448086,TRUE,FALSE,TRUE
4624,31.453781512605,291.48363830205,0.25085069624141,-2.04072074893173,0.199759297770337,1.22110879917268,TRUE,FALSE,TRUE
4625,31.453781512605,372.233117045135,0.284222859045063,-1.92717105541068,0.199759297770337,1.22110879917268,TRUE,FALSE,TRUE
4626,31.2629051620648,295.946622606045,0.252988569815897,-0.0363210563137097,0.200978932527479,1.22259901448086,TRUE,FALSE,TRUE
4627,31.453781512605,313.015230780264,0.260186983027497,-2.0124127041954,0.199759297770337,1.22110879917268,TRUE,FALSE,TRUE
4628,31.3583433373349,374.179813973332,0.284784298977796,-1.01436641540471,0.200367259188048,1.22185141192648,TRUE,FALSE,TRUE
4629,31.390156062425,315.67747313396,0.261575507417107,-1.33814090625707,0.200164194618349,1.22160332238523,TRUE,FALSE,TRUE
4630,31.390156062425,335.134744433199,0.269484627844762,-1.29659978889913,0.200164194618349,1.22160332238523,TRUE,FALSE,TRUE
4631,31.2947178871549,317.599864478739,0.262458458318328,-0.311117791155077,0.200774626882275,1.22234925611478,TRUE,FALSE,TRUE
4632,31.453781512605,279.315281328423,0.245864708499259,-1.9045976387966,0.199759297770337,1.22110879917268,TRUE,FALSE,TRUE
4633,31.2629051620648,416.809087858916,0.301272653664806,0.0272725991877664,0.200978932527479,1.22259901448086,TRUE,FALSE,TRUE
4634,31.2629051620648,335.173707393714,0.26926228335297,-0.113687967795816,0.200978932527479,1.22259901448086,TRUE,FALSE,TRUE
4635,31.2947178871549,337.874989171548,0.270669252959597,-0.359190316983608,0.200774626882275,1.22234925611478,TRUE,FALSE,TRUE
4636,31.3583433373349,324.161509001856,0.26496407654739,-0.9897394002803,0.200367259188048,1.22185141192648,TRUE,FALSE,TRUE
4637,31.3265306122449,311.326375603086,0.259649348637562,-0.681736882815375,0.200570736190098,1.22210005588453,TRUE,FALSE,TRUE
4638,31.3583433373349,293.225500358092,0.251761675588632,-1.05053959151985,0.200367259188048,1.22185141192648,TRUE,FALSE,TRUE
4639,31.3265306122449,344.783694133766,0.273346569985961,-0.709014028101685,0.200570736190098,1.22210005588453,TRUE,FALSE,TRUE
4640,31.3583433373349,316.600359134159,0.261792951420704,-0.99214226863739,0.200367259188048,1.22185141192648,TRUE,FALSE,TRUE
4641,31.1674669867947,289.980465747883,0.250448425681415,0.884132068183358,0.201594351887553,1.22335165715567,TRUE,FALSE,TRUE
4642,31.390156062425,288.577447982479,0.249718227915585,-1.35400217513315,0.200164194618349,1.22160332238523,TRUE,FALSE,TRUE
4643,31.1992797118848,321.73768753009,0.264282349883567,0.657402723018954,0.201388793754304,1.22310021311678,TRUE,FALSE,TRUE
4644,31.2310924369748,310.24388057722,0.25909138726501,0.254798485129159,0.20118365439375,1.22284933285476,TRUE,FALSE,TRUE
4645,31.2947178871549,294.88764491584,0.252718279108845,-0.32770843773964,0.200774626882275,1.22234925611478,TRUE,FALSE,TRUE
4646,31.1992797118848,346.493720309003,0.273887365367618,0.534897289978215,0.201388793754304,1.22310021311678,TRUE,FALSE,TRUE
4647,31.3265306122449,307.442604180435,0.257780710045562,-0.719598222303903,0.200570736190098,1.22210005588453,TRUE,FALSE,TRUE
4648,31.3265306122449,311.094212880156,0.258980086098061,-0.803730238603679,0.200570736190098,1.22210005588453,TRUE,FALSE,TRUE
4649,31.421968787515,297.18781251896,0.253538182635303,-1.66768561424851,0.199961541228317,1.22135578541362,TRUE,FALSE,TRUE
4650,31.3583433373349,281.715941080496,0.246601611247036,-1.07281135268299,0.200367259188048,1.22185141192648,TRUE,FALSE,TRUE
4651,31.2629051620648,272.626862120376,0.242485774938483,-0.116429290835879,0.200978932527479,1.22259901448086,TRUE,FALSE,TRUE
4652,31.3583433373349,298.007443776466,0.253600801236943,-1.12949827778184,0.200367259188048,1.22185141192648,TRUE,FALSE,TRUE
4653,31.3265306122449,292.195772368401,0.250985619039905,-0.763499351614721,0.200570736190098,1.22210005588453,TRUE,FALSE,TRUE
4654,31.3265306122449,350.379274925803,0.275692019587535,-0.649696355564083,0.200570736190098,1.22210005588453,TRUE,FALSE,TRUE
4655,31.2947178871549,276.255390620376,0.244036252551747,-0.476565524227957,0.200774626882275,1.22234925611478,TRUE,FALSE,TRUE
4656,31.2629051620648,315.41700493344,0.261337186011274,-0.0619494197157897,0.200978932527479,1.22259901448086,TRUE,FALSE,TRUE
4657,31.3265306122449,315.780959240155,0.261075900892691,-0.795670484661963,0.200570736190098,1.22210005588453,TRUE,FALSE,TRUE
4658,31.2947178871549,309.557790285774,0.258645611004161,-0.412444325846612,0.200774626882275,1.22234925611478,TRUE,FALSE,TRUE
4659,31.390156062425,383.894197257179,0.288678819933907,-1.34007959907763,0.200164194618349,1.22160332238523,TRUE,FALSE,TRUE
4660,31.3265306122449,321.267707543482,0.263725684999347,-0.685160399515001,0.200570736190098,1.22210005588453,TRUE,FALSE,TRUE
4661,31.2310924369748,375.529590411815,0.285301851654345,0.245860984571017,0.20118365439375,1.22284933285476,TRUE,FALSE,TRUE
4662,31.3265306122449,360.349315766675,0.27933955156052,-0.732184638209755,0.200570736190098,1.22210005588453,TRUE,FALSE,TRUE
4663,31.2947178871549,310.687659760793,0.259008752777651,-0.445381848451026,0.200774626882275,1.22234925611478,TRUE,FALSE,TRUE
4664,31.453781512605,310.677922131886,0.259476018066581,-1.8542286378234,0.199759297770337,1.22110879917268,TRUE,FALSE,TRUE
4665,31.2947178871549,284.331781551869,0.24795824391985,-0.385617039088392,0.200774626882275,1.22234925611478,TRUE,FALSE,TRUE
4666,31.2947178871549,294.935131847717,0.252561350152644,-0.393659993432781,0.200774626882275,1.22234925611478,TRUE,FALSE,TRUE
4667,31.2310924369748,309.268592948982,0.258550676236594,0.212740282796347,0.20118365439375,1.22284933285476,TRUE,FALSE,TRUE
4668,31.453781512605,364.132455774287,0.280835781611336,-1.97778951757686,0.199759297770337,1.22110879917268,TRUE,FALSE,TRUE
4669,31.421968787515,296.006272627254,0.252908785606069,-1.69088093923622,0.199961541228317,1.22135578541362,TRUE,FALSE,TRUE
4670,31.3265306122449,286.576418019028,0.248569986716626,-0.756110380533233,0.200570736190098,1.22210005588453,TRUE,FALSE,TRUE
4671,31.3265306122449,300.427877062294,0.254939928306017,-0.686783372700438,0.200570736190098,1.22210005588453,TRUE,FALSE,TRUE
4672,31.1674669867947,298.722004987179,0.254034090391001,0.886995661926399,0.201594351887553,1.22335165715567,TRUE,FALSE,TRUE
4673,31.3265306122449,258.848747508327,0.236484222149289,-0.701469346655367,0.200570736190098,1.22210005588453,TRUE,FALSE,TRUE
4674,31.2310924369748,279.486155679438,0.245868599522589,0.302611869235064,0.20118365439375,1.22284933285476,TRUE,FALSE,TRUE
4675,31.2947178871549,313.658276761407,0.26039045610924,-0.426532439300849,0.200774626882275,1.22234925611478,TRUE,FALSE,TRUE
4676,31.2947178871549,340.828622354158,0.271769005499105,-0.360412384254451,0.200774626882275,1.22234925611478,TRUE,FALSE,TRUE
4677,31.2947178871549,246.042859355881,0.230533125810774,-0.338665931524941,0.200774626882275,1.22234925611478,TRUE,FALSE,TRUE
4678,31.2629051620648,311.96505176063,0.259266896400657,-0.209288339126664,0.200978932527479,1.22259901448086,TRUE,FALSE,TRUE
4679,31.453781512605,275.992320449011,0.244012007080551,-2.00369928990623,0.199759297770337,1.22110879917268,TRUE,FALSE,TRUE
4680,31.2629051620648,314.441827148921,0.260663488128294,-0.121503538513286,0.200978932527479,1.22259901448086,TRUE,FALSE,TRUE
4681,31.2310924369748,243.744259322849,0.229148891563195,0.173524850655148,0.20118365439375,1.22284933285476,TRUE,FALSE,TRUE
4682,31.2629051620648,287.299643259354,0.249019546307766,-0.106363839715994,0.200978932527479,1.22259901448086,TRUE,FALSE,TRUE
4683,31.3265306122449,368.372548996242,0.282503892966412,-0.752646283386135,0.200570736190098,1.22210005588453,TRUE,FALSE,TRUE
4684,31.2947178871549,329.203958984746,0.267049931381317,-0.380735100590484,0.200774626882275,1.22234925611478,TRUE,FALSE,TRUE
4685,31.2310924369748,361.234874072094,0.279730420918244,0.216907997085133,0.20118365439375,1.22284933285476,TRUE,FALSE,TRUE
4686,31.3265306122449,322.778965676087,0.264390909063479,-0.690539367019535,0.200570736190098,1.22210005588453,TRUE,FALSE,TRUE
4687,31.2947178871549,307.239719328663,0.257755157828159,-0.397688185519523,0.200774626882275,1.22234925611478,TRUE,FALSE,TRUE
4688,31.1992797118848,352.141620590032,0.276204212483551,0.559589175695109,0.201388793754304,1.22310021311678,TRUE,FALSE,TRUE
4689,31.2310924369748,297.985613781043,0.254297557038064,0.35367460767201,0.20118365439375,1.22284933285476,TRUE,FALSE,TRUE
4690,31.3583433373349,344.126909155332,0.272908834205247,-1.06446332764522,0.200367259188048,1.22185141192648,TRUE,FALSE,TRUE
4691,31.3265306122449,303.959059214725,0.256659339630618,-0.648681271498201,0.200570736190098,1.22210005588453,TRUE,FALSE,TRUE
4692,31.2629051620648,318.133547058766,0.26253048470618,-0.0266039330770997,0.200978932527479,1.22259901448086,TRUE,FALSE,TRUE
4693,31.453781512605,333.649586631019,0.268935941782332,-1.9115685738094,0.199759297770337,1.22110879917268,TRUE,FALSE,TRUE
4694,31.3265306122449,284.713440111424,0.248212564808391,-0.649734794233192,0.200570736190098,1.22210005588453,TRUE,FALSE,TRUE
4695,31.1674669867947,356.925284037568,0.277801219418803,0.81601949881242,0.201594351887553,1.22335165715567,TRUE,FALSE,TRUE
4696,31.453781512605,340.54935479038,0.271649929664216,-1.92883663868049,0.199759297770337,1.22110879917268,TRUE,FALSE,TRUE
4697,31.3583433373349,317.654690236946,0.262141717003123,-1.04619378567605,0.200367259188048,1.22185141192648,TRUE,FALSE,TRUE
4698,31.3583433373349,254.969175571999,0.234362411701711,-1.09351179286785,0.200367259188048,1.22185141192648,TRUE,FALSE,TRUE
4699,31.421968787515,362.355312952929,0.280241168491801,-1.6558803994964,0.199961541228317,1.22135578541362,TRUE,FALSE,TRUE
4700,31.2629051620648,337.9471220711,0.270711890977344,-0.0597165904090433,0.200978932527479,1.22259901448086,TRUE,FALSE,TRUE
4701,31.390156062425,307.751533335555,0.257933713035589,-1.38076621409629,0.200164194618349,1.22160332238523,TRUE,FALSE,TRUE
4702,31.1992797118848,346.760018927258,0.274308163001582,0.615746629231368,0.201388793754304,1.22310021311678,TRUE,FALSE,TRUE
4703,31.421968787515,363.938349150081,0.280940758952642,-1.61050344798907,0.199961541228317,1.22135578541362,TRUE,FALSE,TRUE
4704,31.3583433373349,346.101035156846,0.27332698811643,-1.13929825436561,0.200367259188048,1.22185141192648,TRUE,FALSE,TRUE
4705,31.390156062425,328.914118477175,0.266908110099622,-1.29765936338888,0.200164194618349,1.22160332238523,TRUE,FALSE,TRUE
4706,31.3265306122449,273.535690456226,0.242677015336671,-0.816262911388324,0.200570736190098,1.22210005588453,TRUE,FALSE,TRUE
4707,31.2947178871549,339.934052042482,0.271191571429769,-0.436368185947002,0.200774626882275,1.22234925611478,TRUE,FALSE,TRUE
4708,31.390156062425,270.774426255228,0.24175562640289,-1.36739257365395,0.200164194618349,1.22160332238523,TRUE,FALSE,TRUE
4709,31.2310924369748,320.472319587307,0.263246425956072,0.20476652732045,0.20118365439375,1.22284933285476,TRUE,FALSE,TRUE
4710,31.2310924369748,412.574977490964,0.299378452634716,0.243039223590963,0.20118365439375,1.22284933285476,TRUE,FALSE,TRUE
4711,31.2629051620648,283.595389934478,0.247141097949788,-0.18834401991972,0.200978932527479,1.22259901448086,TRUE,FALSE,TRUE
4712,31.3583433373349,317.380619234597,0.262019894262022,-1.03685273449056,0.200367259188048,1.22185141192648,TRUE,FALSE,TRUE
4713,31.3583433373349,298.370703390667,0.254183823958408,-0.999037780627349,0.200367259188048,1.22185141192648,TRUE,FALSE,TRUE
4714,31.2629051620648,312.213122733381,0.259540592536175,-0.159138469319033,0.200978932527479,1.22259901448086,TRUE,FALSE,TRUE
4715,31.3583433373349,265.888847714978,0.239840993456419,-0.974917950631234,0.200367259188048,1.22185141192648,TRUE,FALSE,TRUE
4716,31.421968787515,287.090018170732,0.249397805221365,-1.50555293697962,0.199961541228317,1.22135578541362,TRUE,FALSE,TRUE
4717,31.3265306122449,301.80076145638,0.255569438924578,-0.684487184162283,0.200570736190098,1.22210005588453,TRUE,FALSE,TRUE
4718,31.3265306122449,329.653510363101,0.266610698023807,-0.825386779394258,0.200570736190098,1.22210005588453,TRUE,FALSE,TRUE
4719,31.2629051620648,304.836851698135,0.256620003573141,-0.0978147826307831,0.200978932527479,1.22259901448086,TRUE,FALSE,TRUE
4720,31.1356542617047,323.325737542759,0.264217393709103,1.12911258860523,0.201800330077136,1.22360366686859,TRUE,FALSE,TRUE
4721,31.3583433373349,303.489643464139,0.25631244519666,-1.00950908356274,0.200367259188048,1.22185141192648,TRUE,FALSE,TRUE
4722,31.390156062425,311.526570050169,0.259583861639713,-1.34745832088261,0.200164194618349,1.22160332238523,TRUE,FALSE,TRUE
4723,31.1992797118848,308.480926787887,0.257948247164164,0.46674030800333,0.201388793754304,1.22310021311678,TRUE,FALSE,TRUE
4724,31.390156062425,305.356150741375,0.256773792801333,-1.39081964906352,0.200164194618349,1.22160332238523,TRUE,FALSE,TRUE
4725,31.1674669867947,324.925487335138,0.26493685413797,0.820938679711826,0.201594351887553,1.22335165715567,TRUE,FALSE,TRUE
4726,31.3265306122449,301.925236025703,0.255662610630467,-0.637087369865482,0.200570736190098,1.22210005588453,TRUE,FALSE,TRUE
4727,31.1992797118848,340.919349346598,0.271605262149088,0.531115786395155,0.201388793754304,1.22310021311678,TRUE,FALSE,TRUE
4728,31.2629051620648,360.896943533351,0.279323606630172,-0.182174750607722,0.200978932527479,1.22259901448086,TRUE,FALSE,TRUE
4729,31.3583433373349,355.549605154242,0.277505993822436,-1.04679029630284,0.200367259188048,1.22185141192648,TRUE,FALSE,TRUE
4730,31.3583433373349,288.387707035548,0.249816889445313,-1.00346253409956,0.200367259188048,1.22185141192648,TRUE,FALSE,TRUE
4731,31.3583433373349,381.166439211569,0.287407350866724,-1.0626727415781,0.200367259188048,1.22185141192648,TRUE,FALSE,TRUE
4732,31.2947178871549,301.410735647568,0.25543012980773,-0.339934951881024,0.200774626882275,1.22234925611478,TRUE,FALSE,TRUE
4733,31.2947178871549,278.894137181165,0.245720937304998,-0.323013869327402,0.200774626882275,1.22234925611478,TRUE,FALSE,TRUE
4734,31.3265306122449,369.325748627951,0.282949314951952,-0.722784132505724,0.200570736190098,1.22210005588453,TRUE,FALSE,TRUE
4735,31.3265306122449,300.827082845371,0.255326376392241,-0.663981645131018,0.200570736190098,1.22210005588453,TRUE,FALSE,TRUE
4736,31.2947178871549,318.867453274325,0.262733714848585,-0.387322305589424,0.200774626882275,1.22234925611478,TRUE,FALSE,TRUE
4737,31.421968787515,413.335383344925,0.299683028899955,-1.64957513828158,0.199961541228317,1.22135578541362,TRUE,FALSE,TRUE
4738,31.390156062425,298.482756323086,0.254052740608394,-1.34428968137961,0.200164194618349,1.22160332238523,TRUE,FALSE,TRUE
4739,31.390156062425,291.363939969235,0.25126881388056,-1.25337682246419,0.200164194618349,1.22160332238523,TRUE,FALSE,TRUE
4740,31.3265306122449,334.623784817782,0.269378476254189,-0.630678791233854,0.200570736190098,1.22210005588453,TRUE,FALSE,TRUE
4741,31.390156062425,303.821023479127,0.256365365900964,-1.34402796190071,0.200164194618349,1.22160332238523,TRUE,FALSE,TRUE
4742,31.390156062425,311.188907321655,0.259394062160745,-1.37780868713219,0.200164194618349,1.22160332238523,TRUE,FALSE,TRUE
4743,31.1992797118848,326.02353345389,0.26553441594767,0.544100723503752,0.201388793754304,1.22310021311678,TRUE,FALSE,TRUE
4744,31.1674669867947,334.701850875696,0.269148792438754,0.891718497791936,0.201594351887553,1.22335165715567,TRUE,FALSE,TRUE
4745,31.390156062425,361.166571434911,0.279813067330591,-1.34762820860855,0.200164194618349,1.22160332238523,TRUE,FALSE,TRUE
4746,31.1992797118848,314.52170482112,0.260752381398807,0.523475258171517,0.201388793754304,1.22310021311678,TRUE,FALSE,TRUE
4747,31.390156062425,306.120361284294,0.25739353239426,-1.24332509301007,0.200164194618349,1.22160332238523,TRUE,FALSE,TRUE
4748,31.453781512605,283.962526877006,0.2478333015826,-1.95884126629121,0.199759297770337,1.22110879917268,TRUE,FALSE,TRUE
4749,31.3265306122449,245.552576643913,0.23012094767315,-0.723664842702702,0.200570736190098,1.22210005588453,TRUE,FALSE,TRUE
4750,31.2629051620648,374.475012767333,0.285101100745878,-0.0620040183965941,0.200978932527479,1.22259901448086,TRUE,FALSE,TRUE
4751,31.390156062425,300.18353856331,0.254750775813035,-1.36578371062179,0.200164194618349,1.22160332238523,TRUE,FALSE,TRUE
4752,31.2629051620648,279.216515590038,0.245362972949088,-0.124010619611096,0.200978932527479,1.22259901448086,TRUE,FALSE,TRUE
4753,31.2947178871549,350.271947598414,0.275379184332775,-0.429857900825193,0.200774626882275,1.22234925611478,TRUE,FALSE,TRUE
4754,31.390156062425,272.970588041171,0.242853413376826,-1.34203700570869,0.200164194618349,1.22160332238523,TRUE,FALSE,TRUE
4755,31.2947178871549,289.102577898146,0.249904159238688,-0.387774758488845,0.200774626882275,1.22234925611478,TRUE,FALSE,TRUE
4756,31.2310924369748,305.320386842853,0.256990071894867,0.241175073842283,0.20118365439375,1.22284933285476,TRUE,FALSE,TRUE
4757,31.2629051620648,324.969461960683,0.264839815563575,-0.168306191743824,0.200978932527479,1.22259901448086,TRUE,FALSE,TRUE
4758,31.2310924369748,249.927637808652,0.232313306843912,0.232436144819456,0.20118365439375,1.22284933285476,TRUE,FALSE,TRUE
4759,31.4855942376951,330.361346174415,0.267726889993996,-2.18936398865357,0.199557463001834,1.22086236183153,TRUE,FALSE,TRUE
4760,31.2947178871549,262.43359173143,0.238275269569752,-0.348707108702108,0.200774626882275,1.22234925611478,TRUE,FALSE,TRUE
4761,31.3265306122449,273.512616216823,0.242688861855072,-0.804713395510133,0.200570736190098,1.22210005588453,TRUE,FALSE,TRUE
4762,31.2947178871549,285.265896171294,0.24836029810693,-0.365861997968694,0.200774626882275,1.22234925611478,TRUE,FALSE,TRUE
4763,31.3265306122449,356.610632061303,0.277901158498199,-0.732029515852149,0.200570736190098,1.22210005588453,TRUE,FALSE,TRUE
4764,31.2947178871549,295.168710012463,0.252364962111097,-0.451487294153243,0.200774626882275,1.22234925611478,TRUE,FALSE,TRUE
4765,31.4855942376951,331.111638910983,0.267669440363646,-2.32476844405643,0.199557463001834,1.22086236183153,TRUE,FALSE,TRUE
4766,31.2947178871549,313.234781265902,0.259779835624284,-0.519675701826779,0.200774626882275,1.22234925611478,TRUE,FALSE,TRUE
4767,31.2629051620648,352.321744008058,0.275732776704874,-0.203228217593313,0.200978932527479,1.22259901448086,TRUE,FALSE,TRUE
4768,31.2629051620648,302.640399288636,0.255702151594386,-0.131212372074407,0.200978932527479,1.22259901448086,TRUE,FALSE,TRUE
4769,31.453781512605,258.118931668958,0.236023983405651,-1.96803403091355,0.199759297770337,1.22110879917268,TRUE,FALSE,TRUE
4770,31.2310924369748,288.985633650164,0.250095598708972,0.283476065488486,0.20118365439375,1.22284933285476,TRUE,FALSE,TRUE
4771,31.2947178871549,288.59677489239,0.249810481214218,-0.413035760367236,0.200774626882275,1.22234925611478,TRUE,FALSE,TRUE
4772,31.390156062425,316.549753212752,0.261684493389696,-1.35651287735329,0.200164194618349,1.22160332238523,TRUE,FALSE,TRUE
4773,31.3583433373349,309.583079347328,0.258875533560135,-0.986729308842039,0.200367259188048,1.22185141192648,TRUE,FALSE,TRUE
4774,31.453781512605,298.989472282675,0.254274615007687,-1.98468482313013,0.199759297770337,1.22110879917268,TRUE,FALSE,TRUE
4775,31.390156062425,294.620281317095,0.252189545524931,-1.40234197144975,0.200164194618349,1.22160332238523,TRUE,FALSE,TRUE
4776,31.390156062425,336.61045363057,0.270081662694002,-1.32156382138659,0.200164194618349,1.22160332238523,TRUE,FALSE,TRUE
4777,31.421968787515,317.514452705181,0.261977481238335,-1.66702473340544,0.199961541228317,1.22135578541362,TRUE,FALSE,TRUE
4778,31.2947178871549,303.980610441162,0.2564537444535,-0.401869318046863,0.200774626882275,1.22234925611478,TRUE,FALSE,TRUE
4779,31.3265306122449,310.885915388832,0.259075407358002,-0.764379226494202,0.200570736190098,1.22210005588453,TRUE,FALSE,TRUE
4780,31.3265306122449,302.583769894143,0.256040921702894,-0.650457724490171,0.200570736190098,1.22210005588453,TRUE,FALSE,TRUE
4781,31.421968787515,315.074050340155,0.261104761617238,-1.66360124847777,0.199961541228317,1.22135578541362,TRUE,FALSE,TRUE
4782,31.2629051620648,309.967396085181,0.258723671286376,-0.10248905013453,0.200978932527479,1.22259901448086,TRUE,FALSE,TRUE
4783,31.5492196878751,310.671088590259,0.259040192165258,-2.958384858907,0.199155014588025,1.22037112656558,TRUE,FALSE,TRUE
4784,31.390156062425,339.051347471427,0.270849914413382,-1.36706197219776,0.200164194618349,1.22160332238523,TRUE,FALSE,TRUE
4785,31.3265306122449,329.762595696169,0.266759444170539,-0.820880756044917,0.200570736190098,1.22210005588453,TRUE,FALSE,TRUE
4786,31.0720288115246,272.38573176888,0.242327642207057,1.81510191242602,0.202213551786137,1.22410939094784,TRUE,FALSE,TRUE
4787,31.2947178871549,379.217836834748,0.286997921020681,-0.342693354086111,0.200774626882275,1.22234925611478,TRUE,FALSE,TRUE
4788,31.390156062425,398.362344148139,0.294036284045492,-1.29286623826782,0.200164194618349,1.22160332238523,TRUE,FALSE,TRUE
4789,31.2629051620648,279.789284330947,0.245474317513213,-0.205022226140995,0.200978932527479,1.22259901448086,TRUE,FALSE,TRUE
4790,31.3265306122449,395.188912223093,0.293112253390147,-0.65780616323732,0.200570736190098,1.22210005588453,TRUE,FALSE,TRUE
4791,31.3265306122449,275.946005635548,0.244128912076879,-0.741887905861723,0.200570736190098,1.22210005588453,TRUE,FALSE,TRUE
4792,31.1992797118848,297.584637216215,0.253264691783485,0.487357159510394,0.201388793754304,1.22310021311678,TRUE,FALSE,TRUE
4793,31.3265306122449,399.705708536296,0.294417652177275,-0.754214497521374,0.200570736190098,1.22210005588453,TRUE,FALSE,TRUE
4794,31.390156062425,366.033646890591,0.281967895158376,-1.26313664779948,0.200164194618349,1.22160332238523,TRUE,FALSE,TRUE
4795,31.390156062425,307.330916096966,0.257704900488213,-1.38508462095928,0.200164194618349,1.22160332238523,TRUE,FALSE,TRUE
4796,31.2629051620648,337.509298574223,0.270431257871706,-0.0679244510356724,0.200978932527479,1.22259901448086,TRUE,FALSE,TRUE
4797,31.2947178871549,349.192519804205,0.275112281624789,-0.365451791645947,0.200774626882275,1.22234925611478,TRUE,FALSE,TRUE
4798,31.2310924369748,337.297898763442,0.270322618135176,0.242279226586577,0.20118365439375,1.22284933285476,TRUE,FALSE,TRUE
4799,31.390156062425,273.270596756638,0.24305955530264,-1.31945255061006,0.200164194618349,1.22160332238523,TRUE,FALSE,TRUE
4800,31.390156062425,306.163983126197,0.257256833982983,-1.40832664162615,0.200164194618349,1.22160332238523,TRUE,FALSE,TRUE
4801,31.3583433373349,350.596302927352,0.275284039269853,-1.09260108545348,0.200367259188048,1.22185141192648,TRUE,FALSE,TRUE
4802,31.3583433373349,338.906863128555,0.270816937076627,-1.051974225911,0.200367259188048,1.22185141192648,TRUE,FALSE,TRUE
4803,31.2310924369748,351.141090199975,0.275715771587363,0.232619066288457,0.20118365439375,1.22284933285476,TRUE,FALSE,TRUE
4804,31.3583433373349,338.234480066273,0.270471291296442,-1.09077061139141,0.200367259188048,1.22185141192648,TRUE,FALSE,TRUE
4805,31.421968787515,311.174971850376,0.259364384297971,-1.61578332925751,0.199961541228317,1.22135578541362,TRUE,FALSE,TRUE
4806,31.3583433373349,310.08853174414,0.258820339757557,-1.09541348971158,0.200367259188048,1.22185141192648,TRUE,FALSE,TRUE
4807,31.3265306122449,319.914457648703,0.263287948150516,-0.678988301727229,0.200570736190098,1.22210005588453,TRUE,FALSE,TRUE
4808,31.390156062425,280.181353063553,0.245783833508163,-1.42408052928098,0.200164194618349,1.22160332238523,TRUE,FALSE,TRUE
4809,31.2947178871549,254.259024940913,0.23454597353949,-0.307795045074717,0.200774626882275,1.22234925611478,TRUE,FALSE,TRUE
4810,31.421968787515,324.297076179755,0.264871675967568,-1.67716740758136,0.199961541228317,1.22135578541362,TRUE,FALSE,TRUE
4811,31.3583433373349,326.717763541096,0.265865600750544,-1.05842693834395,0.200367259188048,1.22185141192648,TRUE,FALSE,TRUE
4812,31.390156062425,300.095114404021,0.254729044781437,-1.34858992041677,0.200164194618349,1.22160332238523,TRUE,FALSE,TRUE
4813,31.2629051620648,360.338827624773,0.279243265131945,-0.108385829219553,0.200978932527479,1.22259901448086,TRUE,FALSE,TRUE
4814,31.390156062425,243.263216449647,0.22896121972709,-1.39213243610105,0.200164194618349,1.22160332238523,TRUE,FALSE,TRUE
4815,31.3265306122449,323.845868185014,0.264781458358591,-0.723503698044212,0.200570736190098,1.22210005588453,TRUE,FALSE,TRUE
4816,31.453781512605,350.285441747003,0.275528032848652,-2.00600186521737,0.199759297770337,1.22110879917268,TRUE,FALSE,TRUE
4817,31.390156062425,313.084424679611,0.259975905819068,-1.44286976346847,0.200164194618349,1.22160332238523,TRUE,FALSE,TRUE
4818,31.3583433373349,290.764782238218,0.250506285814915,-1.08994696245151,0.200367259188048,1.22185141192648,TRUE,FALSE,TRUE
4819,31.3265306122449,317.332268664768,0.262251063111263,-0.669260609276409,0.200570736190098,1.22210005588453,TRUE,FALSE,TRUE
4820,31.2310924369748,361.822271299509,0.279982196063094,0.232150265041062,0.20118365439375,1.22284933285476,TRUE,FALSE,TRUE
4821,31.421968787515,281.127129562761,0.246747281711871,-1.54480302981577,0.199961541228317,1.22135578541362,TRUE,FALSE,TRUE
4822,31.2310924369748,342.813525687472,0.272511772930781,0.270191776284548,0.20118365439375,1.22284933285476,TRUE,FALSE,TRUE
4823,31.2310924369748,366.654207734673,0.281914018096297,0.226260450593189,0.20118365439375,1.22284933285476,TRUE,FALSE,TRUE
4824,31.2947178871549,413.323000232256,0.299484033807586,-0.389678556736017,0.200774626882275,1.22234925611478,TRUE,FALSE,TRUE
4825,31.421968787515,307.303476760831,0.257826549065834,-1.66249062023194,0.199961541228317,1.22135578541362,TRUE,FALSE,TRUE
4826,31.2629051620648,285.674020913326,0.248473649600932,-0.0841640777301272,0.200978932527479,1.22259901448086,TRUE,FALSE,TRUE
4827,31.2310924369748,379.25822160221,0.286780616679732,0.238536625325244,0.20118365439375,1.22284933285476,TRUE,FALSE,TRUE
4828,31.2310924369748,310.241052004789,0.258748847456728,0.171030203988197,0.20118365439375,1.22284933285476,TRUE,FALSE,TRUE
4829,31.2310924369748,335.009306708427,0.268850455984649,0.148484020916642,0.20118365439375,1.22284933285476,TRUE,FALSE,TRUE
4830,31.3265306122449,308.052962610915,0.258116187568954,-0.70214369986163,0.200570736190098,1.22210005588453,TRUE,FALSE,TRUE
4831,31.3583433373349,332.210237471194,0.267947991097164,-1.08915405414326,0.200367259188048,1.22185141192648,TRUE,FALSE,TRUE
4832,31.2947178871549,293.77558334213,0.251830433573837,-0.454740717352479,0.200774626882275,1.22234925611478,TRUE,FALSE,TRUE
4833,31.390156062425,329.599746350233,0.266992163021871,-1.39465716306547,0.200164194618349,1.22160332238523,TRUE,FALSE,TRUE
4834,31.3265306122449,233.54276649075,0.224127126728984,-0.811121754245894,0.200570736190098,1.22210005588453,TRUE,FALSE,TRUE
4835,31.3583433373349,248.762942029014,0.231780988567915,-1.00504615315618,0.200367259188048,1.22185141192648,TRUE,FALSE,TRUE
4836,31.3265306122449,358.165822563545,0.278605347601769,-0.710027631747052,0.200570736190098,1.22210005588453,TRUE,FALSE,TRUE
4837,31.453781512605,325.880588073223,0.265577152547293,-1.93402680072691,0.199759297770337,1.22110879917268,TRUE,FALSE,TRUE
4838,31.421968787515,349.869433672182,0.275339899123938,-1.65638823581236,0.199961541228317,1.22135578541362,TRUE,FALSE,TRUE
4839,31.2947178871549,272.154727147352,0.242536807848624,-0.380822111255072,0.200774626882275,1.22234925611478,TRUE,FALSE,TRUE
4840,31.3265306122449,356.74337663084,0.277647723403623,-0.797861581085022,0.200570736190098,1.22210005588453,TRUE,FALSE,TRUE
4841,31.2947178871549,294.373880636228,0.25171873981128,-0.538015512576001,0.200774626882275,1.22234925611478,TRUE,FALSE,TRUE
4842,31.2629051620648,273.616036521321,0.243183864861557,-0.049344209554858,0.200978932527479,1.22259901448086,TRUE,FALSE,TRUE
4843,31.5174069627851,325.173686088138,0.264937681211735,-2.69750039999652,0.199356035685252,1.22061647156741,TRUE,FALSE,TRUE
4844,31.2947178871549,291.197804088477,0.251096156857706,-0.346954548857404,0.200774626882275,1.22234925611478,TRUE,FALSE,TRUE
4845,31.2947178871549,358.252425279805,0.278374798377802,-0.460520540931956,0.200774626882275,1.22234925611478,TRUE,FALSE,TRUE
4846,31.2629051620648,316.184981814859,0.261300652637825,-0.117692387619573,0.200978932527479,1.22259901448086,TRUE,FALSE,TRUE
4847,31.1992797118848,279.83601459816,0.246024340706063,0.568735336579252,0.201388793754304,1.22310021311678,TRUE,FALSE,TRUE
4848,31.3583433373349,317.327281371019,0.261947957859024,-1.06300818827535,0.200367259188048,1.22185141192648,TRUE,FALSE,TRUE
4849,31.2629051620648,421.200303067516,0.301643853678149,-0.22642816379438,0.200978932527479,1.22259901448086,TRUE,FALSE,TRUE
4850,31.390156062425,298.031657968005,0.254052792765248,-1.27037245579489,0.200164194618349,1.22160332238523,TRUE,FALSE,TRUE
4851,31.3265306122449,340.573527239576,0.271815849498097,-0.650045594715024,0.200570736190098,1.22210005588453,TRUE,FALSE,TRUE
4852,31.390156062425,288.264807323162,0.249189522250536,-1.47380564284001,0.200164194618349,1.22160332238523,TRUE,FALSE,TRUE
4853,31.3265306122449,311.035035225673,0.259227461225001,-0.763399753371456,0.200570736190098,1.22210005588453,TRUE,FALSE,TRUE
4854,31.3583433373349,266.319913076573,0.239900872962449,-1.02001565896128,0.200367259188048,1.22185141192648,TRUE,FALSE,TRUE
4855,31.3265306122449,325.934905983158,0.265652184584783,-0.71743565169159,0.200570736190098,1.22210005588453,TRUE,FALSE,TRUE
4856,31.6128451380552,308.693454626508,0.258169600746879,2.73149079478864,0.198754186146186,1.21988206512987,TRUE,FALSE,TRUE
4857,31.2310924369748,306.397663028862,0.257355817499725,0.221322293501819,0.20118365439375,1.22284933285476,TRUE,FALSE,TRUE
4858,31.2947178871549,340.188366269137,0.271405350808988,-0.397056874016062,0.200774626882275,1.22234925611478,TRUE,FALSE,TRUE
4859,31.2947178871549,293.875167266931,0.252329251583464,-0.309494791419757,0.200774626882275,1.22234925611478,TRUE,FALSE,TRUE
4860,31.3265306122449,319.321325781076,0.262531091923473,-0.813909715142249,0.200570736190098,1.22210005588453,TRUE,FALSE,TRUE
4861,31.2947178871549,317.947216625173,0.262167469170401,-0.406195959974323,0.200774626882275,1.22234925611478,TRUE,FALSE,TRUE
4862,31.421968787515,283.155441627814,0.247621728145084,-1.56179720805909,0.199961541228317,1.22135578541362,TRUE,FALSE,TRUE
4863,31.3583433373349,295.644600860798,0.25278967301194,-1.05753885603649,0.200367259188048,1.22185141192648,TRUE,FALSE,TRUE
4864,31.453781512605,340.156047597643,0.271497706448638,-1.95742348754269,0.199759297770337,1.22110879917268,TRUE,FALSE,TRUE
4865,31.2629051620648,300.94658994417,0.255064078605162,-0.0657750084663819,0.200978932527479,1.22259901448086,TRUE,FALSE,TRUE
4866,31.1992797118848,337.149775991646,0.270164828859331,0.561168259943675,0.201388793754304,1.22310021311678,TRUE,FALSE,TRUE
4867,31.2310924369748,286.072387545255,0.248776501945917,0.272530306556097,0.20118365439375,1.22284933285476,TRUE,FALSE,TRUE
4868,31.3583433373349,288.707183739874,0.249720151894096,-1.04843167291092,0.200367259188048,1.22185141192648,TRUE,FALSE,TRUE
4869,31.2310924369748,317.315799229035,0.261741117293979,0.177140142876064,0.20118365439375,1.22284933285476,TRUE,FALSE,TRUE
4870,31.4855942376951,360.503513553671,0.279340867589682,-2.31478677604086,0.199557463001834,1.22086236183153,TRUE,FALSE,TRUE
4871,31.4855942376951,359.364933302454,0.279257724326725,-2.17803496608497,0.199557463001834,1.22086236183153,TRUE,FALSE,TRUE
4872,31.1992797118848,344.473099534202,0.273478660500832,0.631066128743308,0.201388793754304,1.22310021311678,TRUE,FALSE,TRUE
4873,31.3583433373349,260.952256177777,0.237707385732558,-0.926540241174794,0.200367259188048,1.22185141192648,TRUE,FALSE,TRUE
4874,31.3265306122449,283.51951219788,0.247463269345233,-0.72026953958903,0.200570736190098,1.22210005588453,TRUE,FALSE,TRUE
4875,31.1992797118848,294.532202610569,0.252061280207678,0.492907018428501,0.201388793754304,1.22310021311678,TRUE,FALSE,TRUE
4876,31.2947178871549,244.847415176668,0.229890202881939,-0.363893644812387,0.200774626882275,1.22234925611478,TRUE,FALSE,TRUE
4877,31.3583433373349,310.479442882416,0.25900451240113,-1.05987140137026,0.200367259188048,1.22185141192648,TRUE,FALSE,TRUE
4878,31.390156062425,363.118139756702,0.280253000590725,-1.4153920489513,0.200164194618349,1.22160332238523,TRUE,FALSE,TRUE
4879,31.5174069627851,321.998275581793,0.263963115129467,-2.60540872073328,0.199356035685252,1.22061647156741,TRUE,FALSE,TRUE
4880,31.2947178871549,301.359503646483,0.255250141447051,-0.412307975169007,0.200774626882275,1.22234925611478,TRUE,FALSE,TRUE
4881,31.2629051620648,346.634736763632,0.274229760838278,-0.0270707094876086,0.200978932527479,1.22259901448086,TRUE,FALSE,TRUE
4882,31.2310924369748,312.948536756662,0.259959987287869,0.181956315906832,0.20118365439375,1.22284933285476,TRUE,FALSE,TRUE
4883,31.3583433373349,303.225038968214,0.255915285232387,-1.08147277115395,0.200367259188048,1.22185141192648,TRUE,FALSE,TRUE
4884,31.2947178871549,322.518937746985,0.263791588310326,-0.464924543383732,0.200774626882275,1.22234925611478,TRUE,FALSE,TRUE
4885,31.2310924369748,345.780647663575,0.273637836535368,0.258008731874178,0.20118365439375,1.22284933285476,TRUE,FALSE,TRUE
4886,31.2947178871549,280.554601687859,0.246105330915544,-0.424367627595105,0.200774626882275,1.22234925611478,TRUE,FALSE,TRUE
4887,31.390156062425,303.598357041012,0.256220611975509,-1.33745939514434,0.200164194618349,1.22160332238523,TRUE,FALSE,TRUE
4888,31.2947178871549,373.850753124439,0.28464350251678,-0.426252446916483,0.200774626882275,1.22234925611478,TRUE,FALSE,TRUE
4889,31.421968787515,338.799362761695,0.270883317105238,-1.69814115799617,0.199961541228317,1.22135578541362,TRUE,FALSE,TRUE
4890,31.2947178871549,286.037065544189,0.248458174021225,-0.426890849448594,0.200774626882275,1.22234925611478,TRUE,FALSE,TRUE
4891,31.421968787515,380.130197283586,0.287173778724931,-1.64414137470976,0.199961541228317,1.22135578541362,TRUE,FALSE,TRUE
4892,31.3265306122449,291.613210636574,0.251128038888381,-0.689125385516605,0.200570736190098,1.22210005588453,TRUE,FALSE,TRUE
4893,31.3265306122449,342.768546016325,0.272308301404015,-0.735149964882257,0.200570736190098,1.22210005588453,TRUE,FALSE,TRUE
4894,31.1992797118848,329.154018130233,0.266755446834915,0.507604033490374,0.201388793754304,1.22310021311678,TRUE,FALSE,TRUE
4895,31.2947178871549,288.658985317471,0.250044316613025,-0.353033838153392,0.200774626882275,1.22234925611478,TRUE,FALSE,TRUE
4896,31.453781512605,327.97573485627,0.266484064442704,-1.95759734888496,0.199759297770337,1.22110879917268,TRUE,FALSE,TRUE
4897,31.421968787515,324.417401556671,0.2648323845044,-1.67847826941087,0.199961541228317,1.22135578541362,TRUE,FALSE,TRUE
4898,31.3583433373349,276.931653779498,0.244856840141018,-0.956427493551505,0.200367259188048,1.22185141192648,TRUE,FALSE,TRUE
4899,31.2947178871549,374.209586775254,0.284560090057709,-0.476812820455671,0.200774626882275,1.22234925611478,TRUE,FALSE,TRUE
4900,31.3583433373349,321.891483714879,0.26401534579182,-1.00240295388067,0.200367259188048,1.22185141192648,TRUE,FALSE,TRUE
4901,31.421968787515,319.392699831002,0.26301592896602,-1.65133522010411,0.199961541228317,1.22135578541362,TRUE,FALSE,TRUE
4902,31.3583433373349,350.181202761985,0.275316818856408,-1.05724858310845,0.200367259188048,1.22185141192648,TRUE,FALSE,TRUE
4903,31.453781512605,302.83868640399,0.255675147028631,-2.04717325839021,0.199759297770337,1.22110879917268,TRUE,FALSE,TRUE
4904,31.390156062425,307.171262344367,0.257784806268759,-1.28378202534163,0.200164194618349,1.22160332238523,TRUE,FALSE,TRUE
4905,31.453781512605,294.747767728387,0.252199320367629,-2.00605500775322,0.199759297770337,1.22110879917268,TRUE,FALSE,TRUE
4906,31.2310924369748,322.06943608682,0.263654758794694,0.160322662971333,0.20118365439375,1.22284933285476,TRUE,FALSE,TRUE
4907,31.421968787515,352.787606412678,0.27630499911325,-1.69331031807128,0.199961541228317,1.22135578541362,TRUE,FALSE,TRUE
4908,31.3265306122449,336.850230596074,0.2699582469458,-0.744580091018976,0.200570736190098,1.22210005588453,TRUE,FALSE,TRUE
4909,31.2629051620648,348.693522757377,0.274940832796593,-0.0209730980846421,0.200978932527479,1.22259901448086,TRUE,FALSE,TRUE
4910,31.390156062425,385.955285948912,0.289256627891053,-1.36235110107101,0.200164194618349,1.22160332238523,TRUE,FALSE,TRUE
4911,31.2629051620648,316.819131004768,0.261781845044778,-0.0713845420299997,0.200978932527479,1.22259901448086,TRUE,FALSE,TRUE
4912,31.2310924369748,233.17133955296,0.224092117307945,0.175703242757202,0.20118365439375,1.22284933285476,TRUE,FALSE,TRUE
4913,31.2947178871549,354.58625844495,0.276844958209198,-0.44720314462138,0.200774626882275,1.22234925611478,TRUE,FALSE,TRUE
4914,31.3583433373349,284.472210853346,0.247793294182566,-1.0707242850545,0.200367259188048,1.22185141192648,TRUE,FALSE,TRUE
4915,31.3265306122449,299.89436802936,0.254718179905316,-0.677850779301601,0.200570736190098,1.22210005588453,TRUE,FALSE,TRUE
4916,31.2629051620648,335.599077948791,0.269340420452038,-0.11764257356925,0.200978932527479,1.22259901448086,TRUE,FALSE,TRUE
4917,31.2947178871549,363.613852963613,0.280568749811863,-0.445001979940702,0.200774626882275,1.22234925611478,TRUE,FALSE,TRUE
4918,31.4855942376951,301.195403366903,0.255241278356698,-2.27362265278958,0.199557463001834,1.22086236183153,TRUE,FALSE,TRUE
4919,31.4855942376951,311.623316855644,0.259697838376919,-2.25449696820294,0.199557463001834,1.22086236183153,TRUE,FALSE,TRUE
4920,31.3583433373349,308.022882281974,0.258221753360943,-0.989385505808742,0.200367259188048,1.22185141192648,TRUE,FALSE,TRUE
4921,31.3583433373349,301.042099756961,0.255020560098799,-1.06543243066675,0.200367259188048,1.22185141192648,TRUE,FALSE,TRUE
4922,31.2629051620648,279.386366616051,0.24579210009403,-0.0783714519892375,0.200978932527479,1.22259901448086,TRUE,FALSE,TRUE
4923,31.453781512605,306.638511111188,0.257646299912855,-1.93118338843958,0.199759297770337,1.22110879917268,TRUE,FALSE,TRUE
4924,31.1356542617047,367.485169687913,0.282159503450057,1.19131117977614,0.201800330077136,1.22360366686859,TRUE,FALSE,TRUE
4925,31.3265306122449,387.255314609618,0.290193000607167,-0.608706314843609,0.200570736190098,1.22210005588453,TRUE,FALSE,TRUE
4926,31.421968787515,327.114956650576,0.266067421028244,-1.64799600166791,0.199961541228317,1.22135578541362,TRUE,FALSE,TRUE
4927,31.2629051620648,322.348017122951,0.263719793740419,-0.159114140760285,0.200978932527479,1.22259901448086,TRUE,FALSE,TRUE
4928,31.3265306122449,348.640410183225,0.274585352156823,-0.790764850008195,0.200570736190098,1.22210005588453,TRUE,FALSE,TRUE
4929,31.2947178871549,346.876218481511,0.27421372424103,-0.366624208738624,0.200774626882275,1.22234925611478,TRUE,FALSE,TRUE
4930,31.3265306122449,242.641305391732,0.228777920784736,-0.742655956845681,0.200570736190098,1.22210005588453,TRUE,FALSE,TRUE
4931,31.3583433373349,308.103709881115,0.258073651624794,-1.0683289221787,0.200367259188048,1.22185141192648,TRUE,FALSE,TRUE
4932,31.421968787515,360.201568055835,0.279578571000615,-1.62004587615455,0.199961541228317,1.22135578541362,TRUE,FALSE,TRUE
4933,31.453781512605,304.783186197755,0.256598669089936,-2.00064860201519,0.199759297770337,1.22110879917268,TRUE,FALSE,TRUE
4934,31.2947178871549,366.930195487315,0.281977896817513,-0.400218481116206,0.200774626882275,1.22234925611478,TRUE,FALSE,TRUE
4935,31.421968787515,284.536654646568,0.248123466622173,-1.5888894863158,0.199961541228317,1.22135578541362,TRUE,FALSE,TRUE
4936,31.453781512605,370.757704648398,0.283517337792103,-1.95823900788203,0.199759297770337,1.22110879917268,TRUE,FALSE,TRUE
4937,31.3265306122449,309.16721348944,0.259070754055255,-0.616710739773981,0.200570736190098,1.22210005588453,TRUE,FALSE,TRUE
4938,31.421968787515,296.509212590905,0.253604024595487,-1.61468546603283,0.199961541228317,1.22135578541362,TRUE,FALSE,TRUE
4939,31.2947178871549,254.074773614445,0.234457975273768,-0.308155035681718,0.200774626882275,1.22234925611478,TRUE,FALSE,TRUE
4940,31.2629051620648,290.153194725423,0.250110808967828,-0.167624237188482,0.200978932527479,1.22259901448086,TRUE,FALSE,TRUE
4941,31.3583433373349,339.704243609966,0.270908363076805,-1.09829011674416,0.200367259188048,1.22185141192648,TRUE,FALSE,TRUE
4942,31.2629051620648,280.467306003143,0.246071601235673,-0.112905504325096,0.200978932527479,1.22259901448086,TRUE,FALSE,TRUE
4943,31.421968787515,298.777603982306,0.254217552464833,-1.64533274646362,0.199961541228317,1.22135578541362,TRUE,FALSE,TRUE
4944,31.2629051620648,271.449999975298,0.241799512941701,-0.153788770726796,0.200978932527479,1.22259901448086,TRUE,FALSE,TRUE
4945,31.3583433373349,282.94772278867,0.247585427278017,-0.935415524974208,0.200367259188048,1.22185141192648,TRUE,FALSE,TRUE
4946,31.453781512605,339.916382759323,0.271299724619144,-1.92858878234331,0.199759297770337,1.22110879917268,TRUE,FALSE,TRUE
4947,31.1674669867947,334.380866010621,0.268994836646138,0.885475750774377,0.201594351887553,1.22335165715567,TRUE,FALSE,TRUE
4948,31.3265306122449,308.432938139122,0.25823222603812,-0.728613668346738,0.200570736190098,1.22210005588453,TRUE,FALSE,TRUE
4949,31.3583433373349,300.253418985714,0.254966595618731,-0.996995378275038,0.200367259188048,1.22185141192648,TRUE,FALSE,TRUE
4950,31.1992797118848,314.125219967546,0.260701414554191,0.588249648373084,0.201388793754304,1.22310021311678,TRUE,FALSE,TRUE
4951,31.3265306122449,354.610383718038,0.27702860698979,-0.759960867517029,0.200570736190098,1.22210005588453,TRUE,FALSE,TRUE
4952,31.453781512605,292.809588145765,0.2517131996711,-1.91597058837709,0.199759297770337,1.22110879917268,TRUE,FALSE,TRUE
4953,31.3265306122449,320.243556500236,0.263337178721063,-0.682089965445105,0.200570736190098,1.22210005588453,TRUE,FALSE,TRUE
4954,31.390156062425,299.729713892204,0.254760405853414,-1.28405361402929,0.200164194618349,1.22160332238523,TRUE,FALSE,TRUE
4955,31.2947178871549,310.561128510776,0.259177511347935,-0.379703097339843,0.200774626882275,1.22234925611478,TRUE,FALSE,TRUE
4956,31.3265306122449,313.855886184409,0.260690698222048,-0.690492868076984,0.200570736190098,1.22210005588453,TRUE,FALSE,TRUE
4957,31.1992797118848,334.544031485208,0.269275111523988,0.614035303574742,0.201388793754304,1.22310021311678,TRUE,FALSE,TRUE
4958,31.390156062425,307.68149249411,0.257679253057706,-1.41250569656111,0.200164194618349,1.22160332238523,TRUE,FALSE,TRUE
4959,31.1992797118848,375.928405649117,0.285383680534783,0.548239296509913,0.201388793754304,1.22310021311678,TRUE,FALSE,TRUE
4960,31.2629051620648,342.175394281968,0.272269717848352,-0.043766357483963,0.200978932527479,1.22259901448086,TRUE,FALSE,TRUE
4961,31.2629051620648,330.371301972726,0.266966450621417,-0.175520147807658,0.200978932527479,1.22259901448086,TRUE,FALSE,TRUE
4962,31.3583433373349,360.366332949589,0.27938211853752,-1.07596738198958,0.200367259188048,1.22185141192648,TRUE,FALSE,TRUE
4963,31.1992797118848,312.991294209961,0.259828603613675,0.471610689328497,0.201388793754304,1.22310021311678,TRUE,FALSE,TRUE
4964,31.3583433373349,300.2539583889,0.254982301365779,-0.969209640553881,0.200367259188048,1.22185141192648,TRUE,FALSE,TRUE
4965,31.2629051620648,281.949632586837,0.246789716836022,-0.102259475237945,0.200978932527479,1.22259901448086,TRUE,FALSE,TRUE
4966,31.1992797118848,352.298876544525,0.275954437455567,0.498549998829874,0.201388793754304,1.22310021311678,TRUE,FALSE,TRUE
4967,31.2310924369748,266.588965238709,0.240153349538758,0.31059968629232,0.20118365439375,1.22284933285476,TRUE,FALSE,TRUE
4968,31.3583433373349,278.759488053365,0.245142273427173,-1.10564943159857,0.200367259188048,1.22185141192648,TRUE,FALSE,TRUE
4969,31.3265306122449,314.743553733236,0.261026923904669,-0.684352715425219,0.200570736190098,1.22210005588453,TRUE,FALSE,TRUE
4970,31.2629051620648,352.109221453631,0.276331203893905,-0.027121119192633,0.200978932527479,1.22259901448086,TRUE,FALSE,TRUE
4971,31.2947178871549,373.63263583219,0.284261882235334,-0.484756369303873,0.200774626882275,1.22234925611478,TRUE,FALSE,TRUE
4972,31.3265306122449,404.967631426569,0.296525745125651,-0.698404353965965,0.200570736190098,1.22210005588453,TRUE,FALSE,TRUE
4973,31.3265306122449,299.897207511775,0.254467725631755,-0.762768750233371,0.200570736190098,1.22210005588453,TRUE,FALSE,TRUE
4974,31.2629051620648,305.339342224952,0.256780436821999,-0.114294431247328,0.200978932527479,1.22259901448086,TRUE,FALSE,TRUE
4975,31.3265306122449,313.134850014926,0.260511700078518,-0.678556700251359,0.200570736190098,1.22210005588453,TRUE,FALSE,TRUE
4976,31.2310924369748,372.676287847085,0.283872753982004,0.156379342736463,0.20118365439375,1.22284933285476,TRUE,FALSE,TRUE
4977,31.1992797118848,372.92452470875,0.284168560698411,0.51723236432423,0.201388793754304,1.22310021311678,TRUE,FALSE,TRUE
4978,31.2310924369748,299.718965274145,0.254292330191238,0.169941863030901,0.20118365439375,1.22284933285476,TRUE,FALSE,TRUE
4979,31.2947178871549,351.89977511602,0.276190159099577,-0.399746079342064,0.200774626882275,1.22234925611478,TRUE,FALSE,TRUE
4980,31.3265306122449,429.038573734374,0.3055755164422,-0.63739319016077,0.200570736190098,1.22210005588453,TRUE,FALSE,TRUE
4981,31.2947178871549,331.732673251841,0.267971227404991,-0.431042733311933,0.200774626882275,1.22234925611478,TRUE,FALSE,TRUE
4982,31.421968787515,299.591066433606,0.254575511440518,-1.59310831420138,0.199961541228317,1.22135578541362,TRUE,FALSE,TRUE
4983,31.1992797118848,351.817259456353,0.276137042285335,0.547990492184784,0.201388793754304,1.22310021311678,TRUE,FALSE,TRUE
4984,31.3265306122449,355.440246083973,0.277311845402711,-0.77730424615105,0.200570736190098,1.22210005588453,TRUE,FALSE,TRUE
4985,31.5174069627851,334.879105671694,0.269253457424391,-2.55129606450169,0.199356035685252,1.22061647156741,TRUE,FALSE,TRUE
4986,31.2310924369748,349.572982551756,0.274901190551073,0.175491914342315,0.20118365439375,1.22284933285476,TRUE,FALSE,TRUE
4987,31.421968787515,295.437897715106,0.252588679906515,-1.68318128617386,0.199961541228317,1.22135578541362,TRUE,FALSE,TRUE
4988,31.2947178871549,298.33542429976,0.253812806349753,-0.432368395382354,0.200774626882275,1.22234925611478,TRUE,FALSE,TRUE
4989,31.3265306122449,337.528624930348,0.270341813580424,-0.7256302588112,0.200570736190098,1.22210005588453,TRUE,FALSE,TRUE
4990,31.3265306122449,392.493404706405,0.291918647965163,-0.683571376558421,0.200570736190098,1.22210005588453,TRUE,FALSE,TRUE
4991,31.2947178871549,301.614428694083,0.255416482254718,-0.392356738548755,0.200774626882275,1.22234925611478,TRUE,FALSE,TRUE
4992,31.3583433373349,312.178381895522,0.259675299726953,-1.07452073249385,0.200367259188048,1.22185141192648,TRUE,FALSE,TRUE
4993,31.390156062425,307.530055898026,0.257613544801616,-1.4267342955602,0.200164194618349,1.22160332238523,TRUE,FALSE,TRUE
4994,31.453781512605,307.754528847915,0.25756463267422,-2.08730358820359,0.199759297770337,1.22110879917268,TRUE,FALSE,TRUE
4995,31.2310924369748,370.333652371336,0.283570820940486,0.291843313006415,0.20118365439375,1.22284933285476,TRUE,FALSE,TRUE
4996,31.390156062425,275.970884025202,0.244281152511209,-1.30563584337072,0.200164194618349,1.22160332238523,TRUE,FALSE,TRUE
4997,31.2310924369748,302.648314170804,0.255908244291842,0.241660486965273,0.20118365439375,1.22284933285476,TRUE,FALSE,TRUE
4998,31.2310924369748,267.318159605609,0.240305389310523,0.221982939176642,0.20118365439375,1.22284933285476,TRUE,FALSE,TRUE
4999,31.3583433373349,297.660026681507,0.253608912591472,-1.03563542888437,0.200367259188048,1.22185141192648,TRUE,FALSE,TRUE
5000,31.390156062425,345.072916843443,0.273142001479124,-1.41535264350138,0.200164194618349,1.22160332238523,TRUE,FALSE,TRUE
