"species","draw","converged","k_best","deltaD","amplitude","phase","in_reference_region","exceeds_observed_stat"
"Fe",1,TRUE,31.390156062425,286.524722841154,0.248623485494207,-1.41252596413011,TRUE,FALSE
"Fe",2,TRUE,31.2310924369748,274.466473597684,0.243617858467271,0.316498540168634,TRUE,FALSE
"Fe",3,TRUE,31.3265306122449,302.417363328254,0.255593094557294,-0.754324611095533,TRUE,FALSE
"Fe",4,TRUE,31.3583433373349,268.914209845846,0.240891387023097,-1.03149477401971,TRUE,FALSE
"Fe",5,TRUE,31.2629051620648,297.975051526741,0.253590218895581,-0.126040660903632,TRUE,FALSE
"Fe",6,TRUE,31.2310924369748,309.646501392723,0.258997346920815,0.296192561906071,TRUE,FALSE
"Fe",7,TRUE,31.3583433373349,297.049763891428,0.253607829128576,-0.989384898210943,TRUE,FALSE
"Fe",8,TRUE,31.2310924369748,356.292718307396,0.27777769353097,0.228287777387034,TRUE,TRUE
"Fe",9,TRUE,31.2310924369748,343.50839451106,0.272515543298355,0.197487662657725,TRUE,TRUE
"Fe",10,TRUE,31.2947178871549,315.25646612053,0.261075411419392,-0.423265479689763,TRUE,FALSE
"Fe",11,TRUE,31.1674669867947,298.874884553663,0.254044334671735,0.847561600845409,TRUE,FALSE
"Fe",12,TRUE,31.2947178871549,295.920160170353,0.252750351687026,-0.447915098909108,TRUE,FALSE
"Fe",13,TRUE,31.2947178871549,305.564935781577,0.257073119339923,-0.414319498233052,TRUE,FALSE
"Fe",14,TRUE,31.1674669867947,306.501121167304,0.257021416968533,0.790938165047283,TRUE,FALSE
"Fe",15,TRUE,31.421968787515,342.677380682482,0.272017323510117,-1.77170435065803,TRUE,TRUE
"Fe",16,TRUE,31.2629051620648,331.955595075739,0.268041125297694,-0.0797442218975183,TRUE,TRUE
"Fe",17,TRUE,31.3265306122449,312.998732233746,0.260180502753317,-0.715238823572239,TRUE,FALSE
"Fe",18,TRUE,31.2310924369748,308.870716453599,0.258454695507754,0.213039457581387,TRUE,FALSE
"Fe",19,TRUE,31.1992797118848,292.416763920479,0.251390355470986,0.532702024032313,TRUE,FALSE
"Fe",20,TRUE,31.3265306122449,362.713216507655,0.280086755828375,-0.782599448909096,TRUE,TRUE
"Fe",21,TRUE,31.2310924369748,285.450384604255,0.248037029747324,0.162467813668321,TRUE,FALSE
"Fe",22,TRUE,31.2947178871549,342.340245160515,0.27234342591347,-0.362711854269743,TRUE,TRUE
"Fe",23,TRUE,31.3265306122449,311.201635137,0.259542677459417,-0.684454762887085,TRUE,FALSE
"Fe",24,TRUE,31.421968787515,322.959282842756,0.264054669819602,-1.74291052523257,TRUE,TRUE
"Fe",25,TRUE,31.2947178871549,283.164372643756,0.247525229576503,-0.36574122043609,TRUE,FALSE
"Fe",26,TRUE,31.421968787515,320.662037984663,0.263392022320191,-1.66481674128763,TRUE,TRUE
"Fe",27,TRUE,31.2947178871549,318.1887324959,0.262013669754037,-0.503691464543757,TRUE,TRUE
"Fe",28,TRUE,31.3583433373349,343.266447291869,0.272554966209993,-1.04532225479083,TRUE,TRUE
"Fe",29,TRUE,31.421968787515,303.923877175286,0.256175588293706,-1.73353381694254,TRUE,FALSE
"Fe",30,TRUE,31.3265306122449,333.571906267604,0.268839136164112,-0.681200012674665,TRUE,TRUE
"Fe",31,TRUE,31.1992797118848,242.638794334156,0.228672343250493,0.485368726584297,TRUE,FALSE
"Fe",32,TRUE,31.2310924369748,310.185345181999,0.258891725731301,0.230747080385673,TRUE,FALSE
"Fe",33,TRUE,31.1674669867947,324.878217479225,0.265169150507729,0.926981006785916,TRUE,TRUE
"Fe",34,TRUE,31.2947178871549,273.721135960824,0.243337997124433,-0.329931071502083,TRUE,FALSE
"Fe",35,TRUE,31.2947178871549,287.429450071333,0.249185599873306,-0.41431349395799,TRUE,FALSE
"Fe",36,TRUE,31.2629051620648,396.301520904151,0.293507482773995,-0.0394164351752554,TRUE,TRUE
"Fe",37,TRUE,31.3583433373349,303.875146734953,0.256436465680691,-1.00968106534594,TRUE,FALSE
"Fe",38,TRUE,31.2947178871549,398.478861819367,0.293890101695154,-0.423132020081883,TRUE,TRUE
"Fe",39,TRUE,31.390156062425,330.525065255787,0.267256991453165,-1.40582511542615,TRUE,TRUE
"Fe",40,TRUE,31.2629051620648,394.938445353319,0.292705582430925,-0.0934662165819774,TRUE,TRUE
"Fe",41,TRUE,31.3265306122449,345.186236815162,0.273725038109153,-0.664373349120138,TRUE,TRUE
"Fe",42,TRUE,31.2947178871549,340.969816958355,0.272010242855583,-0.343643811333337,TRUE,TRUE
"Fe",43,TRUE,31.3265306122449,252.491278026321,0.233170597512075,-0.794563060111708,TRUE,FALSE
"Fe",44,TRUE,31.2310924369748,358.889951383982,0.278767015093027,0.232022933687067,TRUE,TRUE
"Fe",45,TRUE,31.4855942376951,318.516914573311,0.262625179113742,-2.19019771114193,TRUE,TRUE
"Fe",46,TRUE,31.4855942376951,312.662302360814,0.260015189288569,-2.3007606632955,TRUE,FALSE
"Fe",47,TRUE,31.2947178871549,344.520748212372,0.272952771606944,-0.454568128406392,TRUE,TRUE
"Fe",48,TRUE,31.390156062425,275.549960020019,0.243732465835483,-1.40492431022675,TRUE,FALSE
"Fe",49,TRUE,31.2629051620648,294.239394196395,0.252420254076554,-0.0635236754917375,TRUE,FALSE
"Fe",50,TRUE,31.2629051620648,317.517545727177,0.262011779976743,-0.0801424256702546,TRUE,TRUE
"Fe",51,TRUE,31.421968787515,298.904648870668,0.254031586345222,-1.68593219872413,TRUE,FALSE
"Fe",52,TRUE,31.390156062425,266.177013180401,0.239540200465993,-1.40379963349944,TRUE,FALSE
"Fe",53,TRUE,31.2629051620648,275.873908969342,0.244305826008433,-0.0132342153834688,TRUE,FALSE
"Fe",54,TRUE,31.390156062425,321.537240205424,0.26397700273669,-1.29884287321182,TRUE,TRUE
"Fe",55,TRUE,31.390156062425,326.421345565028,0.265589987152014,-1.39385634717628,TRUE,TRUE
"Fe",56,TRUE,31.3265306122449,305.719679564473,0.257308496104565,-0.682392252478968,TRUE,FALSE
"Fe",57,TRUE,31.3265306122449,287.591869010614,0.249349968119567,-0.692955069539117,TRUE,FALSE
"Fe",58,TRUE,31.2629051620648,361.750910511655,0.279960475195706,-0.0878703991101248,TRUE,TRUE
"Fe",59,TRUE,31.2629051620648,300.966706668546,0.25466750599589,-0.197006024671431,TRUE,FALSE
"Fe",60,TRUE,31.2310924369748,311.514124942311,0.259483634310719,0.213310110946586,TRUE,FALSE
"Fe",61,TRUE,31.3265306122449,313.285938592035,0.260292801091261,-0.706209994006688,TRUE,FALSE
"Fe",62,TRUE,31.3265306122449,286.111374901461,0.248583787520326,-0.74611940584057,TRUE,FALSE
"Fe",63,TRUE,31.1992797118848,284.319756390394,0.247939531673455,0.60192085546508,TRUE,FALSE
"Fe",64,TRUE,31.2629051620648,401.71002797322,0.295013987726262,-0.112243424017423,TRUE,TRUE
"Fe",65,TRUE,31.3583433373349,308.209232199587,0.257955992599897,-1.0579188108199,TRUE,FALSE
"Fe",66,TRUE,31.2310924369748,246.565499894906,0.230490639463197,0.208956192932613,TRUE,FALSE
"Fe",67,TRUE,31.2310924369748,353.588562213811,0.277002095066408,0.302582795194755,TRUE,TRUE
"Fe",68,TRUE,31.3265306122449,361.071132546786,0.279752524750279,-0.721552619537745,TRUE,TRUE
"Fe",69,TRUE,31.2947178871549,358.898730286168,0.279020271055062,-0.368299307946503,TRUE,TRUE
"Fe",70,TRUE,31.2310924369748,366.157169453191,0.281812105458444,0.257372110249053,TRUE,TRUE
"Fe",71,TRUE,31.390156062425,308.455449914487,0.258263009613422,-1.36728711878896,TRUE,FALSE
"Fe",72,TRUE,31.2629051620648,379.90493791184,0.286967836149244,-0.0541685985654208,TRUE,TRUE
"Fe",73,TRUE,31.3583433373349,340.560752414592,0.271395138340883,-1.07079120571257,TRUE,TRUE
"Fe",74,TRUE,31.2629051620648,340.748937276618,0.27189774541446,-0.00128490836122041,TRUE,TRUE
"Fe",75,TRUE,31.2947178871549,239.533840756106,0.226875909528193,-0.52945903764366,TRUE,FALSE
"Fe",76,TRUE,31.390156062425,254.658517466631,0.234365004719601,-1.3913111970719,TRUE,FALSE
"Fe",77,TRUE,31.2947178871549,303.978299376774,0.256096226936375,-0.458801396534118,TRUE,FALSE
"Fe",78,TRUE,31.390156062425,297.931621899955,0.254114737054353,-1.30262851667854,TRUE,FALSE
"Fe",79,TRUE,31.3583433373349,299.62268207203,0.254359578801218,-1.04555946371655,TRUE,FALSE
"Fe",80,TRUE,31.3583433373349,385.202025234131,0.289020249766139,-1.02700023510052,TRUE,TRUE
"Fe",81,TRUE,31.2947178871549,299.632242093845,0.254373456401362,-0.442109213635495,TRUE,FALSE
"Fe",82,TRUE,31.2947178871549,310.701822475212,0.259444658908834,-0.366116447263193,TRUE,FALSE
"Fe",83,TRUE,31.3265306122449,325.530769692662,0.265363335631196,-0.702585356303045,TRUE,TRUE
"Fe",84,TRUE,31.3265306122449,297.995986232095,0.253777292548449,-0.725787407571176,TRUE,FALSE
"Fe",85,TRUE,31.2947178871549,304.467907863038,0.256542414823198,-0.382813746474455,TRUE,FALSE
"Fe",86,TRUE,31.2947178871549,296.446604747948,0.253257271540286,-0.361631618204991,TRUE,FALSE
"Fe",87,TRUE,31.2947178871549,304.77594531628,0.256437973755105,-0.48667298454163,TRUE,FALSE
"Fe",88,TRUE,31.2947178871549,303.236735313763,0.255965592185088,-0.40541514446582,TRUE,FALSE
"Fe",89,TRUE,31.3265306122449,331.418534979998,0.268018415267836,-0.647757914756976,TRUE,TRUE
"Fe",90,TRUE,31.1674669867947,322.879519870768,0.264390949159549,0.895221556541888,TRUE,TRUE
"Fe",91,TRUE,31.3583433373349,288.981963482649,0.249830308821862,-1.05536945619466,TRUE,FALSE
"Fe",92,TRUE,31.421968787515,282.720413585195,0.247219360824622,-1.68903919475941,TRUE,FALSE
"Fe",93,TRUE,31.3265306122449,351.019713929633,0.275616395549463,-0.760819231284743,TRUE,TRUE
"Fe",94,TRUE,31.5174069627851,334.082426478832,0.268922142727341,-2.61726424710862,TRUE,TRUE
"Fe",95,TRUE,31.2629051620648,302.76936897451,0.255497121553522,-0.184180144474635,TRUE,FALSE
"Fe",96,TRUE,31.2947178871549,321.965654580254,0.264066662913234,-0.361661035853082,TRUE,TRUE
"Fe",97,TRUE,31.2310924369748,355.25403340168,0.277145188404208,0.189995936711608,TRUE,TRUE
"Fe",98,TRUE,31.453781512605,290.982175264629,0.25100679330095,-1.9117562698077,TRUE,FALSE
"Fe",99,TRUE,31.3265306122449,280.894110964568,0.246348585654064,-0.704449337032853,TRUE,FALSE
"Fe",100,TRUE,31.2947178871549,323.815031124084,0.264672444087036,-0.361447909108379,TRUE,TRUE
"Fe",101,TRUE,31.3265306122449,284.416509482965,0.247846711833282,-0.73462663303985,TRUE,FALSE
"Fe",102,TRUE,31.3583433373349,324.283876136641,0.264510893997367,-1.14762455056911,TRUE,TRUE
"Fe",103,TRUE,31.3265306122449,341.12549501951,0.271552470130204,-0.734120613774866,TRUE,TRUE
"Fe",104,TRUE,31.2629051620648,327.540551251671,0.265985063248766,-0.134602251322621,TRUE,TRUE
"Fe",105,TRUE,31.2629051620648,381.962578778569,0.28741096652353,-0.1799238030853,TRUE,TRUE
"Fe",106,TRUE,31.1992797118848,358.710695263508,0.278547375072779,0.542169852164301,TRUE,TRUE
"Fe",107,TRUE,31.2629051620648,241.510280645363,0.228173805413875,-0.0982990696140427,TRUE,FALSE
"Fe",108,TRUE,31.453781512605,327.500019729244,0.265985750633762,-2.06455405570015,TRUE,TRUE
"Fe",109,TRUE,31.3583433373349,290.256320365481,0.250472749954423,-1.02345708635064,TRUE,FALSE
"Fe",110,TRUE,31.5174069627851,333.858690565278,0.268596439499557,-2.65300708792183,TRUE,TRUE
"Fe",111,TRUE,31.1992797118848,301.182336838762,0.255266126453911,0.610403228669778,TRUE,FALSE
"Fe",112,TRUE,31.2947178871549,331.039339320358,0.267609925777117,-0.430830527243427,TRUE,TRUE
"Fe",113,TRUE,31.6446578631453,255.386395209532,0.234662812312141,2.42836340954979,TRUE,FALSE
"Fe",114,TRUE,31.1992797118848,304.034646460236,0.25659024921412,0.61034043205858,TRUE,FALSE
"Fe",115,TRUE,31.3265306122449,351.549238584046,0.275848165248438,-0.724344510740541,TRUE,TRUE
"Fe",116,TRUE,31.421968787515,354.5290175702,0.276832991584376,-1.74763664755329,TRUE,TRUE
"Fe",117,TRUE,31.3583433373349,329.476918980921,0.26755237452611,-0.916570617072944,TRUE,TRUE
"Fe",118,TRUE,31.2947178871549,342.864628572027,0.272766007655792,-0.316576145414193,TRUE,TRUE
"Fe",119,TRUE,31.3583433373349,314.804929145507,0.260809954640503,-1.08651022488887,TRUE,FALSE
"Fe",120,TRUE,31.3265306122449,315.093262083135,0.261368534344364,-0.630189829847059,TRUE,FALSE
"Fe",121,TRUE,31.3265306122449,413.78497403682,0.299390841980411,-0.778420652503351,TRUE,TRUE
"Fe",122,TRUE,31.4855942376951,270.956242097864,0.241816029624789,-2.26808601153166,TRUE,FALSE
"Fe",123,TRUE,31.2947178871549,265.783736253615,0.239411398779209,-0.436471283599604,TRUE,FALSE
"Fe",124,TRUE,31.3265306122449,293.569237130516,0.251964995211152,-0.705613158722293,TRUE,FALSE
"Fe",125,TRUE,31.2629051620648,307.341103346938,0.257519217900642,-0.124822959842272,TRUE,FALSE
"Fe",126,TRUE,31.2310924369748,337.911553823223,0.270355474596754,0.215749960969683,TRUE,TRUE
"Fe",127,TRUE,31.2947178871549,397.756606620403,0.293983217283689,-0.361103817736747,TRUE,TRUE
"Fe",128,TRUE,31.3583433373349,357.122755210327,0.278128540061001,-1.02615770026296,TRUE,TRUE
"Fe",129,TRUE,31.3265306122449,306.713366556235,0.257723934128886,-0.638780799180693,TRUE,FALSE
"Fe",130,TRUE,31.1992797118848,283.021734994559,0.24683543867605,0.469814968772013,TRUE,FALSE
"Fe",131,TRUE,31.390156062425,323.043196888995,0.264359272080901,-1.36370153562738,TRUE,TRUE
"Fe",132,TRUE,31.2629051620648,303.426446376592,0.256105305384268,-0.0794454141030332,TRUE,FALSE
"Fe",133,TRUE,31.390156062425,351.200229441354,0.275876636755035,-1.36161040490163,TRUE,TRUE
"Fe",134,TRUE,31.2947178871549,307.81482084802,0.257997161415997,-0.392656897578815,TRUE,FALSE
"Fe",135,TRUE,31.2629051620648,271.69445897185,0.242245582124033,-0.0646969302528272,TRUE,FALSE
"Fe",136,TRUE,31.3265306122449,383.038428060619,0.287980061728772,-0.763502874910688,TRUE,TRUE
"Fe",137,TRUE,31.3583433373349,324.390266910702,0.265078355502371,-1.01586120754197,TRUE,TRUE
"Fe",138,TRUE,31.3583433373349,370.327477095554,0.282924285671724,-1.1280743344524,TRUE,TRUE
"Fe",139,TRUE,31.390156062425,270.910292889266,0.241741294568192,-1.39810220333322,TRUE,FALSE
"Fe",140,TRUE,31.390156062425,327.529624049392,0.266461096610979,-1.24268522583671,TRUE,TRUE
"Fe",141,TRUE,31.3265306122449,239.951716543148,0.227332095073471,-0.769993390661533,TRUE,FALSE
"Fe",142,TRUE,31.2947178871549,308.355699660855,0.258294896356143,-0.381731645841901,TRUE,FALSE
"Fe",143,TRUE,31.3265306122449,347.8872795046,0.274718395832395,-0.655492718727056,TRUE,TRUE
"Fe",144,TRUE,31.2629051620648,370.449890486162,0.283103232955258,-0.139482702533136,TRUE,TRUE
"Fe",145,TRUE,31.3583433373349,333.890319192897,0.26885044669749,-1.03362099686137,TRUE,TRUE
"Fe",146,TRUE,31.2947178871549,313.439790370778,0.260887292345288,-0.281368289647476,TRUE,FALSE
"Fe",147,TRUE,31.1674669867947,319.071941273849,0.262687591310831,0.885682463239686,TRUE,TRUE
"Fe",148,TRUE,31.1356542617047,322.157020450077,0.263911668503885,1.18036529136398,TRUE,TRUE
"Fe",149,TRUE,31.390156062425,323.769502169621,0.26496257051777,-1.26072725165126,TRUE,TRUE
"Fe",150,TRUE,31.2310924369748,260.779629287991,0.237029439559657,0.155859101839196,TRUE,FALSE
"Fe",151,TRUE,31.2310924369748,361.329664816281,0.280081994990371,0.320760285010339,TRUE,TRUE
"Fe",152,TRUE,31.4855942376951,322.309043623821,0.264026706183539,-2.32303001829518,TRUE,TRUE
"Fe",153,TRUE,31.3265306122449,292.507297985842,0.251623283634249,-0.709914687249472,TRUE,FALSE
"Fe",154,TRUE,31.4855942376951,259.140114907846,0.236433698429079,-2.26541813932404,TRUE,FALSE
"Fe",155,TRUE,31.453781512605,301.838063260986,0.255502856772787,-1.98371895285195,TRUE,FALSE
"Fe",156,TRUE,31.1992797118848,304.213699038398,0.256319433254826,0.542537419746951,TRUE,FALSE
"Fe",157,TRUE,31.2629051620648,264.75755908338,0.238773647075645,-0.160988634325068,TRUE,FALSE
"Fe",158,TRUE,31.453781512605,318.203937074756,0.262518703957293,-1.91401994719242,TRUE,TRUE
"Fe",159,TRUE,31.2947178871549,275.986626746355,0.244177008199797,-0.386366539144205,TRUE,FALSE
"Fe",160,TRUE,31.3583433373349,256.874296915661,0.235755148886728,-0.903621677347935,TRUE,FALSE
"Fe",161,TRUE,31.3583433373349,335.123811448698,0.269348096929439,-1.01718617226634,TRUE,TRUE
"Fe",162,TRUE,31.453781512605,296.448799526787,0.253381517402615,-1.83307950390572,TRUE,FALSE
"Fe",163,TRUE,31.3265306122449,307.130771611203,0.257642325047591,-0.730561146297428,TRUE,FALSE
"Fe",164,TRUE,31.2629051620648,344.713095560664,0.273577558169246,-0.0358708994965538,TRUE,TRUE
"Fe",165,TRUE,31.1992797118848,307.29640842614,0.257999819032644,0.593667189673164,TRUE,FALSE
"Fe",166,TRUE,31.2947178871549,326.132107842583,0.265764365410577,-0.370880890830431,TRUE,TRUE
"Fe",167,TRUE,31.1674669867947,344.10576670403,0.272607603761638,0.777503997856047,TRUE,TRUE
"Fe",168,TRUE,31.2629051620648,356.313625928617,0.278070959020493,-0.0252685124467556,TRUE,TRUE
"Fe",169,TRUE,31.390156062425,284.989660412208,0.248171661677055,-1.32142256790276,TRUE,FALSE
"Fe",170,TRUE,31.3583433373349,346.005943973096,0.273646609880113,-1.05698619985946,TRUE,TRUE
"Fe",171,TRUE,31.1674669867947,349.288662968443,0.274777169235869,0.839880194575074,TRUE,TRUE
"Fe",172,TRUE,31.3265306122449,291.224038216312,0.250771842480734,-0.740247222344461,TRUE,FALSE
"Fe",173,TRUE,31.390156062425,299.577184989394,0.254741359275554,-1.29294256803842,TRUE,FALSE
"Fe",174,TRUE,31.2947178871549,323.087160086142,0.264608736240245,-0.349247730494279,TRUE,TRUE
"Fe",175,TRUE,31.453781512605,384.796872366326,0.289019191219879,-1.93596344620727,TRUE,TRUE
"Fe",176,TRUE,31.2629051620648,282.485930138204,0.247056266604914,-0.0464168326837438,TRUE,FALSE
"Fe",177,TRUE,31.3265306122449,270.611133079055,0.241654819557629,-0.735642147291424,TRUE,FALSE
"Fe",178,TRUE,31.3265306122449,352.983598488016,0.27643824113905,-0.724429458761746,TRUE,TRUE
"Fe",179,TRUE,31.421968787515,269.357294525802,0.24129425807664,-1.61828675407164,TRUE,FALSE
"Fe",180,TRUE,31.2310924369748,346.92660818527,0.273991464402078,0.232234165030828,TRUE,TRUE
"Fe",181,TRUE,31.3265306122449,294.806212829469,0.252652651838905,-0.665439175416057,TRUE,FALSE
"Fe",182,TRUE,31.2947178871549,364.985526884217,0.28090942680836,-0.48502807892383,TRUE,TRUE
"Fe",183,TRUE,31.4855942376951,259.112758712624,0.236491171056375,-2.27671355488215,TRUE,FALSE
"Fe",184,TRUE,31.1992797118848,310.388998700365,0.258854611993885,0.529793508223906,TRUE,FALSE
"Fe",185,TRUE,31.453781512605,245.609494084409,0.230254959552354,-1.96402268940318,TRUE,FALSE
"Fe",186,TRUE,31.3265306122449,364.509029976198,0.281030508161382,-0.739021461096897,TRUE,TRUE
"Fe",187,TRUE,31.3265306122449,291.51917831996,0.251139329837067,-0.731011097954015,TRUE,FALSE
"Fe",188,TRUE,31.3265306122449,345.09034683019,0.273488560094582,-0.701089925862128,TRUE,TRUE
"Fe",189,TRUE,31.3265306122449,279.097735843987,0.245534215898897,-0.737632555164752,TRUE,FALSE
"Fe",190,TRUE,31.1992797118848,324.205108913663,0.264758333542256,0.53003483939481,TRUE,TRUE
"Fe",191,TRUE,31.2947178871549,321.509540271113,0.263498821179096,-0.456265190566711,TRUE,TRUE
"Fe",192,TRUE,31.390156062425,310.94397745727,0.25923230428481,-1.37903782124551,TRUE,FALSE
"Fe",193,TRUE,31.2947178871549,352.880289406202,0.2767079629505,-0.347972711750974,TRUE,TRUE
"Fe",194,TRUE,31.2947178871549,361.194513860216,0.279659362585625,-0.433514774998589,TRUE,TRUE
"Fe",195,TRUE,31.2629051620648,322.270316542147,0.264191868144266,-0.0467408488796329,TRUE,TRUE
"Fe",196,TRUE,31.390156062425,344.675789090774,0.27325906295183,-1.3412948684225,TRUE,TRUE
"Fe",197,TRUE,31.3265306122449,219.263619976332,0.217290385974008,-0.700193170449256,TRUE,FALSE
"Fe",198,TRUE,31.421968787515,356.483736451039,0.277691054940967,-1.73117039629353,TRUE,TRUE
"Fe",199,TRUE,31.421968787515,344.561542678354,0.273067610272203,-1.67077993938599,TRUE,TRUE
"Fe",200,TRUE,31.2629051620648,285.672810292863,0.248372514134268,-0.123744534430935,TRUE,FALSE
"Fe",201,TRUE,31.2947178871549,369.456479427946,0.283193790342568,-0.355365671872665,TRUE,TRUE
"Fe",202,TRUE,31.3583433373349,296.850130461429,0.253120671902131,-1.08859812835258,TRUE,FALSE
"Fe",203,TRUE,31.2629051620648,312.059891075295,0.259632541363337,-0.0989145019092219,TRUE,FALSE
"Fe",204,TRUE,31.2629051620648,354.262640160644,0.277007517484018,-0.0997344629559026,TRUE,TRUE
"Fe",205,TRUE,31.453781512605,309.997943210826,0.259159862334504,-1.91192905723106,TRUE,FALSE
"Fe",206,TRUE,31.3583433373349,392.8366697266,0.292245145673438,-0.957115903098952,TRUE,TRUE
"Fe",207,TRUE,31.1992797118848,334.878579461966,0.269239473224892,0.530009106988601,TRUE,TRUE
"Fe",208,TRUE,31.3265306122449,355.055290164836,0.277662177344175,-0.654788506270783,TRUE,TRUE
"Fe",209,TRUE,31.3265306122449,328.188465971046,0.266420977151024,-0.74449232441913,TRUE,TRUE
"Fe",210,TRUE,31.3265306122449,348.87518984965,0.275069066685732,-0.691073527400016,TRUE,TRUE
"Fe",211,TRUE,31.3583433373349,281.200433992717,0.246266368803863,-1.10158697183985,TRUE,FALSE
"Fe",212,TRUE,31.2310924369748,258.60693094267,0.236140409807146,0.149429381007254,TRUE,FALSE
"Fe",213,TRUE,31.3583433373349,332.713377559759,0.268468341337112,-0.986353951243746,TRUE,TRUE
"Fe",214,TRUE,31.1992797118848,336.931491789995,0.270115747293464,0.580400585122093,TRUE,TRUE
"Fe",215,TRUE,31.390156062425,307.551531541795,0.257821638796345,-1.37939108201823,TRUE,FALSE
"Fe",216,TRUE,31.3265306122449,328.241490444808,0.26636851819867,-0.763468974686088,TRUE,TRUE
"Fe",217,TRUE,31.1992797118848,313.35677237229,0.260127435467458,0.534370819394044,TRUE,FALSE
"Fe",218,TRUE,31.3265306122449,294.013765929478,0.251945164454226,-0.752671564690312,TRUE,FALSE
"Fe",219,TRUE,31.3583433373349,387.919565379757,0.289992685547112,-1.06578940215849,TRUE,TRUE
"Fe",220,TRUE,31.3265306122449,322.756638480443,0.263950627075962,-0.8162795461447,TRUE,TRUE
"Fe",221,TRUE,31.2947178871549,336.313342312986,0.269647640469058,-0.45240626469923,TRUE,TRUE
"Fe",222,TRUE,31.2629051620648,284.062181722403,0.247718200065983,-0.0981959795699097,TRUE,FALSE
"Fe",223,TRUE,31.2629051620648,280.59712795872,0.246095971700249,-0.117665021566108,TRUE,FALSE
"Fe",224,TRUE,31.4855942376951,284.999778349851,0.24823589214626,-2.29910150328357,TRUE,FALSE
"Fe",225,TRUE,31.2947178871549,301.245910160599,0.255270622115612,-0.354365049202968,TRUE,FALSE
"Fe",226,TRUE,31.2947178871549,294.759666542589,0.252566313884344,-0.374586994433736,TRUE,FALSE
"Fe",227,TRUE,31.2947178871549,264.11804330535,0.238805906092605,-0.39533980140853,TRUE,FALSE
"Fe",228,TRUE,31.1992797118848,318.815885302732,0.262660713456323,0.556567919098727,TRUE,TRUE
"Fe",229,TRUE,31.453781512605,323.117578197482,0.264625379468831,-1.9253419578168,TRUE,TRUE
"Fe",230,TRUE,31.2310924369748,352.492480656047,0.276151715602735,0.222996514497304,TRUE,TRUE
"Fe",231,TRUE,31.390156062425,310.859002759827,0.259491975831443,-1.30295597097805,TRUE,FALSE
"Fe",232,TRUE,31.3265306122449,398.353408866698,0.29434961336446,-0.666314613661936,TRUE,TRUE
"Fe",233,TRUE,31.2310924369748,301.247876213352,0.255028700450605,0.240394359564658,TRUE,FALSE
"Fe",234,TRUE,31.3583433373349,297.558385582755,0.253644342259184,-1.01626204179119,TRUE,FALSE
"Fe",235,TRUE,31.3583433373349,350.937133009624,0.275880319127427,-1.00453272117899,TRUE,TRUE
"Fe",236,TRUE,31.2310924369748,342.482892264925,0.271848867150802,0.143804139485977,TRUE,TRUE
"Fe",237,TRUE,31.2947178871549,335.760697123303,0.269505621275017,-0.436008544512088,TRUE,TRUE
"Fe",238,TRUE,31.3583433373349,297.137936380638,0.253526918487962,-0.98560887449589,TRUE,FALSE
"Fe",239,TRUE,31.2947178871549,327.644857487292,0.266313001833781,-0.387981698404418,TRUE,TRUE
"Fe",240,TRUE,31.2629051620648,262.865649866274,0.237841813941876,-0.171826985625568,TRUE,FALSE
"Fe",241,TRUE,31.453781512605,314.18908888867,0.26084094547887,-1.9445736364754,TRUE,FALSE
"Fe",242,TRUE,31.3583433373349,305.937055566906,0.256965614818336,-1.09128760993623,TRUE,FALSE
"Fe",243,TRUE,31.2629051620648,361.260542179668,0.279418156272634,-0.133596527590744,TRUE,TRUE
"Fe",244,TRUE,31.390156062425,275.982883846212,0.244356149619582,-1.2810135588408,TRUE,FALSE
"Fe",245,TRUE,31.2947178871549,284.155127886425,0.247676189783191,-0.418049957825148,TRUE,FALSE
"Fe",246,TRUE,31.2947178871549,318.742853541946,0.262888629252961,-0.327668657326892,TRUE,TRUE
"Fe",247,TRUE,31.1356542617047,394.626660704104,0.292261420766917,1.13352164069693,TRUE,TRUE
"Fe",248,TRUE,31.4855942376951,345.278008691701,0.273181669003937,-2.38269534813572,TRUE,TRUE
"Fe",249,TRUE,31.2629051620648,309.598653291794,0.258382225118272,-0.180015997963656,TRUE,FALSE
"Fe",250,TRUE,31.2629051620648,286.213652803784,0.248344759847631,-0.146747824163209,TRUE,FALSE
"Fe",251,TRUE,31.2310924369748,326.255252824145,0.265693357592687,0.231074710278292,TRUE,TRUE
"Fe",252,TRUE,31.2947178871549,335.431502734279,0.269229008832377,-0.45349575426767,TRUE,TRUE
"Fe",253,TRUE,31.3583433373349,327.865507935733,0.266364066519226,-0.993728737333414,TRUE,TRUE
"Fe",254,TRUE,31.3265306122449,340.143660489827,0.271200127974339,-0.814860652656624,TRUE,TRUE
"Fe",255,TRUE,31.4855942376951,341.096801339446,0.271736920509201,-2.31713961512706,TRUE,TRUE
"Fe",256,TRUE,31.3265306122449,315.826114951634,0.261355430956609,-0.768325623743292,TRUE,TRUE
"Fe",257,TRUE,31.453781512605,300.513470082539,0.254531406388284,-2.03525045494852,TRUE,FALSE
"Fe",258,TRUE,31.3265306122449,277.177844343191,0.244434187390998,-0.787585001548813,TRUE,FALSE
"Fe",259,TRUE,31.1674669867947,315.666265202513,0.261059961144037,0.856267883945826,TRUE,FALSE
"Fe",260,TRUE,31.2947178871549,254.415672850754,0.234478309030794,-0.366600351082981,TRUE,FALSE
"Fe",261,TRUE,31.3583433373349,320.505027865207,0.263275408493898,-1.07223055842084,TRUE,TRUE
"Fe",262,TRUE,31.2947178871549,339.15737535732,0.271055031507642,-0.39286033122253,TRUE,TRUE
"Fe",263,TRUE,31.2629051620648,337.396804123349,0.270395959855492,-0.0589611361898224,TRUE,TRUE
"Fe",264,TRUE,31.2310924369748,313.910098969265,0.260462276641677,0.2091024148318,TRUE,FALSE
"Fe",265,TRUE,31.3583433373349,310.925029362468,0.259304762350056,-1.03864997022386,TRUE,FALSE
"Fe",266,TRUE,31.3265306122449,309.859519345546,0.258909616383857,-0.7161149056868,TRUE,FALSE
"Fe",267,TRUE,31.453781512605,382.664176223296,0.288208201995596,-1.96359731318132,TRUE,TRUE
"Fe",268,TRUE,31.2947178871549,354.836696604647,0.277103293124146,-0.432571258491086,TRUE,TRUE
"Fe",269,TRUE,31.3583433373349,328.950721381836,0.267158313245397,-0.939098870132247,TRUE,TRUE
"Fe",270,TRUE,31.421968787515,366.132028476092,0.281341056299278,-1.76718195960158,TRUE,TRUE
"Fe",271,TRUE,31.1992797118848,297.07888279393,0.253268436217423,0.518141235696101,TRUE,FALSE
"Fe",272,TRUE,31.2310924369748,324.600866281882,0.264654339828166,0.180496850197399,TRUE,TRUE
"Fe",273,TRUE,31.421968787515,370.226765059942,0.28352930665312,-1.56810200362362,TRUE,TRUE
"Fe",274,TRUE,31.3265306122449,340.185638995817,0.271338421656755,-0.7135311542527,TRUE,TRUE
"Fe",275,TRUE,31.1992797118848,308.669819099415,0.258604482608901,0.592666849205233,TRUE,FALSE
"Fe",276,TRUE,31.2947178871549,300.795584773867,0.2551822148203,-0.333495354896326,TRUE,FALSE
"Fe",277,TRUE,31.3583433373349,294.087411753902,0.252202638105169,-1.03002634998116,TRUE,FALSE
"Fe",278,TRUE,31.390156062425,299.888582750973,0.25501632303992,-1.24989643472223,TRUE,FALSE
"Fe",279,TRUE,31.3265306122449,333.60014926415,0.268549488875371,-0.747049285697985,TRUE,TRUE
"Fe",280,TRUE,31.2629051620648,367.858744817078,0.281826769520558,-0.220732243339041,TRUE,TRUE
"Fe",281,TRUE,31.5174069627851,242.4101835885,0.228739903737264,-2.56509324761598,TRUE,FALSE
"Fe",282,TRUE,31.3265306122449,339.618309014179,0.271104214808014,-0.746541644862874,TRUE,TRUE
"Fe",283,TRUE,31.3265306122449,305.649986786278,0.257142028242861,-0.733631548439653,TRUE,FALSE
"Fe",284,TRUE,31.3583433373349,357.951690692088,0.278521431280223,-1.02043382068759,TRUE,TRUE
"Fe",285,TRUE,31.2310924369748,306.550004663458,0.257655652430501,0.29951527849686,TRUE,FALSE
"Fe",286,TRUE,31.2629051620648,272.214933985742,0.242500265285402,-0.110152510745448,TRUE,FALSE
"Fe",287,TRUE,31.421968787515,298.845473081923,0.253849370752942,-1.77477497125844,TRUE,FALSE
"Fe",288,TRUE,31.2629051620648,259.864702121439,0.236879747827546,-0.083150486824239,TRUE,FALSE
"Fe",289,TRUE,31.2310924369748,311.747582834655,0.259609363967091,0.200919247664692,TRUE,FALSE
"Fe",290,TRUE,31.3583433373349,287.187627662489,0.249015984194389,-1.02711194672126,TRUE,FALSE
"Fe",291,TRUE,31.390156062425,291.67476757267,0.250965435249095,-1.3771901416856,TRUE,FALSE
"Fe",292,TRUE,31.5174069627851,288.868075874853,0.249869420799724,-2.536374735458,TRUE,FALSE
"Fe",293,TRUE,31.3265306122449,325.156180906044,0.265306975730361,-0.65611554891822,TRUE,TRUE
"Fe",294,TRUE,31.4855942376951,357.732319110334,0.278345231957101,-2.34763241592203,TRUE,TRUE
"Fe",295,TRUE,31.453781512605,282.102448169411,0.246941073283622,-1.9796964124517,TRUE,FALSE
"Fe",296,TRUE,31.3265306122449,313.302599520634,0.260194775275722,-0.716789469388306,TRUE,FALSE
"Fe",297,TRUE,31.2947178871549,367.957040159645,0.282246358167127,-0.411833628179327,TRUE,TRUE
"Fe",298,TRUE,31.390156062425,383.750122419968,0.288392663690146,-1.3821948932393,TRUE,TRUE
"Fe",299,TRUE,31.3265306122449,334.3057137389,0.26902968635353,-0.705014982414774,TRUE,TRUE
"Fe",300,TRUE,31.1038415366146,298.33801961352,0.253711908662885,1.48462060530548,TRUE,FALSE
"Fe",301,TRUE,31.2629051620648,285.660263027293,0.248184855816184,-0.137181858610498,TRUE,FALSE
"Fe",302,TRUE,31.390156062425,364.697158652043,0.280924229184084,-1.41203460809867,TRUE,TRUE
"Fe",303,TRUE,31.1992797118848,407.978126445789,0.297220870635331,0.50688663640478,TRUE,TRUE
"Fe",304,TRUE,31.1992797118848,376.645610881692,0.285762099072303,0.57186427694986,TRUE,TRUE
"Fe",305,TRUE,31.453781512605,330.149397141303,0.266884943711668,-2.09714996047492,TRUE,TRUE
"Fe",306,TRUE,31.2629051620648,343.729971439035,0.272861357168301,-0.0708069215180705,TRUE,TRUE
"Fe",307,TRUE,31.3583433373349,324.590220083198,0.264679421212911,-1.14117344201534,TRUE,TRUE
"Fe",308,TRUE,31.2629051620648,339.109066074977,0.270944325708411,-0.0808518812456535,TRUE,TRUE
"Fe",309,TRUE,31.1992797118848,395.21080136599,0.292369811049628,0.518143845911127,TRUE,TRUE
"Fe",310,TRUE,31.390156062425,307.796133715908,0.258061780081196,-1.35177732126775,TRUE,FALSE
"Fe",311,TRUE,31.3265306122449,356.195643757713,0.277557953810045,-0.772416094113357,TRUE,TRUE
"Fe",312,TRUE,31.2947178871549,324.34674113555,0.264839056631961,-0.420626508088936,TRUE,TRUE
"Fe",313,TRUE,31.2629051620648,323.74302691943,0.264658863920154,-0.0631572968907105,TRUE,TRUE
"Fe",314,TRUE,31.2629051620648,304.373214844857,0.256521567293851,-0.0788561893192613,TRUE,FALSE
"Fe",315,TRUE,31.3583433373349,346.010181423315,0.273677108994084,-1.08448442934595,TRUE,TRUE
"Fe",316,TRUE,31.3265306122449,252.236912570565,0.233293277333361,-0.717171594092776,TRUE,FALSE
"Fe",317,TRUE,31.2629051620648,280.2883630927,0.246323728475199,-0.0282850109333502,TRUE,FALSE
"Fe",318,TRUE,31.453781512605,284.580502291844,0.247805879335034,-2.05520131593078,TRUE,FALSE
"Fe",319,TRUE,31.2310924369748,326.226471959471,0.265634275486537,0.23711765890209,TRUE,TRUE
"Fe",320,TRUE,31.3265306122449,292.309339045985,0.251372315507223,-0.708946061485217,TRUE,FALSE
"Fe",321,TRUE,31.2629051620648,282.907094461782,0.247182835817386,-0.0806790312337328,TRUE,FALSE
"Fe",322,TRUE,31.3265306122449,332.990238506242,0.268138545919484,-0.796232728312278,TRUE,TRUE
"Fe",323,TRUE,31.3583433373349,309.466901437735,0.258743517184253,-1.04936320009521,TRUE,FALSE
"Fe",324,TRUE,31.1992797118848,287.588242996136,0.24852665676684,0.369914294211813,TRUE,FALSE
"Fe",325,TRUE,31.3583433373349,289.567464147363,0.250427503021133,-0.969482940881767,TRUE,FALSE
"Fe",326,TRUE,31.3265306122449,320.177435005237,0.26306227166563,-0.76650420725067,TRUE,TRUE
"Fe",327,TRUE,31.390156062425,298.185664430162,0.25363292861629,-1.37737629668512,TRUE,FALSE
"Fe",328,TRUE,31.2629051620648,283.152504592038,0.247187163745118,-0.120723932719707,TRUE,FALSE
"Fe",329,TRUE,31.2947178871549,316.35030120407,0.261551835715409,-0.417026304468146,TRUE,TRUE
"Fe",330,TRUE,31.3265306122449,326.325771330484,0.265829948436768,-0.696552212544712,TRUE,TRUE
"Fe",331,TRUE,31.2947178871549,265.747005858674,0.239710937693751,-0.344840278314789,TRUE,FALSE
"Fe",332,TRUE,31.0720288115246,273.874752561544,0.243074263762778,1.84881214118405,TRUE,FALSE
"Fe",333,TRUE,31.3265306122449,310.906290585753,0.259156022979005,-0.744697926271805,TRUE,FALSE
"Fe",334,TRUE,31.1992797118848,260.034818587684,0.236537542971838,0.460546438037019,TRUE,FALSE
"Fe",335,TRUE,31.2947178871549,308.708055268404,0.25823270651928,-0.450014135579282,TRUE,FALSE
"Fe",336,TRUE,31.2947178871549,372.074065385164,0.28426938266463,-0.321883406906278,TRUE,TRUE
"Fe",337,TRUE,31.1992797118848,358.661005093218,0.278241353612078,0.461336134683667,TRUE,TRUE
"Fe",338,TRUE,31.3583433373349,266.886924638127,0.240201487534196,-0.955093462562596,TRUE,FALSE
"Fe",339,TRUE,31.421968787515,328.752466134917,0.267037253942833,-1.56589160335038,TRUE,TRUE
"Fe",340,TRUE,31.2947178871549,310.23775135858,0.259139674348946,-0.370058539935144,TRUE,FALSE
"Fe",341,TRUE,31.3265306122449,248.412903759258,0.231709737555061,-0.702728730034134,TRUE,FALSE
"Fe",342,TRUE,31.3583433373349,297.927212674778,0.253560413975113,-1.12337261744891,TRUE,FALSE
"Fe",343,TRUE,31.3265306122449,317.293165789201,0.261950618110782,-0.77066554092872,TRUE,TRUE
"Fe",344,TRUE,31.3583433373349,337.359662830605,0.270390645398039,-0.993635656686858,TRUE,TRUE
"Fe",345,TRUE,31.3265306122449,370.440334659732,0.283090543159675,-0.800233709698616,TRUE,TRUE
"Fe",346,TRUE,31.3583433373349,335.868654441668,0.269412525863731,-1.07911222502819,TRUE,TRUE
"Fe",347,TRUE,31.2310924369748,353.258482193003,0.276687747241787,0.212788609768854,TRUE,TRUE
"Fe",348,TRUE,31.3265306122449,310.314711630952,0.259143492559864,-0.673670553067807,TRUE,FALSE
"Fe",349,TRUE,31.2310924369748,326.178848349555,0.265370567088008,0.164708473199883,TRUE,TRUE
"Fe",350,TRUE,31.1038415366146,302.216479453653,0.25527338422635,1.44178030051794,TRUE,FALSE
"Fe",351,TRUE,31.3265306122449,301.036455922139,0.255277523968858,-0.67524086709531,TRUE,FALSE
"Fe",352,TRUE,31.3265306122449,352.095986131881,0.27623558265758,-0.705792825069845,TRUE,TRUE
"Fe",353,TRUE,31.2947178871549,356.644136714168,0.278121978024101,-0.345442059718417,TRUE,TRUE
"Fe",354,TRUE,31.2310924369748,283.425106759493,0.247186853746509,0.169769229378998,TRUE,FALSE
"Fe",355,TRUE,31.390156062425,284.501050889273,0.248227718232784,-1.2908532218829,TRUE,FALSE
"Fe",356,TRUE,31.2947178871549,337.880286806927,0.270446492129046,-0.406438300600892,TRUE,TRUE
"Fe",357,TRUE,31.421968787515,307.927490717355,0.257958534636873,-1.69369184898847,TRUE,FALSE
"Fe",358,TRUE,31.2947178871549,292.216057997221,0.251768338960661,-0.299934143586227,TRUE,FALSE
"Fe",359,TRUE,31.4855942376951,324.802966031371,0.265154849828369,-2.28777959390167,TRUE,TRUE
"Fe",360,TRUE,31.421968787515,339.760211923382,0.271334166901111,-1.66855010295095,TRUE,TRUE
"Fe",361,TRUE,31.390156062425,360.712409425867,0.279450446026851,-1.36128013084103,TRUE,TRUE
"Fe",362,TRUE,31.2310924369748,322.57571731032,0.264104465085514,0.184507412562089,TRUE,TRUE
"Fe",363,TRUE,31.2310924369748,299.275351191894,0.254199978562017,0.187425988675681,TRUE,FALSE
"Fe",364,TRUE,31.2629051620648,379.182934100306,0.286624308491758,-0.124530802039842,TRUE,TRUE
"Fe",365,TRUE,31.2947178871549,401.135294069697,0.294953525968973,-0.411101872927451,TRUE,TRUE
"Fe",366,TRUE,31.2947178871549,296.008976524123,0.252752604736183,-0.425810844162939,TRUE,FALSE
"Fe",367,TRUE,31.3583433373349,304.497397309855,0.256773757967832,-1.02002251992931,TRUE,FALSE
"Fe",368,TRUE,31.2629051620648,311.89901942952,0.259629151097881,-0.12529944683231,TRUE,FALSE
"Fe",369,TRUE,31.390156062425,327.487727342877,0.266084515019031,-1.37999323126335,TRUE,TRUE
"Fe",370,TRUE,31.390156062425,346.429706196448,0.273811285128312,-1.36403157193526,TRUE,TRUE
"Fe",371,TRUE,31.1992797118848,366.23024502936,0.281685709059285,0.56718327640926,TRUE,TRUE
"Fe",372,TRUE,31.390156062425,340.157568065785,0.271104874303397,-1.3802916423965,TRUE,TRUE
"Fe",373,TRUE,31.1674669867947,355.146969903052,0.276939401056815,0.814829104445977,TRUE,TRUE
"Fe",374,TRUE,31.453781512605,324.823735766853,0.264959761174657,-1.99785009048081,TRUE,TRUE
"Fe",375,TRUE,31.3583433373349,314.69083655507,0.260803213922096,-1.03355567901268,TRUE,FALSE
"Fe",376,TRUE,31.2947178871549,296.430461531371,0.253224755867315,-0.383999095642436,TRUE,FALSE
"Fe",377,TRUE,31.2947178871549,288.434881504999,0.249799160487546,-0.38049114364362,TRUE,FALSE
"Fe",378,TRUE,31.3265306122449,260.558082275368,0.237130050434648,-0.732288774470365,TRUE,FALSE
"Fe",379,TRUE,31.3583433373349,300.236893028027,0.254669623061458,-1.05792165783801,TRUE,FALSE
"Fe",380,TRUE,31.1674669867947,332.355953171403,0.268153465808883,0.908889225459274,TRUE,TRUE
"Fe",381,TRUE,31.1992797118848,326.456870461867,0.265507375077867,0.49438354781577,TRUE,TRUE
"Fe",382,TRUE,31.2310924369748,314.009849795831,0.260386617255128,0.194750311891931,TRUE,FALSE
"Fe",383,TRUE,31.2629051620648,310.153705309477,0.258721861029551,-0.129206583627733,TRUE,FALSE
"Fe",384,TRUE,31.3583433373349,267.816175784121,0.240756311291111,-0.989411085285751,TRUE,FALSE
"Fe",385,TRUE,31.390156062425,315.979323185801,0.261511647364881,-1.33982975673544,TRUE,TRUE
"Fe",386,TRUE,31.3265306122449,296.054686764005,0.253221645360767,-0.63654456333738,TRUE,FALSE
"Fe",387,TRUE,31.3265306122449,387.316983445711,0.290402656418695,-0.583825303637347,TRUE,TRUE
"Fe",388,TRUE,31.2947178871549,334.486530411144,0.26867405805098,-0.48592667659216,TRUE,TRUE
"Fe",389,TRUE,31.1992797118848,308.170533556583,0.258145427897438,0.571806355302645,TRUE,FALSE
"Fe",390,TRUE,31.3265306122449,386.458579428288,0.289670580110098,-0.692812926529035,TRUE,TRUE
"Fe",391,TRUE,31.2310924369748,306.983463166353,0.257851870789706,0.28168135935499,TRUE,FALSE
"Fe",392,TRUE,31.3265306122449,288.578302540091,0.249764033176517,-0.714804260832628,TRUE,FALSE
"Fe",393,TRUE,31.0720288115246,301.299029387867,0.254542614682358,1.67948403851414,TRUE,FALSE
"Fe",394,TRUE,31.3583433373349,282.864922582584,0.247127647827847,-1.03429518870899,TRUE,FALSE
"Fe",395,TRUE,31.2310924369748,318.983396059467,0.262709256080252,0.239210791305235,TRUE,TRUE
"Fe",396,TRUE,31.2629051620648,382.353338882638,0.288109107177074,-0.0495173895872728,TRUE,TRUE
"Fe",397,TRUE,31.3583433373349,311.716486791188,0.259395438144518,-1.09551660941139,TRUE,FALSE
"Fe",398,TRUE,31.2629051620648,355.348807377374,0.277126965630253,-0.14622034863029,TRUE,TRUE
"Fe",399,TRUE,31.3583433373349,340.1628247616,0.271634334256343,-0.987504940689052,TRUE,TRUE
"Fe",400,TRUE,31.421968787515,330.492933068573,0.267638789056213,-1.61194071666617,TRUE,TRUE
"Fe",401,TRUE,31.453781512605,334.785660388148,0.26905864417557,-2.01126783332076,TRUE,TRUE
"Fe",402,TRUE,31.3583433373349,400.508158449553,0.294760451246921,-1.05283128591718,TRUE,TRUE
"Fe",403,TRUE,31.2629051620648,294.372793007207,0.252329966067667,-0.0596897359583085,TRUE,FALSE
"Fe",404,TRUE,31.1674669867947,314.496531125012,0.260321399949445,0.758481766007133,TRUE,FALSE
"Fe",405,TRUE,31.2629051620648,329.934146699547,0.267273095602959,-0.0650015166810318,TRUE,TRUE
"Fe",406,TRUE,31.1674669867947,294.42680765941,0.252188785100589,0.853323917695834,TRUE,FALSE
"Fe",407,TRUE,31.3583433373349,322.938830463905,0.264100608107612,-1.06888409100223,TRUE,TRUE
"Fe",408,TRUE,31.1674669867947,262.009275265008,0.237920586320395,0.884168892231751,TRUE,FALSE
"Fe",409,TRUE,31.390156062425,308.770000709235,0.258616774055435,-1.25549926542458,TRUE,FALSE
"Fe",410,TRUE,31.2310924369748,294.413255976987,0.252189942620537,0.212425023748405,TRUE,FALSE
"Fe",411,TRUE,31.4855942376951,308.469174481126,0.258185577391237,-2.30453751522243,TRUE,FALSE
"Fe",412,TRUE,31.2310924369748,334.986569967127,0.269308881854954,0.212923055038391,TRUE,TRUE
"Fe",413,TRUE,31.3265306122449,274.081686406799,0.242794877636564,-0.842848399332532,TRUE,FALSE
"Fe",414,TRUE,31.453781512605,332.098913120466,0.268257808374685,-1.92406196889306,TRUE,TRUE
"Fe",415,TRUE,31.390156062425,286.687706669855,0.248856490241901,-1.33371249363317,TRUE,FALSE
"Fe",416,TRUE,31.3265306122449,295.059017430505,0.252528032955154,-0.708883707296198,TRUE,FALSE
"Fe",417,TRUE,31.2310924369748,281.42218087666,0.246500275501475,0.225426858935286,TRUE,FALSE
"Fe",418,TRUE,31.3583433373349,292.56447323741,0.251345640991601,-1.07523523149765,TRUE,FALSE
"Fe",419,TRUE,31.1992797118848,327.794471208798,0.265775793001641,0.429698362873991,TRUE,TRUE
"Fe",420,TRUE,31.2947178871549,308.323010972814,0.258109777918337,-0.449369637660494,TRUE,FALSE
"Fe",421,TRUE,31.2629051620648,301.806526904911,0.25494618319233,-0.218588885676847,TRUE,FALSE
"Fe",422,TRUE,31.2947178871549,280.265701675498,0.246271407297973,-0.373681312043043,TRUE,FALSE
"Fe",423,TRUE,31.2947178871549,303.83446987621,0.256239581642915,-0.438009302194249,TRUE,FALSE
"Fe",424,TRUE,31.3583433373349,272.537700004228,0.242374762962024,-1.09453546113333,TRUE,FALSE
"Fe",425,TRUE,31.421968787515,303.821999125718,0.256082800267917,-1.71179127771007,TRUE,FALSE
"Fe",426,TRUE,31.1674669867947,381.908247681121,0.287723088099203,0.892506637571155,TRUE,TRUE
"Fe",427,TRUE,31.2947178871549,362.607706600231,0.280445979181356,-0.404218721899108,TRUE,TRUE
"Fe",428,TRUE,31.3265306122449,287.434494811146,0.248880867460294,-0.812809112670665,TRUE,FALSE
"Fe",429,TRUE,31.1992797118848,297.461437177464,0.253438341338382,0.517901477698453,TRUE,FALSE
"Fe",430,TRUE,31.453781512605,319.249830270188,0.262962589164926,-1.91934358065068,TRUE,TRUE
"Fe",431,TRUE,31.1992797118848,315.948975557986,0.2614992216989,0.575389306454299,TRUE,TRUE
"Fe",432,TRUE,31.2629051620648,314.238289814297,0.260835736850272,-0.0580708997859323,TRUE,FALSE
"Fe",433,TRUE,31.2947178871549,337.533268397623,0.270217633227732,-0.406043341404919,TRUE,TRUE
"Fe",434,TRUE,31.2629051620648,313.890937752917,0.25990193690752,-0.22443587056433,TRUE,FALSE
"Fe",435,TRUE,31.3583433373349,296.675040374856,0.253412962940564,-1.01447921523038,TRUE,FALSE
"Fe",436,TRUE,31.1674669867947,386.103900913768,0.289071410111147,0.833543415025007,TRUE,TRUE
"Fe",437,TRUE,31.2947178871549,288.035829677893,0.24920990768822,-0.495727618558927,TRUE,FALSE
"Fe",438,TRUE,31.390156062425,277.637252822893,0.24495282176797,-1.30716714084531,TRUE,FALSE
"Fe",439,TRUE,31.3265306122449,305.775948314103,0.256909568906247,-0.782339785221232,TRUE,FALSE
"Fe",440,TRUE,31.3583433373349,356.539017796164,0.277834513134262,-1.03161528262817,TRUE,TRUE
"Fe",441,TRUE,31.1992797118848,296.974566409475,0.253258897912005,0.486668615730295,TRUE,FALSE
"Fe",442,TRUE,31.2629051620648,328.789783110052,0.266527830468645,-0.146851292820207,TRUE,TRUE
"Fe",443,TRUE,31.3265306122449,344.200543738313,0.272814206155118,-0.765360814880444,TRUE,TRUE
"Fe",444,TRUE,31.390156062425,336.154414304236,0.269552433858812,-1.37290060443825,TRUE,TRUE
"Fe",445,TRUE,31.1992797118848,297.090607821456,0.253668072135947,0.603285607762848,TRUE,FALSE
"Fe",446,TRUE,31.390156062425,354.428327524965,0.277085422383817,-1.38556622594811,TRUE,TRUE
"Fe",447,TRUE,31.2310924369748,326.203698577778,0.265443700455942,0.195911942205637,TRUE,TRUE
"Fe",448,TRUE,31.2310924369748,327.436414189682,0.266212968863628,0.219701006724554,TRUE,TRUE
"Fe",449,TRUE,31.2947178871549,326.028771404357,0.265454401653063,-0.448340235730851,TRUE,TRUE
"Fe",450,TRUE,31.1674669867947,338.358935899977,0.270509771659736,0.858392223695998,TRUE,TRUE
"Fe",451,TRUE,31.2310924369748,311.228163946655,0.259574329958474,0.294772155302168,TRUE,FALSE
"Fe",452,TRUE,31.3583433373349,313.090477235713,0.259937871077863,-1.11866103089031,TRUE,FALSE
"Fe",453,TRUE,31.2629051620648,273.224502477121,0.243065542010629,-0.0690606992073343,TRUE,FALSE
"Fe",454,TRUE,31.1674669867947,333.258867930467,0.268378156082666,0.834855543271468,TRUE,TRUE
"Fe",455,TRUE,31.421968787515,362.970510185231,0.280325736925706,-1.67921066323754,TRUE,TRUE
"Fe",456,TRUE,31.421968787515,318.491026071949,0.262418237503075,-1.66508291442147,TRUE,TRUE
"Fe",457,TRUE,31.4855942376951,310.746731314951,0.259105778284623,-2.3460659235911,TRUE,FALSE
"Fe",458,TRUE,31.3583433373349,375.187157907258,0.28514283112657,-1.06007414041137,TRUE,TRUE
"Fe",459,TRUE,31.2947178871549,340.574520273414,0.271473884781802,-0.430934577616497,TRUE,TRUE
"Fe",460,TRUE,31.2947178871549,393.60837275722,0.292504589881862,-0.369771658177725,TRUE,TRUE
"Fe",461,TRUE,31.3583433373349,269.155208898569,0.241169990591378,-1.03427420756294,TRUE,FALSE
"Fe",462,TRUE,31.2310924369748,315.515838011037,0.260974501705756,0.16153063278161,TRUE,FALSE
"Fe",463,TRUE,31.2629051620648,301.757698070158,0.255439967787349,-0.0674313932703447,TRUE,FALSE
"Fe",464,TRUE,31.1992797118848,309.802641914528,0.258479903338848,0.460107700484033,TRUE,FALSE
"Fe",465,TRUE,31.3583433373349,283.758426657032,0.247651305330761,-1.0393182022445,TRUE,FALSE
"Fe",466,TRUE,31.2947178871549,312.384765515287,0.260155973170812,-0.366359844441185,TRUE,FALSE
"Fe",467,TRUE,31.3265306122449,290.278765701925,0.250266005585891,-0.770426098186186,TRUE,FALSE
"Fe",468,TRUE,31.2629051620648,317.226999132623,0.262134665319643,-0.0284664028323397,TRUE,TRUE
"Fe",469,TRUE,31.1674669867947,300.424894774873,0.254665391529499,0.846937891232044,TRUE,FALSE
"Fe",470,TRUE,31.2947178871549,355.774416437423,0.277530569589297,-0.4015230349552,TRUE,TRUE
"Fe",471,TRUE,31.421968787515,272.239042541455,0.24244990345662,-1.67701211147966,TRUE,FALSE
"Fe",472,TRUE,31.2310924369748,365.805287019554,0.281614242573639,0.264865352633274,TRUE,TRUE
"Fe",473,TRUE,31.3265306122449,324.514529726636,0.265208804345569,-0.630844119090507,TRUE,TRUE
"Fe",474,TRUE,31.3583433373349,385.180936198897,0.28911108590777,-0.9933414292075,TRUE,TRUE
"Fe",475,TRUE,31.2310924369748,332.308719195514,0.268274844840469,0.2948638524132,TRUE,TRUE
"Fe",476,TRUE,31.2947178871549,284.053035404698,0.247769831207902,-0.385553988512993,TRUE,FALSE
"Fe",477,TRUE,31.3583433373349,309.301183377561,0.258469786876701,-1.06896907682713,TRUE,FALSE
"Fe",478,TRUE,31.2947178871549,297.143420095546,0.253249814117597,-0.455443353018026,TRUE,FALSE
"Fe",479,TRUE,31.3265306122449,332.223134552237,0.268015947882871,-0.737921127312877,TRUE,TRUE
"Fe",480,TRUE,31.2629051620648,308.953900897071,0.258370328380575,-0.128499948917255,TRUE,FALSE
"Fe",481,TRUE,31.2947178871549,351.046199301276,0.275646806291809,-0.417431459531463,TRUE,TRUE
"Fe",482,TRUE,31.2629051620648,296.45285683229,0.253299878582805,-0.0677046900071648,TRUE,FALSE
"Fe",483,TRUE,31.2310924369748,307.884175666006,0.258279238295619,0.277375819939699,TRUE,FALSE
"Fe",484,TRUE,31.2310924369748,380.638135674831,0.287423656075642,0.251868042031004,TRUE,TRUE
"Fe",485,TRUE,31.3583433373349,338.610987775895,0.270698183349255,-1.05477411459285,TRUE,TRUE
"Fe",486,TRUE,31.2947178871549,322.341623195544,0.263999192542394,-0.416077871458729,TRUE,TRUE
"Fe",487,TRUE,31.3265306122449,314.489634056369,0.261019494303243,-0.681997538794728,TRUE,FALSE
"Fe",488,TRUE,31.3583433373349,346.131563031304,0.273550349493508,-1.12141194096672,TRUE,TRUE
"Fe",489,TRUE,31.4855942376951,308.854548272143,0.258519992732041,-2.26568243081931,TRUE,FALSE
"Fe",490,TRUE,31.3265306122449,340.886475852056,0.271133486489838,-0.838339549994833,TRUE,TRUE
"Fe",491,TRUE,31.2310924369748,333.874563100665,0.268859955962298,0.210533347966657,TRUE,TRUE
"Fe",492,TRUE,31.2629051620648,294.494154139022,0.252111821926927,-0.105371233922477,TRUE,FALSE
"Fe",493,TRUE,31.421968787515,288.829369789503,0.249634867738343,-1.69576723743373,TRUE,FALSE
"Fe",494,TRUE,31.1992797118848,381.743347866955,0.287447335736799,0.507346562365093,TRUE,TRUE
"Fe",495,TRUE,31.3583433373349,324.525168741181,0.265457427764673,-0.935192718281063,TRUE,TRUE
"Fe",496,TRUE,31.3583433373349,244.65807515582,0.229673762625861,-1.05327177871522,TRUE,FALSE
"Fe",497,TRUE,31.3265306122449,369.733473678136,0.283332572967243,-0.705843710349735,TRUE,TRUE
"Fe",498,TRUE,31.421968787515,317.779795291902,0.262115536713017,-1.70685484998208,TRUE,TRUE
"Fe",499,TRUE,31.1674669867947,386.514181306342,0.289714560516396,0.950556581428167,TRUE,TRUE
"Fe",500,TRUE,31.3583433373349,335.814418397483,0.269345997965037,-1.08813963710464,TRUE,TRUE
"Fe",501,TRUE,31.390156062425,363.396220559705,0.280342308105068,-1.40966772168539,TRUE,TRUE
"Fe",502,TRUE,31.2629051620648,296.110185145235,0.252414127837097,-0.227581812889727,TRUE,FALSE
"Fe",503,TRUE,31.2629051620648,313.429331999128,0.26023602393239,-0.104778545274788,TRUE,FALSE
"Fe",504,TRUE,31.2310924369748,286.984513664878,0.248963330993773,0.207740116574067,TRUE,FALSE
"Fe",505,TRUE,31.3265306122449,375.608031943843,0.285354575631673,-0.744980026468898,TRUE,TRUE
"Fe",506,TRUE,31.421968787515,358.00699497917,0.278510087198934,-1.64247895829203,TRUE,TRUE
"Fe",507,TRUE,31.2310924369748,322.889065194148,0.264278443732634,0.216477897492215,TRUE,TRUE
"Fe",508,TRUE,31.2947178871549,321.340842710234,0.263610536735099,-0.398528044187686,TRUE,TRUE
"Fe",509,TRUE,31.1992797118848,286.035277444262,0.248761000548565,0.586363998837999,TRUE,FALSE
"Fe",510,TRUE,31.2947178871549,335.111809081645,0.269690768246484,-0.319212868247355,TRUE,TRUE
"Fe",511,TRUE,31.2310924369748,266.524383872894,0.239805817490836,0.221967676877308,TRUE,FALSE
"Fe",512,TRUE,31.3265306122449,314.595163714241,0.261019117284331,-0.668291988176121,TRUE,FALSE
"Fe",513,TRUE,31.3583433373349,333.279898312298,0.268560858232809,-1.02903430946475,TRUE,TRUE
"Fe",514,TRUE,31.3583433373349,261.261487449916,0.237501820954112,-1.05537000180303,TRUE,FALSE
"Fe",515,TRUE,31.453781512605,301.49573390921,0.25535859827166,-1.93790495657147,TRUE,FALSE
"Fe",516,TRUE,31.2947178871549,339.817568090772,0.271118901461876,-0.433144096491286,TRUE,TRUE
"Fe",517,TRUE,31.2629051620648,297.905087663521,0.254091322030842,-0.00321877150803513,TRUE,FALSE
"Fe",518,TRUE,31.2629051620648,353.891325679147,0.277131656479076,-0.00161704666593138,TRUE,TRUE
"Fe",519,TRUE,31.1992797118848,276.67682308477,0.244457431932111,0.545912253233864,TRUE,FALSE
"Fe",520,TRUE,31.2629051620648,336.359171024845,0.26994984871559,-0.0440041934645626,TRUE,TRUE
"Fe",521,TRUE,31.1038415366146,291.75198952277,0.250950884814197,1.48152264537917,TRUE,FALSE
"Fe",522,TRUE,31.2629051620648,265.840291910642,0.239394720607432,-0.158451516950808,TRUE,FALSE
"Fe",523,TRUE,31.3265306122449,322.278408619675,0.264298549073783,-0.691557487798715,TRUE,TRUE
"Fe",524,TRUE,31.3265306122449,316.430211969518,0.26163729706592,-0.730141874728354,TRUE,TRUE
"Fe",525,TRUE,31.3583433373349,298.251986356288,0.253794290694624,-1.08932302475679,TRUE,FALSE
"Fe",526,TRUE,31.3583433373349,356.300498968849,0.277389093009489,-1.13789493720812,TRUE,TRUE
"Fe",527,TRUE,31.1992797118848,295.329348431551,0.252509232687535,0.517981203790389,TRUE,FALSE
"Fe",528,TRUE,31.2629051620648,284.702483272735,0.247847685081093,-0.111629777041545,TRUE,FALSE
"Fe",529,TRUE,31.390156062425,304.466248378577,0.256783250550246,-1.31012669793819,TRUE,FALSE
"Fe",530,TRUE,31.2629051620648,350.468293236774,0.275391997267775,-0.0856179710662193,TRUE,TRUE
"Fe",531,TRUE,31.2629051620648,329.701897830253,0.266846110343263,-0.162363307142375,TRUE,TRUE
"Fe",532,TRUE,31.1992797118848,314.770374367494,0.261036486637889,0.561150652022753,TRUE,FALSE
"Fe",533,TRUE,31.5492196878751,304.833658078604,0.25673390505592,-2.86895502705379,TRUE,FALSE
"Fe",534,TRUE,31.2310924369748,327.444778199172,0.26642708237063,0.281740039272747,TRUE,TRUE
"Fe",535,TRUE,31.2947178871549,334.190540675729,0.269228216008482,-0.36830322737729,TRUE,TRUE
"Fe",536,TRUE,31.2629051620648,340.666131968599,0.271372859354639,-0.0922964919247373,TRUE,TRUE
"Fe",537,TRUE,31.421968787515,272.861047909829,0.242663081313195,-1.6991342013583,TRUE,FALSE
"Fe",538,TRUE,31.2947178871549,288.012691516183,0.249103039256198,-0.500947203882381,TRUE,FALSE
"Fe",539,TRUE,31.4855942376951,275.395015342715,0.243745619880648,-2.38202024250854,TRUE,FALSE
"Fe",540,TRUE,31.390156062425,331.991245521668,0.267900093126093,-1.40178719314518,TRUE,TRUE
"Fe",541,TRUE,31.390156062425,334.065334672259,0.268817239543936,-1.39070066453315,TRUE,TRUE
"Fe",542,TRUE,31.4855942376951,339.712225204591,0.271310271693146,-2.25331925428723,TRUE,TRUE
"Fe",543,TRUE,31.390156062425,308.281932315955,0.258423496555016,-1.33609606168689,TRUE,FALSE
"Fe",544,TRUE,31.1992797118848,254.860392792243,0.23437375353808,0.536113990790884,TRUE,FALSE
"Fe",545,TRUE,31.1992797118848,326.778390266819,0.265478381865029,0.476502048269904,TRUE,TRUE
"Fe",546,TRUE,31.2629051620648,373.767917210924,0.284200915932113,-0.171596629537042,TRUE,TRUE
"Fe",547,TRUE,31.390156062425,298.13677930542,0.253865024696832,-1.34656175409391,TRUE,FALSE
"Fe",548,TRUE,31.2629051620648,309.808127089382,0.25888827558864,-0.0670291882415853,TRUE,FALSE
"Fe",549,TRUE,31.2947178871549,347.736988559312,0.274192494998937,-0.456635431987487,TRUE,TRUE
"Fe",550,TRUE,31.421968787515,327.675466147111,0.266210305113518,-1.68081822817922,TRUE,TRUE
"Fe",551,TRUE,31.421968787515,302.48593607095,0.255724594809846,-1.70451650781437,TRUE,FALSE
"Fe",552,TRUE,31.421968787515,302.805754195224,0.25569851517821,-1.7122439247525,TRUE,FALSE
"Fe",553,TRUE,31.1674669867947,312.134406936252,0.259546657240645,0.833629974279122,TRUE,FALSE
"Fe",554,TRUE,31.2947178871549,378.518013275228,0.286681817981609,-0.306213184208988,TRUE,TRUE
"Fe",555,TRUE,31.3583433373349,338.283381616895,0.270686573791383,-1.00255152612127,TRUE,TRUE
"Fe",556,TRUE,31.390156062425,295.418225808454,0.252853205490604,-1.28810235787633,TRUE,FALSE
"Fe",557,TRUE,31.3583433373349,320.696214106996,0.263565468360981,-1.02836224991892,TRUE,TRUE
"Fe",558,TRUE,31.3265306122449,289.502515491082,0.249645864166235,-0.868501717992062,TRUE,FALSE
"Fe",559,TRUE,31.3265306122449,315.520435457996,0.261008576554747,-0.790994521025153,TRUE,FALSE
"Fe",560,TRUE,31.3265306122449,364.094344771795,0.280751113281188,-0.742299166264549,TRUE,TRUE
"Fe",561,TRUE,31.3265306122449,393.839758624006,0.292061998959993,-0.764156455206003,TRUE,TRUE
"Fe",562,TRUE,31.453781512605,325.270731403945,0.26521135446318,-2.01356358776257,TRUE,TRUE
"Fe",563,TRUE,31.1992797118848,306.207906262191,0.257637409914197,0.655878507201364,TRUE,FALSE
"Fe",564,TRUE,31.3265306122449,313.642064399125,0.260033729854026,-0.825764110004845,TRUE,FALSE
"Fe",565,TRUE,31.2947178871549,317.484917608447,0.262206989940862,-0.399461991081021,TRUE,TRUE
"Fe",566,TRUE,31.421968787515,305.109555776099,0.25687852161931,-1.67723586834082,TRUE,FALSE
"Fe",567,TRUE,31.3265306122449,371.208897211164,0.283646982717771,-0.712770304747943,TRUE,TRUE
"Fe",568,TRUE,31.2629051620648,289.499391495093,0.250068527603838,-0.134673837455958,TRUE,FALSE
"Fe",569,TRUE,31.390156062425,297.02856200319,0.253256734972036,-1.3633487537512,TRUE,FALSE
"Fe",570,TRUE,31.3583433373349,309.152979126438,0.25871200270779,-0.998800204817163,TRUE,FALSE
"Fe",571,TRUE,31.3265306122449,348.565678077852,0.27492867597916,-0.668745718076405,TRUE,TRUE
"Fe",572,TRUE,31.2629051620648,338.307991204826,0.270308026374763,-0.147592444187253,TRUE,TRUE
"Fe",573,TRUE,31.2310924369748,319.375822247798,0.262818554271956,0.264775686788958,TRUE,TRUE
"Fe",574,TRUE,31.3265306122449,302.985807179881,0.25598710351832,-0.704746144310475,TRUE,FALSE
"Fe",575,TRUE,31.4855942376951,382.878125602367,0.288344781568224,-2.15796128110181,TRUE,TRUE
"Fe",576,TRUE,31.2629051620648,282.890510038952,0.247319592970653,-0.0618233360293458,TRUE,FALSE
"Fe",577,TRUE,31.2947178871549,305.024265116612,0.257037216044842,-0.360939124827207,TRUE,FALSE
"Fe",578,TRUE,31.390156062425,318.335690637455,0.262427716322841,-1.3429601579757,TRUE,TRUE
"Fe",579,TRUE,31.2629051620648,330.177791624258,0.267164615331956,-0.156547614322072,TRUE,TRUE
"Fe",580,TRUE,31.1992797118848,275.630827920139,0.243614906448745,0.458590835718354,TRUE,FALSE
"Fe",581,TRUE,31.390156062425,351.224961226875,0.27598814796178,-1.27349596734452,TRUE,TRUE
"Fe",582,TRUE,31.390156062425,273.299883681655,0.242904814009489,-1.39991328756325,TRUE,FALSE
"Fe",583,TRUE,31.3265306122449,307.608540794996,0.25805955230674,-0.679223399428377,TRUE,FALSE
"Fe",584,TRUE,31.2947178871549,390.138893999264,0.291090607151011,-0.36643767865459,TRUE,TRUE
"Fe",585,TRUE,31.3583433373349,326.900790792312,0.265815836354524,-1.05633047136888,TRUE,TRUE
"Fe",586,TRUE,31.4855942376951,307.053398839537,0.257886977186785,-2.20882756294635,TRUE,FALSE
"Fe",587,TRUE,31.2947178871549,294.87731889033,0.252428676171206,-0.413327673121454,TRUE,FALSE
"Fe",588,TRUE,31.390156062425,348.392499593583,0.274549753311554,-1.3946179560421,TRUE,TRUE
"Fe",589,TRUE,31.5174069627851,298.895265634359,0.254238116835606,-2.54667982629193,TRUE,FALSE
"Fe",590,TRUE,31.421968787515,390.572520806786,0.291349983173507,-1.62457862251778,TRUE,TRUE
"Fe",591,TRUE,31.390156062425,345.918564998775,0.27372624544373,-1.32859422453298,TRUE,TRUE
"Fe",592,TRUE,31.2629051620648,315.32501667088,0.260955042407257,-0.127569212349658,TRUE,FALSE
"Fe",593,TRUE,31.4855942376951,317.861878080074,0.261908233838598,-2.41322386013465,TRUE,TRUE
"Fe",594,TRUE,31.2629051620648,329.038151479853,0.266566858635647,-0.131089700180088,TRUE,TRUE
"Fe",595,TRUE,31.2947178871549,294.620966903084,0.251833260186601,-0.527666561102616,TRUE,FALSE
"Fe",596,TRUE,31.2629051620648,289.899363335444,0.250368068749286,-0.0757159218268829,TRUE,FALSE
"Fe",597,TRUE,31.2947178871549,317.520279838046,0.262404670194282,-0.286372213395692,TRUE,TRUE
"Fe",598,TRUE,31.421968787515,296.045622712858,0.252948281306952,-1.63159087407364,TRUE,FALSE
"Fe",599,TRUE,31.3265306122449,302.137541441961,0.255444449340671,-0.734804359116528,TRUE,FALSE
"Fe",600,TRUE,31.2629051620648,326.234962322784,0.265559229993249,-0.130071345677731,TRUE,TRUE
"Fe",601,TRUE,31.421968787515,300.952612350367,0.255097143036399,-1.65177524485286,TRUE,FALSE
"Fe",602,TRUE,31.2629051620648,303.6671112529,0.256107679676671,-0.124825962825249,TRUE,FALSE
"Fe",603,TRUE,31.3265306122449,341.789764548093,0.272006489204161,-0.721412813240819,TRUE,TRUE
"Fe",604,TRUE,31.421968787515,323.223526505918,0.264322730118804,-1.67226601015371,TRUE,TRUE
"Fe",605,TRUE,31.2629051620648,298.70378085643,0.254034576585038,-0.0980176851993724,TRUE,FALSE
"Fe",606,TRUE,31.453781512605,347.787659791361,0.274681386836773,-1.94908342116346,TRUE,TRUE
"Fe",607,TRUE,31.2629051620648,291.020856385176,0.250666405632393,-0.0997610348625777,TRUE,FALSE
"Fe",608,TRUE,31.4855942376951,294.598371676511,0.252357887411703,-2.28984458436869,TRUE,FALSE
"Fe",609,TRUE,31.2947178871549,295.671022555007,0.252512889620572,-0.446013359816038,TRUE,FALSE
"Fe",610,TRUE,31.2947178871549,333.214952745878,0.268125439087451,-0.520264115106367,TRUE,TRUE
"Fe",611,TRUE,31.390156062425,332.470058519472,0.268174244916373,-1.36884263219312,TRUE,TRUE
"Fe",612,TRUE,31.2629051620648,263.831962063624,0.238411551702897,-0.148262152181539,TRUE,FALSE
"Fe",613,TRUE,31.3583433373349,281.636805141406,0.246716289402237,-1.04290737755896,TRUE,FALSE
"Fe",614,TRUE,31.2310924369748,332.4590142019,0.268190683525568,0.22653613794588,TRUE,TRUE
"Fe",615,TRUE,31.1674669867947,286.867704760727,0.248778088577345,0.843084964006331,TRUE,FALSE
"Fe",616,TRUE,31.2947178871549,374.207676325761,0.284761473637901,-0.407033309056991,TRUE,TRUE
"Fe",617,TRUE,31.2310924369748,273.310739148107,0.242761936587227,0.17925468765619,TRUE,FALSE
"Fe",618,TRUE,31.2310924369748,256.546948850394,0.235098180093484,0.150649430323402,TRUE,FALSE
"Fe",619,TRUE,31.2947178871549,360.00362701922,0.279334106254442,-0.411968853239107,TRUE,TRUE
"Fe",620,TRUE,31.3265306122449,312.316128778955,0.259867582268599,-0.726111487941766,TRUE,FALSE
"Fe",621,TRUE,31.2310924369748,326.740193074087,0.26619717358375,0.311512441714528,TRUE,TRUE
"Fe",622,TRUE,31.2629051620648,323.605666533404,0.264116571314944,-0.200011525085544,TRUE,TRUE
"Fe",623,TRUE,31.3265306122449,346.066906909299,0.273667039253874,-0.73440270401814,TRUE,TRUE
"Fe",624,TRUE,31.3265306122449,280.70570448206,0.246361812309132,-0.672762248315179,TRUE,FALSE
"Fe",625,TRUE,31.2310924369748,340.563061132995,0.270922020018647,0.0904475860819303,TRUE,TRUE
"Fe",626,TRUE,31.1674669867947,338.206116952949,0.270226494919617,0.813592586786999,TRUE,TRUE
"Fe",627,TRUE,31.1674669867947,305.093626082262,0.256466668761932,0.783075586345687,TRUE,FALSE
"Fe",628,TRUE,31.1992797118848,285.568014792044,0.248547510294712,0.574510579099155,TRUE,FALSE
"Fe",629,TRUE,31.390156062425,335.746154035598,0.26972612296319,-1.30566194800147,TRUE,TRUE
"Fe",630,TRUE,31.2629051620648,332.986648711118,0.268288054661514,-0.130464832067669,TRUE,TRUE
"Fe",631,TRUE,31.2629051620648,305.854194444491,0.257099166147553,-0.0792550990910244,TRUE,FALSE
"Fe",632,TRUE,31.2310924369748,327.031731963254,0.265941128410459,0.200905662012096,TRUE,TRUE
"Fe",633,TRUE,31.453781512605,365.535796310584,0.281357560744454,-2.01753498846655,TRUE,TRUE
"Fe",634,TRUE,31.1038415366146,275.792298543009,0.243568698046335,1.40512555764545,TRUE,FALSE
"Fe",635,TRUE,31.390156062425,325.700900693515,0.265474614731433,-1.34545609270328,TRUE,TRUE
"Fe",636,TRUE,31.2310924369748,272.505815090014,0.242689493660783,0.262835215442814,TRUE,FALSE
"Fe",637,TRUE,31.2947178871549,303.52622190492,0.255950584107286,-0.456044228726974,TRUE,FALSE
"Fe",638,TRUE,31.2947178871549,297.446436208971,0.25357468980345,-0.339496784098687,TRUE,FALSE
"Fe",639,TRUE,31.453781512605,314.910944533733,0.260716025967172,-2.06106725454453,TRUE,FALSE
"Fe",640,TRUE,31.2629051620648,269.188016359281,0.241093716478562,-0.100816859360624,TRUE,FALSE
"Fe",641,TRUE,31.3265306122449,254.000808449078,0.234133424598346,-0.725182737410028,TRUE,FALSE
"Fe",642,TRUE,31.3265306122449,244.063946703426,0.229244220569518,-0.781542979139309,TRUE,FALSE
"Fe",643,TRUE,31.3265306122449,351.230924237117,0.275786359218047,-0.738496418825896,TRUE,TRUE
"Fe",644,TRUE,31.2947178871549,252.049907842093,0.233275920714801,-0.364121057711978,TRUE,FALSE
"Fe",645,TRUE,31.2310924369748,354.98925777935,0.277107691313549,0.199823796466178,TRUE,TRUE
"Fe",646,TRUE,31.5174069627851,302.981072433319,0.256019674012246,-2.57206439355179,TRUE,FALSE
"Fe",647,TRUE,31.2310924369748,267.820322968411,0.240348026757199,0.212808743986462,TRUE,FALSE
"Fe",648,TRUE,31.3583433373349,285.456904579866,0.248210099114798,-1.06127532399654,TRUE,FALSE
"Fe",649,TRUE,31.3265306122449,376.201478801895,0.285862228032379,-0.648850708226091,TRUE,TRUE
"Fe",650,TRUE,31.4855942376951,328.119509252237,0.266561218884756,-2.23481046733395,TRUE,TRUE
"Fe",651,TRUE,31.1674669867947,367.545005461317,0.282357698205669,0.896591217589576,TRUE,TRUE
"Fe",652,TRUE,31.3265306122449,330.970312148812,0.267439483531627,-0.772634834711556,TRUE,TRUE
"Fe",653,TRUE,31.2629051620648,313.766116694512,0.260283043163404,-0.123431684604104,TRUE,FALSE
"Fe",654,TRUE,31.3265306122449,284.721251567831,0.248233170948954,-0.629282547910919,TRUE,FALSE
"Fe",655,TRUE,31.4855942376951,285.63741165422,0.248547772119062,-2.23725831160594,TRUE,FALSE
"Fe",656,TRUE,31.1992797118848,340.397672560501,0.27112077042768,0.471560546525549,TRUE,TRUE
"Fe",657,TRUE,31.3265306122449,257.802150208591,0.235512896294694,-0.824928596982866,TRUE,FALSE
"Fe",658,TRUE,31.2629051620648,358.950433438204,0.279151106104384,-0.00371654504784827,TRUE,TRUE
"Fe",659,TRUE,31.2310924369748,316.386585323425,0.26177499865653,0.269544904980985,TRUE,TRUE
"Fe",660,TRUE,31.3265306122449,362.928584708619,0.280258165625503,-0.736040763278248,TRUE,TRUE
"Fe",661,TRUE,31.2947178871549,312.576857204568,0.259880128772267,-0.433576901008943,TRUE,FALSE
"Fe",662,TRUE,31.421968787515,265.644714836695,0.239572081187305,-1.65985399081855,TRUE,FALSE
"Fe",663,TRUE,31.2947178871549,316.232894780107,0.26187970014388,-0.312620484143925,TRUE,TRUE
"Fe",664,TRUE,31.453781512605,314.304661871502,0.260917113352826,-1.92492429182249,TRUE,FALSE
"Fe",665,TRUE,31.3265306122449,326.163792721697,0.265628460246939,-0.700492107974454,TRUE,TRUE
"Fe",666,TRUE,31.2947178871549,312.679973291437,0.260301890352432,-0.350535634167042,TRUE,FALSE
"Fe",667,TRUE,31.390156062425,360.378789304965,0.279452609247838,-1.35525872923014,TRUE,TRUE
"Fe",668,TRUE,31.3265306122449,294.901626966499,0.252179102778133,-0.809477086698284,TRUE,FALSE
"Fe",669,TRUE,31.2310924369748,302.590742572741,0.255678024546,0.227926601263373,TRUE,FALSE
"Fe",670,TRUE,31.2947178871549,304.366925758297,0.256536987179194,-0.420660818342608,TRUE,FALSE
"Fe",671,TRUE,31.2310924369748,303.422587561487,0.256167474503967,0.220678158083125,TRUE,FALSE
"Fe",672,TRUE,31.390156062425,286.18977492332,0.248723527621521,-1.33424566690677,TRUE,FALSE
"Fe",673,TRUE,31.2310924369748,326.823729529816,0.265610181998975,0.154402709017661,TRUE,TRUE
"Fe",674,TRUE,31.3583433373349,256.130770296377,0.23532393783392,-0.965825702473775,TRUE,FALSE
"Fe",675,TRUE,31.3583433373349,348.072857790613,0.274587339586642,-1.04952044908128,TRUE,TRUE
"Fe",676,TRUE,31.3583433373349,338.703462585225,0.270614721514522,-1.08953103646371,TRUE,TRUE
"Fe",677,TRUE,31.3265306122449,338.703245498274,0.270852220613734,-0.683322496723822,TRUE,TRUE
"Fe",678,TRUE,31.3583433373349,366.865829010864,0.281966684366649,-1.04649203272805,TRUE,TRUE
"Fe",679,TRUE,31.453781512605,271.394087205662,0.242185008164393,-1.93191307672122,TRUE,FALSE
"Fe",680,TRUE,31.3583433373349,274.443160596,0.243324294324354,-1.05147991571031,TRUE,FALSE
"Fe",681,TRUE,31.3265306122449,303.926657739375,0.256610732041202,-0.6649177672096,TRUE,FALSE
"Fe",682,TRUE,31.2629051620648,333.877841369524,0.268912208696952,-0.0671023890217251,TRUE,TRUE
"Fe",683,TRUE,31.2629051620648,313.10117207929,0.260239278366091,-0.0975938247840483,TRUE,FALSE
"Fe",684,TRUE,31.3265306122449,333.113318216231,0.268737457113031,-0.663696917757795,TRUE,TRUE
"Fe",685,TRUE,31.2947178871549,298.117320470654,0.253735959872265,-0.44013149393686,TRUE,FALSE
"Fe",686,TRUE,31.3265306122449,333.209819474558,0.268644333691592,-0.7232675916756,TRUE,TRUE
"Fe",687,TRUE,31.3583433373349,310.787964830731,0.259129469918043,-1.1008602979891,TRUE,FALSE
"Fe",688,TRUE,31.3265306122449,300.674249025702,0.254736090633413,-0.786164820951167,TRUE,FALSE
"Fe",689,TRUE,31.390156062425,333.032786600758,0.268887892383722,-1.24792785168358,TRUE,TRUE
"Fe",690,TRUE,31.2947178871549,315.801039867002,0.261490667627189,-0.396521585031944,TRUE,TRUE
"Fe",691,TRUE,31.3265306122449,350.240561773243,0.275545240367319,-0.685248466732956,TRUE,TRUE
"Fe",692,TRUE,31.390156062425,366.486831479827,0.281822724658371,-1.37714513948106,TRUE,TRUE
"Fe",693,TRUE,31.421968787515,381.753433363689,0.287649223033652,-1.66996624758702,TRUE,TRUE
"Fe",694,TRUE,31.2629051620648,324.256116064118,0.26485307501781,-0.0738470462310199,TRUE,TRUE
"Fe",695,TRUE,31.4855942376951,340.22760333251,0.271146442660303,-2.35812858321775,TRUE,TRUE
"Fe",696,TRUE,31.2310924369748,334.34425569141,0.268971704427731,0.251973095311258,TRUE,TRUE
"Fe",697,TRUE,31.2629051620648,362.964061560878,0.280561185851188,-0.0183593519587122,TRUE,TRUE
"Fe",698,TRUE,31.2947178871549,257.800984448081,0.236053764368924,-0.346752187232425,TRUE,FALSE
"Fe",699,TRUE,31.1356542617047,314.555843268658,0.260462925930455,1.09034111591691,TRUE,FALSE
"Fe",700,TRUE,31.2310924369748,349.856232772469,0.274714868312824,0.120840145160015,TRUE,TRUE
"Fe",701,TRUE,31.3583433373349,264.708469320516,0.23884062735165,-1.09424293264098,TRUE,FALSE
"Fe",702,TRUE,31.3265306122449,370.661755285292,0.282997175059136,-0.841663760922577,TRUE,TRUE
"Fe",703,TRUE,31.3583433373349,369.79541551522,0.283286541791441,-1.01851785030341,TRUE,TRUE
"Fe",704,TRUE,31.390156062425,358.728494253947,0.278893067586604,-1.30795130956307,TRUE,TRUE
"Fe",705,TRUE,31.2310924369748,369.921406747766,0.28283701190909,0.160751039474429,TRUE,TRUE
"Fe",706,TRUE,31.1992797118848,328.536114994189,0.26637641771346,0.498568759892032,TRUE,TRUE
"Fe",707,TRUE,31.2629051620648,309.85161071828,0.258968978049509,-0.0391102208242446,TRUE,FALSE
"Fe",708,TRUE,31.421968787515,319.367659859031,0.262858972745569,-1.63863665586888,TRUE,TRUE
"Fe",709,TRUE,31.1038415366146,339.748641802216,0.270661968336806,1.42437075926452,TRUE,TRUE
"Fe",710,TRUE,31.2947178871549,331.309599570955,0.267741874881938,-0.390361127700862,TRUE,TRUE
"Fe",711,TRUE,31.3583433373349,338.785988623261,0.270876529913764,-1.046563413269,TRUE,TRUE
"Fe",712,TRUE,31.3583433373349,260.378502186682,0.23691280178003,-1.07856931464056,TRUE,FALSE
"Fe",713,TRUE,31.421968787515,352.176340115794,0.276526833464408,-1.57218128077837,TRUE,TRUE
"Fe",714,TRUE,31.1038415366146,281.557043952721,0.246340894586627,1.45836728223489,TRUE,FALSE
"Fe",715,TRUE,31.3583433373349,346.784559188276,0.273848639397886,-1.08041150270031,TRUE,TRUE
"Fe",716,TRUE,31.421968787515,324.280634204286,0.264806607597557,-1.7283295361532,TRUE,TRUE
"Fe",717,TRUE,31.390156062425,291.374324193117,0.250799539828032,-1.41463388520269,TRUE,FALSE
"Fe",718,TRUE,31.3583433373349,303.252147524949,0.256249437760502,-0.987410251843546,TRUE,FALSE
"Fe",719,TRUE,31.390156062425,312.152348305292,0.259897950548245,-1.3082663126784,TRUE,FALSE
"Fe",720,TRUE,31.390156062425,308.310514570462,0.257903388623874,-1.3866692950699,TRUE,FALSE
"Fe",721,TRUE,31.453781512605,305.970912759273,0.257168100477423,-1.99495505435861,TRUE,FALSE
"Fe",722,TRUE,31.390156062425,299.230964082868,0.25449572317106,-1.30753437305573,TRUE,FALSE
"Fe",723,TRUE,31.1992797118848,312.825795198634,0.260276131890503,0.62109723756188,TRUE,FALSE
"Fe",724,TRUE,31.2629051620648,324.320758353862,0.265004045554254,-0.06334311140127,TRUE,TRUE
"Fe",725,TRUE,31.3583433373349,304.091598984474,0.256296513093903,-1.0382149202071,TRUE,FALSE
"Fe",726,TRUE,31.3265306122449,320.294224887777,0.263149309183299,-0.726993608768629,TRUE,TRUE
"Fe",727,TRUE,31.390156062425,301.700916220929,0.255716304034961,-1.30355266964151,TRUE,FALSE
"Fe",728,TRUE,31.2629051620648,278.346216792581,0.245284340193945,-0.0888054898453173,TRUE,FALSE
"Fe",729,TRUE,31.3265306122449,292.608103562049,0.251458386997142,-0.680063619789564,TRUE,FALSE
"Fe",730,TRUE,31.3583433373349,357.259054418025,0.278335681462299,-1.01837164953559,TRUE,TRUE
"Fe",731,TRUE,31.421968787515,299.914919422721,0.25510028143884,-1.55543369310414,TRUE,FALSE
"Fe",732,TRUE,31.3265306122449,312.329662774199,0.260362099908148,-0.629324684284309,TRUE,FALSE
"Fe",733,TRUE,31.2310924369748,309.877219894018,0.259151915788405,0.296303851073019,TRUE,FALSE
"Fe",734,TRUE,31.5174069627851,334.93332805152,0.26923270077308,-2.59802731298393,TRUE,TRUE
"Fe",735,TRUE,31.390156062425,320.126772333872,0.26304200097189,-1.39112745204343,TRUE,TRUE
"Fe",736,TRUE,31.2947178871549,327.603277312737,0.266189121220863,-0.400482344712659,TRUE,TRUE
"Fe",737,TRUE,31.3265306122449,288.593401508363,0.249876368733643,-0.65627653767623,TRUE,FALSE
"Fe",738,TRUE,31.3265306122449,281.442185649736,0.246468664598449,-0.734518840024217,TRUE,FALSE
"Fe",739,TRUE,31.1992797118848,305.336956735256,0.25680948230749,0.521716236658626,TRUE,FALSE
"Fe",740,TRUE,31.2629051620648,269.469564700624,0.241254755057882,-0.0941651856621788,TRUE,FALSE
"Fe",741,TRUE,31.2310924369748,301.189335950485,0.255189411208652,0.250399298846356,TRUE,FALSE
"Fe",742,TRUE,31.2310924369748,284.626327385592,0.248188859591219,0.327900562576874,TRUE,FALSE
"Fe",743,TRUE,31.2947178871549,315.506231668819,0.261367204778944,-0.387511340615638,TRUE,FALSE
"Fe",744,TRUE,31.3265306122449,293.354467804224,0.251399880710142,-0.821715768798665,TRUE,FALSE
"Fe",745,TRUE,31.3265306122449,308.559899299901,0.258092025165488,-0.745232144162075,TRUE,FALSE
"Fe",746,TRUE,31.3265306122449,339.855026025308,0.271424445061542,-0.635637631162973,TRUE,TRUE
"Fe",747,TRUE,31.2310924369748,345.483459244256,0.273673539985845,0.28178633365252,TRUE,TRUE
"Fe",748,TRUE,31.2947178871549,358.945618954888,0.279142347528266,-0.373616996787426,TRUE,TRUE
"Fe",749,TRUE,31.390156062425,321.89338369694,0.264094792191722,-1.30065829986954,TRUE,TRUE
"Fe",750,TRUE,31.5174069627851,353.816828359022,0.277062127972508,-2.53312322154173,TRUE,TRUE
"Fe",751,TRUE,31.390156062425,276.165368176383,0.243747378312195,-1.47834837175194,TRUE,FALSE
"Fe",752,TRUE,31.3265306122449,375.265347536564,0.285249845167824,-0.678962120014013,TRUE,TRUE
"Fe",753,TRUE,31.2629051620648,274.299274159062,0.243421173739677,-0.0761221161925729,TRUE,FALSE
"Fe",754,TRUE,31.2629051620648,334.78259269045,0.269113861820009,-0.134193103776245,TRUE,TRUE
"Fe",755,TRUE,31.2629051620648,243.060545107576,0.228726867031082,-0.144499460420139,TRUE,FALSE
"Fe",756,TRUE,31.2947178871549,316.262787344383,0.261645611267538,-0.381726319337946,TRUE,TRUE
"Fe",757,TRUE,31.1992797118848,312.068674714871,0.259359761090178,0.457674743336163,TRUE,FALSE
"Fe",758,TRUE,31.3265306122449,269.872420008664,0.241553409707202,-0.690272146598883,TRUE,FALSE
"Fe",759,TRUE,31.3265306122449,293.015970340994,0.25150525461016,-0.761345792847295,TRUE,FALSE
"Fe",760,TRUE,31.390156062425,279.401753874758,0.245621877174854,-1.33955668760809,TRUE,FALSE
"Fe",761,TRUE,31.421968787515,324.989761875556,0.26537101867758,-1.60071356959541,TRUE,TRUE
"Fe",762,TRUE,31.2947178871549,387.622715030067,0.289630480692097,-0.470882628938232,TRUE,TRUE
"Fe",763,TRUE,31.390156062425,295.343264266406,0.252567223360826,-1.37753596646582,TRUE,FALSE
"Fe",764,TRUE,31.2629051620648,291.620128800872,0.25104841382689,-0.0643565161245235,TRUE,FALSE
"Fe",765,TRUE,31.2947178871549,355.724582791321,0.277682944986984,-0.387978393483533,TRUE,TRUE
"Fe",766,TRUE,31.2629051620648,321.216700256051,0.263654622772161,-0.0817318160895006,TRUE,TRUE
"Fe",767,TRUE,31.2310924369748,288.123416629213,0.249964472926019,0.366675693342108,TRUE,FALSE
"Fe",768,TRUE,31.2947178871549,323.495255101129,0.264226110100371,-0.500196086198869,TRUE,TRUE
"Fe",769,TRUE,31.2310924369748,334.405255711633,0.268841327586586,0.184493007130414,TRUE,TRUE
"Fe",770,TRUE,31.2629051620648,367.014296501002,0.281705159081142,-0.148637598031945,TRUE,TRUE
"Fe",771,TRUE,31.421968787515,292.837003862756,0.251242046400207,-1.74475024889251,TRUE,FALSE
"Fe",772,TRUE,31.2947178871549,327.548647998481,0.266271646845843,-0.399428351733931,TRUE,TRUE
"Fe",773,TRUE,31.3265306122449,387.823461993618,0.289976955207364,-0.712678841259851,TRUE,TRUE
"Fe",774,TRUE,31.2947178871549,352.673286935039,0.276290842871457,-0.422411269535468,TRUE,TRUE
"Fe",775,TRUE,31.421968787515,338.934259947483,0.270877655407246,-1.62403734688069,TRUE,TRUE
"Fe",776,TRUE,31.2629051620648,353.474166061224,0.27640671852547,-0.148268848774679,TRUE,TRUE
"Fe",777,TRUE,31.3265306122449,252.64459584579,0.233402051710349,-0.791053753613606,TRUE,FALSE
"Fe",778,TRUE,31.3583433373349,317.232175576852,0.261658799572919,-1.0792347964418,TRUE,TRUE
"Fe",779,TRUE,31.2947178871549,340.992548081053,0.271893158179499,-0.337074932918081,TRUE,TRUE
"Fe",780,TRUE,31.453781512605,312.246141503975,0.259643030781438,-2.06220453467268,TRUE,FALSE
"Fe",781,TRUE,31.3265306122449,314.261051266689,0.260462012863161,-0.755087968856362,TRUE,FALSE
"Fe",782,TRUE,31.2947178871549,379.569147243203,0.286686328624233,-0.47339329544114,TRUE,TRUE
"Fe",783,TRUE,31.390156062425,346.301783543062,0.274017171405773,-1.29181341767676,TRUE,TRUE
"Fe",784,TRUE,31.2947178871549,343.400745595316,0.27300522478241,-0.363586459241182,TRUE,TRUE
"Fe",785,TRUE,31.2947178871549,295.196456551085,0.252416502566242,-0.476409683085241,TRUE,FALSE
"Fe",786,TRUE,31.3265306122449,331.489587276532,0.267558243646494,-0.775401032076716,TRUE,TRUE
"Fe",787,TRUE,31.390156062425,279.989134199615,0.24585216442068,-1.35785590406949,TRUE,FALSE
"Fe",788,TRUE,31.3265306122449,301.001619108687,0.255260717519499,-0.690699328650434,TRUE,FALSE
"Fe",789,TRUE,31.1674669867947,298.73242745481,0.254129211425652,0.870829037788198,TRUE,FALSE
"Fe",790,TRUE,31.421968787515,329.42967677955,0.267123415329375,-1.67359724404164,TRUE,TRUE
"Fe",791,TRUE,31.3265306122449,317.216290875718,0.261994544603795,-0.704566371667131,TRUE,TRUE
"Fe",792,TRUE,31.3583433373349,309.527766596791,0.258482006778225,-1.05154177591583,TRUE,FALSE
"Fe",793,TRUE,31.3265306122449,322.170066775456,0.263987155361898,-0.703745971762902,TRUE,TRUE
"Fe",794,TRUE,31.3265306122449,352.670691633194,0.276119899852427,-0.728947937045004,TRUE,TRUE
"Fe",795,TRUE,31.3583433373349,296.669681875804,0.253238119719713,-1.02187510311341,TRUE,FALSE
"Fe",796,TRUE,31.2629051620648,276.505057276694,0.244375160082766,-0.0995166610408417,TRUE,FALSE
"Fe",797,TRUE,31.390156062425,376.663454342799,0.285914254607706,-1.29234575064955,TRUE,TRUE
"Fe",798,TRUE,31.2947178871549,337.443547601972,0.270658031303571,-0.329407739915711,TRUE,TRUE
"Fe",799,TRUE,31.3583433373349,378.17936688656,0.286671788731249,-0.970780039817479,TRUE,TRUE
"Fe",800,TRUE,31.2947178871549,339.161212972517,0.271075345054029,-0.363441296366833,TRUE,TRUE
"Fe",801,TRUE,31.453781512605,301.553956442424,0.255150987715649,-2.04453098810783,TRUE,FALSE
"Fe",802,TRUE,31.2629051620648,321.622418298738,0.26385203683325,-0.0524816614437592,TRUE,TRUE
"Fe",803,TRUE,31.453781512605,318.813627173407,0.26260640532235,-1.98685961578974,TRUE,TRUE
"Fe",804,TRUE,31.3583433373349,309.325466787019,0.25877903599006,-0.977692230437558,TRUE,FALSE
"Fe",805,TRUE,31.421968787515,337.040370792918,0.269900558323539,-1.72885499498906,TRUE,TRUE
"Fe",806,TRUE,31.1992797118848,321.960244457003,0.263937374825128,0.567549563210263,TRUE,TRUE
"Fe",807,TRUE,31.2947178871549,314.392952006314,0.260899476717715,-0.354825446192127,TRUE,FALSE
"Fe",808,TRUE,31.2947178871549,346.118162784906,0.273122324685918,-0.545767075471607,TRUE,TRUE
"Fe",809,TRUE,31.2629051620648,323.219905152023,0.264601511612167,-0.0471564477648238,TRUE,TRUE
"Fe",810,TRUE,31.3583433373349,312.017344806487,0.259537885070116,-1.14590834193804,TRUE,FALSE
"Fe",811,TRUE,31.2947178871549,323.249962480218,0.264333653653153,-0.402252563671768,TRUE,TRUE
"Fe",812,TRUE,31.2947178871549,369.072928116663,0.282925199858928,-0.404213216688382,TRUE,TRUE
"Fe",813,TRUE,31.2947178871549,306.179042836556,0.257376540504784,-0.407132650860197,TRUE,FALSE
"Fe",814,TRUE,31.3265306122449,339.507875855194,0.270899023509094,-0.766314686844074,TRUE,TRUE
"Fe",815,TRUE,31.2947178871549,281.973430362634,0.246626432702106,-0.449321001107882,TRUE,FALSE
"Fe",816,TRUE,31.2947178871549,267.132452285428,0.240306297453552,-0.328343409165795,TRUE,FALSE
"Fe",817,TRUE,31.3265306122449,339.852437384875,0.271133913377691,-0.747838198243781,TRUE,TRUE
"Fe",818,TRUE,31.390156062425,295.892981806885,0.253163118015078,-1.26352972374681,TRUE,FALSE
"Fe",819,TRUE,31.2947178871549,292.892703790524,0.251590500716902,-0.405158459548459,TRUE,FALSE
"Fe",820,TRUE,31.2947178871549,352.381138197113,0.276175058578206,-0.397800043526342,TRUE,TRUE
"Fe",821,TRUE,31.2629051620648,352.71455632432,0.276236227320724,-0.109196891715492,TRUE,TRUE
"Fe",822,TRUE,31.453781512605,285.992561515906,0.248335063646233,-2.08053657357084,TRUE,FALSE
"Fe",823,TRUE,31.3583433373349,339.432465838252,0.271338991417186,-0.945172007137481,TRUE,TRUE
"Fe",824,TRUE,31.4855942376951,289.567707242526,0.250144109562843,-2.27591764235369,TRUE,FALSE
"Fe",825,TRUE,31.3265306122449,315.368783675206,0.260969657208735,-0.766439231881031,TRUE,FALSE
"Fe",826,TRUE,31.421968787515,300.1111425955,0.25452514639116,-1.74255673511971,TRUE,FALSE
"Fe",827,TRUE,31.3583433373349,333.147763521712,0.268419956668605,-1.06237092129895,TRUE,TRUE
"Fe",828,TRUE,31.3583433373349,307.281370720304,0.257291183232423,-1.15104656393652,TRUE,FALSE
"Fe",829,TRUE,31.1356542617047,331.583942122955,0.267518810011803,1.11641491535784,TRUE,TRUE
"Fe",830,TRUE,31.2629051620648,319.467539764581,0.262963124342741,-0.0639618992442715,TRUE,TRUE
"Fe",831,TRUE,31.3265306122449,314.288077581697,0.260778181308649,-0.717596250039171,TRUE,FALSE
"Fe",832,TRUE,31.453781512605,295.451910998585,0.252787193360744,-1.90816215184364,TRUE,FALSE
"Fe",833,TRUE,31.1992797118848,285.129214819754,0.248064784772476,0.540174292747467,TRUE,FALSE
"Fe",834,TRUE,31.1674669867947,284.66340249239,0.247851533777791,0.839859829050966,TRUE,FALSE
"Fe",835,TRUE,31.2310924369748,311.509836545954,0.259599043948304,0.233208443443002,TRUE,FALSE
"Fe",836,TRUE,31.2947178871549,340.671274692099,0.27124525865922,-0.511200492280145,TRUE,TRUE
"Fe",837,TRUE,31.3265306122449,290.971878928734,0.250923833836471,-0.682896022987109,TRUE,FALSE
"Fe",838,TRUE,31.3583433373349,405.796232133169,0.296316473464457,-1.15795265509535,TRUE,TRUE
"Fe",839,TRUE,31.3583433373349,317.255887787423,0.262201996059862,-0.978344642905339,TRUE,TRUE
"Fe",840,TRUE,31.1992797118848,333.014744341699,0.268459445144502,0.566582990059408,TRUE,TRUE
"Fe",841,TRUE,31.421968787515,362.286614677363,0.280432593531264,-1.58297081175427,TRUE,TRUE
"Fe",842,TRUE,31.2310924369748,300.442874902623,0.254215396641984,0.0918496911679284,TRUE,FALSE
"Fe",843,TRUE,31.3583433373349,302.08222872798,0.255488395456793,-1.02953443677004,TRUE,FALSE
"Fe",844,TRUE,31.390156062425,359.812807069131,0.279131647349969,-1.38835445865523,TRUE,TRUE
"Fe",845,TRUE,31.453781512605,271.405503470458,0.242297003445327,-1.92284139694471,TRUE,FALSE
"Fe",846,TRUE,31.2947178871549,362.332213433148,0.279786528034876,-0.497363028806216,TRUE,TRUE
"Fe",847,TRUE,31.3265306122449,253.37528578908,0.234145601960429,-0.619693707884656,TRUE,FALSE
"Fe",848,TRUE,31.3265306122449,315.262497729563,0.26122374321685,-0.686227236968642,TRUE,FALSE
"Fe",849,TRUE,31.453781512605,288.791914816658,0.24968005040799,-2.01301262323635,TRUE,FALSE
"Fe",850,TRUE,31.2947178871549,333.726097054773,0.268878704411876,-0.358986730278918,TRUE,TRUE
"Fe",851,TRUE,31.4855942376951,266.012519673625,0.239597046467024,-2.37187307019653,TRUE,FALSE
"Fe",852,TRUE,31.3583433373349,326.833810528632,0.266182578547682,-0.950425322734714,TRUE,TRUE
"Fe",853,TRUE,31.421968787515,310.276886725864,0.259104215375765,-1.65689004052112,TRUE,FALSE
"Fe",854,TRUE,31.421968787515,328.930784641653,0.267206162004896,-1.55016859064593,TRUE,TRUE
"Fe",855,TRUE,31.3583433373349,336.477374159226,0.269685309689013,-1.10018061945459,TRUE,TRUE
"Fe",856,TRUE,31.2310924369748,345.957217274277,0.273711145664659,0.221548492192997,TRUE,TRUE
"Fe",857,TRUE,31.2629051620648,279.095916898905,0.245585454643937,-0.0713806786605416,TRUE,FALSE
"Fe",858,TRUE,31.421968787515,301.719913139656,0.255278940023498,-1.70019843745428,TRUE,FALSE
"Fe",859,TRUE,31.390156062425,259.967751057346,0.236616123057394,-1.43074925786096,TRUE,FALSE
"Fe",860,TRUE,31.3583433373349,352.347594241252,0.276294912533612,-1.04035350319541,TRUE,TRUE
"Fe",861,TRUE,31.2629051620648,259.436250460527,0.236333660729535,-0.186606710353179,TRUE,FALSE
"Fe",862,TRUE,31.5174069627851,318.449062771955,0.262248792063924,-2.6565983200761,TRUE,TRUE
"Fe",863,TRUE,31.2310924369748,284.439184652743,0.247743810088383,0.185148283918895,TRUE,FALSE
"Fe",864,TRUE,31.2629051620648,318.00698948842,0.262087588896649,-0.0966962515451446,TRUE,TRUE
"Fe",865,TRUE,31.1992797118848,378.606600704157,0.286314143751953,0.544810743059224,TRUE,TRUE
"Fe",866,TRUE,31.390156062425,282.991348009664,0.24736865877615,-1.30331404781883,TRUE,FALSE
"Fe",867,TRUE,31.421968787515,267.218606305152,0.240265294664476,-1.65749200403497,TRUE,FALSE
"Fe",868,TRUE,31.421968787515,324.96848981654,0.265217326939021,-1.61556395455016,TRUE,TRUE
"Fe",869,TRUE,31.3265306122449,309.359727622978,0.258693004372044,-0.719901626785396,TRUE,FALSE
"Fe",870,TRUE,31.3583433373349,317.611294689258,0.262262953231526,-0.995047165821455,TRUE,TRUE
"Fe",871,TRUE,31.2947178871549,325.544056742798,0.265534035749998,-0.34696429724878,TRUE,TRUE
"Fe",872,TRUE,31.390156062425,321.207128459275,0.263853751690455,-1.28627613316376,TRUE,TRUE
"Fe",873,TRUE,31.3265306122449,323.489399355276,0.26471364347201,-0.683652046031592,TRUE,TRUE
"Fe",874,TRUE,31.2310924369748,320.560477848389,0.263297232001602,0.263432275969252,TRUE,TRUE
"Fe",875,TRUE,31.2947178871549,342.352903905888,0.272043082089593,-0.43611055512664,TRUE,TRUE
"Fe",876,TRUE,31.421968787515,325.710604127301,0.265494988980693,-1.66277580421533,TRUE,TRUE
"Fe",877,TRUE,31.2629051620648,293.54162663576,0.251487225193944,-0.179377027827021,TRUE,FALSE
"Fe",878,TRUE,31.3583433373349,258.77949023256,0.236426023590782,-0.996007098150969,TRUE,FALSE
"Fe",879,TRUE,31.3583433373349,386.39379276603,0.289729716406004,-1.01179611904225,TRUE,TRUE
"Fe",880,TRUE,31.421968787515,347.737861052446,0.274779503289231,-1.59919140950488,TRUE,TRUE
"Fe",881,TRUE,31.3265306122449,302.100830167352,0.255506424909385,-0.725219088711641,TRUE,FALSE
"Fe",882,TRUE,31.3583433373349,300.620205949568,0.255113406505831,-0.972975033835103,TRUE,FALSE
"Fe",883,TRUE,31.421968787515,338.013587958212,0.270306528230681,-1.72452176822057,TRUE,TRUE
"Fe",884,TRUE,31.1992797118848,326.57603253072,0.26573930937799,0.521287826338022,TRUE,TRUE
"Fe",885,TRUE,31.2947178871549,320.612494738856,0.263349985824837,-0.400601357083188,TRUE,TRUE
"Fe",886,TRUE,31.453781512605,288.313328023253,0.249786958824837,-1.93994445878804,TRUE,FALSE
"Fe",887,TRUE,31.1992797118848,272.6749707357,0.242876902375235,0.600086833637933,TRUE,FALSE
"Fe",888,TRUE,31.390156062425,345.460259190948,0.273699773293237,-1.32730684584471,TRUE,TRUE
"Fe",889,TRUE,31.453781512605,330.405741504177,0.267365399525362,-1.96988673707448,TRUE,TRUE
"Fe",890,TRUE,31.3583433373349,298.425038473805,0.254177901122393,-0.997554223642289,TRUE,FALSE
"Fe",891,TRUE,31.3583433373349,323.609172608123,0.264579273429119,-1.01088328866279,TRUE,TRUE
"Fe",892,TRUE,31.421968787515,298.135614832839,0.253983476659473,-1.58699658487015,TRUE,FALSE
"Fe",893,TRUE,31.3265306122449,347.747330125147,0.274431005758837,-0.718679414814196,TRUE,TRUE
"Fe",894,TRUE,31.453781512605,357.610583036079,0.278501045289051,-1.90491187073478,TRUE,TRUE
"Fe",895,TRUE,31.390156062425,367.150755278612,0.281980133757028,-1.38777179999345,TRUE,TRUE
"Fe",896,TRUE,31.390156062425,275.53426446475,0.244106239454961,-1.30679477882382,TRUE,FALSE
"Fe",897,TRUE,31.421968787515,307.822486834128,0.258001906999752,-1.68771093566598,TRUE,FALSE
"Fe",898,TRUE,31.1356542617047,305.248769486688,0.256898207388154,1.21927580205481,TRUE,FALSE
"Fe",899,TRUE,31.3265306122449,306.733647038985,0.257539792464897,-0.748492598376086,TRUE,FALSE
"Fe",900,TRUE,31.2947178871549,365.242289073802,0.281424926979872,-0.364729296574237,TRUE,TRUE
"Fe",901,TRUE,31.2947178871549,271.762519307539,0.242136956217536,-0.479551522243353,TRUE,FALSE
"Fe",902,TRUE,31.1356542617047,303.013412186377,0.255967535024522,1.21315978540812,TRUE,FALSE
"Fe",903,TRUE,31.3265306122449,349.7859738049,0.275458416138835,-0.667592982052991,TRUE,TRUE
"Fe",904,TRUE,31.2629051620648,339.481719491559,0.271042488823176,-0.114585523711848,TRUE,TRUE
"Fe",905,TRUE,31.421968787515,350.70943348745,0.275730391084305,-1.62847230545074,TRUE,TRUE
"Fe",906,TRUE,31.2947178871549,332.663505025859,0.268207809522065,-0.447970299369889,TRUE,TRUE
"Fe",907,TRUE,31.1992797118848,379.242480475615,0.286568969858692,0.529793162877143,TRUE,TRUE
"Fe",908,TRUE,31.2947178871549,312.262375222424,0.260090242425971,-0.368394848690498,TRUE,FALSE
"Fe",909,TRUE,31.3265306122449,349.982539782196,0.274964991256752,-0.796725598097671,TRUE,TRUE
"Fe",910,TRUE,31.1992797118848,280.395190278336,0.246008178483658,0.530887964824738,TRUE,FALSE
"Fe",911,TRUE,31.2629051620648,310.517608654285,0.259116848901182,-0.0723263861433583,TRUE,FALSE
"Fe",912,TRUE,31.390156062425,347.612536026142,0.274151733147605,-1.43948523845142,TRUE,TRUE
"Fe",913,TRUE,31.2947178871549,329.209399614925,0.267100060169688,-0.354875519261423,TRUE,TRUE
"Fe",914,TRUE,31.3583433373349,374.746224866031,0.285363893352715,-0.950768463892118,TRUE,TRUE
"Fe",915,TRUE,31.390156062425,328.29762742894,0.26622045546293,-1.42852309734465,TRUE,TRUE
"Fe",916,TRUE,31.390156062425,304.128942333692,0.25617407407551,-1.4094139216221,TRUE,FALSE
"Fe",917,TRUE,31.3265306122449,275.109185447641,0.243831452927517,-0.695366530468868,TRUE,FALSE
"Fe",918,TRUE,31.5174069627851,317.011299950204,0.261453494775644,-2.72225362794749,TRUE,TRUE
"Fe",919,TRUE,31.2947178871549,323.799825482602,0.264769231085711,-0.340759787314343,TRUE,TRUE
"Fe",920,TRUE,31.2629051620648,369.14084284536,0.282921431214865,-0.075151248130392,TRUE,TRUE
"Fe",921,TRUE,31.1674669867947,316.973736868064,0.261705961354904,0.796796814926267,TRUE,TRUE
"Fe",922,TRUE,31.3265306122449,251.214317699087,0.233098397046935,-0.608619263722601,TRUE,FALSE
"Fe",923,TRUE,31.2947178871549,326.715867179423,0.265656292875227,-0.455905028857431,TRUE,TRUE
"Fe",924,TRUE,31.2947178871549,308.865795556169,0.25843289530163,-0.388805954890605,TRUE,FALSE
"Fe",925,TRUE,31.2629051620648,279.87165238545,0.245877854954655,-0.0965644981316234,TRUE,FALSE
"Fe",926,TRUE,31.2629051620648,328.478629332864,0.266186422887233,-0.187645958644692,TRUE,TRUE
"Fe",927,TRUE,31.2629051620648,270.551978660697,0.241967263652095,0.00562463468928321,TRUE,FALSE
"Fe",928,TRUE,31.3265306122449,381.575141346519,0.287558923216953,-0.696036783161243,TRUE,TRUE
"Fe",929,TRUE,31.1992797118848,279.839029319376,0.245996021992721,0.594030266180723,TRUE,FALSE
"Fe",930,TRUE,31.2947178871549,338.144693127793,0.270863311665693,-0.317169669573935,TRUE,TRUE
"Fe",931,TRUE,31.3583433373349,305.867022478347,0.25713390690074,-1.07719804574626,TRUE,FALSE
"Fe",932,TRUE,31.390156062425,302.07863279412,0.255627888452399,-1.32854637996744,TRUE,FALSE
"Fe",933,TRUE,31.4855942376951,313.784724857483,0.260283814004483,-2.38454136929178,TRUE,FALSE
"Fe",934,TRUE,31.3583433373349,282.89567073572,0.2474516720758,-0.97211164581804,TRUE,FALSE
"Fe",935,TRUE,31.2629051620648,316.257925126675,0.261697617348616,-0.0622060931770769,TRUE,TRUE
"Fe",936,TRUE,31.2310924369748,278.9169836847,0.245352105799892,0.195791332297503,TRUE,FALSE
"Fe",937,TRUE,31.390156062425,403.552267720924,0.295698165943512,-1.37107908908568,TRUE,TRUE
"Fe",938,TRUE,31.2629051620648,321.811226214346,0.263663390566241,-0.126536853107497,TRUE,TRUE
"Fe",939,TRUE,31.3265306122449,317.25303916574,0.262145897376451,-0.690492286448753,TRUE,TRUE
"Fe",940,TRUE,31.421968787515,304.317059396395,0.256484564664161,-1.62755709766778,TRUE,FALSE
"Fe",941,TRUE,31.5492196878751,305.482799089644,0.257059856363278,-2.87707707960095,TRUE,FALSE
"Fe",942,TRUE,31.2310924369748,285.628992208873,0.248141940190565,0.162825847777641,TRUE,FALSE
"Fe",943,TRUE,31.2947178871549,315.499980529366,0.261511879229005,-0.335273386399328,TRUE,FALSE
"Fe",944,TRUE,31.2629051620648,309.239400808821,0.258397538325164,-0.151004981765763,TRUE,FALSE
"Fe",945,TRUE,31.3583433373349,310.719342759534,0.259177117454872,-1.05639889179933,TRUE,FALSE
"Fe",946,TRUE,31.390156062425,240.483867007784,0.227807291294534,-1.31809630111043,TRUE,FALSE
"Fe",947,TRUE,31.2629051620648,304.79106882145,0.256716481604999,-0.0817472186864371,TRUE,FALSE
"Fe",948,TRUE,31.2629051620648,276.004205370436,0.244103449752576,-0.127216123586966,TRUE,FALSE
"Fe",949,TRUE,31.2629051620648,331.425098743314,0.268001767478299,-0.0163289595914515,TRUE,TRUE
"Fe",950,TRUE,31.2947178871549,334.810077201559,0.269111159438525,-0.416607193741091,TRUE,TRUE
"Fe",951,TRUE,31.3583433373349,364.407994771384,0.281096689351333,-1.03449986829814,TRUE,TRUE
"Fe",952,TRUE,31.421968787515,297.325710149824,0.253410321673247,-1.67891795265573,TRUE,FALSE
"Fe",953,TRUE,31.2629051620648,268.534805875968,0.24095129849381,-0.0506097836661851,TRUE,FALSE
"Fe",954,TRUE,31.1674669867947,268.208115525297,0.24061301973036,0.867193599533945,TRUE,FALSE
"Fe",955,TRUE,31.1992797118848,346.344321970245,0.273367735038165,0.439397284286135,TRUE,TRUE
"Fe",956,TRUE,31.3265306122449,341.803059410162,0.272306148582168,-0.65525869888866,TRUE,TRUE
"Fe",957,TRUE,31.421968787515,380.22549643402,0.287003230375481,-1.66794835226888,TRUE,TRUE
"Fe",958,TRUE,31.3265306122449,330.969789934111,0.267684140359375,-0.725988881586903,TRUE,TRUE
"Fe",959,TRUE,31.3265306122449,377.566279041021,0.28594803503936,-0.760718546876985,TRUE,TRUE
"Fe",960,TRUE,31.2310924369748,327.453427438821,0.266100723711566,0.206110068879093,TRUE,TRUE
"Fe",961,TRUE,31.390156062425,300.936900269025,0.25520871117901,-1.31709456961297,TRUE,FALSE
"Fe",962,TRUE,31.3265306122449,326.761149397978,0.265970061681044,-0.713119019748605,TRUE,TRUE
"Fe",963,TRUE,31.2629051620648,297.746496609851,0.253463771268287,-0.11934964420867,TRUE,FALSE
"Fe",964,TRUE,31.2629051620648,369.298006412451,0.2829117341018,-0.0544423487932313,TRUE,TRUE
"Fe",965,TRUE,31.3583433373349,253.547038468439,0.233937677573889,-1.02499586266315,TRUE,FALSE
"Fe",966,TRUE,31.3265306122449,302.841601382927,0.255654802699859,-0.764247333192631,TRUE,FALSE
"Fe",967,TRUE,31.3265306122449,337.197860941623,0.269912515576221,-0.748477005651041,TRUE,TRUE
"Fe",968,TRUE,31.2629051620648,280.157009368694,0.246000258514528,-0.0617325316828663,TRUE,FALSE
"Fe",969,TRUE,31.3265306122449,291.481278973246,0.250917221337455,-0.749983233992017,TRUE,FALSE
"Fe",970,TRUE,31.3583433373349,271.188408698399,0.241935048472608,-1.07223337759308,TRUE,FALSE
"Fe",971,TRUE,31.421968787515,310.208045235989,0.259115505112436,-1.64006965006092,TRUE,FALSE
"Fe",972,TRUE,31.2310924369748,306.387009624608,0.257357472244092,0.218408849025673,TRUE,FALSE
"Fe",973,TRUE,31.3583433373349,415.16623821606,0.300304947017969,-0.996700001623211,TRUE,TRUE
"Fe",974,TRUE,31.390156062425,243.955054252519,0.229461086548416,-1.34348227573698,TRUE,FALSE
"Fe",975,TRUE,31.2947178871549,311.111025720786,0.259242391308239,-0.443419881093164,TRUE,FALSE
"Fe",976,TRUE,31.2310924369748,330.172981768035,0.267503243736826,0.297208935900123,TRUE,TRUE
"Fe",977,TRUE,31.421968787515,306.726195475578,0.257348720862744,-1.73114858535056,TRUE,FALSE
"Fe",978,TRUE,31.2629051620648,333.107186159021,0.26869324459421,-0.014983882317465,TRUE,TRUE
"Fe",979,TRUE,31.421968787515,341.503964782882,0.271690681870703,-1.71577796211791,TRUE,TRUE
"Fe",980,TRUE,31.2629051620648,281.28184684947,0.246659475377435,-0.047982946976204,TRUE,FALSE
"Fe",981,TRUE,31.2310924369748,317.096448932628,0.261677266974583,0.180058981646619,TRUE,TRUE
"Fe",982,TRUE,31.4855942376951,313.694027657684,0.26049586578241,-2.2354521088057,TRUE,FALSE
"Fe",983,TRUE,31.3583433373349,310.995929597684,0.259668724454166,-0.985327834488038,TRUE,FALSE
"Fe",984,TRUE,31.2629051620648,305.973660729238,0.256573257654393,-0.205347789988956,TRUE,FALSE
"Fe",985,TRUE,31.3265306122449,336.563908014362,0.270146969826524,-0.662157626755636,TRUE,TRUE
"Fe",986,TRUE,31.453781512605,308.142208160015,0.258062298961969,-2.0101770635468,TRUE,FALSE
"Fe",987,TRUE,31.2947178871549,288.735742887349,0.249828309487098,-0.445213244498419,TRUE,FALSE
"Fe",988,TRUE,31.453781512605,336.775152654789,0.270034524501732,-1.97180063647181,TRUE,TRUE
"Fe",989,TRUE,31.2629051620648,308.216535583565,0.258131155642876,-0.0679998815067657,TRUE,FALSE
"Fe",990,TRUE,31.2947178871549,278.304726514111,0.245005094279924,-0.449275852165806,TRUE,FALSE
"Fe",991,TRUE,31.2947178871549,301.585458812027,0.255312601412987,-0.39050969923349,TRUE,FALSE
"Fe",992,TRUE,31.3265306122449,272.153234023897,0.242703437095266,-0.624522761733306,TRUE,FALSE
"Fe",993,TRUE,31.2947178871549,336.158319825226,0.269771222457238,-0.411457768888894,TRUE,TRUE
"Fe",994,TRUE,31.4855942376951,283.065784237914,0.247274928037406,-2.28628102105853,TRUE,FALSE
"Fe",995,TRUE,31.390156062425,312.516884909709,0.259967348488675,-1.37137800529418,TRUE,FALSE
"Fe",996,TRUE,31.2310924369748,348.75763271208,0.274872157568419,0.235964378770375,TRUE,TRUE
"Fe",997,TRUE,31.421968787515,308.476986577554,0.258169013605214,-1.6976844597064,TRUE,FALSE
"Fe",998,TRUE,31.3583433373349,301.299366615571,0.255052950512783,-1.11188535582732,TRUE,FALSE
"Fe",999,TRUE,31.1356542617047,297.171004546067,0.253211709138951,1.13957381064815,TRUE,FALSE
"Fe",1000,TRUE,31.2310924369748,304.657980055993,0.256992235349045,0.289726960776226,TRUE,FALSE
"Fe",1001,TRUE,31.2947178871549,310.810042037046,0.259538719752766,-0.386320233072669,TRUE,FALSE
"Fe",1002,TRUE,31.421968787515,334.239185614842,0.268859337426766,-1.74131817319129,TRUE,TRUE
"Fe",1003,TRUE,31.2629051620648,394.669344123499,0.292306196129024,-0.142994278821542,TRUE,TRUE
"Fe",1004,TRUE,31.3583433373349,286.804482167872,0.248977401640909,-1.06266731124835,TRUE,FALSE
"Fe",1005,TRUE,31.3265306122449,274.928552338412,0.243356747981685,-0.822846690214339,TRUE,FALSE
"Fe",1006,TRUE,31.2947178871549,307.870297249377,0.258136717550921,-0.360760906460818,TRUE,FALSE
"Fe",1007,TRUE,31.3265306122449,371.015516581663,0.283571675948753,-0.742046255828591,TRUE,TRUE
"Fe",1008,TRUE,31.3583433373349,305.103006181001,0.256823994910409,-1.02655070578117,TRUE,FALSE
"Fe",1009,TRUE,31.1992797118848,370.726552824675,0.283276757564234,0.529963454275114,TRUE,TRUE
"Fe",1010,TRUE,31.1674669867947,349.208037146631,0.274724982860369,0.813804403267685,TRUE,TRUE
"Fe",1011,TRUE,31.390156062425,317.384859055229,0.26193483977152,-1.31603478663132,TRUE,TRUE
"Fe",1012,TRUE,31.3265306122449,362.334256132103,0.280034330912355,-0.761797885213726,TRUE,TRUE
"Fe",1013,TRUE,31.3583433373349,356.798307210246,0.277851987430308,-1.06051313727848,TRUE,TRUE
"Fe",1014,TRUE,31.2629051620648,380.715555522901,0.287263405367488,-0.0971036603817548,TRUE,TRUE
"Fe",1015,TRUE,31.5174069627851,340.055008242181,0.271559509118802,-2.5195450335215,TRUE,TRUE
"Fe",1016,TRUE,31.421968787515,344.966709923874,0.27320323186893,-1.69767706175754,TRUE,TRUE
"Fe",1017,TRUE,31.3265306122449,364.395128385182,0.281315619221119,-0.62681516456576,TRUE,TRUE
"Fe",1018,TRUE,31.2947178871549,345.675906685503,0.273888889058177,-0.365970343713687,TRUE,TRUE
"Fe",1019,TRUE,31.3265306122449,282.197204989093,0.246609838780759,-0.815589464653173,TRUE,FALSE
"Fe",1020,TRUE,31.421968787515,298.457191708383,0.254221037930196,-1.5924176929048,TRUE,FALSE
"Fe",1021,TRUE,31.390156062425,345.102314519653,0.273400334814695,-1.35552585981473,TRUE,TRUE
"Fe",1022,TRUE,31.2947178871549,283.513209848357,0.247607546351412,-0.380505610315783,TRUE,FALSE
"Fe",1023,TRUE,31.3265306122449,314.873455023533,0.261077228924668,-0.683490774474398,TRUE,FALSE
"Fe",1024,TRUE,31.3265306122449,332.094048512885,0.267842407903414,-0.788467327472552,TRUE,TRUE
"Fe",1025,TRUE,31.2310924369748,253.872747463781,0.233861953216886,0.188554420082332,TRUE,FALSE
"Fe",1026,TRUE,31.3265306122449,280.2913108551,0.245670280543598,-0.797175822882027,TRUE,FALSE
"Fe",1027,TRUE,31.2629051620648,368.924238517623,0.282729621036131,-0.0751633417114928,TRUE,TRUE
"Fe",1028,TRUE,31.421968787515,347.20382687324,0.27427544089038,-1.64797866780354,TRUE,TRUE
"Fe",1029,TRUE,31.2947178871549,295.381478097059,0.252736700559018,-0.381010050572082,TRUE,FALSE
"Fe",1030,TRUE,31.3265306122449,332.280047207156,0.268218070570355,-0.713428770092914,TRUE,TRUE
"Fe",1031,TRUE,31.3265306122449,325.391413299932,0.265510141012704,-0.677138609892785,TRUE,TRUE
"Fe",1032,TRUE,31.1992797118848,268.100552685638,0.240678545819668,0.553346370339264,TRUE,FALSE
"Fe",1033,TRUE,31.3583433373349,280.549744191346,0.246030920678575,-1.09959830313502,TRUE,FALSE
"Fe",1034,TRUE,31.390156062425,329.180454604031,0.266861523148708,-1.32393136842287,TRUE,TRUE
"Fe",1035,TRUE,31.3265306122449,314.484905323914,0.261007979490332,-0.726107149736789,TRUE,FALSE
"Fe",1036,TRUE,31.421968787515,296.912339761995,0.253114039666973,-1.74004890518819,TRUE,FALSE
"Fe",1037,TRUE,31.2629051620648,274.862507572472,0.243683599515829,-0.0663404810766908,TRUE,FALSE
"Fe",1038,TRUE,31.1674669867947,361.556417643772,0.279457459273893,0.76871382162052,TRUE,TRUE
"Fe",1039,TRUE,31.3583433373349,345.46130926097,0.273422470882765,-1.0550693307939,TRUE,TRUE
"Fe",1040,TRUE,31.390156062425,298.990136323989,0.253978618691976,-1.44710688592879,TRUE,FALSE
"Fe",1041,TRUE,31.1992797118848,330.135793165079,0.267459189586539,0.603071864018546,TRUE,TRUE
"Fe",1042,TRUE,31.3265306122449,257.885252568704,0.235746224564176,-0.788795397600181,TRUE,FALSE
"Fe",1043,TRUE,31.3265306122449,339.098431843963,0.270879512761786,-0.722067872006661,TRUE,TRUE
"Fe",1044,TRUE,31.390156062425,295.025853370743,0.252556916595786,-1.36990633623503,TRUE,FALSE
"Fe",1045,TRUE,31.2947178871549,259.019484370221,0.236263190312139,-0.43284150694441,TRUE,FALSE
"Fe",1046,TRUE,31.2947178871549,351.856156062805,0.276734133185231,-0.255217262299751,TRUE,TRUE
"Fe",1047,TRUE,31.1992797118848,326.927964274347,0.265655757516473,0.493461535704178,TRUE,TRUE
"Fe",1048,TRUE,31.2310924369748,312.053344584521,0.259692437413512,0.235779214087769,TRUE,FALSE
"Fe",1049,TRUE,31.2310924369748,290.157640619988,0.250178722556224,0.179231714061675,TRUE,FALSE
"Fe",1050,TRUE,31.3583433373349,320.972860784654,0.263662034708637,-0.992600142949268,TRUE,TRUE
"Fe",1051,TRUE,31.3265306122449,329.55834025387,0.267240218208684,-0.645714613633357,TRUE,TRUE
"Fe",1052,TRUE,31.453781512605,273.628954337202,0.243182163950332,-1.99313307949995,TRUE,FALSE
"Fe",1053,TRUE,31.3265306122449,318.975017556879,0.262690530069238,-0.72637787944123,TRUE,TRUE
"Fe",1054,TRUE,31.2629051620648,338.555512068279,0.270639639789119,-0.097248895140805,TRUE,TRUE
"Fe",1055,TRUE,31.2629051620648,342.309497827526,0.272143322972328,-0.117200094192463,TRUE,TRUE
"Fe",1056,TRUE,31.2947178871549,334.093917822044,0.268885847743503,-0.384573232980984,TRUE,TRUE
"Fe",1057,TRUE,31.2947178871549,282.062032115859,0.246855508161258,-0.414363598901104,TRUE,FALSE
"Fe",1058,TRUE,31.2310924369748,273.720991100421,0.243162596606314,0.281316494904884,TRUE,FALSE
"Fe",1059,TRUE,31.390156062425,322.075011380044,0.264137881931382,-1.27338143034785,TRUE,TRUE
"Fe",1060,TRUE,31.3265306122449,314.348089683682,0.260859983190542,-0.706168699180608,TRUE,FALSE
"Fe",1061,TRUE,31.2947178871549,352.178322269189,0.27607791072349,-0.41138190752431,TRUE,TRUE
"Fe",1062,TRUE,31.421968787515,347.760088568036,0.274518884550179,-1.6865675664051,TRUE,TRUE
"Fe",1063,TRUE,31.3265306122449,326.253318202815,0.26548060695231,-0.770764599289493,TRUE,TRUE
"Fe",1064,TRUE,31.2310924369748,296.954518021918,0.253306439658919,0.197937138688538,TRUE,FALSE
"Fe",1065,TRUE,31.2310924369748,323.433562570543,0.264163750976881,0.126678495599526,TRUE,TRUE
"Fe",1066,TRUE,31.2310924369748,331.84504156942,0.267876992959271,0.207654204533175,TRUE,TRUE
"Fe",1067,TRUE,31.2310924369748,288.010494007252,0.249447446649253,0.272575852629372,TRUE,FALSE
"Fe",1068,TRUE,31.390156062425,327.765662822913,0.266309653166362,-1.37648810067147,TRUE,TRUE
"Fe",1069,TRUE,31.2947178871549,396.477920975457,0.293266309875303,-0.409005247499674,TRUE,TRUE
"Fe",1070,TRUE,31.2310924369748,289.837449971854,0.250327169127724,0.246937779266961,TRUE,FALSE
"Fe",1071,TRUE,31.2947178871549,347.203326037859,0.274084106129674,-0.440889684562769,TRUE,TRUE
"Fe",1072,TRUE,31.3583433373349,304.419040125335,0.256229436805975,-1.12185856313868,TRUE,FALSE
"Fe",1073,TRUE,31.453781512605,286.278739179092,0.248646075391226,-2.02451713797255,TRUE,FALSE
"Fe",1074,TRUE,31.1992797118848,375.725033053234,0.285238516532003,0.547104612221047,TRUE,TRUE
"Fe",1075,TRUE,31.3265306122449,361.633090992291,0.279692728996201,-0.79054156226312,TRUE,TRUE
"Fe",1076,TRUE,31.3265306122449,316.547613495443,0.261684622881455,-0.714156775576076,TRUE,TRUE
"Fe",1077,TRUE,31.2629051620648,328.548556262725,0.266666343846664,-0.0542959612360851,TRUE,TRUE
"Fe",1078,TRUE,31.3265306122449,347.214996399949,0.274120811878113,-0.716392866667703,TRUE,TRUE
"Fe",1079,TRUE,31.2947178871549,375.863472036369,0.28569510637021,-0.344031127054103,TRUE,TRUE
"Fe",1080,TRUE,31.3583433373349,373.527982460486,0.284327096220972,-1.09035249129606,TRUE,TRUE
"Fe",1081,TRUE,31.5174069627851,305.807748640305,0.2570758615042,-2.55290333010987,TRUE,FALSE
"Fe",1082,TRUE,31.3583433373349,333.480929885753,0.269164597100476,-0.91395479128678,TRUE,TRUE
"Fe",1083,TRUE,31.390156062425,308.9273256843,0.258407300640372,-1.38280933656331,TRUE,FALSE
"Fe",1084,TRUE,31.421968787515,323.960813703526,0.264535401644685,-1.75272176044854,TRUE,TRUE
"Fe",1085,TRUE,31.390156062425,264.513956747995,0.2388724765785,-1.40295073734447,TRUE,FALSE
"Fe",1086,TRUE,31.1992797118848,313.43029478902,0.260353601974218,0.564862546375164,TRUE,FALSE
"Fe",1087,TRUE,31.2629051620648,368.901479373995,0.282688435730753,-0.0841729851920274,TRUE,TRUE
"Fe",1088,TRUE,31.3583433373349,392.884725998644,0.291956458148086,-1.00963475594573,TRUE,TRUE
"Fe",1089,TRUE,31.2629051620648,332.188973195115,0.268392911449851,-0.0274261749745222,TRUE,TRUE
"Fe",1090,TRUE,31.2629051620648,300.135933136449,0.254395144494723,-0.146770898148902,TRUE,FALSE
"Fe",1091,TRUE,31.3265306122449,386.686076508423,0.289574794467735,-0.682792972116862,TRUE,TRUE
"Fe",1092,TRUE,31.1674669867947,289.930259475425,0.250577242214845,0.953547837601777,TRUE,FALSE
"Fe",1093,TRUE,31.1992797118848,335.568858148285,0.269480855872556,0.539844402446891,TRUE,TRUE
"Fe",1094,TRUE,31.3583433373349,374.709593836365,0.285054265731544,-1.01801591813064,TRUE,TRUE
"Fe",1095,TRUE,31.453781512605,335.844008079197,0.269871071589083,-1.86600543731078,TRUE,TRUE
"Fe",1096,TRUE,31.2629051620648,302.508721162977,0.255885729991737,-0.0815757576185668,TRUE,FALSE
"Fe",1097,TRUE,31.3583433373349,284.697308198075,0.24799576926507,-1.05246120912928,TRUE,FALSE
"Fe",1098,TRUE,31.1992797118848,284.558014957245,0.247692687568906,0.51213792195218,TRUE,FALSE
"Fe",1099,TRUE,31.3583433373349,350.700351251505,0.275710801792826,-1.00875878427134,TRUE,TRUE
"Fe",1100,TRUE,31.2629051620648,270.078452662289,0.241435146274004,-0.0997743803149933,TRUE,FALSE
"Fe",1101,TRUE,31.3583433373349,326.965416698705,0.266222886516318,-0.987837125212342,TRUE,TRUE
"Fe",1102,TRUE,31.3583433373349,294.895102355935,0.252509972848601,-1.03441969524482,TRUE,FALSE
"Fe",1103,TRUE,31.3583433373349,319.553994507576,0.262747802133796,-1.07388623685881,TRUE,TRUE
"Fe",1104,TRUE,31.2310924369748,335.924740460124,0.269517366699028,0.217436879892086,TRUE,TRUE
"Fe",1105,TRUE,31.2310924369748,282.785340067267,0.246865621593025,0.171314974343739,TRUE,FALSE
"Fe",1106,TRUE,31.421968787515,314.597717285365,0.26084773981235,-1.66614333597987,TRUE,FALSE
"Fe",1107,TRUE,31.1674669867947,306.881672489792,0.257662521048935,0.895488431528991,TRUE,FALSE
"Fe",1108,TRUE,31.390156062425,277.388185110764,0.245025238723703,-1.25735774486384,TRUE,FALSE
"Fe",1109,TRUE,31.390156062425,328.216316466154,0.26612629128132,-1.4621495194026,TRUE,TRUE
"Fe",1110,TRUE,31.2310924369748,312.993422491708,0.260267595023923,0.223201229040753,TRUE,FALSE
"Fe",1111,TRUE,31.2947178871549,327.606925219933,0.266613672154245,-0.335959026405427,TRUE,TRUE
"Fe",1112,TRUE,31.421968787515,349.381054568924,0.274948751719773,-1.73370161319339,TRUE,TRUE
"Fe",1113,TRUE,31.2629051620648,302.748277485186,0.255718845900428,-0.107098046705697,TRUE,FALSE
"Fe",1114,TRUE,31.390156062425,311.602835594375,0.2597612725906,-1.32801348727372,TRUE,FALSE
"Fe",1115,TRUE,31.2629051620648,314.424429228205,0.26087691011538,-0.050952599143661,TRUE,FALSE
"Fe",1116,TRUE,31.3583433373349,312.064456323441,0.259638031201274,-1.06697582791909,TRUE,FALSE
"Fe",1117,TRUE,31.2629051620648,322.381750278384,0.263735637900136,-0.207171860324755,TRUE,TRUE
"Fe",1118,TRUE,31.1038415366146,274.073186520538,0.243279224973734,1.52538826594979,TRUE,FALSE
"Fe",1119,TRUE,31.2947178871549,368.902304485356,0.282907648538214,-0.380381968159861,TRUE,TRUE
"Fe",1120,TRUE,31.2310924369748,278.173173527339,0.244868840881573,0.162932450732895,TRUE,FALSE
"Fe",1121,TRUE,31.1992797118848,335.480302560158,0.269123753139305,0.473322458763496,TRUE,TRUE
"Fe",1122,TRUE,31.2310924369748,366.341013218929,0.281554085807273,0.193016030320402,TRUE,TRUE
"Fe",1123,TRUE,31.3583433373349,287.153511203717,0.248981888360174,-1.05382440738852,TRUE,FALSE
"Fe",1124,TRUE,31.421968787515,300.256978525517,0.254644226549619,-1.7033169772901,TRUE,FALSE
"Fe",1125,TRUE,31.3265306122449,296.544748348503,0.253234947336005,-0.69948922439937,TRUE,FALSE
"Fe",1126,TRUE,31.2947178871549,309.663018681503,0.258716140195238,-0.42793296814085,TRUE,FALSE
"Fe",1127,TRUE,31.1992797118848,301.559835713069,0.255144486842842,0.504502676222352,TRUE,FALSE
"Fe",1128,TRUE,31.3265306122449,330.973139219034,0.267158332118913,-0.846219221345557,TRUE,TRUE
"Fe",1129,TRUE,31.3583433373349,314.604641871129,0.260660131413548,-1.06394475554387,TRUE,FALSE
"Fe",1130,TRUE,31.2629051620648,246.31748371839,0.230496425209768,-0.0843884763816715,TRUE,FALSE
"Fe",1131,TRUE,31.3265306122449,290.468793694946,0.250573202373127,-0.729335629109132,TRUE,FALSE
"Fe",1132,TRUE,31.390156062425,333.616916175775,0.26870555546305,-1.37357895655887,TRUE,TRUE
"Fe",1133,TRUE,31.2629051620648,297.612825324136,0.253608237197101,-0.0660821254735931,TRUE,FALSE
"Fe",1134,TRUE,31.3265306122449,242.012087174209,0.228602755597491,-0.684795371570873,TRUE,FALSE
"Fe",1135,TRUE,31.390156062425,359.049256513583,0.278634737609188,-1.47212786396265,TRUE,TRUE
"Fe",1136,TRUE,31.3583433373349,294.916039798531,0.25240693474108,-1.05607854000365,TRUE,FALSE
"Fe",1137,TRUE,31.390156062425,351.227887961728,0.275723258502569,-1.40135249364085,TRUE,TRUE
"Fe",1138,TRUE,31.2947178871549,404.8254112205,0.296177372283942,-0.453143469713829,TRUE,TRUE
"Fe",1139,TRUE,31.390156062425,348.832674300386,0.274796225211511,-1.36693751484764,TRUE,TRUE
"Fe",1140,TRUE,31.390156062425,329.17335346484,0.266831955856291,-1.36408573855562,TRUE,TRUE
"Fe",1141,TRUE,31.2310924369748,302.987192634355,0.255768729188823,0.169971543937185,TRUE,FALSE
"Fe",1142,TRUE,31.2629051620648,343.433973556475,0.27214331525853,-0.219073838672072,TRUE,TRUE
"Fe",1143,TRUE,31.390156062425,314.73782826051,0.260810823870688,-1.35983690988727,TRUE,FALSE
"Fe",1144,TRUE,31.2310924369748,274.0168480188,0.24268144774075,0.101639837619427,TRUE,FALSE
"Fe",1145,TRUE,31.2629051620648,257.227834485695,0.235528910365353,-0.114130891761955,TRUE,FALSE
"Fe",1146,TRUE,31.390156062425,312.958497792403,0.260012226592351,-1.38955664865483,TRUE,FALSE
"Fe",1147,TRUE,31.2310924369748,325.920611489675,0.26526691963168,0.165351154438638,TRUE,TRUE
"Fe",1148,TRUE,31.2629051620648,251.174555933209,0.23233999268539,-0.212671460340359,TRUE,FALSE
"Fe",1149,TRUE,31.1674669867947,283.493419074408,0.247387497111508,0.850910356755497,TRUE,FALSE
"Fe",1150,TRUE,31.421968787515,259.069669834525,0.236230554105439,-1.75833218893676,TRUE,FALSE
"Fe",1151,TRUE,31.2310924369748,332.297357967642,0.268052982925034,0.196135410225805,TRUE,TRUE
"Fe",1152,TRUE,31.2310924369748,267.354331463248,0.240397294710382,0.269240776580093,TRUE,FALSE
"Fe",1153,TRUE,31.421968787515,337.692413486883,0.270344124859803,-1.68081063032455,TRUE,TRUE
"Fe",1154,TRUE,31.3265306122449,338.109386621261,0.270411891993226,-0.782119572409473,TRUE,TRUE
"Fe",1155,TRUE,31.3583433373349,314.055303160635,0.261005904456904,-0.976199997839447,TRUE,FALSE
"Fe",1156,TRUE,31.453781512605,405.366739899979,0.296571159945181,-1.99965054204966,TRUE,TRUE
"Fe",1157,TRUE,31.2947178871549,328.388228864093,0.26676668429841,-0.341383658535261,TRUE,TRUE
"Fe",1158,TRUE,31.2629051620648,387.92706930277,0.290061885277126,-0.104525505061959,TRUE,TRUE
"Fe",1159,TRUE,31.2947178871549,272.236695217959,0.242763445406595,-0.308020560981766,TRUE,FALSE
"Fe",1160,TRUE,31.3265306122449,325.338502668078,0.265602699308765,-0.649109336537446,TRUE,TRUE
"Fe",1161,TRUE,31.2947178871549,324.023658789267,0.264402131816147,-0.508177643524957,TRUE,TRUE
"Fe",1162,TRUE,31.5174069627851,360.92474833526,0.279601719965312,-2.61463956308034,TRUE,TRUE
"Fe",1163,TRUE,31.421968787515,319.837927520685,0.263343971848926,-1.60501670070932,TRUE,TRUE
"Fe",1164,TRUE,31.1674669867947,360.303413542461,0.279009297769434,0.782886945753101,TRUE,TRUE
"Fe",1165,TRUE,31.390156062425,361.190848178089,0.279781996858511,-1.35125629660107,TRUE,TRUE
"Fe",1166,TRUE,31.421968787515,335.703340994486,0.269637219673475,-1.59591611511881,TRUE,TRUE
"Fe",1167,TRUE,31.2947178871549,281.337673167174,0.246525422180524,-0.434979276876161,TRUE,FALSE
"Fe",1168,TRUE,31.2310924369748,338.852867130365,0.270744521853044,0.215357092324602,TRUE,TRUE
"Fe",1169,TRUE,31.3265306122449,259.002441878414,0.23663693196561,-0.674541150225105,TRUE,FALSE
"Fe",1170,TRUE,31.3265306122449,301.45169399119,0.255038640069154,-0.79868785727116,TRUE,FALSE
"Fe",1171,TRUE,31.2310924369748,282.913093632798,0.24698813060379,0.158449946661586,TRUE,FALSE
"Fe",1172,TRUE,31.1674669867947,274.053608046426,0.243163029655204,0.843393514353455,TRUE,FALSE
"Fe",1173,TRUE,31.2310924369748,350.611092833988,0.275987222010682,0.325491295149724,TRUE,TRUE
"Fe",1174,TRUE,31.2947178871549,279.876432780487,0.245890365189435,-0.393670584847211,TRUE,FALSE
"Fe",1175,TRUE,31.2947178871549,308.721778023124,0.258403947201639,-0.389257786073695,TRUE,FALSE
"Fe",1176,TRUE,31.4855942376951,304.816802721482,0.256559294592481,-2.3228662796605,TRUE,FALSE
"Fe",1177,TRUE,31.2629051620648,323.020513007975,0.264305321543643,-0.109751562998732,TRUE,TRUE
"Fe",1178,TRUE,31.390156062425,363.119730792006,0.280642464904853,-1.31797294372873,TRUE,TRUE
"Fe",1179,TRUE,31.3265306122449,270.231860127217,0.241251066390265,-0.835746484467247,TRUE,FALSE
"Fe",1180,TRUE,31.2629051620648,288.124390644614,0.249107357419393,-0.183353518233995,TRUE,FALSE
"Fe",1181,TRUE,31.3265306122449,319.432185624489,0.26302578766182,-0.700551251857882,TRUE,TRUE
"Fe",1182,TRUE,31.4855942376951,294.634235524711,0.252251827432172,-2.30373658526608,TRUE,FALSE
"Fe",1183,TRUE,31.390156062425,305.617000251,0.257144530747336,-1.31519900865105,TRUE,FALSE
"Fe",1184,TRUE,31.421968787515,278.537486101414,0.245081619103217,-1.73364803103577,TRUE,FALSE
"Fe",1185,TRUE,31.390156062425,314.062950118062,0.260857022321789,-1.29524930443418,TRUE,FALSE
"Fe",1186,TRUE,31.2629051620648,283.104198183265,0.247392464861142,-0.046780735442571,TRUE,FALSE
"Fe",1187,TRUE,31.3583433373349,259.535492350735,0.236765838809016,-1.00172446032064,TRUE,FALSE
"Fe",1188,TRUE,31.421968787515,300.952811361771,0.255022104533481,-1.65971163808597,TRUE,FALSE
"Fe",1189,TRUE,31.3265306122449,389.634131658384,0.29080302822133,-0.687945091639724,TRUE,TRUE
"Fe",1190,TRUE,31.2629051620648,347.006353660036,0.273516588152825,-0.23481341364186,TRUE,TRUE
"Fe",1191,TRUE,31.2310924369748,294.951645627531,0.252154037159935,0.184354984147606,TRUE,FALSE
"Fe",1192,TRUE,31.2947178871549,335.121405442055,0.269312376365899,-0.395156318780754,TRUE,TRUE
"Fe",1193,TRUE,31.2947178871549,293.819306098168,0.25217325742935,-0.400689974656422,TRUE,FALSE
"Fe",1194,TRUE,31.390156062425,277.001125036677,0.244529260539488,-1.34890414529932,TRUE,FALSE
"Fe",1195,TRUE,31.3583433373349,309.612915875572,0.258732415748044,-1.02954520302426,TRUE,FALSE
"Fe",1196,TRUE,31.2947178871549,320.375595558273,0.263447500729904,-0.361541209497744,TRUE,TRUE
"Fe",1197,TRUE,31.2629051620648,282.184262822974,0.247066617735481,-0.0578705336624821,TRUE,FALSE
"Fe",1198,TRUE,31.2947178871549,387.757845088352,0.289769708640829,-0.427125199784092,TRUE,TRUE
"Fe",1199,TRUE,31.2947178871549,273.6997887976,0.242710171731341,-0.499348962455165,TRUE,FALSE
"Fe",1200,TRUE,31.3265306122449,298.281643813636,0.253714247955007,-0.766815956976059,TRUE,FALSE
"Fe",1201,TRUE,31.2629051620648,306.185540560068,0.257341484655224,-0.0764885441611649,TRUE,FALSE
"Fe",1202,TRUE,31.5174069627851,286.163621267578,0.248669979991714,-2.57244217791877,TRUE,FALSE
"Fe",1203,TRUE,31.2947178871549,352.97074897362,0.276369096243969,-0.423850726915303,TRUE,TRUE
"Fe",1204,TRUE,31.4855942376951,388.738657764299,0.290465465407603,-2.29190474654225,TRUE,TRUE
"Fe",1205,TRUE,31.390156062425,434.805374768128,0.30738063333026,-1.37396484014315,TRUE,TRUE
"Fe",1206,TRUE,31.3265306122449,315.280351718907,0.2612630248506,-0.716163802145241,TRUE,FALSE
"Fe",1207,TRUE,31.3265306122449,347.258392694202,0.274283453938815,-0.68374205409578,TRUE,TRUE
"Fe",1208,TRUE,31.3265306122449,294.671418445565,0.252385203290759,-0.709752400526673,TRUE,FALSE
"Fe",1209,TRUE,31.3583433373349,311.772595273364,0.259891576764828,-0.963156934100381,TRUE,FALSE
"Fe",1210,TRUE,31.453781512605,273.00340667244,0.242806047196596,-2.00278661975931,TRUE,FALSE
"Fe",1211,TRUE,31.1674669867947,333.570562252973,0.268288424677842,0.781360712024176,TRUE,TRUE
"Fe",1212,TRUE,31.1992797118848,321.030053675074,0.263416544709403,0.527001951375029,TRUE,TRUE
"Fe",1213,TRUE,31.3583433373349,399.619365630743,0.29418415688003,-1.09451461667211,TRUE,TRUE
"Fe",1214,TRUE,31.3583433373349,315.102118337309,0.261009594823471,-1.03153312089815,TRUE,FALSE
"Fe",1215,TRUE,31.3265306122449,304.340724359802,0.256280471757121,-0.800972858588603,TRUE,FALSE
"Fe",1216,TRUE,31.3583433373349,314.283476609027,0.260559558929092,-1.07956861151842,TRUE,FALSE
"Fe",1217,TRUE,31.3265306122449,316.043665975975,0.261162975657605,-0.776850031305039,TRUE,TRUE
"Fe",1218,TRUE,31.2629051620648,321.944066001729,0.264322750265016,-0.0173886819168975,TRUE,TRUE
"Fe",1219,TRUE,31.2947178871549,303.860277520759,0.256311869112951,-0.419700879567781,TRUE,FALSE
"Fe",1220,TRUE,31.2629051620648,342.211394750027,0.27204227965022,-0.139019459732642,TRUE,TRUE
"Fe",1221,TRUE,31.3265306122449,288.030042667189,0.249393979629146,-0.75254623368037,TRUE,FALSE
"Fe",1222,TRUE,31.390156062425,270.923992269336,0.24192879704763,-1.33296954797466,TRUE,FALSE
"Fe",1223,TRUE,31.3265306122449,283.856848336848,0.247490364332363,-0.764777116528065,TRUE,FALSE
"Fe",1224,TRUE,31.453781512605,341.213507027695,0.271851061273573,-1.98865177991463,TRUE,TRUE
"Fe",1225,TRUE,31.2629051620648,299.525446652084,0.254330790240124,-0.116009983183192,TRUE,FALSE
"Fe",1226,TRUE,31.390156062425,272.854863449825,0.242839289201417,-1.29225563586369,TRUE,FALSE
"Fe",1227,TRUE,31.2629051620648,352.576852929475,0.276514504135495,-0.0542369264364026,TRUE,TRUE
"Fe",1228,TRUE,31.5492196878751,276.257672202024,0.244312598081529,-2.88895769695759,TRUE,FALSE
"Fe",1229,TRUE,31.2310924369748,378.709355292278,0.28644057814467,0.208238093226596,TRUE,TRUE
"Fe",1230,TRUE,31.421968787515,325.670582955633,0.265700571321646,-1.6300995161884,TRUE,TRUE
"Fe",1231,TRUE,31.1992797118848,353.382877158433,0.27659484187578,0.531918985746311,TRUE,TRUE
"Fe",1232,TRUE,31.2310924369748,356.58619465753,0.278017669301298,0.246660146041524,TRUE,TRUE
"Fe",1233,TRUE,31.5174069627851,333.106205470343,0.268418142808389,-2.62228785773701,TRUE,TRUE
"Fe",1234,TRUE,31.1992797118848,355.922473629309,0.27748404437196,0.527471118290111,TRUE,TRUE
"Fe",1235,TRUE,31.2629051620648,419.92008774645,0.301499286167776,-0.16953680789953,TRUE,TRUE
"Fe",1236,TRUE,31.3265306122449,352.739647496156,0.276097170991746,-0.807071705019138,TRUE,TRUE
"Fe",1237,TRUE,31.1992797118848,319.934711602457,0.26317921343376,0.56705624857699,TRUE,TRUE
"Fe",1238,TRUE,31.2629051620648,261.543329398125,0.237429001683597,-0.105800106311719,TRUE,FALSE
"Fe",1239,TRUE,31.2629051620648,286.780594429673,0.248989448033511,-0.0793282965201606,TRUE,FALSE
"Fe",1240,TRUE,31.3583433373349,311.864705176261,0.259980518052563,-0.969472501346946,TRUE,FALSE
"Fe",1241,TRUE,31.453781512605,321.856017673002,0.264070427701044,-1.92511373725037,TRUE,TRUE
"Fe",1242,TRUE,31.1992797118848,303.46488132593,0.255895202437653,0.497420278941512,TRUE,FALSE
"Fe",1243,TRUE,31.390156062425,281.512338200083,0.24669755409095,-1.3136847149693,TRUE,FALSE
"Fe",1244,TRUE,31.2310924369748,273.652025903953,0.2429345200653,0.170575658874692,TRUE,FALSE
"Fe",1245,TRUE,31.1992797118848,328.267810041466,0.266742968206133,0.55027777949636,TRUE,TRUE
"Fe",1246,TRUE,31.453781512605,277.263039792286,0.244771819789089,-1.97185304842228,TRUE,FALSE
"Fe",1247,TRUE,31.3265306122449,274.63543688565,0.243295450613284,-0.784490320203025,TRUE,FALSE
"Fe",1248,TRUE,31.2629051620648,328.486305479445,0.266456933720344,-0.111271827648943,TRUE,TRUE
"Fe",1249,TRUE,31.453781512605,339.900997514368,0.271192284024055,-1.98796955162201,TRUE,TRUE
"Fe",1250,TRUE,31.2947178871549,247.782292693968,0.231279011486104,-0.42550643906352,TRUE,FALSE
"Fe",1251,TRUE,31.2629051620648,301.374138995278,0.255219152254622,-0.0789806727282606,TRUE,FALSE
"Fe",1252,TRUE,31.453781512605,310.589473177958,0.259404689521263,-1.86900299132815,TRUE,FALSE
"Fe",1253,TRUE,31.2310924369748,331.997705460616,0.267917742759595,0.169142382854414,TRUE,TRUE
"Fe",1254,TRUE,31.2629051620648,310.350862236038,0.258564694882368,-0.209803045326736,TRUE,FALSE
"Fe",1255,TRUE,31.390156062425,323.230359190209,0.264758335482463,-1.28072112143207,TRUE,TRUE
"Fe",1256,TRUE,31.2947178871549,281.98312432882,0.246830978027464,-0.454409525463868,TRUE,FALSE
"Fe",1257,TRUE,31.2629051620648,390.837669949827,0.291287543471223,-0.0309393176543843,TRUE,TRUE
"Fe",1258,TRUE,31.2629051620648,357.121648203049,0.27821807463116,-0.0538423469828203,TRUE,TRUE
"Fe",1259,TRUE,31.390156062425,318.562311313946,0.262526975719132,-1.33047473921041,TRUE,TRUE
"Fe",1260,TRUE,31.2947178871549,427.34495297892,0.304492776692354,-0.42773530381788,TRUE,TRUE
"Fe",1261,TRUE,31.2629051620648,321.612408153982,0.263702839733383,-0.104722857972617,TRUE,TRUE
"Fe",1262,TRUE,31.2947178871549,274.291916705845,0.243467392670598,-0.384364854858401,TRUE,FALSE
"Fe",1263,TRUE,31.3583433373349,291.518428458601,0.250868241709295,-1.04409248768595,TRUE,FALSE
"Fe",1264,TRUE,31.2310924369748,310.572641475551,0.259246291977617,0.244283419522227,TRUE,FALSE
"Fe",1265,TRUE,31.453781512605,294.363001770984,0.25221546074375,-1.98279874159993,TRUE,FALSE
"Fe",1266,TRUE,31.3583433373349,306.676195314171,0.257424106020245,-1.04040363692483,TRUE,FALSE
"Fe",1267,TRUE,31.1674669867947,281.185357341463,0.246375975609828,0.841035149256551,TRUE,FALSE
"Fe",1268,TRUE,31.3265306122449,299.932928719461,0.25420560760037,-0.802896836689056,TRUE,FALSE
"Fe",1269,TRUE,31.2947178871549,362.392721383238,0.280259461087626,-0.3772906431532,TRUE,TRUE
"Fe",1270,TRUE,31.2310924369748,335.626270312238,0.269104604046533,0.130829942829139,TRUE,TRUE
"Fe",1271,TRUE,31.421968787515,383.298378444664,0.288536380248229,-1.63060408653109,TRUE,TRUE
"Fe",1272,TRUE,31.0402160864346,324.659428968301,0.26447373910989,2.06594891296016,TRUE,TRUE
"Fe",1273,TRUE,31.1038415366146,330.304377008861,0.267057010170218,1.46784805211023,TRUE,TRUE
"Fe",1274,TRUE,31.2947178871549,378.244058167155,0.285874870736567,-0.504389422077608,TRUE,TRUE
"Fe",1275,TRUE,31.3583433373349,364.015868690274,0.280937298940951,-1.01701853160986,TRUE,TRUE
"Fe",1276,TRUE,31.2310924369748,309.295347287547,0.258519554072286,0.218097690916846,TRUE,FALSE
"Fe",1277,TRUE,31.1674669867947,328.076285886977,0.266371051402861,0.851503223834847,TRUE,TRUE
"Fe",1278,TRUE,31.390156062425,377.741825502552,0.286200502623261,-1.33869132664561,TRUE,TRUE
"Fe",1279,TRUE,31.2629051620648,300.101251060612,0.254442019643046,-0.177712300157656,TRUE,FALSE
"Fe",1280,TRUE,31.2629051620648,308.742944475725,0.258434590835531,-0.0939748942513303,TRUE,FALSE
"Fe",1281,TRUE,31.2947178871549,339.768632221516,0.271408143899513,-0.336324862973043,TRUE,TRUE
"Fe",1282,TRUE,31.453781512605,279.737197738907,0.245683526960072,-2.04381347816799,TRUE,FALSE
"Fe",1283,TRUE,31.1992797118848,301.933158968273,0.254810136883345,0.384537605362527,TRUE,FALSE
"Fe",1284,TRUE,31.2947178871549,318.334587166615,0.262609006844613,-0.363290335637185,TRUE,TRUE
"Fe",1285,TRUE,31.2629051620648,276.10499584104,0.244002906915393,-0.130173663167905,TRUE,FALSE
"Fe",1286,TRUE,31.1992797118848,332.092699740797,0.267697932018913,0.48574999026621,TRUE,TRUE
"Fe",1287,TRUE,31.3265306122449,384.05856301888,0.288482298307486,-0.756086239290201,TRUE,TRUE
"Fe",1288,TRUE,31.2310924369748,288.309295592124,0.249300376055136,0.17150648834961,TRUE,FALSE
"Fe",1289,TRUE,31.2629051620648,308.220125782713,0.258318544041145,-0.0309919485513537,TRUE,FALSE
"Fe",1290,TRUE,31.1992797118848,325.821346259358,0.264933064825313,0.435938763086541,TRUE,TRUE
"Fe",1291,TRUE,31.1674669867947,301.170834243907,0.254645599316642,0.764602096223269,TRUE,FALSE
"Fe",1292,TRUE,31.421968787515,352.792600062663,0.276485227919605,-1.6419344407632,TRUE,TRUE
"Fe",1293,TRUE,31.421968787515,278.577812545492,0.245350616577615,-1.65559697635829,TRUE,FALSE
"Fe",1294,TRUE,31.390156062425,287.44092002009,0.248969375724129,-1.40544300440503,TRUE,FALSE
"Fe",1295,TRUE,31.5492196878751,291.080880452123,0.25063425445662,-2.97924503082821,TRUE,FALSE
"Fe",1296,TRUE,31.3265306122449,320.951465075302,0.263416403641695,-0.714853832918479,TRUE,TRUE
"Fe",1297,TRUE,31.2629051620648,259.915633908209,0.237029191830851,-0.0587070875892704,TRUE,FALSE
"Fe",1298,TRUE,31.1992797118848,318.204863219873,0.261848596531993,0.44432974596465,TRUE,TRUE
"Fe",1299,TRUE,31.2629051620648,266.599217565324,0.239819540618104,-0.0863507494309208,TRUE,FALSE
"Fe",1300,TRUE,31.390156062425,281.98960315396,0.246929272325101,-1.31467136690348,TRUE,FALSE
"Fe",1301,TRUE,31.3265306122449,262.514189454849,0.237935114837716,-0.778681551523282,TRUE,FALSE
"Fe",1302,TRUE,31.3583433373349,374.591766971395,0.285017248787586,-0.994245030296239,TRUE,TRUE
"Fe",1303,TRUE,31.390156062425,320.49144314139,0.263298104372888,-1.34037874340709,TRUE,TRUE
"Fe",1304,TRUE,31.3583433373349,356.526277771296,0.277877228925618,-1.03422666863104,TRUE,TRUE
"Fe",1305,TRUE,31.390156062425,312.140739507639,0.259750530126168,-1.34939684891245,TRUE,FALSE
"Fe",1306,TRUE,31.3265306122449,286.358144039402,0.248890088378234,-0.702099295972226,TRUE,FALSE
"Fe",1307,TRUE,31.3583433373349,327.978269136545,0.266391577580908,-1.03296739275323,TRUE,TRUE
"Fe",1308,TRUE,31.3583433373349,281.602192516455,0.246330906401856,-1.12916748358937,TRUE,FALSE
"Fe",1309,TRUE,31.2629051620648,306.304747226154,0.257404520004501,-0.0911437478505078,TRUE,FALSE
"Fe",1310,TRUE,31.3265306122449,236.246713241744,0.225575709380652,-0.772874189633406,TRUE,FALSE
"Fe",1311,TRUE,31.3265306122449,317.6132873224,0.261572536997518,-0.835575290392322,TRUE,TRUE
"Fe",1312,TRUE,31.3265306122449,318.962075056449,0.262842969978231,-0.67359912080573,TRUE,TRUE
"Fe",1313,TRUE,31.2947178871549,346.932676642139,0.274122931079138,-0.398045694079853,TRUE,TRUE
"Fe",1314,TRUE,31.3265306122449,308.197151486975,0.258438561888021,-0.687277617821744,TRUE,FALSE
"Fe",1315,TRUE,31.3265306122449,360.022136577108,0.279253194906507,-0.735958362710065,TRUE,TRUE
"Fe",1316,TRUE,31.1992797118848,368.413979788634,0.282469223129009,0.497633512138416,TRUE,TRUE
"Fe",1317,TRUE,31.3265306122449,292.263086794697,0.251324057527589,-0.736536901920208,TRUE,FALSE
"Fe",1318,TRUE,31.421968787515,292.81470125054,0.251897826266706,-1.57567011196859,TRUE,FALSE
"Fe",1319,TRUE,31.2629051620648,327.858117238218,0.266403205914278,-0.0932069267684738,TRUE,TRUE
"Fe",1320,TRUE,31.2629051620648,408.957142140695,0.298198264057845,-0.0655499268025937,TRUE,TRUE
"Fe",1321,TRUE,31.2629051620648,389.102685320901,0.290763940294333,-0.024610116891276,TRUE,TRUE
"Fe",1322,TRUE,31.3265306122449,305.962245895961,0.257065932568503,-0.771312943492196,TRUE,FALSE
"Fe",1323,TRUE,31.3583433373349,353.237613262871,0.276621079177575,-1.03800422573235,TRUE,TRUE
"Fe",1324,TRUE,31.2310924369748,309.825388740868,0.258676683636337,0.20784476542645,TRUE,FALSE
"Fe",1325,TRUE,31.2947178871549,361.390894510405,0.279315171564156,-0.521518249920581,TRUE,TRUE
"Fe",1326,TRUE,31.2629051620648,318.845061311214,0.262727980046039,-0.0577266817644266,TRUE,TRUE
"Fe",1327,TRUE,31.3265306122449,276.062266929756,0.24430023647912,-0.710667543139194,TRUE,FALSE
"Fe",1328,TRUE,31.390156062425,282.937329091486,0.247328403372902,-1.31128311702,TRUE,FALSE
"Fe",1329,TRUE,31.3265306122449,307.520109734229,0.257885083794927,-0.703588493033485,TRUE,FALSE
"Fe",1330,TRUE,31.3583433373349,319.866549470078,0.262933413083585,-1.01365430899205,TRUE,TRUE
"Fe",1331,TRUE,31.3583433373349,333.735977123316,0.268913025367742,-0.991112928122791,TRUE,TRUE
"Fe",1332,TRUE,31.3583433373349,368.473419945168,0.28254496438163,-1.02405967820249,TRUE,TRUE
"Fe",1333,TRUE,31.2947178871549,327.077147250612,0.266100868732105,-0.399446847919295,TRUE,TRUE
"Fe",1334,TRUE,31.3583433373349,369.803221607693,0.282945742722896,-1.08536741834446,TRUE,TRUE
"Fe",1335,TRUE,31.2629051620648,280.792298100385,0.246206641699769,-0.105594482961856,TRUE,FALSE
"Fe",1336,TRUE,31.421968787515,295.951893842396,0.252974568634007,-1.65295578673876,TRUE,FALSE
"Fe",1337,TRUE,31.390156062425,384.356860059553,0.289014147061388,-1.29800648860304,TRUE,TRUE
"Fe",1338,TRUE,31.2310924369748,301.300768041568,0.254946208195333,0.172911289775694,TRUE,FALSE
"Fe",1339,TRUE,31.2629051620648,328.900990086414,0.266982521978951,-0.0408306884341189,TRUE,TRUE
"Fe",1340,TRUE,31.3583433373349,339.391350109628,0.271286066969673,-0.965912850051562,TRUE,TRUE
"Fe",1341,TRUE,31.3265306122449,287.344284684487,0.248932836312159,-0.788010731002098,TRUE,FALSE
"Fe",1342,TRUE,31.2947178871549,310.906464477013,0.259068684159781,-0.432054906228135,TRUE,FALSE
"Fe",1343,TRUE,31.2310924369748,339.304094394334,0.270853822846253,0.228741117404591,TRUE,TRUE
"Fe",1344,TRUE,31.421968787515,344.110366621819,0.273019806423038,-1.63427804844043,TRUE,TRUE
"Fe",1345,TRUE,31.2629051620648,357.017208020366,0.278281351031423,-0.0315014642861245,TRUE,TRUE
"Fe",1346,TRUE,31.4855942376951,325.270834870168,0.265034109109129,-2.35801179867691,TRUE,TRUE
"Fe",1347,TRUE,31.1992797118848,278.247558466296,0.244979560808615,0.490695820181409,TRUE,FALSE
"Fe",1348,TRUE,31.2947178871549,343.670832176826,0.27281607760611,-0.404746225370123,TRUE,TRUE
"Fe",1349,TRUE,31.3583433373349,283.940861720595,0.247463287660834,-1.06933070320899,TRUE,FALSE
"Fe",1350,TRUE,31.2947178871549,348.457438607466,0.274571320798937,-0.414543418919455,TRUE,TRUE
"Fe",1351,TRUE,31.2947178871549,325.059620085408,0.265255506069481,-0.421608551425479,TRUE,TRUE
"Fe",1352,TRUE,31.1356542617047,320.149494049385,0.262859498533595,1.1073898862408,TRUE,TRUE
"Fe",1353,TRUE,31.2947178871549,274.940884202161,0.243548220273587,-0.441262201227878,TRUE,FALSE
"Fe",1354,TRUE,31.3265306122449,309.877900281596,0.258781285440723,-0.733903043663113,TRUE,FALSE
"Fe",1355,TRUE,31.1356542617047,312.519154617992,0.259410729981709,1.06777415603438,TRUE,FALSE
"Fe",1356,TRUE,31.390156062425,269.152595328737,0.241178836044871,-1.32776856829327,TRUE,FALSE
"Fe",1357,TRUE,31.2947178871549,269.243992440384,0.241145099533519,-0.378325807947409,TRUE,FALSE
"Fe",1358,TRUE,31.3265306122449,350.752608123895,0.275657957556767,-0.705580989591281,TRUE,TRUE
"Fe",1359,TRUE,31.2629051620648,334.591077364439,0.269088823838804,-0.0712067739154583,TRUE,TRUE
"Fe",1360,TRUE,31.2310924369748,265.142515213378,0.239201206890698,0.212801801495972,TRUE,FALSE
"Fe",1361,TRUE,31.421968787515,270.052664704744,0.241661343833331,-1.61842828283079,TRUE,FALSE
"Fe",1362,TRUE,31.3583433373349,345.138922463238,0.273444122534957,-1.05372375510794,TRUE,TRUE
"Fe",1363,TRUE,31.2629051620648,294.789962561138,0.25197309451344,-0.198292712828995,TRUE,FALSE
"Fe",1364,TRUE,31.1992797118848,241.747816244195,0.228432187729181,0.569069381521241,TRUE,FALSE
"Fe",1365,TRUE,31.3583433373349,275.33791756171,0.243824998634904,-1.0067055348522,TRUE,FALSE
"Fe",1366,TRUE,31.3265306122449,288.815445748005,0.249848454939352,-0.750633231049978,TRUE,FALSE
"Fe",1367,TRUE,31.3265306122449,331.352131747354,0.267486582056549,-0.794019560344277,TRUE,TRUE
"Fe",1368,TRUE,31.2629051620648,353.925807711543,0.276949654168086,-0.0432840381873348,TRUE,TRUE
"Fe",1369,TRUE,31.421968787515,301.480191095683,0.255246655400521,-1.69916248345121,TRUE,FALSE
"Fe",1370,TRUE,31.3265306122449,298.322847450932,0.254182954363876,-0.681321777187819,TRUE,FALSE
"Fe",1371,TRUE,31.3583433373349,283.866672853174,0.247793255273,-1.00405097066221,TRUE,FALSE
"Fe",1372,TRUE,31.390156062425,299.233649167507,0.254713898152512,-1.24350117591695,TRUE,FALSE
"Fe",1373,TRUE,31.2947178871549,304.330441669664,0.25659535686639,-0.392529945748423,TRUE,FALSE
"Fe",1374,TRUE,31.2947178871549,297.767944801573,0.253916070418295,-0.361491131841515,TRUE,FALSE
"Fe",1375,TRUE,31.2629051620648,310.877526544572,0.25957755750227,-0.0187634730742531,TRUE,FALSE
"Fe",1376,TRUE,31.390156062425,286.605220397975,0.248831349253691,-1.39387513397662,TRUE,FALSE
"Fe",1377,TRUE,31.453781512605,318.936293858194,0.262623593223649,-1.99771241312391,TRUE,TRUE
"Fe",1378,TRUE,31.2947178871549,321.589970560674,0.263747201234811,-0.400754011987988,TRUE,TRUE
"Fe",1379,TRUE,31.1992797118848,317.408667778117,0.261719859487109,0.496093488199095,TRUE,TRUE
"Fe",1380,TRUE,31.5174069627851,346.232421117824,0.273544409847386,-2.71530938427556,TRUE,TRUE
"Fe",1381,TRUE,31.2310924369748,310.067236513083,0.258942208597124,0.224234278447971,TRUE,FALSE
"Fe",1382,TRUE,31.453781512605,347.163056690615,0.274296895361473,-1.9842077028734,TRUE,TRUE
"Fe",1383,TRUE,31.4855942376951,299.337353454581,0.254662249657359,-2.18308535811027,TRUE,FALSE
"Fe",1384,TRUE,31.3583433373349,325.027497580068,0.265408631220113,-0.981699648615277,TRUE,TRUE
"Fe",1385,TRUE,31.2629051620648,339.471968613903,0.2712660488187,-0.0553847410033849,TRUE,TRUE
"Fe",1386,TRUE,31.3265306122449,355.702516398278,0.277346906555457,-0.765908391958976,TRUE,TRUE
"Fe",1387,TRUE,31.1038415366146,322.510782183125,0.264173146446255,1.56887593952222,TRUE,TRUE
"Fe",1388,TRUE,31.2310924369748,294.891150114589,0.252368417680329,0.198789044319893,TRUE,FALSE
"Fe",1389,TRUE,31.3583433373349,287.92855785355,0.249528836942829,-0.988104143947272,TRUE,FALSE
"Fe",1390,TRUE,31.390156062425,329.626927859122,0.267176553343428,-1.31034305835639,TRUE,TRUE
"Fe",1391,TRUE,31.2629051620648,332.942851388221,0.268282921532377,-0.160275205080832,TRUE,TRUE
"Fe",1392,TRUE,31.2947178871549,279.864410980369,0.245345435874552,-0.535195727399862,TRUE,FALSE
"Fe",1393,TRUE,31.2629051620648,306.43565637031,0.257139150791993,-0.158107222363255,TRUE,FALSE
"Fe",1394,TRUE,31.3265306122449,329.207027133693,0.266892049834649,-0.688226327945875,TRUE,TRUE
"Fe",1395,TRUE,31.453781512605,332.635058782277,0.268437904478292,-1.98836737272004,TRUE,TRUE
"Fe",1396,TRUE,31.2629051620648,289.29373339042,0.24981749640837,-0.140646989944399,TRUE,FALSE
"Fe",1397,TRUE,31.2629051620648,308.707318159588,0.258275735757351,-0.11620927735561,TRUE,FALSE
"Fe",1398,TRUE,31.2629051620648,256.624814861384,0.234716222928503,-0.256659124710348,TRUE,FALSE
"Fe",1399,TRUE,31.4855942376951,300.092919022505,0.254733357934242,-2.28160923145091,TRUE,FALSE
"Fe",1400,TRUE,31.421968787515,290.7813712918,0.251067226534949,-1.54221090947766,TRUE,FALSE
"Fe",1401,TRUE,31.2947178871549,307.67951842375,0.258009227723787,-0.382983020100379,TRUE,FALSE
"Fe",1402,TRUE,31.390156062425,318.969981583509,0.262843056527687,-1.2866181983666,TRUE,TRUE
"Fe",1403,TRUE,31.2629051620648,368.591438402508,0.28237733212825,-0.142211053358914,TRUE,TRUE
"Fe",1404,TRUE,31.1992797118848,301.880187487625,0.255657193391589,0.614333407461689,TRUE,FALSE
"Fe",1405,TRUE,31.3583433373349,284.310316656497,0.247984951492052,-1.02465857533475,TRUE,FALSE
"Fe",1406,TRUE,31.2310924369748,344.238979938484,0.27295746517847,0.216617287348314,TRUE,TRUE
"Fe",1407,TRUE,31.1992797118848,414.547072156649,0.300301093245366,0.628638932917731,TRUE,TRUE
"Fe",1408,TRUE,31.2947178871549,287.069749779083,0.249277992269177,-0.31575046757205,TRUE,FALSE
"Fe",1409,TRUE,31.390156062425,266.413904076277,0.239829784585168,-1.31902202180269,TRUE,FALSE
"Fe",1410,TRUE,31.390156062425,332.145668541998,0.268189547205381,-1.31052112239839,TRUE,TRUE
"Fe",1411,TRUE,31.4855942376951,327.858275026593,0.266202817619727,-2.32538173857797,TRUE,TRUE
"Fe",1412,TRUE,31.2629051620648,332.586192047219,0.267976691871171,-0.157507363944019,TRUE,TRUE
"Fe",1413,TRUE,31.3583433373349,323.133730474397,0.264557724333867,-1.04219785809073,TRUE,TRUE
"Fe",1414,TRUE,31.3583433373349,273.722687503202,0.243153651162539,-1.0382122821272,TRUE,FALSE
"Fe",1415,TRUE,31.1992797118848,304.948203769748,0.256699363970647,0.570991627836478,TRUE,FALSE
"Fe",1416,TRUE,31.453781512605,372.146268260486,0.284173316640405,-1.95556081307377,TRUE,TRUE
"Fe",1417,TRUE,31.2629051620648,297.265578181107,0.253626425562891,-0.0438586591049729,TRUE,FALSE
"Fe",1418,TRUE,31.3265306122449,291.179233752179,0.251176110387865,-0.657536563318765,TRUE,FALSE
"Fe",1419,TRUE,31.390156062425,340.237370790851,0.271387694149604,-1.38030822742693,TRUE,TRUE
"Fe",1420,TRUE,31.4855942376951,321.720704743957,0.26387314278688,-2.28907958018254,TRUE,TRUE
"Fe",1421,TRUE,31.3265306122449,358.833265283596,0.278787890919426,-0.710720610447039,TRUE,TRUE
"Fe",1422,TRUE,31.2947178871549,383.09361978324,0.288136625609393,-0.432578588644921,TRUE,TRUE
"Fe",1423,TRUE,31.3265306122449,276.394720124102,0.244394190176765,-0.711700458775681,TRUE,FALSE
"Fe",1424,TRUE,31.2629051620648,299.500439345613,0.2544559684308,-0.0968657388743743,TRUE,FALSE
"Fe",1425,TRUE,31.1992797118848,252.114199080199,0.232965196679861,0.478513474600923,TRUE,FALSE
"Fe",1426,TRUE,31.3583433373349,319.263202953768,0.262653800082722,-1.08028384481422,TRUE,TRUE
"Fe",1427,TRUE,31.2310924369748,331.720645334123,0.268069478552315,0.257040167493004,TRUE,TRUE
"Fe",1428,TRUE,31.5492196878751,343.364058904747,0.272656790788731,-2.89895374750715,TRUE,TRUE
"Fe",1429,TRUE,31.2629051620648,301.73289224304,0.255742360296496,-0.0134392721093145,TRUE,FALSE
"Fe",1430,TRUE,31.3265306122449,287.475924462513,0.249253647201821,-0.718376514750512,TRUE,FALSE
"Fe",1431,TRUE,31.2629051620648,291.627129454548,0.251153286660421,-0.102368135800116,TRUE,FALSE
"Fe",1432,TRUE,31.421968787515,263.756871476643,0.238676692602451,-1.64590597428994,TRUE,FALSE
"Fe",1433,TRUE,31.1674669867947,289.500701626937,0.249705739116151,0.769240809865941,TRUE,FALSE
"Fe",1434,TRUE,31.1674669867947,309.845884317284,0.258353898614532,0.765449862290725,TRUE,FALSE
"Fe",1435,TRUE,31.1992797118848,364.174700350546,0.280585679997287,0.498432285164139,TRUE,TRUE
"Fe",1436,TRUE,31.3265306122449,299.871682618216,0.254381036747385,-0.78488416867577,TRUE,FALSE
"Fe",1437,TRUE,31.3265306122449,306.566959469258,0.257598165668524,-0.68943141497995,TRUE,FALSE
"Fe",1438,TRUE,31.421968787515,337.800967618368,0.270485480782015,-1.65694551590279,TRUE,TRUE
"Fe",1439,TRUE,31.2629051620648,338.554856651071,0.270866012726128,-0.0401766496059583,TRUE,TRUE
"Fe",1440,TRUE,31.3583433373349,307.019090693304,0.257802437097139,-0.995218607589837,TRUE,FALSE
"Fe",1441,TRUE,31.2310924369748,303.159957157708,0.256282819128134,0.29175197677697,TRUE,FALSE
"Fe",1442,TRUE,31.3583433373349,357.495689878931,0.278381694993666,-1.02868420523871,TRUE,TRUE
"Fe",1443,TRUE,31.453781512605,273.126262563378,0.242647138125843,-2.09247399556528,TRUE,FALSE
"Fe",1444,TRUE,31.3265306122449,331.581854284935,0.267779370465354,-0.736208173732233,TRUE,TRUE
"Fe",1445,TRUE,31.3583433373349,346.933846445406,0.273787318556964,-1.10284657610636,TRUE,TRUE
"Fe",1446,TRUE,31.390156062425,268.531891900687,0.240679634212317,-1.33102507211204,TRUE,FALSE
"Fe",1447,TRUE,31.421968787515,282.16141861587,0.246904252311962,-1.6666666700051,TRUE,FALSE
"Fe",1448,TRUE,31.3583433373349,298.55822206515,0.253984478227202,-1.06545816048938,TRUE,FALSE
"Fe",1449,TRUE,31.3583433373349,319.353888180174,0.262463495087492,-1.1440768414547,TRUE,TRUE
"Fe",1450,TRUE,31.453781512605,301.183158299858,0.254849297142831,-2.0331149467533,TRUE,FALSE
"Fe",1451,TRUE,31.2310924369748,291.407667164978,0.251179804515321,0.285599856105208,TRUE,FALSE
"Fe",1452,TRUE,31.421968787515,319.588843700021,0.262665039702135,-1.70526225237616,TRUE,TRUE
"Fe",1453,TRUE,31.2310924369748,359.700651645225,0.279312820683429,0.262134993332076,TRUE,TRUE
"Fe",1454,TRUE,31.1356542617047,295.654558640677,0.252811984933233,1.22218210189684,TRUE,FALSE
"Fe",1455,TRUE,31.421968787515,302.499235576066,0.255289971501083,-1.77660014775335,TRUE,FALSE
"Fe",1456,TRUE,31.3265306122449,378.003845228405,0.286905810179708,-0.644301978329196,TRUE,TRUE
"Fe",1457,TRUE,31.390156062425,350.939268883319,0.276086997304418,-1.2852414836306,TRUE,TRUE
"Fe",1458,TRUE,31.390156062425,254.263184289088,0.234236373915131,-1.34385470696124,TRUE,FALSE
"Fe",1459,TRUE,31.1992797118848,328.882310124091,0.266800896474047,0.562116094765961,TRUE,TRUE
"Fe",1460,TRUE,31.1356542617047,304.963912914705,0.256234744181309,1.08232925161158,TRUE,FALSE
"Fe",1461,TRUE,31.3583433373349,291.593344173854,0.251038439731245,-1.04871428282146,TRUE,FALSE
"Fe",1462,TRUE,31.421968787515,241.585539776544,0.228510464083338,-1.56236559232228,TRUE,FALSE
"Fe",1463,TRUE,31.2947178871549,251.559567053853,0.233004549134018,-0.400522913658067,TRUE,FALSE
"Fe",1464,TRUE,31.2310924369748,326.718877972303,0.265587534454181,0.172186859356793,TRUE,TRUE
"Fe",1465,TRUE,31.3583433373349,326.091636100509,0.265581734871198,-1.04732734911838,TRUE,TRUE
"Fe",1466,TRUE,31.3583433373349,376.697667995649,0.285713481323941,-1.00954757627072,TRUE,TRUE
"Fe",1467,TRUE,31.1356542617047,347.755173497375,0.273813405562907,1.10412525529784,TRUE,TRUE
"Fe",1468,TRUE,31.2629051620648,359.938366131624,0.27956991149181,-0.0446795957814197,TRUE,TRUE
"Fe",1469,TRUE,31.3583433373349,326.972658444675,0.265796416833498,-1.12574859950302,TRUE,TRUE
"Fe",1470,TRUE,31.2947178871549,368.442397492758,0.282758639334783,-0.333469394157791,TRUE,TRUE
"Fe",1471,TRUE,31.3265306122449,304.81815645854,0.256377772305271,-0.851948528534002,TRUE,FALSE
"Fe",1472,TRUE,31.2629051620648,371.304801006771,0.283683851248727,-0.0756604356958055,TRUE,TRUE
"Fe",1473,TRUE,31.3265306122449,289.00157385721,0.249741442291387,-0.756200170240696,TRUE,FALSE
"Fe",1474,TRUE,31.2947178871549,290.112889129496,0.250544399247025,-0.34747999642363,TRUE,FALSE
"Fe",1475,TRUE,31.3583433373349,284.452770803122,0.247632763539314,-1.0915459368153,TRUE,FALSE
"Fe",1476,TRUE,31.3265306122449,347.608610912584,0.274870230654283,-0.618577108411377,TRUE,TRUE
"Fe",1477,TRUE,31.1992797118848,349.718368756917,0.274921617558412,0.503647057257344,TRUE,TRUE
"Fe",1478,TRUE,31.2947178871549,346.922791045686,0.274171711392865,-0.368804064175773,TRUE,TRUE
"Fe",1479,TRUE,31.2310924369748,271.196096210432,0.241718784247567,0.150156452626289,TRUE,FALSE
"Fe",1480,TRUE,31.2947178871549,301.761713618711,0.255074111161438,-0.480315147206766,TRUE,FALSE
"Fe",1481,TRUE,31.3265306122449,274.484389443732,0.243833514267963,-0.657834926803445,TRUE,FALSE
"Fe",1482,TRUE,31.2629051620648,331.389421347111,0.267934559166523,-0.0659147243520918,TRUE,TRUE
"Fe",1483,TRUE,31.1992797118848,335.451249287284,0.269388545660141,0.514985257118313,TRUE,TRUE
"Fe",1484,TRUE,31.1992797118848,286.028781925334,0.248669053973206,0.573579513160577,TRUE,FALSE
"Fe",1485,TRUE,31.3265306122449,288.768065468246,0.24971340713211,-0.730390657907826,TRUE,FALSE
"Fe",1486,TRUE,31.1674669867947,335.682594253081,0.269479204892407,0.851094393106962,TRUE,TRUE
"Fe",1487,TRUE,31.2947178871549,297.012434920343,0.253460093717699,-0.388392435907898,TRUE,FALSE
"Fe",1488,TRUE,31.453781512605,266.573679263456,0.24008966808925,-1.91247618698726,TRUE,FALSE
"Fe",1489,TRUE,31.421968787515,281.643643053219,0.246393295941301,-1.78294340519381,TRUE,FALSE
"Fe",1490,TRUE,31.3583433373349,401.018451909169,0.295017909862882,-1.0439280077726,TRUE,TRUE
"Fe",1491,TRUE,31.2947178871549,324.051006217738,0.264783880151002,-0.353805020507942,TRUE,TRUE
"Fe",1492,TRUE,31.2629051620648,279.67333398285,0.24606512035009,0.0273988898220552,TRUE,FALSE
"Fe",1493,TRUE,31.4855942376951,280.888961437821,0.246576602739061,-2.18294168906523,TRUE,FALSE
"Fe",1494,TRUE,31.1992797118848,351.533905096714,0.275643439782879,0.483272384041953,TRUE,TRUE
"Fe",1495,TRUE,31.3265306122449,348.74318264448,0.275013668626073,-0.701630677281306,TRUE,TRUE
"Fe",1496,TRUE,31.0084033613445,275.031616040731,0.243244219590334,2.39919603049494,TRUE,FALSE
"Fe",1497,TRUE,31.2629051620648,311.87531512948,0.25954414015822,-0.133957948906956,TRUE,FALSE
"Fe",1498,TRUE,31.3583433373349,318.639751762674,0.262560930021734,-1.02007610029591,TRUE,TRUE
"Fe",1499,TRUE,31.3583433373349,269.867532899009,0.241495322448982,-0.984827028303736,TRUE,FALSE
"Fe",1500,TRUE,31.3583433373349,388.978683213075,0.290792176829247,-0.957682596485931,TRUE,TRUE
"Fe",1501,TRUE,31.2947178871549,339.77747764672,0.271164534757458,-0.429504171760858,TRUE,TRUE
"Fe",1502,TRUE,31.390156062425,355.573129627164,0.277743678878252,-1.29275482317686,TRUE,TRUE
"Fe",1503,TRUE,31.3265306122449,337.592192081786,0.270406732991465,-0.705173425036075,TRUE,TRUE
"Fe",1504,TRUE,31.453781512605,344.289564014152,0.272979827996845,-1.94810306599719,TRUE,TRUE
"Fe",1505,TRUE,31.3265306122449,304.345424150092,0.25648366881179,-0.719744638128379,TRUE,FALSE
"Fe",1506,TRUE,31.5174069627851,279.124318785639,0.24545655367758,-2.6190028721958,TRUE,FALSE
"Fe",1507,TRUE,31.390156062425,334.372586694245,0.268949480318174,-1.33281551421607,TRUE,TRUE
"Fe",1508,TRUE,31.1674669867947,368.894473285227,0.282655673485969,0.865201131901628,TRUE,TRUE
"Fe",1509,TRUE,31.1992797118848,347.26677007645,0.27418129876816,0.533841533732971,TRUE,TRUE
"Fe",1510,TRUE,31.2947178871549,365.37249089631,0.281144647410939,-0.459915104162039,TRUE,TRUE
"Fe",1511,TRUE,31.453781512605,301.591688720011,0.255406005981949,-1.97541261083019,TRUE,FALSE
"Fe",1512,TRUE,31.2629051620648,367.131168736646,0.282416037506936,0.00202908550588651,TRUE,TRUE
"Fe",1513,TRUE,31.3583433373349,334.636586902852,0.269011176911456,-1.08229891332805,TRUE,TRUE
"Fe",1514,TRUE,31.2947178871549,373.381767199442,0.284242814631949,-0.436292473488736,TRUE,TRUE
"Fe",1515,TRUE,31.421968787515,291.635579935034,0.25108290260037,-1.68745836466487,TRUE,FALSE
"Fe",1516,TRUE,31.2947178871549,309.724640442474,0.258971856635205,-0.388789237874502,TRUE,FALSE
"Fe",1517,TRUE,31.453781512605,301.911934094606,0.255150341860825,-2.05607548468555,TRUE,FALSE
"Fe",1518,TRUE,31.5174069627851,263.776714418261,0.23862619359921,-2.59410641031719,TRUE,FALSE
"Fe",1519,TRUE,31.5174069627851,291.839537959238,0.251134939690026,-2.53821573680525,TRUE,FALSE
"Fe",1520,TRUE,31.390156062425,363.561950946079,0.280714419439413,-1.36196783279039,TRUE,TRUE
"Fe",1521,TRUE,31.421968787515,382.101095223145,0.287906941695319,-1.6819106185972,TRUE,TRUE
"Fe",1522,TRUE,31.1674669867947,336.25367544661,0.269478816839057,0.799340265061985,TRUE,TRUE
"Fe",1523,TRUE,31.453781512605,291.282540422446,0.251121762492699,-1.91898487236436,TRUE,FALSE
"Fe",1524,TRUE,31.3583433373349,329.923111774622,0.267508622373852,-0.952165077590036,TRUE,TRUE
"Fe",1525,TRUE,31.2947178871549,255.015769300489,0.234568106873928,-0.404552249985681,TRUE,FALSE
"Fe",1526,TRUE,31.421968787515,331.12648913283,0.267881921227087,-1.57262637218471,TRUE,TRUE
"Fe",1527,TRUE,31.1992797118848,299.963480522179,0.254443353084702,0.527274631959805,TRUE,FALSE
"Fe",1528,TRUE,31.3265306122449,287.852360348458,0.24927573170254,-0.744208177088908,TRUE,FALSE
"Fe",1529,TRUE,31.3265306122449,302.988783576794,0.25580079993728,-0.762107523908315,TRUE,FALSE
"Fe",1530,TRUE,31.3265306122449,315.491585923681,0.260959784498843,-0.813791230379326,TRUE,FALSE
"Fe",1531,TRUE,31.2629051620648,380.850291962619,0.287208132696793,-0.0897229942377966,TRUE,TRUE
"Fe",1532,TRUE,31.2310924369748,363.146451094242,0.280406002849148,0.199159315741636,TRUE,TRUE
"Fe",1533,TRUE,31.3583433373349,373.343136265768,0.284388300370996,-1.07227424915968,TRUE,TRUE
"Fe",1534,TRUE,31.3583433373349,342.957992492942,0.272564986613551,-1.03018808112688,TRUE,TRUE
"Fe",1535,TRUE,31.1992797118848,304.130953123368,0.256351924282774,0.537192046045113,TRUE,FALSE
"Fe",1536,TRUE,31.2947178871549,320.213413463852,0.263423187058627,-0.36707345839406,TRUE,TRUE
"Fe",1537,TRUE,31.453781512605,332.57319308837,0.268076555310793,-2.06053604642453,TRUE,TRUE
"Fe",1538,TRUE,31.2310924369748,329.804417189249,0.266955176657153,0.177813984075565,TRUE,TRUE
"Fe",1539,TRUE,31.3265306122449,329.069069063007,0.266427225870586,-0.828958683063919,TRUE,TRUE
"Fe",1540,TRUE,31.1992797118848,329.349194918567,0.267108144044017,0.581698391943348,TRUE,TRUE
"Fe",1541,TRUE,31.390156062425,329.667525144418,0.267139245941665,-1.36436408239888,TRUE,TRUE
"Fe",1542,TRUE,31.2947178871549,309.630741652919,0.259243577920327,-0.299184864568701,TRUE,FALSE
"Fe",1543,TRUE,31.390156062425,345.160497086081,0.273179040292369,-1.42748063946687,TRUE,TRUE
"Fe",1544,TRUE,31.421968787515,346.462624979327,0.273850757153997,-1.68090417710826,TRUE,TRUE
"Fe",1545,TRUE,31.2310924369748,318.608456136079,0.262558643369862,0.272248355173354,TRUE,TRUE
"Fe",1546,TRUE,31.2947178871549,282.507853062385,0.246768013859098,-0.489952866486779,TRUE,FALSE
"Fe",1547,TRUE,31.2947178871549,304.815019289393,0.25661542563788,-0.408187477862834,TRUE,FALSE
"Fe",1548,TRUE,31.3265306122449,292.713097409649,0.251013286517198,-0.858007296346642,TRUE,FALSE
"Fe",1549,TRUE,31.3265306122449,276.289479949634,0.244385673215323,-0.680723776556547,TRUE,FALSE
"Fe",1550,TRUE,31.2629051620648,352.228604724842,0.275802872772525,-0.172503082386959,TRUE,TRUE
"Fe",1551,TRUE,31.2629051620648,282.645734414905,0.246862484223925,-0.154433972916367,TRUE,FALSE
"Fe",1552,TRUE,31.2310924369748,331.647683395355,0.268047688404493,0.259313049976699,TRUE,TRUE
"Fe",1553,TRUE,31.421968787515,323.266702166725,0.264443634421195,-1.70964621454368,TRUE,TRUE
"Fe",1554,TRUE,31.3583433373349,343.25602618257,0.272962438306962,-0.942872402327559,TRUE,TRUE
"Fe",1555,TRUE,31.3265306122449,393.903443421076,0.292291845737982,-0.732403170290828,TRUE,TRUE
"Fe",1556,TRUE,31.3583433373349,308.275177502175,0.25823791514631,-1.0139124968445,TRUE,FALSE
"Fe",1557,TRUE,31.0720288115246,295.769305108388,0.252332114672367,1.73615727128647,TRUE,FALSE
"Fe",1558,TRUE,31.2947178871549,316.707505739713,0.261879542166948,-0.385578644486836,TRUE,TRUE
"Fe",1559,TRUE,31.2629051620648,367.920770037761,0.282455600774658,-0.0577906785883744,TRUE,TRUE
"Fe",1560,TRUE,31.1992797118848,313.536689446148,0.259858902993581,0.417098877021801,TRUE,FALSE
"Fe",1561,TRUE,31.2947178871549,319.572091926146,0.262932262171114,-0.424511171841145,TRUE,TRUE
"Fe",1562,TRUE,31.2310924369748,366.193863570055,0.281772053514235,0.255557825538437,TRUE,TRUE
"Fe",1563,TRUE,31.3583433373349,278.55948508807,0.245440100420338,-1.00237121758185,TRUE,FALSE
"Fe",1564,TRUE,31.5174069627851,346.919515555543,0.274287685804083,-2.49665111140516,TRUE,TRUE
"Fe",1565,TRUE,31.390156062425,328.519593526137,0.266783536432988,-1.31924932523663,TRUE,TRUE
"Fe",1566,TRUE,31.390156062425,271.954709533255,0.242515925521555,-1.30974981581219,TRUE,FALSE
"Fe",1567,TRUE,31.5174069627851,299.366039326808,0.254495074677946,-2.61049759585026,TRUE,FALSE
"Fe",1568,TRUE,31.3265306122449,282.689083716467,0.247187754226438,-0.704265656937558,TRUE,FALSE
"Fe",1569,TRUE,31.421968787515,331.556103623422,0.267973345300306,-1.62493271881691,TRUE,TRUE
"Fe",1570,TRUE,31.2947178871549,269.092924994118,0.241089869163417,-0.430075720700085,TRUE,FALSE
"Fe",1571,TRUE,31.3265306122449,295.899405355059,0.253061351466163,-0.668634830880112,TRUE,FALSE
"Fe",1572,TRUE,31.390156062425,354.159356129845,0.277030557588771,-1.31156893758235,TRUE,TRUE
"Fe",1573,TRUE,31.3583433373349,314.948614639163,0.260891678670017,-1.0427070168679,TRUE,FALSE
"Fe",1574,TRUE,31.390156062425,316.119713297488,0.261275795425661,-1.42572045718823,TRUE,TRUE
"Fe",1575,TRUE,31.2629051620648,320.204500389353,0.263437953489136,-0.00710204590056209,TRUE,TRUE
"Fe",1576,TRUE,31.453781512605,280.48515597737,0.246115611208972,-1.99175210294527,TRUE,FALSE
"Fe",1577,TRUE,31.2310924369748,308.193697207382,0.258178380864422,0.248501059378095,TRUE,FALSE
"Fe",1578,TRUE,31.421968787515,245.379332054625,0.229961392936581,-1.68501364158851,TRUE,FALSE
"Fe",1579,TRUE,31.3265306122449,298.028451517073,0.253809931857001,-0.728895419923251,TRUE,FALSE
"Fe",1580,TRUE,31.2310924369748,323.273059648094,0.264468719921828,0.269979346886296,TRUE,TRUE
"Fe",1581,TRUE,31.390156062425,302.54053538521,0.25556980961625,-1.41155232351356,TRUE,FALSE
"Fe",1582,TRUE,31.2947178871549,308.231465769558,0.257923535038862,-0.475134823038511,TRUE,FALSE
"Fe",1583,TRUE,31.2947178871549,343.355009556278,0.272410612788452,-0.455050935024114,TRUE,TRUE
"Fe",1584,TRUE,31.2629051620648,325.376190642974,0.265171856179721,-0.1287869358394,TRUE,TRUE
"Fe",1585,TRUE,31.3583433373349,290.28133036953,0.250129050138735,-1.1202634821175,TRUE,FALSE
"Fe",1586,TRUE,31.1356542617047,274.91656721588,0.243817364149782,1.24490147770697,TRUE,FALSE
"Fe",1587,TRUE,31.421968787515,269.875993911823,0.241298177901689,-1.6779580962613,TRUE,FALSE
"Fe",1588,TRUE,31.2629051620648,325.432120522749,0.265364408929872,-0.0754811311024992,TRUE,TRUE
"Fe",1589,TRUE,31.3583433373349,308.773703200342,0.258549037025602,-0.993882252105732,TRUE,FALSE
"Fe",1590,TRUE,31.3583433373349,345.954600832608,0.273540833611529,-1.08459328061284,TRUE,TRUE
"Fe",1591,TRUE,31.390156062425,315.965852065845,0.261452600393369,-1.32259825247666,TRUE,TRUE
"Fe",1592,TRUE,31.453781512605,312.888779775698,0.260401736277464,-1.92886395260921,TRUE,FALSE
"Fe",1593,TRUE,31.2310924369748,288.162473970042,0.24975801616,0.26601519683998,TRUE,FALSE
"Fe",1594,TRUE,31.3265306122449,261.551282854606,0.237798360883518,-0.676737380756326,TRUE,FALSE
"Fe",1595,TRUE,31.2310924369748,298.377220002815,0.253818819985331,0.228969523120045,TRUE,FALSE
"Fe",1596,TRUE,31.2947178871549,346.2009459698,0.273892350920405,-0.398528526429022,TRUE,TRUE
"Fe",1597,TRUE,31.3583433373349,376.609611644117,0.285736116847339,-1.02213968476772,TRUE,TRUE
"Fe",1598,TRUE,31.3265306122449,351.293770966755,0.276122810153623,-0.627357933779178,TRUE,TRUE
"Fe",1599,TRUE,31.1992797118848,322.262511622735,0.264241581746499,0.610140139643626,TRUE,TRUE
"Fe",1600,TRUE,31.1992797118848,343.673803849236,0.272836457841393,0.550917584947397,TRUE,TRUE
"Fe",1601,TRUE,31.1674669867947,264.646044036607,0.239188340716058,0.911922096354998,TRUE,FALSE
"Fe",1602,TRUE,31.3265306122449,308.555236195725,0.258562222644928,-0.642163059968826,TRUE,FALSE
"Fe",1603,TRUE,31.390156062425,291.323729879817,0.251067048202651,-1.28958268482907,TRUE,FALSE
"Fe",1604,TRUE,31.3265306122449,297.52047075743,0.253309589389508,-0.782790470498591,TRUE,FALSE
"Fe",1605,TRUE,31.1992797118848,316.520910064054,0.261872063731834,0.606230407646657,TRUE,TRUE
"Fe",1606,TRUE,31.2629051620648,335.588631233559,0.270041868544802,0.0331470498694717,TRUE,TRUE
"Fe",1607,TRUE,31.390156062425,340.594586509099,0.271664258035843,-1.33877020533552,TRUE,TRUE
"Fe",1608,TRUE,31.2310924369748,235.526166858087,0.225005315428078,0.137707406715591,TRUE,FALSE
"Fe",1609,TRUE,31.2947178871549,301.753903187134,0.255427416222623,-0.418696558242827,TRUE,FALSE
"Fe",1610,TRUE,31.3265306122449,325.880968253902,0.265619579224331,-0.707484043203976,TRUE,TRUE
"Fe",1611,TRUE,31.2947178871549,352.506691033031,0.276489001268004,-0.335368073623645,TRUE,TRUE
"Fe",1612,TRUE,31.3265306122449,345.070638767833,0.273329064199209,-0.73914169655379,TRUE,TRUE
"Fe",1613,TRUE,31.2629051620648,371.910505025098,0.283945207675693,-0.0789275944126098,TRUE,TRUE
"Fe",1614,TRUE,31.453781512605,356.721847224383,0.277791156046654,-2.00456240558255,TRUE,TRUE
"Fe",1615,TRUE,31.390156062425,329.458345512633,0.266630054635124,-1.39286066648974,TRUE,TRUE
"Fe",1616,TRUE,31.3265306122449,305.539967864288,0.257009598620498,-0.734981029296008,TRUE,FALSE
"Fe",1617,TRUE,31.2629051620648,269.047115290098,0.240846665067819,-0.169606917600523,TRUE,FALSE
"Fe",1618,TRUE,31.2947178871549,269.995563642127,0.241550634767133,-0.389023320983678,TRUE,FALSE
"Fe",1619,TRUE,31.2310924369748,298.260398702681,0.253551135461323,0.148044773581021,TRUE,FALSE
"Fe",1620,TRUE,31.2947178871549,341.446991399948,0.271878889385416,-0.42644397794997,TRUE,TRUE
"Fe",1621,TRUE,31.2310924369748,311.788183378778,0.259318962225624,0.154424519884635,TRUE,FALSE
"Fe",1622,TRUE,31.421968787515,346.22802302694,0.273862362906166,-1.67893647780333,TRUE,TRUE
"Fe",1623,TRUE,31.390156062425,329.279491774106,0.267010550665186,-1.33952765480492,TRUE,TRUE
"Fe",1624,TRUE,31.421968787515,377.425267400727,0.285704642609094,-1.77292390845543,TRUE,TRUE
"Fe",1625,TRUE,31.3583433373349,362.762599106183,0.280399751075685,-1.03546591464303,TRUE,TRUE
"Fe",1626,TRUE,31.5492196878751,354.982554658125,0.277213324934664,-2.90880840512584,TRUE,TRUE
"Fe",1627,TRUE,31.2629051620648,296.711651336523,0.252898230592964,-0.174175379208844,TRUE,FALSE
"Fe",1628,TRUE,31.2629051620648,347.286226899943,0.274128090639849,-0.133156955189177,TRUE,TRUE
"Fe",1629,TRUE,31.1038415366146,280.641303104423,0.246264164084964,1.53754599604216,TRUE,FALSE
"Fe",1630,TRUE,31.2947178871549,347.933916576454,0.274202052276575,-0.486685603059382,TRUE,TRUE
"Fe",1631,TRUE,31.1674669867947,323.339720491843,0.264240366580367,0.808435526895757,TRUE,TRUE
"Fe",1632,TRUE,31.2947178871549,261.714813653996,0.237378069157521,-0.484811689303859,TRUE,FALSE
"Fe",1633,TRUE,31.2629051620648,301.296846589094,0.255376952504577,0.00479278272908159,TRUE,FALSE
"Fe",1634,TRUE,31.3583433373349,332.29417444958,0.268032741538643,-1.07867186766656,TRUE,TRUE
"Fe",1635,TRUE,31.3265306122449,291.72101916299,0.250963673640644,-0.723570182801424,TRUE,FALSE
"Fe",1636,TRUE,31.3265306122449,349.021339747675,0.275162095105557,-0.690318797316351,TRUE,TRUE
"Fe",1637,TRUE,31.390156062425,343.3751316173,0.272813634507072,-1.30081157821602,TRUE,TRUE
"Fe",1638,TRUE,31.1674669867947,316.451265427698,0.261734802965585,0.895214373784815,TRUE,TRUE
"Fe",1639,TRUE,31.2310924369748,258.137847346805,0.235840866398038,0.187622737232368,TRUE,FALSE
"Fe",1640,TRUE,31.2310924369748,333.707712317954,0.268594330121843,0.227982852072281,TRUE,TRUE
"Fe",1641,TRUE,31.3583433373349,297.377481395924,0.25334061389171,-1.05976500459753,TRUE,FALSE
"Fe",1642,TRUE,31.2947178871549,312.159362355098,0.259902166953978,-0.394320811557213,TRUE,FALSE
"Fe",1643,TRUE,31.2947178871549,369.395900275728,0.282958947213176,-0.338835834804678,TRUE,TRUE
"Fe",1644,TRUE,31.3583433373349,345.716939277316,0.273713457037194,-1.03037499959187,TRUE,TRUE
"Fe",1645,TRUE,31.1038415366146,350.946686381371,0.275554519665573,1.52306380841929,TRUE,TRUE
"Fe",1646,TRUE,31.2310924369748,361.735263200623,0.279581292582653,0.164223723255373,TRUE,TRUE
"Fe",1647,TRUE,31.5174069627851,401.102491597464,0.294853658810784,-2.64903430792292,TRUE,TRUE
"Fe",1648,TRUE,31.3583433373349,294.830204958494,0.252667590393188,-1.01077168627432,TRUE,FALSE
"Fe",1649,TRUE,31.1992797118848,276.385416128393,0.24416790202977,0.535370003235387,TRUE,FALSE
"Fe",1650,TRUE,31.3583433373349,312.598912248422,0.260151159401695,-0.991898056468159,TRUE,FALSE
"Fe",1651,TRUE,31.2310924369748,330.778716422338,0.267563346609913,0.225751066319446,TRUE,TRUE
"Fe",1652,TRUE,31.3583433373349,324.612729104344,0.265269632011221,-0.966803462152331,TRUE,TRUE
"Fe",1653,TRUE,31.3265306122449,295.156847307781,0.252765950307782,-0.699480618832189,TRUE,FALSE
"Fe",1654,TRUE,31.3265306122449,325.30418121141,0.265327621500258,-0.678034382439474,TRUE,TRUE
"Fe",1655,TRUE,31.2947178871549,258.729796676316,0.235973312417232,-0.504202609375217,TRUE,FALSE
"Fe",1656,TRUE,31.2310924369748,294.439575981092,0.251767681281453,0.105197704211892,TRUE,FALSE
"Fe",1657,TRUE,31.2629051620648,358.205219864034,0.278530173029334,-0.0746478874933361,TRUE,TRUE
"Fe",1658,TRUE,31.390156062425,301.506963353672,0.255452574684086,-1.33128018074706,TRUE,FALSE
"Fe",1659,TRUE,31.2629051620648,246.89076343823,0.230417290960878,-0.161194430188538,TRUE,FALSE
"Fe",1660,TRUE,31.3583433373349,324.170774094349,0.264644583108552,-1.11636433621033,TRUE,TRUE
"Fe",1661,TRUE,31.1674669867947,357.857396077985,0.278406590048637,0.877877582517751,TRUE,TRUE
"Fe",1662,TRUE,31.5174069627851,273.996979315929,0.243011976470469,-2.74122618781858,TRUE,FALSE
"Fe",1663,TRUE,31.2310924369748,356.971725241015,0.278281433536584,0.26981882531628,TRUE,TRUE
"Fe",1664,TRUE,31.3265306122449,276.380487447677,0.24424015135156,-0.736066160156925,TRUE,FALSE
"Fe",1665,TRUE,31.2629051620648,299.43228576822,0.254558631512467,-0.0622017888914913,TRUE,FALSE
"Fe",1666,TRUE,31.390156062425,276.831495899429,0.244400718879634,-1.37082486855545,TRUE,FALSE
"Fe",1667,TRUE,31.2947178871549,371.009792870237,0.283612903686667,-0.384231871279396,TRUE,TRUE
"Fe",1668,TRUE,31.3265306122449,326.491879566049,0.265346118547993,-0.84728345755761,TRUE,TRUE
"Fe",1669,TRUE,31.2310924369748,340.504369607643,0.271919031310525,0.31989252374428,TRUE,TRUE
"Fe",1670,TRUE,31.3583433373349,311.459205301496,0.259618231891134,-1.04162134670232,TRUE,FALSE
"Fe",1671,TRUE,31.421968787515,316.526074992168,0.261559403145062,-1.64342027123041,TRUE,TRUE
"Fe",1672,TRUE,31.2310924369748,315.762744315051,0.261339616707286,0.223042537207212,TRUE,TRUE
"Fe",1673,TRUE,31.2947178871549,309.060167847747,0.258132165894051,-0.477167061016657,TRUE,FALSE
"Fe",1674,TRUE,31.1674669867947,279.883938540748,0.245459313922898,0.765044554186931,TRUE,FALSE
"Fe",1675,TRUE,31.390156062425,347.062173916221,0.273950494425248,-1.39295551845507,TRUE,TRUE
"Fe",1676,TRUE,31.390156062425,302.460846168765,0.255443524777576,-1.42826858853287,TRUE,FALSE
"Fe",1677,TRUE,31.390156062425,364.917846180348,0.281401952642234,-1.26593725953826,TRUE,TRUE
"Fe",1678,TRUE,31.4855942376951,284.616638960089,0.248071874308682,-2.2681591067051,TRUE,FALSE
"Fe",1679,TRUE,31.390156062425,282.696168819666,0.247252623812528,-1.31824105852755,TRUE,FALSE
"Fe",1680,TRUE,31.2629051620648,313.460535374819,0.260170640417488,-0.13516502973799,TRUE,FALSE
"Fe",1681,TRUE,31.3265306122449,316.246193562235,0.261619465922352,-0.71052224554514,TRUE,TRUE
"Fe",1682,TRUE,31.2310924369748,331.758167899358,0.267845518133449,0.193308132037768,TRUE,TRUE
"Fe",1683,TRUE,31.2629051620648,288.20892214637,0.249438282463583,-0.0677133538309483,TRUE,FALSE
"Fe",1684,TRUE,31.390156062425,338.24201157022,0.270711754403135,-1.3424462109488,TRUE,TRUE
"Fe",1685,TRUE,31.2310924369748,331.320323202429,0.267955309948587,0.283479485551991,TRUE,TRUE
"Fe",1686,TRUE,31.390156062425,342.512790313656,0.272497723611142,-1.32987756254476,TRUE,TRUE
"Fe",1687,TRUE,31.1992797118848,282.664606156983,0.247047141982029,0.531466588269884,TRUE,FALSE
"Fe",1688,TRUE,31.2947178871549,296.896343414489,0.253426915471665,-0.376612366212692,TRUE,FALSE
"Fe",1689,TRUE,31.421968787515,288.706266269946,0.249601073128535,-1.70415362561857,TRUE,FALSE
"Fe",1690,TRUE,31.3583433373349,319.908423914698,0.263055354217716,-1.08227459796325,TRUE,TRUE
"Fe",1691,TRUE,31.421968787515,335.172232598385,0.26929593219227,-1.70912071078641,TRUE,TRUE
"Fe",1692,TRUE,31.390156062425,286.25888194473,0.248792484358908,-1.32473022850899,TRUE,FALSE
"Fe",1693,TRUE,31.421968787515,340.195945516172,0.271489054352911,-1.64827825708076,TRUE,TRUE
"Fe",1694,TRUE,31.3265306122449,277.257854688316,0.244753725656529,-0.684081558550587,TRUE,FALSE
"Fe",1695,TRUE,31.421968787515,344.288519662186,0.27282660532215,-1.71527892584946,TRUE,TRUE
"Fe",1696,TRUE,31.390156062425,334.069395255453,0.268971600544727,-1.36503328371799,TRUE,TRUE
"Fe",1697,TRUE,31.3265306122449,381.066724256918,0.287882799699023,-0.614422933120243,TRUE,TRUE
"Fe",1698,TRUE,31.2629051620648,400.179582936306,0.294936287421465,-0.0207687279667066,TRUE,TRUE
"Fe",1699,TRUE,31.1674669867947,360.048933908623,0.278743161154233,0.772899130897197,TRUE,TRUE
"Fe",1700,TRUE,31.2947178871549,270.295842728931,0.241378664532596,-0.444507280365996,TRUE,FALSE
"Fe",1701,TRUE,31.390156062425,300.267640636665,0.254968003712171,-1.28738972536481,TRUE,FALSE
"Fe",1702,TRUE,31.3583433373349,315.400501453794,0.261154465270681,-1.03850194476312,TRUE,FALSE
"Fe",1703,TRUE,31.2310924369748,384.94490605187,0.288522722921907,0.150071350294968,TRUE,TRUE
"Fe",1704,TRUE,31.2310924369748,289.625375558284,0.250057536746998,0.186939629173162,TRUE,FALSE
"Fe",1705,TRUE,31.2629051620648,285.044464439944,0.248327035855772,-0.0478574687437155,TRUE,FALSE
"Fe",1706,TRUE,31.2947178871549,294.086747394303,0.252184295614938,-0.392071445502062,TRUE,FALSE
"Fe",1707,TRUE,31.2629051620648,332.168295964304,0.26792500902264,-0.121625483842412,TRUE,TRUE
"Fe",1708,TRUE,31.390156062425,353.220062965933,0.276715747952001,-1.33655361874205,TRUE,TRUE
"Fe",1709,TRUE,31.421968787515,332.450505773445,0.268165415912688,-1.69436890023097,TRUE,TRUE
"Fe",1710,TRUE,31.3265306122449,302.807123856987,0.256116929140741,-0.672876449214737,TRUE,FALSE
"Fe",1711,TRUE,31.2310924369748,331.486111774052,0.267850032628011,0.218814351653913,TRUE,TRUE
"Fe",1712,TRUE,31.4855942376951,343.647151510945,0.272667370957976,-2.34102533908225,TRUE,TRUE
"Fe",1713,TRUE,31.390156062425,365.725703548544,0.281528905902368,-1.35689156832785,TRUE,TRUE
"Fe",1714,TRUE,31.2629051620648,325.287819837356,0.264848463111957,-0.211156994930132,TRUE,TRUE
"Fe",1715,TRUE,31.3583433373349,323.732201934421,0.26447116895849,-1.12692049948391,TRUE,TRUE
"Fe",1716,TRUE,31.2310924369748,347.83193138512,0.274399536420696,0.25051905623036,TRUE,TRUE
"Fe",1717,TRUE,31.2947178871549,312.603764349473,0.259708402602283,-0.471354166024228,TRUE,FALSE
"Fe",1718,TRUE,31.3265306122449,246.275345015068,0.230395044323904,-0.75461301282339,TRUE,FALSE
"Fe",1719,TRUE,31.2629051620648,276.29661362134,0.244404645283958,-0.0513693665146749,TRUE,FALSE
"Fe",1720,TRUE,31.2947178871549,280.114509230881,0.246030657842722,-0.376775565636143,TRUE,FALSE
"Fe",1721,TRUE,31.1992797118848,343.496641009679,0.272445320530018,0.494256111746377,TRUE,TRUE
"Fe",1722,TRUE,31.2947178871549,390.667033375472,0.291105105938074,-0.401927739373466,TRUE,TRUE
"Fe",1723,TRUE,31.390156062425,253.163069463392,0.233766899720307,-1.30296373618565,TRUE,FALSE
"Fe",1724,TRUE,31.2629051620648,351.659064626761,0.27597548900107,-0.0873322876903253,TRUE,TRUE
"Fe",1725,TRUE,31.2947178871549,337.289615470055,0.270214631041168,-0.428921562895352,TRUE,TRUE
"Fe",1726,TRUE,31.2629051620648,348.534105652174,0.274347846900382,-0.175534341131808,TRUE,TRUE
"Fe",1727,TRUE,31.2310924369748,323.868840992455,0.264789431472609,0.233148540942458,TRUE,TRUE
"Fe",1728,TRUE,31.390156062425,291.382609285255,0.251145482136182,-1.28635135452656,TRUE,FALSE
"Fe",1729,TRUE,31.390156062425,359.504903176515,0.278682991983265,-1.46945141826246,TRUE,TRUE
"Fe",1730,TRUE,31.3583433373349,307.731127307548,0.257981738536005,-1.03701000248964,TRUE,FALSE
"Fe",1731,TRUE,31.5174069627851,338.124410729255,0.270699846084748,-2.5321548756288,TRUE,TRUE
"Fe",1732,TRUE,31.1674669867947,305.174601180968,0.256859393999632,0.871798284223301,TRUE,FALSE
"Fe",1733,TRUE,31.421968787515,301.46441270974,0.255494331189537,-1.58094137693561,TRUE,FALSE
"Fe",1734,TRUE,31.2947178871549,391.821938890791,0.291402512006483,-0.4190807531276,TRUE,TRUE
"Fe",1735,TRUE,31.3583433373349,269.276649794403,0.24127151714014,-0.981724166231757,TRUE,FALSE
"Fe",1736,TRUE,31.2310924369748,347.714764461454,0.274749031474363,0.298910620166862,TRUE,TRUE
"Fe",1737,TRUE,31.2310924369748,344.824704010763,0.272824865685006,0.130628185925326,TRUE,TRUE
"Fe",1738,TRUE,31.2947178871549,310.500644204898,0.258874330636368,-0.455459577739709,TRUE,FALSE
"Fe",1739,TRUE,31.421968787515,325.517691678896,0.265019127320439,-1.77194190533313,TRUE,TRUE
"Fe",1740,TRUE,31.3265306122449,313.459362040154,0.260157250679806,-0.768587554703558,TRUE,FALSE
"Fe",1741,TRUE,31.390156062425,232.816566532789,0.224278058970822,-1.26734238331368,TRUE,FALSE
"Fe",1742,TRUE,31.421968787515,329.280984388921,0.266667486646363,-1.75638977051298,TRUE,TRUE
"Fe",1743,TRUE,31.453781512605,351.058697282206,0.27563414114941,-1.99966790253124,TRUE,TRUE
"Fe",1744,TRUE,31.421968787515,293.389818939096,0.252027058349917,-1.6061881377185,TRUE,FALSE
"Fe",1745,TRUE,31.390156062425,296.057038201038,0.252738746111026,-1.41773019556567,TRUE,FALSE
"Fe",1746,TRUE,31.1674669867947,349.832603501542,0.274990322384445,0.823671652104772,TRUE,TRUE
"Fe",1747,TRUE,31.390156062425,341.871278862539,0.272196403884002,-1.29764137920341,TRUE,TRUE
"Fe",1748,TRUE,31.421968787515,328.729532386191,0.266691485719744,-1.69940206462635,TRUE,TRUE
"Fe",1749,TRUE,31.421968787515,281.975602731116,0.246663179189779,-1.721336767993,TRUE,FALSE
"Fe",1750,TRUE,31.2947178871549,315.146443731035,0.260963449717003,-0.421672996754465,TRUE,FALSE
"Fe",1751,TRUE,31.2629051620648,319.975798536224,0.262894789202676,-0.148229133413987,TRUE,TRUE
"Fe",1752,TRUE,31.1038415366146,287.762431356625,0.249011452115069,1.46829063782497,TRUE,FALSE
"Fe",1753,TRUE,31.2947178871549,272.333271725813,0.242605392207397,-0.379385479879239,TRUE,FALSE
"Fe",1754,TRUE,31.2310924369748,355.801186401757,0.277956513365202,0.300060205955885,TRUE,TRUE
"Fe",1755,TRUE,31.2310924369748,301.942406432598,0.255215439880929,0.16422240378509,TRUE,FALSE
"Fe",1756,TRUE,31.3265306122449,266.868906652326,0.240376598664085,-0.622426752522777,TRUE,FALSE
"Fe",1757,TRUE,31.3583433373349,282.63648944701,0.247092965671271,-1.04271185758599,TRUE,FALSE
"Fe",1758,TRUE,31.390156062425,319.992549265632,0.262958062617244,-1.39973871371051,TRUE,TRUE
"Fe",1759,TRUE,31.2947178871549,283.099150300635,0.247284144857458,-0.417991527139808,TRUE,FALSE
"Fe",1760,TRUE,31.2947178871549,299.00172219763,0.25417043845979,-0.418329265328133,TRUE,FALSE
"Fe",1761,TRUE,31.2629051620648,235.329229370589,0.22491171982161,-0.205147454222603,TRUE,FALSE
"Fe",1762,TRUE,31.2629051620648,275.853895209886,0.243819702650055,-0.150566189252048,TRUE,FALSE
"Fe",1763,TRUE,31.4855942376951,310.611841573372,0.259129589626184,-2.31980518282666,TRUE,FALSE
"Fe",1764,TRUE,31.2629051620648,338.575536322456,0.270949820681199,-0.0268430234468404,TRUE,TRUE
"Fe",1765,TRUE,31.3583433373349,320.634706661218,0.263671323177237,-0.928920535037053,TRUE,TRUE
"Fe",1766,TRUE,31.2629051620648,277.024906434873,0.24477425877581,-0.0157910678319832,TRUE,FALSE
"Fe",1767,TRUE,31.421968787515,305.001629122651,0.257118850491562,-1.55673319871859,TRUE,FALSE
"Fe",1768,TRUE,31.2629051620648,307.238263365053,0.257993060149515,-0.0212426189626284,TRUE,FALSE
"Fe",1769,TRUE,31.1356542617047,275.603056120793,0.243681136008218,1.13289906732774,TRUE,FALSE
"Fe",1770,TRUE,31.2947178871549,292.652929628702,0.251840424341159,-0.335461000853972,TRUE,FALSE
"Fe",1771,TRUE,31.1992797118848,287.324928215726,0.249228840759405,0.560424121478385,TRUE,FALSE
"Fe",1772,TRUE,31.390156062425,325.581437960113,0.265282433850765,-1.38162643382094,TRUE,TRUE
"Fe",1773,TRUE,31.1992797118848,366.128689887222,0.281185706032314,0.45225214361233,TRUE,TRUE
"Fe",1774,TRUE,31.390156062425,322.585778293042,0.263852767396427,-1.42845599480318,TRUE,TRUE
"Fe",1775,TRUE,31.3583433373349,319.782148439127,0.262686153123957,-1.09541348927329,TRUE,TRUE
"Fe",1776,TRUE,31.2947178871549,371.85287822378,0.284069358823624,-0.395078437391065,TRUE,TRUE
"Fe",1777,TRUE,31.2629051620648,313.733980222436,0.260385282911604,-0.122410465540343,TRUE,FALSE
"Fe",1778,TRUE,31.2629051620648,344.596346108674,0.273263693670969,-0.0392928230259477,TRUE,TRUE
"Fe",1779,TRUE,31.1674669867947,345.661715387197,0.273167050225676,0.783090593565005,TRUE,TRUE
"Fe",1780,TRUE,31.390156062425,314.750726772585,0.260812467912368,-1.40795842156174,TRUE,FALSE
"Fe",1781,TRUE,31.3583433373349,326.58220048247,0.265632426562744,-1.10888014603697,TRUE,TRUE
"Fe",1782,TRUE,31.2629051620648,304.993478912644,0.256526537280048,-0.165352671360513,TRUE,FALSE
"Fe",1783,TRUE,31.3265306122449,287.883817425105,0.249192326751207,-0.78303205451589,TRUE,FALSE
"Fe",1784,TRUE,31.1674669867947,314.609410953397,0.260632194148519,0.828294666876032,TRUE,FALSE
"Fe",1785,TRUE,31.3265306122449,266.464683267274,0.239822122418039,-0.733363179935689,TRUE,FALSE
"Fe",1786,TRUE,31.2947178871549,327.637683182947,0.266254443356733,-0.400490267207195,TRUE,TRUE
"Fe",1787,TRUE,31.3265306122449,269.335502231245,0.241412915862947,-0.640353333363934,TRUE,FALSE
"Fe",1788,TRUE,31.3583433373349,300.98225173158,0.254668848012918,-1.12114113666498,TRUE,FALSE
"Fe",1789,TRUE,31.1992797118848,342.170393250346,0.272015975373937,0.529926135830878,TRUE,TRUE
"Fe",1790,TRUE,31.390156062425,328.216644557268,0.266641234321976,-1.34475620400274,TRUE,TRUE
"Fe",1791,TRUE,31.1674669867947,294.817884819893,0.251779973946487,0.719214703083637,TRUE,FALSE
"Fe",1792,TRUE,31.421968787515,313.469969180643,0.260017215865276,-1.77407114656427,TRUE,FALSE
"Fe",1793,TRUE,31.1992797118848,277.760029759435,0.244882065330073,0.532552898953733,TRUE,FALSE
"Fe",1794,TRUE,31.421968787515,330.950590127655,0.267642777210981,-1.64006546931547,TRUE,TRUE
"Fe",1795,TRUE,31.421968787515,332.545798963961,0.268243647510506,-1.6719088233073,TRUE,TRUE
"Fe",1796,TRUE,31.421968787515,294.49890494975,0.252442838117243,-1.64249654399707,TRUE,FALSE
"Fe",1797,TRUE,31.3265306122449,319.683512996396,0.263223307124977,-0.6765543299846,TRUE,TRUE
"Fe",1798,TRUE,31.453781512605,368.525897070634,0.282341086969625,-2.07760877519851,TRUE,TRUE
"Fe",1799,TRUE,31.390156062425,264.138369787569,0.238707506978328,-1.35563264886908,TRUE,FALSE
"Fe",1800,TRUE,31.3583433373349,344.442405517972,0.273096115911822,-1.03435196803473,TRUE,TRUE
"Fe",1801,TRUE,31.2947178871549,363.2833509265,0.280371143715782,-0.443877802198146,TRUE,TRUE
"Fe",1802,TRUE,31.390156062425,261.370873644232,0.237454517925602,-1.39111932338947,TRUE,FALSE
"Fe",1803,TRUE,31.453781512605,321.198614639736,0.263511023455186,-2.02451428493486,TRUE,TRUE
"Fe",1804,TRUE,31.390156062425,328.16622430507,0.266465613008015,-1.3166997072081,TRUE,TRUE
"Fe",1805,TRUE,31.390156062425,280.295981292168,0.245723287221299,-1.4758063250022,TRUE,FALSE
"Fe",1806,TRUE,31.1674669867947,283.031953022392,0.246903455727607,0.789600263484135,TRUE,FALSE
"Fe",1807,TRUE,31.3583433373349,292.183099543814,0.251166526072322,-1.08055436684689,TRUE,FALSE
"Fe",1808,TRUE,31.2629051620648,302.252565773288,0.255464188030917,-0.0834142281233749,TRUE,FALSE
"Fe",1809,TRUE,31.2310924369748,346.517249862859,0.274003681387719,0.245672129240506,TRUE,TRUE
"Fe",1810,TRUE,31.2947178871549,346.837268179737,0.27429559711529,-0.349886601666018,TRUE,TRUE
"Fe",1811,TRUE,31.2947178871549,328.384318665345,0.266879563934163,-0.308455743932956,TRUE,TRUE
"Fe",1812,TRUE,31.3583433373349,334.9460253268,0.269177208959841,-1.03734792792271,TRUE,TRUE
"Fe",1813,TRUE,31.1674669867947,300.976344106681,0.254917678768203,0.839949357806415,TRUE,FALSE
"Fe",1814,TRUE,31.3265306122449,346.388973733669,0.273462625079464,-0.816199491955474,TRUE,TRUE
"Fe",1815,TRUE,31.390156062425,298.25652731455,0.253900087672702,-1.32075906786793,TRUE,FALSE
"Fe",1816,TRUE,31.390156062425,285.911758902151,0.248926759828129,-1.24834949557987,TRUE,FALSE
"Fe",1817,TRUE,31.3583433373349,319.996493638405,0.263127471825758,-1.06312883029666,TRUE,TRUE
"Fe",1818,TRUE,31.2947178871549,328.261300733541,0.266444981793175,-0.430776012698375,TRUE,TRUE
"Fe",1819,TRUE,31.2947178871549,302.359128902466,0.255835398051184,-0.330464437140505,TRUE,FALSE
"Fe",1820,TRUE,31.2947178871549,300.956200687729,0.255011899298365,-0.399989615197679,TRUE,FALSE
"Fe",1821,TRUE,31.453781512605,338.555200137251,0.270690364501908,-1.98755302788322,TRUE,TRUE
"Fe",1822,TRUE,31.3583433373349,308.523684605652,0.257746699416749,-1.20401390593321,TRUE,FALSE
"Fe",1823,TRUE,31.3583433373349,310.374282109563,0.259205095492774,-1.02538106031509,TRUE,FALSE
"Fe",1824,TRUE,31.2629051620648,302.431787623127,0.255806838932353,-0.0653501367924856,TRUE,FALSE
"Fe",1825,TRUE,31.2310924369748,324.674035484311,0.264597966581606,0.124790426205927,TRUE,TRUE
"Fe",1826,TRUE,31.2629051620648,314.671308065846,0.261016468096188,-0.0457999056402963,TRUE,FALSE
"Fe",1827,TRUE,31.1992797118848,307.903663327965,0.25790711143057,0.540051453769234,TRUE,FALSE
"Fe",1828,TRUE,31.4855942376951,292.147608357177,0.251175171086008,-2.34563381042159,TRUE,FALSE
"Fe",1829,TRUE,31.3583433373349,278.537031566391,0.245166578201102,-1.08154975561544,TRUE,FALSE
"Fe",1830,TRUE,31.2310924369748,342.433651563906,0.271954881969527,0.167276549744644,TRUE,TRUE
"Fe",1831,TRUE,31.3265306122449,310.730937534986,0.25922059978644,-0.748421292468817,TRUE,FALSE
"Fe",1832,TRUE,31.2947178871549,298.752457675453,0.254337799394929,-0.350971982054885,TRUE,FALSE
"Fe",1833,TRUE,31.390156062425,347.774592178797,0.274531408361077,-1.33453231873208,TRUE,TRUE
"Fe",1834,TRUE,31.2310924369748,338.191528445094,0.270341355360584,0.189847433203013,TRUE,TRUE
"Fe",1835,TRUE,31.2310924369748,281.030354963403,0.24646256367095,0.248835607596425,TRUE,FALSE
"Fe",1836,TRUE,31.3265306122449,274.003452523807,0.243353203804361,-0.721914196905653,TRUE,FALSE
"Fe",1837,TRUE,31.2629051620648,312.357512096471,0.259583461562929,-0.151000026625504,TRUE,FALSE
"Fe",1838,TRUE,31.421968787515,379.213431193744,0.286757302580289,-1.61475901460553,TRUE,TRUE
"Fe",1839,TRUE,31.421968787515,319.796575006249,0.263482663980206,-1.55411015781898,TRUE,TRUE
"Fe",1840,TRUE,31.421968787515,333.166272703621,0.268288275460235,-1.7149096375422,TRUE,TRUE
"Fe",1841,TRUE,31.2310924369748,312.188413366552,0.259329844344964,0.127710426640669,TRUE,FALSE
"Fe",1842,TRUE,31.3583433373349,272.446581376927,0.242697542901986,-1.01947954577678,TRUE,FALSE
"Fe",1843,TRUE,31.2947178871549,307.31215464767,0.257771400302301,-0.410802651249158,TRUE,FALSE
"Fe",1844,TRUE,31.2310924369748,231.641146965975,0.223427483328477,0.208194817777031,TRUE,FALSE
"Fe",1845,TRUE,31.2947178871549,291.148276927105,0.250477969208784,-0.475350456530208,TRUE,FALSE
"Fe",1846,TRUE,31.2947178871549,249.687497795643,0.23212641787112,-0.403822096555816,TRUE,FALSE
"Fe",1847,TRUE,31.3583433373349,298.563917903299,0.254026174984558,-1.07179307279492,TRUE,FALSE
"Fe",1848,TRUE,31.2629051620648,319.989898682775,0.262997904605036,-0.064024464785505,TRUE,TRUE
"Fe",1849,TRUE,31.3265306122449,352.343580529524,0.275962377030686,-0.789883584413741,TRUE,TRUE
"Fe",1850,TRUE,31.2629051620648,333.774436866157,0.268711990498738,-0.0994985562109341,TRUE,TRUE
"Fe",1851,TRUE,31.3265306122449,355.133686419918,0.277450341781132,-0.691171448181722,TRUE,TRUE
"Fe",1852,TRUE,31.1992797118848,344.34346389605,0.272675019937022,0.508702774869246,TRUE,TRUE
"Fe",1853,TRUE,31.2947178871549,320.845103834218,0.26331033765442,-0.437711693190279,TRUE,TRUE
"Fe",1854,TRUE,31.3583433373349,332.856656323541,0.268317964678651,-1.05210625028012,TRUE,TRUE
"Fe",1855,TRUE,31.3265306122449,300.207169367001,0.254916496742223,-0.668727861075589,TRUE,FALSE
"Fe",1856,TRUE,31.3583433373349,304.119358386946,0.256360944063889,-1.04167303962596,TRUE,FALSE
"Fe",1857,TRUE,31.390156062425,266.897583700745,0.239951650097971,-1.35284178316094,TRUE,FALSE
"Fe",1858,TRUE,31.421968787515,321.935797464397,0.264236638092326,-1.577502599515,TRUE,TRUE
"Fe",1859,TRUE,31.5810324129652,287.285659917064,0.249028588122299,3.02307419928651,TRUE,FALSE
"Fe",1860,TRUE,31.390156062425,319.101070358865,0.262789074660696,-1.31665350512126,TRUE,TRUE
"Fe",1861,TRUE,31.453781512605,277.560491294542,0.244862706187816,-1.97534433498523,TRUE,FALSE
"Fe",1862,TRUE,31.2310924369748,333.160949263301,0.268483247652518,0.210539899969882,TRUE,TRUE
"Fe",1863,TRUE,31.2629051620648,403.04504285327,0.295586336437171,-0.101631277035373,TRUE,TRUE
"Fe",1864,TRUE,31.2947178871549,273.00409971545,0.242558941296578,-0.460274397836976,TRUE,FALSE
"Fe",1865,TRUE,31.3265306122449,320.230289727159,0.263417911389927,-0.636331005265265,TRUE,TRUE
"Fe",1866,TRUE,31.2310924369748,284.990976848565,0.248215246349478,0.244134122273637,TRUE,FALSE
"Fe",1867,TRUE,31.3265306122449,345.85008419828,0.27371230949952,-0.720541698051575,TRUE,TRUE
"Fe",1868,TRUE,31.2629051620648,312.051968327543,0.259487909734328,-0.165087146710487,TRUE,FALSE
"Fe",1869,TRUE,31.1356542617047,345.262613917347,0.273544674398023,1.22409520392023,TRUE,TRUE
"Fe",1870,TRUE,31.390156062425,335.000759010209,0.269070067635365,-1.36492045079952,TRUE,TRUE
"Fe",1871,TRUE,31.3583433373349,342.652544113775,0.272673002132741,-0.928636961210404,TRUE,TRUE
"Fe",1872,TRUE,31.2629051620648,265.252332332015,0.239400625267428,-0.0549912002661565,TRUE,FALSE
"Fe",1873,TRUE,31.3265306122449,323.635804152569,0.264501657123407,-0.772160404533698,TRUE,TRUE
"Fe",1874,TRUE,31.3583433373349,257.816987827312,0.235638239273282,-1.09789676495348,TRUE,FALSE
"Fe",1875,TRUE,31.390156062425,302.435187131314,0.255387355004811,-1.41675944091784,TRUE,FALSE
"Fe",1876,TRUE,31.2947178871549,251.533430170098,0.23271419790878,-0.461399649998332,TRUE,FALSE
"Fe",1877,TRUE,31.2629051620648,301.961084448098,0.255445301780801,-0.126633545333733,TRUE,FALSE
"Fe",1878,TRUE,31.1992797118848,316.494038404972,0.261531338281644,0.517190576443456,TRUE,TRUE
"Fe",1879,TRUE,31.3583433373349,288.589248026198,0.24961985661418,-1.04422779258975,TRUE,FALSE
"Fe",1880,TRUE,31.2629051620648,331.567969019226,0.267857227333966,-0.0898408923800392,TRUE,TRUE
"Fe",1881,TRUE,31.1356542617047,349.609834293238,0.274777399910993,1.13675976006114,TRUE,TRUE
"Fe",1882,TRUE,31.3583433373349,304.394713883649,0.25665749210759,-0.999059174371767,TRUE,FALSE
"Fe",1883,TRUE,31.2947178871549,271.537665165807,0.242529500578809,-0.270730181034345,TRUE,FALSE
"Fe",1884,TRUE,31.3265306122449,290.065632886828,0.250671064694308,-0.624300770932437,TRUE,FALSE
"Fe",1885,TRUE,31.2629051620648,311.808246964429,0.259644267760184,-0.0973138083835445,TRUE,FALSE
"Fe",1886,TRUE,31.421968787515,267.737830116673,0.240710344320016,-1.62181109505751,TRUE,FALSE
"Fe",1887,TRUE,31.2629051620648,254.92609205457,0.234422098321041,-0.102761797911223,TRUE,FALSE
"Fe",1888,TRUE,31.3583433373349,328.405457511063,0.266343281435351,-1.1027052541538,TRUE,TRUE
"Fe",1889,TRUE,31.2947178871549,321.90907999866,0.263719580928332,-0.474938126379948,TRUE,TRUE
"Fe",1890,TRUE,31.2629051620648,339.412570015806,0.270916196141356,-0.138659961814655,TRUE,TRUE
"Fe",1891,TRUE,31.2629051620648,293.279788533051,0.251794381465898,-0.0893732687175125,TRUE,FALSE
"Fe",1892,TRUE,31.2947178871549,364.46112461976,0.281098522239119,-0.378298606589636,TRUE,TRUE
"Fe",1893,TRUE,31.3265306122449,305.31189553233,0.25714042286426,-0.705437691243094,TRUE,FALSE
"Fe",1894,TRUE,31.1992797118848,256.576386645941,0.235239422928045,0.502285420869541,TRUE,FALSE
"Fe",1895,TRUE,31.2310924369748,316.837236012273,0.261963083096837,0.255750946278999,TRUE,TRUE
"Fe",1896,TRUE,31.2629051620648,260.928129270368,0.237488277585809,-0.0614106381258412,TRUE,FALSE
"Fe",1897,TRUE,31.3265306122449,326.885249835055,0.265713770549178,-0.80812663235872,TRUE,TRUE
"Fe",1898,TRUE,31.3265306122449,357.977091739956,0.278621892089583,-0.704789503757922,TRUE,TRUE
"Fe",1899,TRUE,31.2310924369748,286.903994241035,0.249345114956935,0.335114698568466,TRUE,FALSE
"Fe",1900,TRUE,31.2310924369748,305.18135400585,0.256802916636385,0.215854088919748,TRUE,FALSE
"Fe",1901,TRUE,31.421968787515,273.456958637618,0.243076096186959,-1.628316343084,TRUE,FALSE
"Fe",1902,TRUE,31.2629051620648,319.704407676728,0.262970973416169,-0.0941006555108794,TRUE,TRUE
"Fe",1903,TRUE,31.453781512605,260.631628179835,0.237010188332508,-2.03997725359944,TRUE,FALSE
"Fe",1904,TRUE,31.3583433373349,301.665413472281,0.255545180021821,-0.986426972415137,TRUE,FALSE
"Fe",1905,TRUE,31.3265306122449,331.894723222428,0.267734911238985,-0.804811045595645,TRUE,TRUE
"Fe",1906,TRUE,31.2310924369748,337.861760563102,0.270732928264578,0.283492383119654,TRUE,TRUE
"Fe",1907,TRUE,31.3583433373349,338.425572813523,0.271081426003574,-0.948224588329816,TRUE,TRUE
"Fe",1908,TRUE,31.3265306122449,294.601162952809,0.252321291975083,-0.733713848676006,TRUE,FALSE
"Fe",1909,TRUE,31.2629051620648,325.322935271966,0.265345868933454,-0.0717410213265237,TRUE,TRUE
"Fe",1910,TRUE,31.3265306122449,356.449573461329,0.277571277168033,-0.782815954501482,TRUE,TRUE
"Fe",1911,TRUE,31.2629051620648,330.983015147379,0.267347207488274,-0.144480919154617,TRUE,TRUE
"Fe",1912,TRUE,31.2629051620648,344.566027572702,0.272933558953509,-0.129378264221855,TRUE,TRUE
"Fe",1913,TRUE,31.3265306122449,295.45322737957,0.252960042888726,-0.650434653503032,TRUE,FALSE
"Fe",1914,TRUE,31.1674669867947,309.484212062186,0.258368000064593,0.775214619912276,TRUE,FALSE
"Fe",1915,TRUE,31.3265306122449,307.65964941298,0.258337888663712,-0.559670252102151,TRUE,FALSE
"Fe",1916,TRUE,31.2947178871549,336.624486704863,0.269625084431366,-0.473682199839028,TRUE,TRUE
"Fe",1917,TRUE,31.3265306122449,375.168898357193,0.285003495815718,-0.740439262005271,TRUE,TRUE
"Fe",1918,TRUE,31.453781512605,325.074290008257,0.265592080567076,-1.86193879353812,TRUE,TRUE
"Fe",1919,TRUE,31.2947178871549,350.272238747557,0.275724577053963,-0.341987449283731,TRUE,TRUE
"Fe",1920,TRUE,31.3583433373349,315.376335376066,0.260937348067395,-1.10114953556326,TRUE,FALSE
"Fe",1921,TRUE,31.2947178871549,339.062588757098,0.270833304078503,-0.404348176333703,TRUE,TRUE
"Fe",1922,TRUE,31.390156062425,325.167994154712,0.265173571118197,-1.40418108510015,TRUE,TRUE
"Fe",1923,TRUE,31.2947178871549,250.068253166069,0.232172152458219,-0.457064380125913,TRUE,FALSE
"Fe",1924,TRUE,31.390156062425,310.099563249507,0.258836278042345,-1.4060503723025,TRUE,FALSE
"Fe",1925,TRUE,31.3265306122449,345.869859647643,0.273459230259753,-0.731846707114616,TRUE,TRUE
"Fe",1926,TRUE,31.2310924369748,326.924102607822,0.266297692883008,0.280769071382465,TRUE,TRUE
"Fe",1927,TRUE,31.2947178871549,309.909169034562,0.258676775489117,-0.451406649585558,TRUE,FALSE
"Fe",1928,TRUE,31.390156062425,301.843844041457,0.255557705607961,-1.33968327822788,TRUE,FALSE
"Fe",1929,TRUE,31.2629051620648,311.621944606139,0.259211172569833,-0.175146463335277,TRUE,FALSE
"Fe",1930,TRUE,31.3265306122449,365.456674454557,0.281672862531156,-0.665267604987198,TRUE,TRUE
"Fe",1931,TRUE,31.2310924369748,374.81707630522,0.285200359516683,0.276556791339969,TRUE,TRUE
"Fe",1932,TRUE,31.2629051620648,336.478007632862,0.269872597238327,-0.0963374803143816,TRUE,TRUE
"Fe",1933,TRUE,31.2947178871549,304.337143851673,0.256454537730246,-0.40447429156142,TRUE,FALSE
"Fe",1934,TRUE,31.390156062425,271.465055418256,0.242266941934806,-1.34233457582145,TRUE,FALSE
"Fe",1935,TRUE,31.421968787515,352.621701802845,0.276380817502892,-1.69317281712723,TRUE,TRUE
"Fe",1936,TRUE,31.421968787515,326.810522670455,0.265717826696372,-1.74240501484766,TRUE,TRUE
"Fe",1937,TRUE,31.2947178871549,267.370540843138,0.240374638776073,-0.367620767463847,TRUE,FALSE
"Fe",1938,TRUE,31.5492196878751,328.183729275627,0.266123598227104,-3.034679244655,TRUE,TRUE
"Fe",1939,TRUE,31.2947178871549,276.141744194695,0.244356587265015,-0.404363816818676,TRUE,FALSE
"Fe",1940,TRUE,31.3583433373349,316.347202329524,0.261814922924231,-0.956672156529172,TRUE,TRUE
"Fe",1941,TRUE,31.2310924369748,338.700660551799,0.270347089115107,0.139390907312939,TRUE,TRUE
"Fe",1942,TRUE,31.2629051620648,345.505651586585,0.273290850006445,-0.110211893433688,TRUE,TRUE
"Fe",1943,TRUE,31.1356542617047,321.553109278953,0.263601974926926,1.14716130646053,TRUE,TRUE
"Fe",1944,TRUE,31.2310924369748,328.888189737364,0.267122939450323,0.289314525972387,TRUE,TRUE
"Fe",1945,TRUE,31.453781512605,288.599686045984,0.250055248059957,-1.84297131518335,TRUE,FALSE
"Fe",1946,TRUE,31.1992797118848,301.901635809612,0.255512003895774,0.520879555988191,TRUE,FALSE
"Fe",1947,TRUE,31.3265306122449,331.225259713188,0.267615661519147,-0.7254907088169,TRUE,TRUE
"Fe",1948,TRUE,31.453781512605,366.974574806528,0.281643922590283,-2.12019209680004,TRUE,TRUE
"Fe",1949,TRUE,31.2947178871549,305.978849528185,0.257545490644137,-0.359156605834354,TRUE,FALSE
"Fe",1950,TRUE,31.390156062425,341.214959058751,0.271899379891942,-1.29498728092735,TRUE,TRUE
"Fe",1951,TRUE,31.5174069627851,316.220925797841,0.261693368879269,-2.54672173896351,TRUE,TRUE
"Fe",1952,TRUE,31.421968787515,385.786272686504,0.289481666658526,-1.64522000015426,TRUE,TRUE
"Fe",1953,TRUE,31.2310924369748,326.187697692729,0.265654726866934,0.204100871657358,TRUE,TRUE
"Fe",1954,TRUE,31.3265306122449,220.4574650383,0.218150172880941,-0.684723403615516,TRUE,FALSE
"Fe",1955,TRUE,31.3583433373349,333.842019390061,0.268735680566703,-1.06055001606663,TRUE,TRUE
"Fe",1956,TRUE,31.3583433373349,331.048690617832,0.267627052860443,-1.06101984677976,TRUE,TRUE
"Fe",1957,TRUE,31.2947178871549,315.491969500711,0.261423869158939,-0.317506298468375,TRUE,FALSE
"Fe",1958,TRUE,31.3583433373349,343.862528727397,0.273049628982777,-0.996219020217968,TRUE,TRUE
"Fe",1959,TRUE,31.421968787515,320.324620069243,0.263261450442653,-1.66493644697723,TRUE,TRUE
"Fe",1960,TRUE,31.390156062425,272.696330284111,0.242737154885314,-1.3229226562501,TRUE,FALSE
"Fe",1961,TRUE,31.3583433373349,297.127272297383,0.253329670265645,-1.03020754433151,TRUE,FALSE
"Fe",1962,TRUE,31.1674669867947,277.129626220201,0.244797179814669,0.89734422455736,TRUE,FALSE
"Fe",1963,TRUE,31.2629051620648,349.283257752121,0.275366592273484,-0.0468093019718776,TRUE,TRUE
"Fe",1964,TRUE,31.1356542617047,389.410553347315,0.290326433520253,1.14474892629522,TRUE,TRUE
"Fe",1965,TRUE,31.2947178871549,342.104462182606,0.271959508467306,-0.452719386857567,TRUE,TRUE
"Fe",1966,TRUE,31.3583433373349,345.076111903372,0.273507610576188,-1.01326509846679,TRUE,TRUE
"Fe",1967,TRUE,31.421968787515,300.316799459915,0.254742771864105,-1.6784568987288,TRUE,FALSE
"Fe",1968,TRUE,31.421968787515,360.102037707232,0.2795523408155,-1.56382740567697,TRUE,TRUE
"Fe",1969,TRUE,31.3265306122449,307.214557224356,0.257700145608874,-0.721766702265031,TRUE,FALSE
"Fe",1970,TRUE,31.0720288115246,380.471495327843,0.286450587022167,1.69800920082369,TRUE,TRUE
"Fe",1971,TRUE,31.453781512605,359.073764507135,0.279061629160551,-1.91721572970258,TRUE,TRUE
"Fe",1972,TRUE,31.421968787515,308.494583424835,0.258492485054515,-1.64307463688453,TRUE,FALSE
"Fe",1973,TRUE,31.2947178871549,330.741599633661,0.267872567479424,-0.323991135051809,TRUE,TRUE
"Fe",1974,TRUE,31.2947178871549,314.05069237899,0.260860380784926,-0.315461572604692,TRUE,FALSE
"Fe",1975,TRUE,31.453781512605,296.368403443321,0.253028437064153,-1.9699329108675,TRUE,FALSE
"Fe",1976,TRUE,31.2947178871549,232.435131149988,0.223689757051025,-0.473586973977007,TRUE,FALSE
"Fe",1977,TRUE,31.390156062425,314.44963160694,0.260707432266474,-1.3740048390994,TRUE,FALSE
"Fe",1978,TRUE,31.2947178871549,298.462341229551,0.254027068098533,-0.392544200624875,TRUE,FALSE
"Fe",1979,TRUE,31.5174069627851,339.678326680181,0.271107400145031,-2.62262190864925,TRUE,TRUE
"Fe",1980,TRUE,31.2310924369748,267.228956591627,0.240268385684686,0.257685971958284,TRUE,FALSE
"Fe",1981,TRUE,31.2629051620648,288.497482909547,0.249763170142395,-0.056983369275626,TRUE,FALSE
"Fe",1982,TRUE,31.421968787515,299.216823763592,0.254469713419122,-1.6287428474089,TRUE,FALSE
"Fe",1983,TRUE,31.3583433373349,314.079032296858,0.260856522349752,-0.962043536522206,TRUE,FALSE
"Fe",1984,TRUE,31.3583433373349,335.51209858251,0.269291333462692,-1.07378265843576,TRUE,TRUE
"Fe",1985,TRUE,31.2629051620648,331.372260004695,0.26784258825659,-0.0673236064516332,TRUE,TRUE
"Fe",1986,TRUE,31.0720288115246,306.138130610766,0.256561014852121,1.67159614375193,TRUE,FALSE
"Fe",1987,TRUE,31.2629051620648,301.333255801168,0.255011987293992,-0.122659061168877,TRUE,FALSE
"Fe",1988,TRUE,31.3265306122449,322.410919664093,0.264418097563684,-0.652285785972537,TRUE,TRUE
"Fe",1989,TRUE,31.1356542617047,370.421349122943,0.283501598852008,1.26447892442009,TRUE,TRUE
"Fe",1990,TRUE,31.453781512605,291.09334121811,0.250528219571829,-2.08618403574314,TRUE,FALSE
"Fe",1991,TRUE,31.3583433373349,336.634949875758,0.269529759594344,-1.14576845031758,TRUE,TRUE
"Fe",1992,TRUE,31.2629051620648,350.785953345652,0.275213753838462,-0.17786244262447,TRUE,TRUE
"Fe",1993,TRUE,31.421968787515,267.744556537485,0.240057358094784,-1.78109996751004,TRUE,FALSE
"Fe",1994,TRUE,31.2310924369748,303.960874795374,0.255991028976734,0.167479987325079,TRUE,FALSE
"Fe",1995,TRUE,31.421968787515,347.891718732174,0.274292124405532,-1.69852964189794,TRUE,TRUE
"Fe",1996,TRUE,31.3583433373349,332.706477525128,0.268319780404841,-1.00287724497676,TRUE,TRUE
"Fe",1997,TRUE,31.390156062425,292.159141303041,0.251233558159193,-1.34003878675629,TRUE,FALSE
"Fe",1998,TRUE,31.3583433373349,316.604821043629,0.261591687084627,-1.06325068522789,TRUE,TRUE
"Fe",1999,TRUE,31.3265306122449,309.844208465273,0.258375876184222,-0.844864891577813,TRUE,FALSE
"Fe",2000,TRUE,31.3265306122449,316.594280117697,0.261522841328044,-0.762904022845329,TRUE,TRUE
"Fe",2001,TRUE,31.3265306122449,267.481671937116,0.240126723505232,-0.786454366523063,TRUE,FALSE
"Fe",2002,TRUE,31.3583433373349,282.729545466196,0.247506201801659,-0.943061463686034,TRUE,FALSE
"Fe",2003,TRUE,31.4855942376951,270.78225697283,0.241615800466598,-2.32975323492248,TRUE,FALSE
"Fe",2004,TRUE,31.3583433373349,351.557993105313,0.275783308070667,-1.08927988727342,TRUE,TRUE
"Fe",2005,TRUE,31.390156062425,327.862132925063,0.266399352248685,-1.32459394220285,TRUE,TRUE
"Fe",2006,TRUE,31.2310924369748,351.33213806111,0.275754949252179,0.23974239970665,TRUE,TRUE
"Fe",2007,TRUE,31.2310924369748,344.665553883267,0.273237469800308,0.25513131956339,TRUE,TRUE
"Fe",2008,TRUE,31.2947178871549,325.806174248136,0.265656469176458,-0.367324575347813,TRUE,TRUE
"Fe",2009,TRUE,31.1992797118848,385.990367287881,0.289333906535262,0.582470521303151,TRUE,TRUE
"Fe",2010,TRUE,31.3583433373349,311.354270658222,0.259622625482301,-1.00840702072461,TRUE,FALSE
"Fe",2011,TRUE,31.3265306122449,317.12323900503,0.262238800889346,-0.600160135833382,TRUE,TRUE
"Fe",2012,TRUE,31.1674669867947,242.115045559631,0.228323994444888,0.819089235133143,TRUE,FALSE
"Fe",2013,TRUE,31.3265306122449,292.328942729423,0.251271346304571,-0.732820076522994,TRUE,FALSE
"Fe",2014,TRUE,31.3583433373349,288.048513721505,0.249784071987449,-0.960853630118146,TRUE,FALSE
"Fe",2015,TRUE,31.3583433373349,328.171414043784,0.266729060411993,-0.959470189711531,TRUE,TRUE
"Fe",2016,TRUE,31.2947178871549,301.422438682002,0.255323523979284,-0.401536527751673,TRUE,FALSE
"Fe",2017,TRUE,31.3583433373349,234.016416699979,0.224438715589612,-1.1046604369842,TRUE,FALSE
"Fe",2018,TRUE,31.2947178871549,294.054882391374,0.251749895115777,-0.482110145699064,TRUE,FALSE
"Fe",2019,TRUE,31.390156062425,325.47591425923,0.265498242830664,-1.29676105047579,TRUE,TRUE
"Fe",2020,TRUE,31.3583433373349,383.539353111849,0.288255816704466,-1.04102686161851,TRUE,TRUE
"Fe",2021,TRUE,31.2310924369748,299.998973105136,0.254268647458712,0.151355175745174,TRUE,FALSE
"Fe",2022,TRUE,31.453781512605,243.5470790057,0.228978949503908,-2.0092445554094,TRUE,FALSE
"Fe",2023,TRUE,31.2629051620648,358.958605515457,0.278855707825588,-0.0632942051961742,TRUE,TRUE
"Fe",2024,TRUE,31.2629051620648,269.047209347986,0.241100198214781,-0.074924543455562,TRUE,FALSE
"Fe",2025,TRUE,31.2947178871549,294.656369711234,0.251888717783904,-0.513347579568937,TRUE,FALSE
"Fe",2026,TRUE,31.2310924369748,275.05103134809,0.243642424566741,0.223607623047531,TRUE,FALSE
"Fe",2027,TRUE,31.2310924369748,277.395255196667,0.244845308560914,0.254166098057922,TRUE,FALSE
"Fe",2028,TRUE,31.2947178871549,330.948024800586,0.267446034434433,-0.441362925129054,TRUE,TRUE
"Fe",2029,TRUE,31.3265306122449,289.083227990472,0.24983871161429,-0.760113746274912,TRUE,FALSE
"Fe",2030,TRUE,31.390156062425,326.56371179176,0.265755769581494,-1.36973016989299,TRUE,TRUE
"Fe",2031,TRUE,31.2947178871549,286.201982471954,0.248571403100756,-0.440157398865645,TRUE,FALSE
"Fe",2032,TRUE,31.2947178871549,364.310764190428,0.280901294096475,-0.439417506001179,TRUE,TRUE
"Fe",2033,TRUE,31.1674669867947,353.461898440695,0.276830690851761,0.923126262098051,TRUE,TRUE
"Fe",2034,TRUE,31.390156062425,266.588048335471,0.239656336824722,-1.44033728839334,TRUE,FALSE
"Fe",2035,TRUE,31.2947178871549,269.029466467853,0.241190694214478,-0.394792490746194,TRUE,FALSE
"Fe",2036,TRUE,31.2947178871549,282.469328215129,0.247149854487631,-0.377418842280964,TRUE,FALSE
"Fe",2037,TRUE,31.421968787515,347.935764926366,0.274467847435851,-1.68424177132776,TRUE,TRUE
"Fe",2038,TRUE,31.3265306122449,411.1971814203,0.298738701047187,-0.725218566972336,TRUE,TRUE
"Fe",2039,TRUE,31.0720288115246,298.827518517122,0.254171292501121,1.87092003280226,TRUE,FALSE
"Fe",2040,TRUE,31.2629051620648,343.605061687231,0.272819980823535,-0.0549802958566679,TRUE,TRUE
"Fe",2041,TRUE,31.2947178871549,297.207546366124,0.253128517648299,-0.483082872434289,TRUE,FALSE
"Fe",2042,TRUE,31.2310924369748,390.22969107911,0.291099999514287,0.272041594325604,TRUE,TRUE
"Fe",2043,TRUE,31.2310924369748,230.397467234281,0.223106365334422,0.278055687725545,TRUE,FALSE
"Fe",2044,TRUE,31.2629051620648,329.099592950437,0.266224358861387,-0.219713860029921,TRUE,TRUE
"Fe",2045,TRUE,31.4855942376951,276.193013810129,0.244597736482494,-2.18636546695258,TRUE,FALSE
"Fe",2046,TRUE,31.4855942376951,331.602575870529,0.267667880063099,-2.38895684619458,TRUE,TRUE
"Fe",2047,TRUE,31.2947178871549,311.250491644128,0.259363408837443,-0.435967334949146,TRUE,FALSE
"Fe",2048,TRUE,31.1992797118848,251.920000096063,0.232896438298433,0.496455112605406,TRUE,FALSE
"Fe",2049,TRUE,31.2947178871549,381.065591069512,0.287606812336579,-0.327631346933997,TRUE,TRUE
"Fe",2050,TRUE,31.2947178871549,258.85152690626,0.236369656723801,-0.444545080240101,TRUE,FALSE
"Fe",2051,TRUE,31.3583433373349,318.639324104162,0.262846848771116,-0.884528913295906,TRUE,TRUE
"Fe",2052,TRUE,31.3583433373349,318.473203301384,0.262262629318852,-1.09866101992016,TRUE,TRUE
"Fe",2053,TRUE,31.390156062425,335.699541197385,0.270021500762522,-1.24185237275827,TRUE,TRUE
"Fe",2054,TRUE,31.2629051620648,305.379070931478,0.256597700577922,-0.174335413167023,TRUE,FALSE
"Fe",2055,TRUE,31.421968787515,308.676004243661,0.258314434475825,-1.65119278836604,TRUE,FALSE
"Fe",2056,TRUE,31.2947178871549,330.482934722248,0.267170932720162,-0.477629477905195,TRUE,TRUE
"Fe",2057,TRUE,31.390156062425,316.815562971091,0.262207851816796,-1.21548572717346,TRUE,TRUE
"Fe",2058,TRUE,31.2629051620648,337.444211649716,0.270129204713672,-0.12165239323402,TRUE,TRUE
"Fe",2059,TRUE,31.421968787515,291.569169250689,0.251024344284693,-1.66306949041796,TRUE,FALSE
"Fe",2060,TRUE,31.421968787515,375.103378171241,0.284882577128893,-1.74280884488019,TRUE,TRUE
"Fe",2061,TRUE,31.3265306122449,264.423194780757,0.238850206994312,-0.757256130803527,TRUE,FALSE
"Fe",2062,TRUE,31.1674669867947,423.008948898936,0.302923102299802,0.858785184534647,TRUE,TRUE
"Fe",2063,TRUE,31.2947178871549,312.715590137339,0.260094376017815,-0.404007363823441,TRUE,FALSE
"Fe",2064,TRUE,31.390156062425,303.995515803372,0.256275051614332,-1.35551183066777,TRUE,FALSE
"Fe",2065,TRUE,31.1992797118848,288.79030854928,0.249716285290867,0.536236222624281,TRUE,FALSE
"Fe",2066,TRUE,31.2310924369748,331.433604068202,0.267822888555168,0.235242925878617,TRUE,TRUE
"Fe",2067,TRUE,31.421968787515,374.028685344253,0.285090288971633,-1.55927824202177,TRUE,TRUE
"Fe",2068,TRUE,31.3265306122449,331.047176198397,0.267799417349083,-0.713221011367414,TRUE,TRUE
"Fe",2069,TRUE,31.1992797118848,334.013127312243,0.268628079899995,0.508652705904642,TRUE,TRUE
"Fe",2070,TRUE,31.2947178871549,365.809691805857,0.28153373478612,-0.423782490955757,TRUE,TRUE
"Fe",2071,TRUE,31.2947178871549,334.246355336109,0.268955528401339,-0.417987641821742,TRUE,TRUE
"Fe",2072,TRUE,31.390156062425,294.39271346584,0.252197659060344,-1.38311157760176,TRUE,FALSE
"Fe",2073,TRUE,31.3265306122449,315.175618079806,0.260840651439515,-0.802980575305166,TRUE,FALSE
"Fe",2074,TRUE,31.1992797118848,302.718719439281,0.255947493005076,0.567647645488165,TRUE,FALSE
"Fe",2075,TRUE,31.421968787515,310.127701020866,0.259163834082644,-1.62371040873384,TRUE,FALSE
"Fe",2076,TRUE,31.1992797118848,312.262267665629,0.259555242243351,0.506732796716646,TRUE,FALSE
"Fe",2077,TRUE,31.2310924369748,261.207229112773,0.237329685162031,0.20581120796336,TRUE,FALSE
"Fe",2078,TRUE,31.3583433373349,301.262719188854,0.255318331306076,-1.01802271251784,TRUE,FALSE
"Fe",2079,TRUE,31.390156062425,316.096736886215,0.261772029097066,-1.26235315860789,TRUE,TRUE
"Fe",2080,TRUE,31.3265306122449,365.957952245043,0.281504153997629,-0.765638789683435,TRUE,TRUE
"Fe",2081,TRUE,31.421968787515,252.058530647804,0.233057569946584,-1.67093239412779,TRUE,FALSE
"Fe",2082,TRUE,31.2947178871549,343.784011978229,0.272885474964381,-0.361057064213597,TRUE,TRUE
"Fe",2083,TRUE,31.421968787515,327.777965798014,0.266426685802264,-1.63933113009035,TRUE,TRUE
"Fe",2084,TRUE,31.2947178871549,403.799661653237,0.296000713169293,-0.402737205501739,TRUE,TRUE
"Fe",2085,TRUE,31.2310924369748,321.174839996454,0.263305612044038,0.191485416458998,TRUE,TRUE
"Fe",2086,TRUE,31.3583433373349,268.872682275311,0.240799405399831,-1.05520020330152,TRUE,FALSE
"Fe",2087,TRUE,31.421968787515,274.531444753874,0.243393369206356,-1.6790038553168,TRUE,FALSE
"Fe",2088,TRUE,31.2310924369748,294.477241832656,0.252337205318098,0.250720372540066,TRUE,FALSE
"Fe",2089,TRUE,31.3583433373349,322.303756403249,0.264072572211427,-1.08214217579129,TRUE,TRUE
"Fe",2090,TRUE,31.3265306122449,298.658642739907,0.254403088534452,-0.667962075820324,TRUE,FALSE
"Fe",2091,TRUE,31.3265306122449,305.852894911353,0.257176922990259,-0.708535617166257,TRUE,FALSE
"Fe",2092,TRUE,31.2629051620648,336.623770989932,0.26983226577376,-0.143861609554695,TRUE,TRUE
"Fe",2093,TRUE,31.5492196878751,326.005322846711,0.265484799613639,-2.91274062677147,TRUE,TRUE
"Fe",2094,TRUE,31.2629051620648,358.787690263466,0.278711171454934,-0.0957680801725549,TRUE,TRUE
"Fe",2095,TRUE,31.1674669867947,366.562636908218,0.281474419180781,0.789311453308808,TRUE,TRUE
"Fe",2096,TRUE,31.2310924369748,333.061337928545,0.268558671036322,0.251619627525505,TRUE,TRUE
"Fe",2097,TRUE,31.2947178871549,310.181275858442,0.259165606290509,-0.371110680697724,TRUE,FALSE
"Fe",2098,TRUE,31.421968787515,326.909886131955,0.265985306633317,-1.6599865683767,TRUE,TRUE
"Fe",2099,TRUE,31.3265306122449,291.014474071851,0.250607046182404,-0.762910883013886,TRUE,FALSE
"Fe",2100,TRUE,31.3265306122449,317.818644619551,0.262185165653454,-0.726206214756707,TRUE,TRUE
"Fe",2101,TRUE,31.2629051620648,374.221780344345,0.284758748995033,-0.104918475715617,TRUE,TRUE
"Fe",2102,TRUE,31.2310924369748,261.175673812583,0.237242002169081,0.185508088701525,TRUE,FALSE
"Fe",2103,TRUE,31.421968787515,283.098117191986,0.247101254141051,-1.71664669954836,TRUE,FALSE
"Fe",2104,TRUE,31.2310924369748,314.79555117317,0.260736571193183,0.1911124787275,TRUE,FALSE
"Fe",2105,TRUE,31.421968787515,307.111286765068,0.257725656576038,-1.65928610853055,TRUE,FALSE
"Fe",2106,TRUE,31.2310924369748,397.083195711832,0.293571460644811,0.215623126264476,TRUE,TRUE
"Fe",2107,TRUE,31.3265306122449,290.63629596892,0.250648976106707,-0.700451136913661,TRUE,FALSE
"Fe",2108,TRUE,31.2310924369748,318.762164995688,0.26270571379284,0.275774583273275,TRUE,TRUE
"Fe",2109,TRUE,31.2629051620648,305.567810158949,0.256830738860022,-0.124213293581478,TRUE,FALSE
"Fe",2110,TRUE,31.2629051620648,366.869448891015,0.281482623363656,-0.19256744345274,TRUE,TRUE
"Fe",2111,TRUE,31.1674669867947,369.924473363201,0.282814975166584,0.788543217437581,TRUE,TRUE
"Fe",2112,TRUE,31.3265306122449,339.116292455336,0.27086998645073,-0.743820828513693,TRUE,TRUE
"Fe",2113,TRUE,31.1356542617047,328.323963205486,0.266625577160546,1.23252114094243,TRUE,TRUE
"Fe",2114,TRUE,31.390156062425,297.184131284571,0.253230029679774,-1.38333771181441,TRUE,FALSE
"Fe",2115,TRUE,31.2629051620648,346.60905217823,0.27395215792293,-0.10248320477416,TRUE,TRUE
"Fe",2116,TRUE,31.390156062425,336.231020974874,0.269641526840054,-1.39765489175899,TRUE,TRUE
"Fe",2117,TRUE,31.421968787515,348.367838660902,0.274621559612907,-1.67845551932059,TRUE,TRUE
"Fe",2118,TRUE,31.3583433373349,372.580481169398,0.283570789649509,-1.17242224888666,TRUE,TRUE
"Fe",2119,TRUE,31.3265306122449,335.673325020985,0.269430368314041,-0.744554781695711,TRUE,TRUE
"Fe",2120,TRUE,31.2629051620648,270.300175099106,0.241351770061146,-0.147025665671609,TRUE,FALSE
"Fe",2121,TRUE,31.453781512605,320.173480415733,0.263151073126369,-1.96763869988712,TRUE,TRUE
"Fe",2122,TRUE,31.2310924369748,345.750827203778,0.273522207439836,0.223241860984385,TRUE,TRUE
"Fe",2123,TRUE,31.2310924369748,275.826645997605,0.244283705077628,0.296006764528028,TRUE,FALSE
"Fe",2124,TRUE,31.3583433373349,293.256443639737,0.251826263050254,-1.00712722010815,TRUE,FALSE
"Fe",2125,TRUE,31.4855942376951,280.397781794011,0.246049036828739,-2.2803700435092,TRUE,FALSE
"Fe",2126,TRUE,31.421968787515,318.161754354649,0.262183465065229,-1.71033281995315,TRUE,TRUE
"Fe",2127,TRUE,31.421968787515,286.650542649129,0.248888080780737,-1.68406815035449,TRUE,FALSE
"Fe",2128,TRUE,31.1992797118848,357.262922166373,0.277851515656208,0.473558895209588,TRUE,TRUE
"Fe",2129,TRUE,31.2629051620648,302.672227148369,0.255934199135697,-0.0262166870984428,TRUE,FALSE
"Fe",2130,TRUE,31.2947178871549,333.149597990394,0.268487790840367,-0.42824173910477,TRUE,TRUE
"Fe",2131,TRUE,31.421968787515,402.534308329575,0.295569596255571,-1.62102882284696,TRUE,TRUE
"Fe",2132,TRUE,31.2947178871549,385.896356613917,0.28928956013505,-0.359897033601165,TRUE,TRUE
"Fe",2133,TRUE,31.2629051620648,426.099520651458,0.303836608003052,-0.151394234679526,TRUE,TRUE
"Fe",2134,TRUE,31.3583433373349,357.455602370817,0.277894815901783,-1.1218439154582,TRUE,TRUE
"Fe",2135,TRUE,31.453781512605,285.943519765443,0.2489372541797,-1.8685149539201,TRUE,FALSE
"Fe",2136,TRUE,31.3265306122449,289.430700797372,0.250401244937112,-0.647599712819371,TRUE,FALSE
"Fe",2137,TRUE,31.1992797118848,302.434808740653,0.255537289726242,0.508527729779334,TRUE,FALSE
"Fe",2138,TRUE,31.2947178871549,360.333094944631,0.27959591281025,-0.394165618444513,TRUE,TRUE
"Fe",2139,TRUE,31.2947178871549,324.254439195289,0.264796115495783,-0.422543684918283,TRUE,TRUE
"Fe",2140,TRUE,31.421968787515,320.036453777304,0.26330191001043,-1.63934143455581,TRUE,TRUE
"Fe",2141,TRUE,31.390156062425,317.376677117454,0.262072997520047,-1.37779585321838,TRUE,TRUE
"Fe",2142,TRUE,31.453781512605,304.590194235385,0.256645602112808,-1.99416083856577,TRUE,FALSE
"Fe",2143,TRUE,31.390156062425,334.134787802354,0.268694187702339,-1.42086736447458,TRUE,TRUE
"Fe",2144,TRUE,31.421968787515,298.551680257444,0.253719853252663,-1.75166439117768,TRUE,FALSE
"Fe",2145,TRUE,31.1038415366146,292.046454896652,0.250908688154901,1.45483487050418,TRUE,FALSE
"Fe",2146,TRUE,31.1674669867947,276.860292796791,0.244108511419121,0.765230050266953,TRUE,FALSE
"Fe",2147,TRUE,31.453781512605,342.43668690127,0.272456887415651,-1.9325934734712,TRUE,TRUE
"Fe",2148,TRUE,31.2629051620648,339.007138718868,0.270293467458678,-0.243228283098153,TRUE,TRUE
"Fe",2149,TRUE,31.3583433373349,276.899159090949,0.244531579436228,-1.04221069327638,TRUE,FALSE
"Fe",2150,TRUE,31.2629051620648,261.620404024207,0.237525272343841,-0.116999793014419,TRUE,FALSE
"Fe",2151,TRUE,31.2629051620648,293.530791405309,0.251693856188778,-0.124165219508392,TRUE,FALSE
"Fe",2152,TRUE,31.2310924369748,307.161146597529,0.257593771078527,0.186077949118105,TRUE,FALSE
"Fe",2153,TRUE,31.3583433373349,383.383660498384,0.28838283885598,-1.01816853771554,TRUE,TRUE
"Fe",2154,TRUE,31.421968787515,306.259400168329,0.257420397633888,-1.60846278832868,TRUE,FALSE
"Fe",2155,TRUE,31.3265306122449,346.085255467685,0.273814672256424,-0.700523095396065,TRUE,TRUE
"Fe",2156,TRUE,31.2310924369748,263.39720530236,0.238290149929745,0.171600224726017,TRUE,FALSE
"Fe",2157,TRUE,31.3265306122449,298.086518789421,0.253846435917287,-0.748104430505686,TRUE,FALSE
"Fe",2158,TRUE,31.3583433373349,364.61610345792,0.281256658590185,-0.998218239810376,TRUE,TRUE
"Fe",2159,TRUE,31.2629051620648,296.432155994711,0.25301746835993,-0.101399085494579,TRUE,FALSE
"Fe",2160,TRUE,31.1356542617047,311.728906796387,0.259650084493057,1.18221415042628,TRUE,FALSE
"Fe",2161,TRUE,31.2629051620648,320.674533590682,0.263426561689899,-0.045510004992643,TRUE,TRUE
"Fe",2162,TRUE,31.2947178871549,352.846036588298,0.276503983166673,-0.403864818423881,TRUE,TRUE
"Fe",2163,TRUE,31.3583433373349,284.990090222323,0.248018727513882,-1.06802686256675,TRUE,FALSE
"Fe",2164,TRUE,31.2629051620648,339.579795535952,0.271052136469556,-0.11454071959369,TRUE,TRUE
"Fe",2165,TRUE,31.2629051620648,337.343174702057,0.270011921877737,-0.132487756924241,TRUE,TRUE
"Fe",2166,TRUE,31.3265306122449,349.928598601081,0.275161196267745,-0.738603064207383,TRUE,TRUE
"Fe",2167,TRUE,31.3583433373349,296.579748836304,0.253388313819876,-1.0413689792564,TRUE,FALSE
"Fe",2168,TRUE,31.2629051620648,283.32252276333,0.247212143683693,-0.117975544893381,TRUE,FALSE
"Fe",2169,TRUE,31.3265306122449,344.199850700445,0.273091558812136,-0.698757866344954,TRUE,TRUE
"Fe",2170,TRUE,31.2947178871549,353.667233286107,0.276819745575563,-0.423327255583379,TRUE,TRUE
"Fe",2171,TRUE,31.2310924369748,370.149223801881,0.283000495792364,0.170082341306654,TRUE,TRUE
"Fe",2172,TRUE,31.3265306122449,297.910962927257,0.25378786071762,-0.708646968137642,TRUE,FALSE
"Fe",2173,TRUE,31.2310924369748,279.833872450914,0.246149092915502,0.307477345728174,TRUE,FALSE
"Fe",2174,TRUE,31.2629051620648,317.453344558991,0.262423240273904,0.000696727815818341,TRUE,TRUE
"Fe",2175,TRUE,31.2629051620648,339.639197376276,0.271140889024168,-0.0619167794559746,TRUE,TRUE
"Fe",2176,TRUE,31.453781512605,304.994603228801,0.257243195840644,-1.89044826594498,TRUE,FALSE
"Fe",2177,TRUE,31.2310924369748,319.699989707471,0.262901394639624,0.245863082938938,TRUE,TRUE
"Fe",2178,TRUE,31.390156062425,308.342097636134,0.258424656665907,-1.27826550403,TRUE,FALSE
"Fe",2179,TRUE,31.421968787515,348.616721191393,0.274383197330607,-1.71986688604214,TRUE,TRUE
"Fe",2180,TRUE,31.2629051620648,282.316437516937,0.246974120117995,-0.0838611487703114,TRUE,FALSE
"Fe",2181,TRUE,31.2310924369748,308.007638638117,0.257749453107694,0.146433154704778,TRUE,FALSE
"Fe",2182,TRUE,31.3265306122449,335.410163759896,0.2690123633022,-0.812566145462134,TRUE,TRUE
"Fe",2183,TRUE,31.1356542617047,340.64498076552,0.271433817660505,1.18543470445911,TRUE,TRUE
"Fe",2184,TRUE,31.2629051620648,256.124373601831,0.234976077576799,-0.104379134933405,TRUE,FALSE
"Fe",2185,TRUE,31.3265306122449,300.204586473717,0.254506135728857,-0.77931013010915,TRUE,FALSE
"Fe",2186,TRUE,31.3265306122449,308.914662530258,0.258729674705006,-0.656740712119471,TRUE,FALSE
"Fe",2187,TRUE,31.2629051620648,313.82616493682,0.260210642102849,-0.176504779595852,TRUE,FALSE
"Fe",2188,TRUE,31.3583433373349,313.823633054433,0.260580528775616,-1.036077610046,TRUE,FALSE
"Fe",2189,TRUE,31.3583433373349,309.14871521075,0.25841092301835,-1.08817996901831,TRUE,FALSE
"Fe",2190,TRUE,31.2629051620648,267.770551944976,0.240697267291492,0.028432149598623,TRUE,FALSE
"Fe",2191,TRUE,31.2310924369748,313.347393570636,0.260014862266804,0.170919151120546,TRUE,FALSE
"Fe",2192,TRUE,31.2947178871549,337.422418676181,0.270239603818601,-0.407069321939144,TRUE,TRUE
"Fe",2193,TRUE,31.2629051620648,320.237389745531,0.263066051055354,-0.11100976292685,TRUE,TRUE
"Fe",2194,TRUE,31.390156062425,347.467208563728,0.274198225800885,-1.39510417206077,TRUE,TRUE
"Fe",2195,TRUE,31.3265306122449,282.625008905458,0.246862642391118,-0.767875087047498,TRUE,FALSE
"Fe",2196,TRUE,31.2947178871549,371.993690082937,0.283913791088462,-0.408592559356779,TRUE,TRUE
"Fe",2197,TRUE,31.2629051620648,272.639645630041,0.242667608193675,-0.0853795824783355,TRUE,FALSE
"Fe",2198,TRUE,31.2947178871549,348.773371388821,0.275197983617874,-0.34443122125026,TRUE,TRUE
"Fe",2199,TRUE,31.390156062425,305.437305197968,0.257116167601022,-1.30214933418401,TRUE,FALSE
"Fe",2200,TRUE,31.2629051620648,347.576436623503,0.274453528360943,-0.053158564724935,TRUE,TRUE
"Fe",2201,TRUE,31.4855942376951,331.818517303955,0.268116666467763,-2.2419525059469,TRUE,TRUE
"Fe",2202,TRUE,31.3265306122449,380.259761234973,0.286715913546576,-0.817172716072848,TRUE,TRUE
"Fe",2203,TRUE,31.2629051620648,300.989572494911,0.254638657139896,-0.210853897004984,TRUE,FALSE
"Fe",2204,TRUE,31.390156062425,285.848681572528,0.248524776847464,-1.33194663523297,TRUE,FALSE
"Fe",2205,TRUE,31.3583433373349,336.631139039225,0.270208626515217,-0.958134217307127,TRUE,TRUE
"Fe",2206,TRUE,31.2947178871549,285.625119220085,0.248300864040627,-0.395105068727429,TRUE,FALSE
"Fe",2207,TRUE,31.453781512605,344.10034944205,0.273038017620493,-1.95214913648927,TRUE,TRUE
"Fe",2208,TRUE,31.3265306122449,286.625994209977,0.248653281749768,-0.778915291820275,TRUE,FALSE
"Fe",2209,TRUE,31.3265306122449,309.869703900688,0.258556377584912,-0.808572566902872,TRUE,FALSE
"Fe",2210,TRUE,31.2310924369748,293.513954210818,0.251897290729067,0.237078298312712,TRUE,FALSE
"Fe",2211,TRUE,31.3583433373349,293.476013534662,0.251727476039671,-1.07683071439286,TRUE,FALSE
"Fe",2212,TRUE,31.1674669867947,286.932885164403,0.249005284711687,0.881833140735691,TRUE,FALSE
"Fe",2213,TRUE,31.2947178871549,299.126309259228,0.254225363253339,-0.407912684155744,TRUE,FALSE
"Fe",2214,TRUE,31.1992797118848,332.805499079754,0.267939830267326,0.445433440544027,TRUE,TRUE
"Fe",2215,TRUE,31.3265306122449,346.002323994533,0.273651626520367,-0.743298239360118,TRUE,TRUE
"Fe",2216,TRUE,31.1356542617047,321.98047509011,0.264093610285848,1.26141290497489,TRUE,TRUE
"Fe",2217,TRUE,31.1674669867947,313.158578203187,0.26015681291655,0.819166408234523,TRUE,FALSE
"Fe",2218,TRUE,31.5174069627851,315.560144242341,0.261179014646803,-2.57839756804401,TRUE,FALSE
"Fe",2219,TRUE,31.2310924369748,325.238703382621,0.265164404256117,0.201502451915327,TRUE,TRUE
"Fe",2220,TRUE,31.2310924369748,305.658403903966,0.257059069003988,0.211018796555641,TRUE,FALSE
"Fe",2221,TRUE,31.2947178871549,303.407541648318,0.256163940748778,-0.406565002859114,TRUE,FALSE
"Fe",2222,TRUE,31.2629051620648,356.387022036901,0.277581533703103,-0.165319034030575,TRUE,TRUE
"Fe",2223,TRUE,31.3265306122449,284.93661906493,0.24821897658234,-0.696047352776092,TRUE,FALSE
"Fe",2224,TRUE,31.3265306122449,280.044483207436,0.246075426762518,-0.703765520303078,TRUE,FALSE
"Fe",2225,TRUE,31.453781512605,257.949303013417,0.23622763138266,-1.90533782884466,TRUE,FALSE
"Fe",2226,TRUE,31.2629051620648,298.795587118839,0.254517556927238,-0.0155636263272762,TRUE,FALSE
"Fe",2227,TRUE,31.453781512605,320.385851414143,0.263093702144447,-2.05762238537802,TRUE,TRUE
"Fe",2228,TRUE,31.2629051620648,320.039752784822,0.2628996021915,-0.141019012053554,TRUE,TRUE
"Fe",2229,TRUE,31.2310924369748,315.437981341106,0.260620959108448,0.102693572660995,TRUE,FALSE
"Fe",2230,TRUE,31.2947178871549,303.476084183138,0.256058740672213,-0.42583791076927,TRUE,FALSE
"Fe",2231,TRUE,31.2629051620648,327.261977829344,0.265828663473669,-0.141551979499924,TRUE,TRUE
"Fe",2232,TRUE,31.2629051620648,325.332816658144,0.265311998002827,-0.0882332686261063,TRUE,TRUE
"Fe",2233,TRUE,31.390156062425,321.862698618937,0.263929611037324,-1.34438169182105,TRUE,TRUE
"Fe",2234,TRUE,31.453781512605,345.024794525149,0.273481346960258,-1.93193941926596,TRUE,TRUE
"Fe",2235,TRUE,31.2629051620648,324.791196976726,0.265538105621601,0.0450155307214673,TRUE,TRUE
"Fe",2236,TRUE,31.2947178871549,260.392385339791,0.237055050164451,-0.439495818896207,TRUE,FALSE
"Fe",2237,TRUE,31.2947178871549,371.101075257426,0.283667121710839,-0.402996859371426,TRUE,TRUE
"Fe",2238,TRUE,31.2310924369748,309.956855730009,0.259096753707041,0.296766139210512,TRUE,FALSE
"Fe",2239,TRUE,31.3583433373349,353.527515696079,0.276808275236568,-0.999804198009765,TRUE,TRUE
"Fe",2240,TRUE,31.5174069627851,256.737713083697,0.235231272048862,-2.63925202086645,TRUE,FALSE
"Fe",2241,TRUE,31.3583433373349,302.593128982816,0.255782420453242,-1.02121459645819,TRUE,FALSE
"Fe",2242,TRUE,31.1356542617047,343.098008710821,0.272631463572193,1.21617658887449,TRUE,TRUE
"Fe",2243,TRUE,31.390156062425,300.023087003101,0.254649188032913,-1.36846618076154,TRUE,FALSE
"Fe",2244,TRUE,31.2629051620648,362.540917567247,0.280577672597781,-0.017940146094406,TRUE,TRUE
"Fe",2245,TRUE,31.3265306122449,297.780742841927,0.253789217964213,-0.700440615151801,TRUE,FALSE
"Fe",2246,TRUE,31.2947178871549,367.02530752218,0.282236286142045,-0.352485613636344,TRUE,TRUE
"Fe",2247,TRUE,31.2947178871549,306.026763565528,0.257197329390113,-0.417636172682943,TRUE,FALSE
"Fe",2248,TRUE,31.3265306122449,340.266959544495,0.27154773560088,-0.709089549142854,TRUE,TRUE
"Fe",2249,TRUE,31.3583433373349,311.326681836248,0.259533656093354,-1.01845416267723,TRUE,FALSE
"Fe",2250,TRUE,31.421968787515,286.600741736653,0.248898199009812,-1.62222501915822,TRUE,FALSE
"Fe",2251,TRUE,31.3265306122449,347.796830860116,0.274493533028445,-0.713866357428817,TRUE,TRUE
"Fe",2252,TRUE,31.1674669867947,340.439672034665,0.270799177051844,0.734491309547604,TRUE,TRUE
"Fe",2253,TRUE,31.2947178871549,360.516076094044,0.279064478310232,-0.4694409452102,TRUE,TRUE
"Fe",2254,TRUE,31.3583433373349,281.84063059906,0.246912720029065,-0.990849114195665,TRUE,FALSE
"Fe",2255,TRUE,31.390156062425,276.601216283418,0.244509971647369,-1.33369115434188,TRUE,FALSE
"Fe",2256,TRUE,31.3583433373349,266.955668138985,0.239937275320215,-1.10149712202017,TRUE,FALSE
"Fe",2257,TRUE,31.421968787515,351.999259107094,0.275820460517483,-1.7743350295679,TRUE,TRUE
"Fe",2258,TRUE,31.2629051620648,325.637903619263,0.265415380024524,-0.101985171449779,TRUE,TRUE
"Fe",2259,TRUE,31.3265306122449,243.34803591932,0.22905766565998,-0.757497260380034,TRUE,FALSE
"Fe",2260,TRUE,31.2947178871549,341.970317287081,0.27224532711653,-0.395095897451487,TRUE,TRUE
"Fe",2261,TRUE,31.2629051620648,343.800881759843,0.272683008278674,-0.123015265622636,TRUE,TRUE
"Fe",2262,TRUE,31.3265306122449,348.396763943849,0.274781112292594,-0.707007891806762,TRUE,TRUE
"Fe",2263,TRUE,31.5810324129652,335.181625573226,0.269306833930954,3.07169470055557,TRUE,TRUE
"Fe",2264,TRUE,31.3265306122449,301.893341962045,0.255570326695626,-0.689012575311248,TRUE,FALSE
"Fe",2265,TRUE,31.3583433373349,316.003147966061,0.261029138391461,-1.13544121461195,TRUE,TRUE
"Fe",2266,TRUE,31.2629051620648,339.084937644839,0.270713991446437,-0.168218925522265,TRUE,TRUE
"Fe",2267,TRUE,31.2310924369748,270.425642028696,0.241869015577451,0.263744723377023,TRUE,FALSE
"Fe",2268,TRUE,31.390156062425,327.570940098909,0.26632456426004,-1.36445087090846,TRUE,TRUE
"Fe",2269,TRUE,31.3583433373349,320.940685406517,0.263411669137307,-1.05274024910004,TRUE,TRUE
"Fe",2270,TRUE,31.3265306122449,355.34229941934,0.277253261952485,-0.722690400137641,TRUE,TRUE
"Fe",2271,TRUE,31.1992797118848,352.845215041645,0.275856775270389,0.43703475762362,TRUE,TRUE
"Fe",2272,TRUE,31.2629051620648,278.855670158132,0.245812972697131,0.021682785003252,TRUE,FALSE
"Fe",2273,TRUE,31.2629051620648,303.251249076011,0.256103106273106,-0.0771131706867295,TRUE,FALSE
"Fe",2274,TRUE,31.1356542617047,289.353887959324,0.249758565686336,1.12044228573231,TRUE,FALSE
"Fe",2275,TRUE,31.3265306122449,343.289343054703,0.272438027180392,-0.771536427023719,TRUE,TRUE
"Fe",2276,TRUE,31.3583433373349,287.679086234635,0.249227430609669,-1.06544820315068,TRUE,FALSE
"Fe",2277,TRUE,31.2947178871549,342.356156644386,0.272502334211619,-0.361043045558595,TRUE,TRUE
"Fe",2278,TRUE,31.1992797118848,275.562958430972,0.244289476598483,0.641436985013125,TRUE,FALSE
"Fe",2279,TRUE,31.2629051620648,295.363199552938,0.252790040721649,-0.0583582022610669,TRUE,FALSE
"Fe",2280,TRUE,31.453781512605,397.595763733322,0.293847731864505,-1.95754067085007,TRUE,TRUE
"Fe",2281,TRUE,31.421968787515,324.185668698032,0.265079939328142,-1.59398565124856,TRUE,TRUE
"Fe",2282,TRUE,31.421968787515,287.073718971511,0.249219682021784,-1.63603762486817,TRUE,FALSE
"Fe",2283,TRUE,31.2629051620648,392.972856892075,0.292234506257976,-0.0429730570536423,TRUE,TRUE
"Fe",2284,TRUE,31.3583433373349,331.666314809969,0.267902949881704,-1.0363950307508,TRUE,TRUE
"Fe",2285,TRUE,31.3583433373349,264.947682837716,0.23953071302392,-0.926746771037176,TRUE,FALSE
"Fe",2286,TRUE,31.421968787515,349.837053812783,0.275101725553134,-1.71737421138814,TRUE,TRUE
"Fe",2287,TRUE,31.2947178871549,367.282348855258,0.282176321801381,-0.409145859015697,TRUE,TRUE
"Fe",2288,TRUE,31.3583433373349,290.371969442029,0.250624737944619,-0.994248664184301,TRUE,FALSE
"Fe",2289,TRUE,31.1674669867947,292.645003391028,0.251247652219367,0.837405828013123,TRUE,FALSE
"Fe",2290,TRUE,31.1038415366146,251.243179799349,0.232488844428787,1.42653029276063,TRUE,FALSE
"Fe",2291,TRUE,31.1674669867947,357.408400087214,0.278250806648633,0.863053474441268,TRUE,TRUE
"Fe",2292,TRUE,31.453781512605,354.160022497945,0.27702940506941,-1.96230065512423,TRUE,TRUE
"Fe",2293,TRUE,31.390156062425,313.692151079075,0.260439434523397,-1.35164288470585,TRUE,FALSE
"Fe",2294,TRUE,31.421968787515,363.559625267348,0.280659539495763,-1.67598317247449,TRUE,TRUE
"Fe",2295,TRUE,31.2310924369748,307.578578922769,0.257767473218524,0.178501902462633,TRUE,FALSE
"Fe",2296,TRUE,31.3265306122449,260.001647716054,0.23690594927786,-0.727515937839975,TRUE,FALSE
"Fe",2297,TRUE,31.1356542617047,310.260657729516,0.258796247390188,1.14488003575039,TRUE,FALSE
"Fe",2298,TRUE,31.390156062425,326.045819618676,0.265367873569627,-1.41970155614459,TRUE,TRUE
"Fe",2299,TRUE,31.390156062425,275.121374277782,0.243567430764344,-1.37806092855267,TRUE,FALSE
"Fe",2300,TRUE,31.2310924369748,338.664244159344,0.270782568266496,0.262233547372555,TRUE,TRUE
"Fe",2301,TRUE,31.2947178871549,247.456610576009,0.230901802913848,-0.4672126654332,TRUE,FALSE
"Fe",2302,TRUE,31.2947178871549,359.210901597382,0.278717105085114,-0.484250050114815,TRUE,TRUE
"Fe",2303,TRUE,31.1038415366146,355.12563602712,0.276962702391806,1.45574917476107,TRUE,TRUE
"Fe",2304,TRUE,31.390156062425,342.621722799158,0.272431658910292,-1.29415110810438,TRUE,TRUE
"Fe",2305,TRUE,31.3265306122449,301.893761262607,0.255132513098992,-0.838946934506984,TRUE,FALSE
"Fe",2306,TRUE,31.2947178871549,326.794554927498,0.265886803758915,-0.393478014682395,TRUE,TRUE
"Fe",2307,TRUE,31.421968787515,330.016956997002,0.267257123748843,-1.67502822115247,TRUE,TRUE
"Fe",2308,TRUE,31.3265306122449,287.43353164931,0.249364607201432,-0.681521370038688,TRUE,FALSE
"Fe",2309,TRUE,31.390156062425,297.7990484964,0.254054146049529,-1.24662334692481,TRUE,FALSE
"Fe",2310,TRUE,31.1674669867947,333.174623858078,0.268648280928162,0.903144239309207,TRUE,TRUE
"Fe",2311,TRUE,31.390156062425,350.086363423677,0.275374482450159,-1.32843319747886,TRUE,TRUE
"Fe",2312,TRUE,31.3265306122449,298.22513308209,0.253680120589835,-0.766673202007215,TRUE,FALSE
"Fe",2313,TRUE,31.3265306122449,294.67902860726,0.252744307860889,-0.657492277431096,TRUE,FALSE
"Fe",2314,TRUE,31.421968787515,193.407050292616,0.20423064553065,-1.57749578724023,TRUE,FALSE
"Fe",2315,TRUE,31.3265306122449,327.475718130698,0.266171203721112,-0.733772339504953,TRUE,TRUE
"Fe",2316,TRUE,31.390156062425,333.816077641936,0.268698727590447,-1.3627145886507,TRUE,TRUE
"Fe",2317,TRUE,31.453781512605,280.845990910823,0.246412644321006,-1.9416046926783,TRUE,FALSE
"Fe",2318,TRUE,31.390156062425,301.62201985857,0.255212690480482,-1.41219248849363,TRUE,FALSE
"Fe",2319,TRUE,31.3265306122449,324.658034951346,0.265280694489142,-0.667893797614157,TRUE,TRUE
"Fe",2320,TRUE,31.1992797118848,299.532977831359,0.253943515461338,0.417238793267719,TRUE,FALSE
"Fe",2321,TRUE,31.4855942376951,288.121853209895,0.249762191830508,-2.18310159660847,TRUE,FALSE
"Fe",2322,TRUE,31.4855942376951,337.105254778017,0.270024408444276,-2.28955729570137,TRUE,TRUE
"Fe",2323,TRUE,31.2947178871549,301.873543694031,0.255568623314031,-0.382887453790087,TRUE,FALSE
"Fe",2324,TRUE,31.2629051620648,373.819154535134,0.284458130758875,-0.111732497885767,TRUE,TRUE
"Fe",2325,TRUE,31.390156062425,347.004846398224,0.274290240967255,-1.35073616023802,TRUE,TRUE
"Fe",2326,TRUE,31.390156062425,302.585230916745,0.255851279943676,-1.38947103091917,TRUE,FALSE
"Fe",2327,TRUE,31.1674669867947,275.465541913253,0.243836811971237,0.872683804033576,TRUE,FALSE
"Fe",2328,TRUE,31.1992797118848,336.101203514595,0.269856217115029,0.592586712080756,TRUE,TRUE
"Fe",2329,TRUE,31.2310924369748,358.082756543001,0.278768433169121,0.263835943141281,TRUE,TRUE
"Fe",2330,TRUE,31.390156062425,308.558307196193,0.258429802137491,-1.34088585135958,TRUE,FALSE
"Fe",2331,TRUE,31.3265306122449,345.593223734576,0.273253014440361,-0.795662403865812,TRUE,TRUE
"Fe",2332,TRUE,31.3583433373349,267.288635773102,0.240484016239602,-0.988676102293897,TRUE,FALSE
"Fe",2333,TRUE,31.3583433373349,352.128410669959,0.27605777113633,-1.06772044352519,TRUE,TRUE
"Fe",2334,TRUE,31.2947178871549,334.326033852423,0.268968440357294,-0.409232105516742,TRUE,TRUE
"Fe",2335,TRUE,31.3265306122449,323.776622251955,0.26478823885944,-0.724661811178449,TRUE,TRUE
"Fe",2336,TRUE,31.1992797118848,301.857365170284,0.25535995813535,0.516108631810722,TRUE,FALSE
"Fe",2337,TRUE,31.421968787515,286.688082931738,0.248825338869879,-1.69776169058893,TRUE,FALSE
"Fe",2338,TRUE,31.390156062425,332.756988531353,0.268434319361997,-1.32375945704765,TRUE,TRUE
"Fe",2339,TRUE,31.2310924369748,345.24399507695,0.273163298201492,0.174880052442387,TRUE,TRUE
"Fe",2340,TRUE,31.2310924369748,359.89580909509,0.279503281532966,0.295116414235901,TRUE,TRUE
"Fe",2341,TRUE,31.2310924369748,308.173013999763,0.257837517438025,0.172766386416128,TRUE,FALSE
"Fe",2342,TRUE,31.2629051620648,363.880760266405,0.280444571617442,-0.185050177294137,TRUE,TRUE
"Fe",2343,TRUE,31.1674669867947,282.387917159724,0.246889328233298,0.864940367567932,TRUE,FALSE
"Fe",2344,TRUE,31.3265306122449,301.156199915077,0.255109047417702,-0.712569516084786,TRUE,FALSE
"Fe",2345,TRUE,31.2947178871549,326.293356358685,0.265819727161482,-0.336788500768666,TRUE,TRUE
"Fe",2346,TRUE,31.2947178871549,338.693347071836,0.2707750608562,-0.380885977334867,TRUE,TRUE
"Fe",2347,TRUE,31.390156062425,309.280092541764,0.258778541799911,-1.29884551100536,TRUE,FALSE
"Fe",2348,TRUE,31.1674669867947,294.950717111979,0.252283088643776,0.812900057982962,TRUE,FALSE
"Fe",2349,TRUE,31.2629051620648,338.790584905073,0.270749588314219,-0.107730717890671,TRUE,TRUE
"Fe",2350,TRUE,31.1992797118848,373.4933757879,0.284462494605595,0.535244688628124,TRUE,TRUE
"Fe",2351,TRUE,31.3265306122449,346.67600898091,0.27371878415103,-0.791008854317464,TRUE,TRUE
"Fe",2352,TRUE,31.3583433373349,352.331448481898,0.276316751198131,-1.00150915307538,TRUE,TRUE
"Fe",2353,TRUE,31.2629051620648,317.854673037273,0.262348333637061,-0.0270606376382316,TRUE,TRUE
"Fe",2354,TRUE,31.3265306122449,314.526413035733,0.260721911329547,-0.754448873347013,TRUE,FALSE
"Fe",2355,TRUE,31.3265306122449,383.736501592285,0.288494993433296,-0.709552361043441,TRUE,TRUE
"Fe",2356,TRUE,31.3583433373349,259.627301523712,0.236632357073331,-1.06733660401092,TRUE,FALSE
"Fe",2357,TRUE,31.421968787515,345.156428390278,0.273219030460863,-1.69252129689794,TRUE,TRUE
"Fe",2358,TRUE,31.2629051620648,294.177663367831,0.252198751484464,-0.0673161410519839,TRUE,FALSE
"Fe",2359,TRUE,31.2947178871549,286.716657977102,0.248768848649832,-0.438680622577599,TRUE,FALSE
"Fe",2360,TRUE,31.5174069627851,319.023474087205,0.262617967459591,-2.63780449181498,TRUE,TRUE
"Fe",2361,TRUE,31.2629051620648,340.842316962287,0.271872052064697,-0.0844480832571036,TRUE,TRUE
"Fe",2362,TRUE,31.2947178871549,328.046901130514,0.266292184534284,-0.406032820252239,TRUE,TRUE
"Fe",2363,TRUE,31.3583433373349,285.240452246071,0.248216820492977,-1.01943247495875,TRUE,FALSE
"Fe",2364,TRUE,31.5492196878751,335.60784644706,0.269492070738962,-2.97848921064287,TRUE,TRUE
"Fe",2365,TRUE,31.3265306122449,328.625936966699,0.266624644219386,-0.741169258805518,TRUE,TRUE
"Fe",2366,TRUE,31.3265306122449,253.310893267715,0.233881839796375,-0.698478333138791,TRUE,FALSE
"Fe",2367,TRUE,31.3265306122449,285.448082133576,0.248317757409398,-0.721243116228686,TRUE,FALSE
"Fe",2368,TRUE,31.421968787515,260.506118417311,0.237062816666294,-1.69993392225175,TRUE,FALSE
"Fe",2369,TRUE,31.2947178871549,314.338523896361,0.26034164234269,-0.491819919454606,TRUE,FALSE
"Fe",2370,TRUE,31.2310924369748,295.905430986811,0.252819545109383,0.203675644372222,TRUE,FALSE
"Fe",2371,TRUE,31.3583433373349,342.511479505336,0.272170565280461,-1.05850630262872,TRUE,TRUE
"Fe",2372,TRUE,31.1992797118848,315.555886957391,0.26105211999737,0.508657644022281,TRUE,FALSE
"Fe",2373,TRUE,31.2947178871549,336.138788354759,0.270105306944365,-0.350692268184529,TRUE,TRUE
"Fe",2374,TRUE,31.390156062425,326.322883979725,0.26573646118862,-1.36483667871457,TRUE,TRUE
"Fe",2375,TRUE,31.2629051620648,294.404797845053,0.252535187906382,0.020816844886092,TRUE,FALSE
"Fe",2376,TRUE,31.2629051620648,356.378214228469,0.27766469644486,-0.116259419976251,TRUE,TRUE
"Fe",2377,TRUE,31.1992797118848,275.503589847269,0.243913179493582,0.577375043894717,TRUE,FALSE
"Fe",2378,TRUE,31.3583433373349,361.841120115818,0.280009371695748,-1.04847063221617,TRUE,TRUE
"Fe",2379,TRUE,31.3583433373349,306.108503241926,0.257466547545675,-1.00879016024679,TRUE,FALSE
"Fe",2380,TRUE,31.4855942376951,348.928468449379,0.27488529677322,-2.30059721686503,TRUE,TRUE
"Fe",2381,TRUE,31.2947178871549,302.275053762485,0.255579417272005,-0.418893933910612,TRUE,FALSE
"Fe",2382,TRUE,31.2947178871549,298.177196544697,0.253673007892026,-0.444647069837812,TRUE,FALSE
"Fe",2383,TRUE,31.2629051620648,320.675233084321,0.263292700018972,-0.0990593199096703,TRUE,TRUE
"Fe",2384,TRUE,31.2310924369748,372.485081157216,0.283978050015635,0.231180473736022,TRUE,TRUE
"Fe",2385,TRUE,31.3265306122449,283.426199626433,0.247758396247894,-0.640352453895926,TRUE,FALSE
"Fe",2386,TRUE,31.421968787515,320.5712135547,0.263360667160424,-1.73451858696748,TRUE,TRUE
"Fe",2387,TRUE,31.2629051620648,330.479596264217,0.266881289936995,-0.205928778992175,TRUE,TRUE
"Fe",2388,TRUE,31.3583433373349,256.469960203678,0.235257272048066,-1.04870785022985,TRUE,FALSE
"Fe",2389,TRUE,31.1992797118848,350.681209202163,0.275442134150111,0.524923152946232,TRUE,TRUE
"Fe",2390,TRUE,31.390156062425,312.571989835988,0.260188721970846,-1.28245440760649,TRUE,FALSE
"Fe",2391,TRUE,31.2310924369748,310.246591009531,0.258763897850069,0.175577346678562,TRUE,FALSE
"Fe",2392,TRUE,31.390156062425,294.056502245493,0.252271620277159,-1.3213406423179,TRUE,FALSE
"Fe",2393,TRUE,31.3265306122449,333.915252961167,0.268774165812557,-0.729278099149938,TRUE,TRUE
"Fe",2394,TRUE,31.390156062425,239.332116450367,0.227026706757017,-1.404941822183,TRUE,FALSE
"Fe",2395,TRUE,31.3265306122449,306.868149624347,0.257326121188224,-0.76791749655549,TRUE,FALSE
"Fe",2396,TRUE,31.3265306122449,296.095055702721,0.252886472784622,-0.698867156688746,TRUE,FALSE
"Fe",2397,TRUE,31.390156062425,301.486095565479,0.255447600558297,-1.28896186928945,TRUE,FALSE
"Fe",2398,TRUE,31.1992797118848,309.958274965642,0.258372344818732,0.432095281442222,TRUE,FALSE
"Fe",2399,TRUE,31.3583433373349,352.394406601184,0.276407963301818,-0.986515601022907,TRUE,TRUE
"Fe",2400,TRUE,31.3265306122449,366.610102768358,0.281846143425808,-0.718838264686877,TRUE,TRUE
"Fe",2401,TRUE,31.2947178871549,358.894911167723,0.278767360056895,-0.43279963633031,TRUE,TRUE
"Fe",2402,TRUE,31.3265306122449,341.268542246282,0.271446426121484,-0.826840318446494,TRUE,TRUE
"Fe",2403,TRUE,31.421968787515,301.377493826943,0.25513509773629,-1.71082534306119,TRUE,FALSE
"Fe",2404,TRUE,31.3265306122449,267.73280733597,0.240266773721234,-0.764757259600818,TRUE,FALSE
"Fe",2405,TRUE,31.3265306122449,336.157230893911,0.269387819907661,-0.790257977034894,TRUE,TRUE
"Fe",2406,TRUE,31.0720288115246,267.739411090153,0.239689577579664,1.64779852409949,TRUE,FALSE
"Fe",2407,TRUE,31.390156062425,295.814119691414,0.253067833386652,-1.3260357507441,TRUE,FALSE
"Fe",2408,TRUE,31.3265306122449,300.395054639484,0.255032196136302,-0.660697303090168,TRUE,FALSE
"Fe",2409,TRUE,31.1674669867947,302.280706402416,0.255675957534316,0.895737943797014,TRUE,FALSE
"Fe",2410,TRUE,31.1674669867947,318.146050408931,0.262059154660844,0.836268460142213,TRUE,TRUE
"Fe",2411,TRUE,31.2629051620648,264.713798216057,0.238986281171878,-0.100551605039734,TRUE,FALSE
"Fe",2412,TRUE,31.4855942376951,276.658806548302,0.244608386514252,-2.21925852865153,TRUE,FALSE
"Fe",2413,TRUE,31.3265306122449,330.015268626268,0.267042218888985,-0.761370667263169,TRUE,TRUE
"Fe",2414,TRUE,31.1356542617047,373.365672833217,0.284079068419602,1.10627650691325,TRUE,TRUE
"Fe",2415,TRUE,31.3583433373349,340.329223886678,0.271688500588953,-0.988457759622727,TRUE,TRUE
"Fe",2416,TRUE,31.3265306122449,326.457316396391,0.266075662964817,-0.652226099430567,TRUE,TRUE
"Fe",2417,TRUE,31.3583433373349,313.951140627669,0.260806042876917,-0.97353847190092,TRUE,FALSE
"Fe",2418,TRUE,31.5174069627851,311.808416649384,0.259594614056546,-2.64964223014309,TRUE,FALSE
"Fe",2419,TRUE,31.390156062425,339.781782358153,0.27119340751482,-1.38357995356365,TRUE,TRUE
"Fe",2420,TRUE,31.4855942376951,238.177630239941,0.226837985230717,-2.18844675157546,TRUE,FALSE
"Fe",2421,TRUE,31.2310924369748,316.380606033128,0.261896591153429,0.311625047119515,TRUE,TRUE
"Fe",2422,TRUE,31.3265306122449,333.241663543912,0.268967383078982,-0.632489511142627,TRUE,TRUE
"Fe",2423,TRUE,31.390156062425,274.068255757891,0.243012515778001,-1.44554226881741,TRUE,FALSE
"Fe",2424,TRUE,31.2310924369748,343.335486103463,0.272631097768834,0.246268049897841,TRUE,TRUE
"Fe",2425,TRUE,31.1992797118848,303.875749771664,0.256391067212203,0.559415680135648,TRUE,FALSE
"Fe",2426,TRUE,31.390156062425,354.967335654216,0.277365333905061,-1.34375946604104,TRUE,TRUE
"Fe",2427,TRUE,31.3265306122449,286.093811124052,0.248589323725237,-0.711575178859979,TRUE,FALSE
"Fe",2428,TRUE,31.3265306122449,319.470083964494,0.2628130455356,-0.763343982918048,TRUE,TRUE
"Fe",2429,TRUE,31.2947178871549,296.45389453314,0.252692995100964,-0.516264092996947,TRUE,FALSE
"Fe",2430,TRUE,31.3583433373349,310.898404268164,0.258826466638933,-1.13165465610112,TRUE,FALSE
"Fe",2431,TRUE,31.421968787515,293.004634745499,0.252057857383492,-1.5527061978307,TRUE,FALSE
"Fe",2432,TRUE,31.2629051620648,371.078688935447,0.283560265192404,-0.0883357511476747,TRUE,TRUE
"Fe",2433,TRUE,31.390156062425,311.7896127537,0.259572244471766,-1.37520286901375,TRUE,FALSE
"Fe",2434,TRUE,31.3265306122449,311.595523589807,0.259788923527488,-0.701158785814252,TRUE,FALSE
"Fe",2435,TRUE,31.3265306122449,355.208511070652,0.277551139489908,-0.708277487570244,TRUE,TRUE
"Fe",2436,TRUE,31.1992797118848,315.906845823732,0.261253084674302,0.511758155645315,TRUE,TRUE
"Fe",2437,TRUE,31.1674669867947,292.083783360838,0.251184737437005,0.855351844005864,TRUE,FALSE
"Fe",2438,TRUE,31.1992797118848,394.158730133874,0.292361144288286,0.553803147453383,TRUE,TRUE
"Fe",2439,TRUE,31.3265306122449,351.482841702784,0.275964663982942,-0.695038657757206,TRUE,TRUE
"Fe",2440,TRUE,31.2947178871549,316.36064014477,0.261626768162039,-0.426872044449456,TRUE,TRUE
"Fe",2441,TRUE,31.2947178871549,288.331517215505,0.249230048825178,-0.468325576048227,TRUE,FALSE
"Fe",2442,TRUE,31.2947178871549,385.943126740375,0.28919652987451,-0.43111678386678,TRUE,TRUE
"Fe",2443,TRUE,31.2947178871549,289.258659726329,0.250097798142203,-0.400424300819175,TRUE,FALSE
"Fe",2444,TRUE,31.3583433373349,338.487862820088,0.27074541975237,-1.02422479956007,TRUE,TRUE
"Fe",2445,TRUE,31.4855942376951,296.22466512942,0.253175056438937,-2.2141253864246,TRUE,FALSE
"Fe",2446,TRUE,31.2947178871549,312.694530559637,0.259880585360974,-0.449337904813046,TRUE,FALSE
"Fe",2447,TRUE,31.1992797118848,332.677081908399,0.268279064346488,0.522653601434876,TRUE,TRUE
"Fe",2448,TRUE,31.2310924369748,310.638757819483,0.258675816067622,0.11394588784526,TRUE,FALSE
"Fe",2449,TRUE,31.1992797118848,327.414707114759,0.266438640615764,0.610368911316878,TRUE,TRUE
"Fe",2450,TRUE,31.3265306122449,296.172935321181,0.253359199292561,-0.608698497626645,TRUE,FALSE
"Fe",2451,TRUE,31.421968787515,277.639362074883,0.244786750766374,-1.6913307349793,TRUE,FALSE
"Fe",2452,TRUE,31.3583433373349,393.881595155142,0.29236129978753,-1.03672607412664,TRUE,TRUE
"Fe",2453,TRUE,31.2629051620648,373.629348623698,0.2838580871104,-0.236924053650014,TRUE,TRUE
"Fe",2454,TRUE,31.5174069627851,329.633904160527,0.266995298333926,-2.59175115001483,TRUE,TRUE
"Fe",2455,TRUE,31.390156062425,307.552743365853,0.257870993780945,-1.32821360227739,TRUE,FALSE
"Fe",2456,TRUE,31.1992797118848,262.355965011916,0.237946879284307,0.53825550630475,TRUE,FALSE
"Fe",2457,TRUE,31.2947178871549,323.217185829611,0.264560034888132,-0.363265384659446,TRUE,TRUE
"Fe",2458,TRUE,31.2310924369748,310.059564884189,0.259045736979761,0.255078713674108,TRUE,FALSE
"Fe",2459,TRUE,31.453781512605,325.944497093967,0.26554509331285,-1.97828909587729,TRUE,TRUE
"Fe",2460,TRUE,31.2629051620648,343.394526421597,0.272328441406546,-0.161330646342884,TRUE,TRUE
"Fe",2461,TRUE,31.390156062425,320.288196928194,0.263403374591895,-1.31567735168863,TRUE,TRUE
"Fe",2462,TRUE,31.1356542617047,334.430076603034,0.26882662319832,1.14113360729192,TRUE,TRUE
"Fe",2463,TRUE,31.453781512605,373.394635284689,0.284401846368679,-2.00235372194482,TRUE,TRUE
"Fe",2464,TRUE,31.2629051620648,361.182926563649,0.279485279095615,-0.135843816305845,TRUE,TRUE
"Fe",2465,TRUE,31.3265306122449,316.701744261827,0.261593817276758,-0.792438175461456,TRUE,TRUE
"Fe",2466,TRUE,31.2310924369748,379.470735005912,0.28696069811743,0.299453236911918,TRUE,TRUE
"Fe",2467,TRUE,31.1992797118848,256.612450076785,0.235308769126162,0.523802891341021,TRUE,FALSE
"Fe",2468,TRUE,31.2310924369748,381.731907505759,0.287543725199647,0.228319040278252,TRUE,TRUE
"Fe",2469,TRUE,31.3265306122449,334.697732157783,0.269049976650667,-0.748478030802275,TRUE,TRUE
"Fe",2470,TRUE,31.390156062425,362.603695123567,0.280486079442266,-1.3342969962657,TRUE,TRUE
"Fe",2471,TRUE,31.2629051620648,333.511409152732,0.268775563873816,-0.0207827493714055,TRUE,TRUE
"Fe",2472,TRUE,31.421968787515,340.565713017798,0.271489017133031,-1.69304352341569,TRUE,TRUE
"Fe",2473,TRUE,31.1674669867947,345.457826202553,0.273407735178965,0.822357083743555,TRUE,TRUE
"Fe",2474,TRUE,31.3583433373349,320.094744346929,0.262877485049342,-1.10579647739103,TRUE,TRUE
"Fe",2475,TRUE,31.4855942376951,313.704258546089,0.260526174094256,-2.27036909989614,TRUE,FALSE
"Fe",2476,TRUE,31.2629051620648,370.723345206863,0.283702539510821,-0.0464972172090964,TRUE,TRUE
"Fe",2477,TRUE,31.390156062425,279.529263240513,0.245896917175721,-1.28209416549299,TRUE,FALSE
"Fe",2478,TRUE,31.5174069627851,318.029023756738,0.262152612736679,-2.66713580778046,TRUE,TRUE
"Fe",2479,TRUE,31.421968787515,334.933808943856,0.26931562877604,-1.65799554094043,TRUE,TRUE
"Fe",2480,TRUE,31.390156062425,302.553585730719,0.256003872275836,-1.21591794872529,TRUE,FALSE
"Fe",2481,TRUE,31.2310924369748,284.100051596851,0.247920027031666,0.268442921922506,TRUE,FALSE
"Fe",2482,TRUE,31.3583433373349,359.997901067135,0.279322528223658,-1.01031809550566,TRUE,TRUE
"Fe",2483,TRUE,31.4855942376951,287.679448873582,0.249093079847732,-2.30291754643402,TRUE,FALSE
"Fe",2484,TRUE,31.421968787515,316.545727758873,0.261436966380301,-1.69066115538909,TRUE,TRUE
"Fe",2485,TRUE,31.2310924369748,310.857011249773,0.259185877803836,0.2349078991699,TRUE,FALSE
"Fe",2486,TRUE,31.2629051620648,317.140150576394,0.261773538112782,-0.119212926094369,TRUE,TRUE
"Fe",2487,TRUE,31.3265306122449,299.576289797709,0.254546017567079,-0.726631730405693,TRUE,FALSE
"Fe",2488,TRUE,31.2629051620648,297.175580549936,0.253525598946795,-0.0605486440152204,TRUE,FALSE
"Fe",2489,TRUE,31.5174069627851,330.298726842325,0.267415433476617,-2.63785423039401,TRUE,TRUE
"Fe",2490,TRUE,31.2947178871549,321.054853399708,0.263633041274641,-0.36727028785906,TRUE,TRUE
"Fe",2491,TRUE,31.2629051620648,310.571453863417,0.259059091992584,-0.100514076668608,TRUE,FALSE
"Fe",2492,TRUE,31.5492196878751,335.35170295111,0.269233990873573,-3.00223240003642,TRUE,TRUE
"Fe",2493,TRUE,31.2310924369748,351.382572123394,0.275922517576447,0.262326089485805,TRUE,TRUE
"Fe",2494,TRUE,31.421968787515,379.195122838735,0.286647760417499,-1.6980588322501,TRUE,TRUE
"Fe",2495,TRUE,31.1992797118848,331.874620706814,0.267913248769322,0.530123997622409,TRUE,TRUE
"Fe",2496,TRUE,31.3265306122449,342.164825771723,0.272273300307736,-0.704428750506026,TRUE,TRUE
"Fe",2497,TRUE,31.1674669867947,296.795125650926,0.253168964800499,0.845108339383358,TRUE,FALSE
"Fe",2498,TRUE,31.453781512605,286.838726752451,0.248933746940035,-1.91949160611106,TRUE,FALSE
"Fe",2499,TRUE,31.2629051620648,350.203079310734,0.275324456160671,-0.0973517239360357,TRUE,TRUE
"Fe",2500,TRUE,31.421968787515,358.627225720951,0.278723080116595,-1.6879150817591,TRUE,TRUE
"Fe",2501,TRUE,31.1674669867947,371.94036344488,0.283788006668755,0.869189571070094,TRUE,TRUE
"Fe",2502,TRUE,31.3265306122449,346.578011844922,0.273950635477885,-0.700953707336617,TRUE,TRUE
"Fe",2503,TRUE,31.2629051620648,287.328961845344,0.248632406506123,-0.232040764456958,TRUE,FALSE
"Fe",2504,TRUE,31.421968787515,264.11605122893,0.239057194781388,-1.56899974763317,TRUE,FALSE
"Fe",2505,TRUE,31.2629051620648,279.072621413526,0.245604537939281,-0.0481613419558051,TRUE,FALSE
"Fe",2506,TRUE,31.390156062425,353.408314760477,0.276712537489191,-1.30848690970413,TRUE,TRUE
"Fe",2507,TRUE,31.2947178871549,260.177721052533,0.236688127833913,-0.489508861681997,TRUE,FALSE
"Fe",2508,TRUE,31.1356542617047,287.235096724805,0.248955708612629,1.16484831028173,TRUE,FALSE
"Fe",2509,TRUE,31.390156062425,341.152202351975,0.271746413749358,-1.39805341142392,TRUE,TRUE
"Fe",2510,TRUE,31.421968787515,334.408376847761,0.26911834480376,-1.5963995893,TRUE,TRUE
"Fe",2511,TRUE,31.3583433373349,269.265930859777,0.241427533709504,-0.949066113254073,TRUE,FALSE
"Fe",2512,TRUE,31.1992797118848,341.80844696678,0.272016033006443,0.541427653343498,TRUE,TRUE
"Fe",2513,TRUE,31.3265306122449,345.242731091863,0.273518895536434,-0.68695023002526,TRUE,TRUE
"Fe",2514,TRUE,31.2310924369748,276.232196988145,0.24454637147778,0.296779504948467,TRUE,FALSE
"Fe",2515,TRUE,31.390156062425,291.314962530314,0.251317874016158,-1.25867132573353,TRUE,FALSE
"Fe",2516,TRUE,31.2947178871549,322.769560936337,0.264299932751454,-0.38452221201532,TRUE,TRUE
"Fe",2517,TRUE,31.453781512605,345.323882541245,0.273469126123822,-1.971367661728,TRUE,TRUE
"Fe",2518,TRUE,31.3265306122449,358.263147347186,0.278612653736682,-0.73294919637299,TRUE,TRUE
"Fe",2519,TRUE,31.1674669867947,317.601464203175,0.261716396555994,0.798644996818907,TRUE,TRUE
"Fe",2520,TRUE,31.5174069627851,285.868938119501,0.248643819739181,-2.51982757715274,TRUE,FALSE
"Fe",2521,TRUE,31.3265306122449,346.015104235373,0.273823322214299,-0.705324039787096,TRUE,TRUE
"Fe",2522,TRUE,31.4855942376951,305.887254429717,0.25726233141245,-2.25609317998822,TRUE,FALSE
"Fe",2523,TRUE,31.3583433373349,303.757917316012,0.25636870477877,-1.04226492792853,TRUE,FALSE
"Fe",2524,TRUE,31.3583433373349,307.537498697869,0.258003153875197,-0.983012257343897,TRUE,FALSE
"Fe",2525,TRUE,31.453781512605,324.939617798901,0.265070917439062,-1.94906799590637,TRUE,TRUE
"Fe",2526,TRUE,31.2310924369748,403.329109232972,0.295809449299378,0.232072060995054,TRUE,TRUE
"Fe",2527,TRUE,31.3265306122449,336.726275018465,0.270077694485692,-0.691161530338943,TRUE,TRUE
"Fe",2528,TRUE,31.3583433373349,288.400204226367,0.249622800368432,-1.03063348626986,TRUE,FALSE
"Fe",2529,TRUE,31.390156062425,372.323404240182,0.283746091280139,-1.43431233827771,TRUE,TRUE
"Fe",2530,TRUE,31.3583433373349,316.509501287,0.261777686179158,-0.998428121385514,TRUE,TRUE
"Fe",2531,TRUE,31.3583433373349,358.723769573478,0.278728001172822,-1.05424744784026,TRUE,TRUE
"Fe",2532,TRUE,31.390156062425,302.868867910357,0.2560567655985,-1.30431273466899,TRUE,FALSE
"Fe",2533,TRUE,31.1674669867947,306.180202467129,0.256963239713366,0.81378808068193,TRUE,FALSE
"Fe",2534,TRUE,31.5492196878751,302.326090989386,0.255662750197698,-2.88527505776714,TRUE,FALSE
"Fe",2535,TRUE,31.3265306122449,398.706255205139,0.294262781797995,-0.703190398220207,TRUE,TRUE
"Fe",2536,TRUE,31.3265306122449,356.258989962309,0.277490238202359,-0.773579702079212,TRUE,TRUE
"Fe",2537,TRUE,31.3583433373349,331.844438766763,0.267798947716276,-1.09258606060282,TRUE,TRUE
"Fe",2538,TRUE,31.2947178871549,255.320117880238,0.235006451261342,-0.34682876834971,TRUE,FALSE
"Fe",2539,TRUE,31.2629051620648,284.209887081219,0.247691055233886,-0.111861357433606,TRUE,FALSE
"Fe",2540,TRUE,31.390156062425,332.999672203871,0.268155251385941,-1.43721366143343,TRUE,TRUE
"Fe",2541,TRUE,31.2629051620648,310.58028943999,0.259129534781667,-0.086427587955226,TRUE,FALSE
"Fe",2542,TRUE,31.3265306122449,321.723809215391,0.264006935991754,-0.654877333870448,TRUE,TRUE
"Fe",2543,TRUE,31.1356542617047,363.373723884235,0.280586567956848,1.22439367077074,TRUE,TRUE
"Fe",2544,TRUE,31.2947178871549,319.903810458751,0.26301521386808,-0.455022331719707,TRUE,TRUE
"Fe",2545,TRUE,31.2310924369748,292.688915785103,0.251419834992013,0.197263890218226,TRUE,FALSE
"Fe",2546,TRUE,31.2629051620648,392.518676509303,0.29169939500902,-0.110370076160972,TRUE,TRUE
"Fe",2547,TRUE,31.2947178871549,349.30517001703,0.275108230586515,-0.399922024346596,TRUE,TRUE
"Fe",2548,TRUE,31.390156062425,317.362502919307,0.262170417896454,-1.30343233309112,TRUE,TRUE
"Fe",2549,TRUE,31.2629051620648,377.491045388336,0.285875668752908,-0.137065181895365,TRUE,TRUE
"Fe",2550,TRUE,31.2629051620648,246.440356522366,0.230351415995044,-0.145715591805751,TRUE,FALSE
"Fe",2551,TRUE,31.2310924369748,316.205978052635,0.261392654265772,0.184096158443888,TRUE,TRUE
"Fe",2552,TRUE,31.453781512605,305.175114874567,0.257099377950441,-1.91653344173644,TRUE,FALSE
"Fe",2553,TRUE,31.3265306122449,296.946024365282,0.253235884128918,-0.753644978537962,TRUE,FALSE
"Fe",2554,TRUE,31.421968787515,311.332966312369,0.259587993054416,-1.61850882334839,TRUE,FALSE
"Fe",2555,TRUE,31.2310924369748,325.570706832972,0.265605888689372,0.252505509214144,TRUE,TRUE
"Fe",2556,TRUE,31.390156062425,291.043491517715,0.250681839033608,-1.39863361339138,TRUE,FALSE
"Fe",2557,TRUE,31.2629051620648,385.40546663098,0.288525435474305,-0.193839928480107,TRUE,TRUE
"Fe",2558,TRUE,31.3265306122449,304.99005819941,0.256875100058156,-0.689239616587125,TRUE,FALSE
"Fe",2559,TRUE,31.5174069627851,339.15926162368,0.271143657059159,-2.56050211041574,TRUE,TRUE
"Fe",2560,TRUE,31.1356542617047,322.920530356872,0.264004471133293,1.12532619897624,TRUE,TRUE
"Fe",2561,TRUE,31.3583433373349,287.937940380556,0.24962846055544,-0.953950298445859,TRUE,FALSE
"Fe",2562,TRUE,31.2629051620648,313.429713466958,0.260124213784225,-0.11041327162179,TRUE,FALSE
"Fe",2563,TRUE,31.4855942376951,325.001350870015,0.265246269942228,-2.27253556666236,TRUE,TRUE
"Fe",2564,TRUE,31.3583433373349,329.315031896757,0.266795418501133,-1.05401921645014,TRUE,TRUE
"Fe",2565,TRUE,31.390156062425,314.045843662891,0.260527704578977,-1.40213312198663,TRUE,FALSE
"Fe",2566,TRUE,31.2947178871549,245.059127034129,0.230124287613236,-0.370283892200298,TRUE,FALSE
"Fe",2567,TRUE,31.1038415366146,322.951519986274,0.263591532613704,1.35106922983411,TRUE,TRUE
"Fe",2568,TRUE,31.3583433373349,318.338526239969,0.26232798106793,-1.05618226649804,TRUE,TRUE
"Fe",2569,TRUE,31.3583433373349,328.184303581246,0.266383617677386,-1.08369850057077,TRUE,TRUE
"Fe",2570,TRUE,31.390156062425,283.384905058374,0.24731091074332,-1.40480456360156,TRUE,FALSE
"Fe",2571,TRUE,31.2310924369748,332.458093658062,0.268425454251268,0.281571181184117,TRUE,TRUE
"Fe",2572,TRUE,31.2947178871549,374.529527084171,0.284662290216131,-0.439422667382411,TRUE,TRUE
"Fe",2573,TRUE,31.2947178871549,380.682561575988,0.287138537595649,-0.415352716390967,TRUE,TRUE
"Fe",2574,TRUE,31.2947178871549,362.48102981054,0.280327204841975,-0.38778937730464,TRUE,TRUE
"Fe",2575,TRUE,31.3265306122449,313.576949733071,0.260132278060551,-0.755560685608434,TRUE,FALSE
"Fe",2576,TRUE,31.390156062425,310.48998033364,0.259286914453486,-1.31114724258082,TRUE,FALSE
"Fe",2577,TRUE,31.3265306122449,403.042411381057,0.296073358035909,-0.618391042510563,TRUE,TRUE
"Fe",2578,TRUE,31.2947178871549,315.329649185197,0.26129481487344,-0.393228668548076,TRUE,FALSE
"Fe",2579,TRUE,31.3583433373349,294.77498219987,0.252236817633431,-1.08020766972415,TRUE,FALSE
"Fe",2580,TRUE,31.3265306122449,322.763314042312,0.26384895253106,-0.839855114452532,TRUE,TRUE
"Fe",2581,TRUE,31.3265306122449,272.968377471327,0.242917412822445,-0.685218165003309,TRUE,FALSE
"Fe",2582,TRUE,31.453781512605,291.289206495008,0.250915158987704,-2.00028741655156,TRUE,FALSE
"Fe",2583,TRUE,31.1674669867947,339.593915572637,0.271131017794663,0.859063611106001,TRUE,TRUE
"Fe",2584,TRUE,31.1674669867947,340.731066463667,0.271306204530129,0.818145057695279,TRUE,TRUE
"Fe",2585,TRUE,31.2310924369748,243.754561462861,0.2291612634691,0.193080611746327,TRUE,FALSE
"Fe",2586,TRUE,31.3265306122449,343.433807200559,0.272713717460129,-0.694436796773649,TRUE,TRUE
"Fe",2587,TRUE,31.2947178871549,293.215891477218,0.252261634373917,-0.247364877970187,TRUE,FALSE
"Fe",2588,TRUE,31.3583433373349,337.41226176269,0.269922630712806,-1.14317766805342,TRUE,TRUE
"Fe",2589,TRUE,31.3583433373349,312.534748144892,0.259927527381761,-1.04726635499509,TRUE,FALSE
"Fe",2590,TRUE,31.2310924369748,274.193620267269,0.243253881635381,0.226866655681753,TRUE,FALSE
"Fe",2591,TRUE,31.2947178871549,355.048807709284,0.27711677310027,-0.442137348290759,TRUE,TRUE
"Fe",2592,TRUE,31.4855942376951,288.478108557034,0.249842804864483,-2.22099621081847,TRUE,FALSE
"Fe",2593,TRUE,31.1674669867947,292.063451826863,0.250940715874438,0.829384297713465,TRUE,FALSE
"Fe",2594,TRUE,31.3265306122449,310.198495662636,0.259118215169882,-0.742320317520529,TRUE,FALSE
"Fe",2595,TRUE,31.3265306122449,296.602378502202,0.252896141269572,-0.775807804572909,TRUE,FALSE
"Fe",2596,TRUE,31.390156062425,329.226690979704,0.266988492751321,-1.31611635377688,TRUE,TRUE
"Fe",2597,TRUE,31.390156062425,286.823558928037,0.248901459100676,-1.37517698970292,TRUE,FALSE
"Fe",2598,TRUE,31.2629051620648,367.826285660355,0.282448855320331,-0.0398545083447929,TRUE,TRUE
"Fe",2599,TRUE,31.3265306122449,317.059393088629,0.261945074055752,-0.725786220322569,TRUE,TRUE
"Fe",2600,TRUE,31.2947178871549,306.760454087746,0.25745457413394,-0.446738786941985,TRUE,FALSE
"Fe",2601,TRUE,31.2947178871549,314.633264266109,0.260663814668831,-0.439496071158711,TRUE,FALSE
"Fe",2602,TRUE,31.390156062425,371.935971549237,0.284084859683526,-1.31573996199183,TRUE,TRUE
"Fe",2603,TRUE,31.2310924369748,314.599631115655,0.2608112002866,0.253297929689567,TRUE,FALSE
"Fe",2604,TRUE,31.3265306122449,361.201563346373,0.279989229047424,-0.646955279870701,TRUE,TRUE
"Fe",2605,TRUE,31.2947178871549,321.089559202038,0.263710643361425,-0.350220603371741,TRUE,TRUE
"Fe",2606,TRUE,31.2947178871549,353.612144488146,0.2764805709336,-0.45427455185881,TRUE,TRUE
"Fe",2607,TRUE,31.1992797118848,321.067595968476,0.26337962360172,0.552508847467881,TRUE,TRUE
"Fe",2608,TRUE,31.453781512605,311.989496059821,0.260001621001944,-1.94930877593235,TRUE,FALSE
"Fe",2609,TRUE,31.0720288115246,268.112591124844,0.240212358213795,1.72270952391978,TRUE,FALSE
"Fe",2610,TRUE,31.3583433373349,275.283905507836,0.244097548694281,-0.924040746950008,TRUE,FALSE
"Fe",2611,TRUE,31.1674669867947,290.421622723197,0.250663483265683,0.9013874928948,TRUE,FALSE
"Fe",2612,TRUE,31.3583433373349,280.365182082329,0.246027585653257,-1.05299973327898,TRUE,FALSE
"Fe",2613,TRUE,31.1674669867947,289.213977079942,0.249888639571099,0.852041415898597,TRUE,FALSE
"Fe",2614,TRUE,31.1992797118848,366.519523191316,0.281413596597225,0.482140485184,TRUE,TRUE
"Fe",2615,TRUE,31.3583433373349,328.977795225727,0.267164581873725,-0.964946661992807,TRUE,TRUE
"Fe",2616,TRUE,31.2947178871549,274.414671685196,0.243258271888666,-0.457596156603233,TRUE,FALSE
"Fe",2617,TRUE,31.1674669867947,329.069439676448,0.266907437404992,0.858387007803365,TRUE,TRUE
"Fe",2618,TRUE,31.2310924369748,271.949312235584,0.242528350024342,0.274706001865447,TRUE,FALSE
"Fe",2619,TRUE,31.3265306122449,298.487228736488,0.254119749718767,-0.69309667586708,TRUE,FALSE
"Fe",2620,TRUE,31.3583433373349,350.66827064846,0.275615034124659,-1.0550799910348,TRUE,TRUE
"Fe",2621,TRUE,31.390156062425,325.898545693464,0.26567470345933,-1.31829150445523,TRUE,TRUE
"Fe",2622,TRUE,31.3583433373349,322.286471378706,0.263930824361957,-1.05159734978437,TRUE,TRUE
"Fe",2623,TRUE,31.421968787515,342.713031264787,0.27227358891975,-1.69596954959539,TRUE,TRUE
"Fe",2624,TRUE,31.2310924369748,277.328193295406,0.244446644467645,0.170704972727879,TRUE,FALSE
"Fe",2625,TRUE,31.3583433373349,336.003752763646,0.269638283158192,-1.05531442090814,TRUE,TRUE
"Fe",2626,TRUE,31.2947178871549,373.958084933365,0.284498756530093,-0.467643548123953,TRUE,TRUE
"Fe",2627,TRUE,31.2629051620648,300.84699533691,0.254683783839838,-0.171359771124868,TRUE,FALSE
"Fe",2628,TRUE,31.2310924369748,343.730355444638,0.27291213392745,0.245891802779976,TRUE,TRUE
"Fe",2629,TRUE,31.390156062425,399.889408902174,0.294635982317325,-1.35623375395855,TRUE,TRUE
"Fe",2630,TRUE,31.3583433373349,281.57411670593,0.246586077831894,-1.05228675213295,TRUE,FALSE
"Fe",2631,TRUE,31.2629051620648,297.010183713681,0.253326132403821,-0.117368842455062,TRUE,FALSE
"Fe",2632,TRUE,31.2310924369748,302.03536635698,0.255264416102591,0.19485167092407,TRUE,FALSE
"Fe",2633,TRUE,31.421968787515,322.496172019583,0.264486709036086,-1.56395446954118,TRUE,TRUE
"Fe",2634,TRUE,31.390156062425,293.353404979852,0.251814526320203,-1.34012431338513,TRUE,FALSE
"Fe",2635,TRUE,31.3583433373349,278.32374784552,0.245366892791173,-0.983560973600155,TRUE,FALSE
"Fe",2636,TRUE,31.3265306122449,339.424806837692,0.27083697181678,-0.778660548686147,TRUE,TRUE
"Fe",2637,TRUE,31.4855942376951,328.474076337946,0.26663672708084,-2.25090498884403,TRUE,TRUE
"Fe",2638,TRUE,31.2947178871549,264.544636308096,0.238878211339182,-0.427389200069251,TRUE,FALSE
"Fe",2639,TRUE,31.2947178871549,342.66479972126,0.272278291928502,-0.445339618310885,TRUE,TRUE
"Fe",2640,TRUE,31.1992797118848,323.339093403579,0.264475861929883,0.54665530143453,TRUE,TRUE
"Fe",2641,TRUE,31.390156062425,281.91133172597,0.246615286579354,-1.37725882936459,TRUE,FALSE
"Fe",2642,TRUE,31.2947178871549,434.645232508994,0.306774605798544,-0.496687404180789,TRUE,TRUE
"Fe",2643,TRUE,31.2947178871549,360.375668336557,0.279215170179596,-0.464505249880299,TRUE,TRUE
"Fe",2644,TRUE,31.2947178871549,322.348702582193,0.264262265690743,-0.401444617295491,TRUE,TRUE
"Fe",2645,TRUE,31.5174069627851,313.775911006977,0.260437811803471,-2.62173368076107,TRUE,FALSE
"Fe",2646,TRUE,31.1992797118848,295.188527271904,0.252416405286628,0.497597762113185,TRUE,FALSE
"Fe",2647,TRUE,31.390156062425,327.933559510872,0.266494957460261,-1.34765410943952,TRUE,TRUE
"Fe",2648,TRUE,31.390156062425,309.858702788563,0.258774128898657,-1.37856644066842,TRUE,FALSE
"Fe",2649,TRUE,31.3583433373349,285.402633501663,0.248542042102825,-0.991396816153749,TRUE,FALSE
"Fe",2650,TRUE,31.2947178871549,289.164001562178,0.249641392842775,-0.477862278576328,TRUE,FALSE
"Fe",2651,TRUE,31.390156062425,403.42105304981,0.295968027813584,-1.34019086068484,TRUE,TRUE
"Fe",2652,TRUE,31.390156062425,342.086928989769,0.272251540406157,-1.30772348982055,TRUE,TRUE
"Fe",2653,TRUE,31.2629051620648,366.002537725461,0.281885222653042,-0.0303179703756114,TRUE,TRUE
"Fe",2654,TRUE,31.2310924369748,296.784606903242,0.253584804029568,0.326658669472774,TRUE,FALSE
"Fe",2655,TRUE,31.1356542617047,347.309096058884,0.273823012407598,1.11747298008036,TRUE,TRUE
"Fe",2656,TRUE,31.2947178871549,284.835488312531,0.247907870973665,-0.430034103137048,TRUE,FALSE
"Fe",2657,TRUE,31.2947178871549,356.759725804934,0.277802593445618,-0.442626251300582,TRUE,TRUE
"Fe",2658,TRUE,31.2947178871549,299.473467832702,0.254605693471698,-0.389285259693178,TRUE,FALSE
"Fe",2659,TRUE,31.2947178871549,249.520896007181,0.232107966755297,-0.392094268819779,TRUE,FALSE
"Fe",2660,TRUE,31.2947178871549,307.982814428475,0.258189668372702,-0.407162210635072,TRUE,FALSE
"Fe",2661,TRUE,31.390156062425,366.082532789217,0.28174619939545,-1.30957234445875,TRUE,TRUE
"Fe",2662,TRUE,31.3583433373349,380.390297256261,0.287250650860235,-1.03622336306926,TRUE,TRUE
"Fe",2663,TRUE,31.1674669867947,381.609159531331,0.287185221931399,0.79837285000288,TRUE,TRUE
"Fe",2664,TRUE,31.2629051620648,273.915835545787,0.243113771305715,-0.107760162135874,TRUE,FALSE
"Fe",2665,TRUE,31.3583433373349,317.300224579814,0.262215869426096,-0.982634077922219,TRUE,TRUE
"Fe",2666,TRUE,31.3265306122449,286.492000285861,0.248868166505622,-0.730863968964477,TRUE,FALSE
"Fe",2667,TRUE,31.3265306122449,353.676501390744,0.27673100950317,-0.723522107337072,TRUE,TRUE
"Fe",2668,TRUE,31.2310924369748,355.536284439886,0.277599626583579,0.219713047962956,TRUE,TRUE
"Fe",2669,TRUE,31.2629051620648,328.244154417078,0.266038880821328,-0.19785159722733,TRUE,TRUE
"Fe",2670,TRUE,31.2310924369748,288.55762135996,0.250017884565849,0.298218597708912,TRUE,FALSE
"Fe",2671,TRUE,31.2947178871549,316.04219868608,0.261279755085153,-0.435022892760048,TRUE,TRUE
"Fe",2672,TRUE,31.3265306122449,342.374347081467,0.27222922566973,-0.748966867690941,TRUE,TRUE
"Fe",2673,TRUE,31.3265306122449,323.21529258378,0.264568373319853,-0.691685342039042,TRUE,TRUE
"Fe",2674,TRUE,31.3583433373349,295.029215906861,0.252812545090555,-0.932353530311531,TRUE,FALSE
"Fe",2675,TRUE,31.2947178871549,346.079465362522,0.273774364182757,-0.400652000163356,TRUE,TRUE
"Fe",2676,TRUE,31.2629051620648,317.202617913361,0.261846265194977,-0.120077263452476,TRUE,TRUE
"Fe",2677,TRUE,31.3583433373349,356.84403969963,0.277956101116089,-1.10394159450333,TRUE,TRUE
"Fe",2678,TRUE,31.2310924369748,290.438105815531,0.250289691795019,0.180535639186582,TRUE,FALSE
"Fe",2679,TRUE,31.453781512605,292.401623469657,0.25119763516306,-2.02559807328718,TRUE,FALSE
"Fe",2680,TRUE,31.2947178871549,303.525755626123,0.25578624580836,-0.506712419262725,TRUE,FALSE
"Fe",2681,TRUE,31.3583433373349,289.160237937538,0.249780448599972,-1.10115142918296,TRUE,FALSE
"Fe",2682,TRUE,31.2629051620648,316.982436818899,0.262008444725547,-0.0453911663744629,TRUE,TRUE
"Fe",2683,TRUE,31.453781512605,305.205213627269,0.256877022437328,-1.97544784569202,TRUE,FALSE
"Fe",2684,TRUE,31.2310924369748,301.871809702756,0.25506960609705,0.150986135181228,TRUE,FALSE
"Fe",2685,TRUE,31.5174069627851,341.840521516716,0.272149632241311,-2.54831218370154,TRUE,TRUE
"Fe",2686,TRUE,31.421968787515,336.25362564955,0.26991155825037,-1.64658137925504,TRUE,TRUE
"Fe",2687,TRUE,31.2310924369748,332.987378035918,0.268387686997483,0.198434491300771,TRUE,TRUE
"Fe",2688,TRUE,31.2947178871549,314.789329279949,0.260434926428209,-0.518594894026859,TRUE,FALSE
"Fe",2689,TRUE,31.1992797118848,293.925128385591,0.251810378460282,0.511515367770817,TRUE,FALSE
"Fe",2690,TRUE,31.390156062425,361.976972880701,0.279930677147641,-1.39456904928483,TRUE,TRUE
"Fe",2691,TRUE,31.390156062425,264.068436570719,0.238839714147661,-1.35785497461824,TRUE,FALSE
"Fe",2692,TRUE,31.1992797118848,418.099623597898,0.301321770218758,0.567825145331677,TRUE,TRUE
"Fe",2693,TRUE,31.3583433373349,295.340611232762,0.252562916808853,-1.05319254057743,TRUE,FALSE
"Fe",2694,TRUE,31.3583433373349,311.122801729348,0.259430083073265,-1.05506048262761,TRUE,FALSE
"Fe",2695,TRUE,31.2629051620648,363.480642326959,0.280393495110662,-0.152264179969286,TRUE,TRUE
"Fe",2696,TRUE,31.390156062425,272.30222404743,0.242690149429425,-1.316652388153,TRUE,FALSE
"Fe",2697,TRUE,31.2310924369748,305.360860576914,0.25689639241558,0.226272420487526,TRUE,FALSE
"Fe",2698,TRUE,31.4855942376951,313.245099295618,0.260368271515896,-2.33110263976144,TRUE,FALSE
"Fe",2699,TRUE,31.3265306122449,283.794086621036,0.247563570622034,-0.753153469993026,TRUE,FALSE
"Fe",2700,TRUE,31.4855942376951,324.679582335778,0.265062743798927,-2.3387420297353,TRUE,TRUE
"Fe",2701,TRUE,31.3265306122449,299.732059372908,0.254425301565851,-0.74374271382578,TRUE,FALSE
"Fe",2702,TRUE,31.2947178871549,308.937764554014,0.258309444556633,-0.452993024407279,TRUE,FALSE
"Fe",2703,TRUE,31.1674669867947,240.87822770493,0.228132903287465,0.91202965069657,TRUE,FALSE
"Fe",2704,TRUE,31.1992797118848,338.916080005709,0.270454518742304,0.449982159592298,TRUE,TRUE
"Fe",2705,TRUE,31.453781512605,324.445586605405,0.265040064481568,-2.00042924634094,TRUE,TRUE
"Fe",2706,TRUE,31.1992797118848,347.383360960173,0.274123254094345,0.502385575016348,TRUE,TRUE
"Fe",2707,TRUE,31.3265306122449,317.247077685818,0.262221604162479,-0.686663479597784,TRUE,TRUE
"Fe",2708,TRUE,31.2629051620648,296.599537199418,0.253166854924019,-0.0969538148972794,TRUE,FALSE
"Fe",2709,TRUE,31.3265306122449,342.371248216245,0.272399149414746,-0.693629423488893,TRUE,TRUE
"Fe",2710,TRUE,31.2629051620648,291.210013615014,0.251135725014789,0.0307264325140941,TRUE,FALSE
"Fe",2711,TRUE,31.2947178871549,330.382008353161,0.267547237625029,-0.344036005504594,TRUE,TRUE
"Fe",2712,TRUE,31.5492196878751,317.750171499968,0.262101896146981,-2.90476780851849,TRUE,TRUE
"Fe",2713,TRUE,31.2629051620648,303.612704703997,0.256082526545874,-0.129287278965406,TRUE,FALSE
"Fe",2714,TRUE,31.2629051620648,348.157213632873,0.27429815960906,-0.136171261204199,TRUE,TRUE
"Fe",2715,TRUE,31.3583433373349,333.312861984327,0.268571296327616,-1.04553878467207,TRUE,TRUE
"Fe",2716,TRUE,31.2947178871549,263.44900914998,0.23824225573519,-0.460636476593351,TRUE,FALSE
"Fe",2717,TRUE,31.2947178871549,344.77113412545,0.273175298763457,-0.425202567241806,TRUE,TRUE
"Fe",2718,TRUE,31.2629051620648,291.501110646584,0.250699065739444,-0.145951131155657,TRUE,FALSE
"Fe",2719,TRUE,31.2310924369748,302.133047542113,0.255495326799805,0.204854770079515,TRUE,FALSE
"Fe",2720,TRUE,31.2629051620648,315.46957392948,0.261206998496878,-0.0795898035903309,TRUE,FALSE
"Fe",2721,TRUE,31.2947178871549,310.886050580295,0.259409981422826,-0.366655774020397,TRUE,FALSE
"Fe",2722,TRUE,31.2629051620648,299.807535455048,0.254512785394721,-0.137316424347721,TRUE,FALSE
"Fe",2723,TRUE,31.3265306122449,358.1153776482,0.278821926462402,-0.642595317548762,TRUE,TRUE
"Fe",2724,TRUE,31.1992797118848,350.241751942338,0.275458177887533,0.590197393417043,TRUE,TRUE
"Fe",2725,TRUE,31.453781512605,331.535675690174,0.267792714504852,-2.01303991173194,TRUE,TRUE
"Fe",2726,TRUE,31.2629051620648,341.422602502893,0.271627512851812,-0.114828882066397,TRUE,TRUE
"Fe",2727,TRUE,31.3583433373349,330.511794986571,0.267471859661276,-1.00993273447918,TRUE,TRUE
"Fe",2728,TRUE,31.3265306122449,381.840605319973,0.287666393995381,-0.745543566930414,TRUE,TRUE
"Fe",2729,TRUE,31.390156062425,322.581663657749,0.263956480718155,-1.42865311255021,TRUE,TRUE
"Fe",2730,TRUE,31.2629051620648,339.524890341361,0.271190209304104,-0.0640432290711027,TRUE,TRUE
"Fe",2731,TRUE,31.2629051620648,268.739245834056,0.240735434139207,-0.0978979637892273,TRUE,FALSE
"Fe",2732,TRUE,31.2947178871549,293.967574600075,0.251742069469804,-0.46092987214025,TRUE,FALSE
"Fe",2733,TRUE,31.390156062425,336.849086991005,0.270044431917363,-1.34686958690695,TRUE,TRUE
"Fe",2734,TRUE,31.3265306122449,305.040401846445,0.256746136254915,-0.726426601730196,TRUE,FALSE
"Fe",2735,TRUE,31.3583433373349,336.48117878059,0.269725532280918,-1.07658783272402,TRUE,TRUE
"Fe",2736,TRUE,31.2947178871549,313.830172109365,0.260748558634368,-0.340460372538976,TRUE,FALSE
"Fe",2737,TRUE,31.2629051620648,370.139740249518,0.283166892840851,-0.0708799460746398,TRUE,TRUE
"Fe",2738,TRUE,31.453781512605,328.065766703079,0.266113059541228,-2.05432210292445,TRUE,TRUE
"Fe",2739,TRUE,31.421968787515,337.256990573829,0.270152983629945,-1.71151180052885,TRUE,TRUE
"Fe",2740,TRUE,31.390156062425,300.529133140941,0.255055665780064,-1.29151227141647,TRUE,FALSE
"Fe",2741,TRUE,31.3583433373349,274.286719073346,0.243546432215065,-0.993528983351178,TRUE,FALSE
"Fe",2742,TRUE,31.2947178871549,327.587139527765,0.266197656597024,-0.406683353859486,TRUE,TRUE
"Fe",2743,TRUE,31.3265306122449,372.354473846971,0.284165827348127,-0.709188501617708,TRUE,TRUE
"Fe",2744,TRUE,31.3265306122449,355.227995016763,0.277131311760129,-0.791416447256883,TRUE,TRUE
"Fe",2745,TRUE,31.453781512605,323.582253652785,0.264433458029438,-1.99270618856144,TRUE,TRUE
"Fe",2746,TRUE,31.5174069627851,361.52931950137,0.279821176238215,-2.59272182512654,TRUE,TRUE
"Fe",2747,TRUE,31.3583433373349,327.990564080834,0.266297167712414,-1.02732260957176,TRUE,TRUE
"Fe",2748,TRUE,31.2629051620648,289.869949921115,0.250197762863207,-0.11217508553883,TRUE,FALSE
"Fe",2749,TRUE,31.453781512605,329.150609537785,0.266669853233677,-2.03344897533257,TRUE,TRUE
"Fe",2750,TRUE,31.5174069627851,260.398950653238,0.236978011698506,-2.60093946899947,TRUE,FALSE
"Fe",2751,TRUE,31.2310924369748,294.689443406758,0.252461778484959,0.266572919353241,TRUE,FALSE
"Fe",2752,TRUE,31.421968787515,340.799250705639,0.271789688022818,-1.64540835289419,TRUE,TRUE
"Fe",2753,TRUE,31.4855942376951,271.265481326067,0.242034366460145,-2.28979497528252,TRUE,FALSE
"Fe",2754,TRUE,31.1356542617047,247.318513603141,0.230666269345946,1.09501704083602,TRUE,FALSE
"Fe",2755,TRUE,31.2947178871549,294.274894447052,0.252051253857124,-0.430479521934176,TRUE,FALSE
"Fe",2756,TRUE,31.3583433373349,324.148268293807,0.264715543143646,-1.05655432137693,TRUE,TRUE
"Fe",2757,TRUE,31.2947178871549,333.190798805289,0.268727488644613,-0.390659003977945,TRUE,TRUE
"Fe",2758,TRUE,31.2947178871549,294.382354374077,0.252304823675532,-0.370251463814451,TRUE,FALSE
"Fe",2759,TRUE,31.4855942376951,355.214388185186,0.277325053484208,-2.33998762424901,TRUE,TRUE
"Fe",2760,TRUE,31.1992797118848,263.910272644685,0.238477590850291,0.515966820957107,TRUE,FALSE
"Fe",2761,TRUE,31.3265306122449,286.626987252081,0.248608098905855,-0.768940172644512,TRUE,FALSE
"Fe",2762,TRUE,31.4855942376951,356.927143429829,0.278187316669085,-2.25089099450373,TRUE,TRUE
"Fe",2763,TRUE,31.3583433373349,311.218544261202,0.25956000156996,-0.988423001166982,TRUE,FALSE
"Fe",2764,TRUE,31.390156062425,325.554611980885,0.265128889008107,-1.39046822729931,TRUE,TRUE
"Fe",2765,TRUE,31.390156062425,286.505908331086,0.248862147202737,-1.33338727280457,TRUE,FALSE
"Fe",2766,TRUE,31.421968787515,258.634862141975,0.236339737428393,-1.62823730002501,TRUE,FALSE
"Fe",2767,TRUE,31.2310924369748,311.927887902897,0.259917683904023,0.315954536161013,TRUE,FALSE
"Fe",2768,TRUE,31.390156062425,323.501474670828,0.264488692433521,-1.33596117676572,TRUE,TRUE
"Fe",2769,TRUE,31.2947178871549,301.951624550193,0.255798824286809,-0.313021931829235,TRUE,FALSE
"Fe",2770,TRUE,31.2947178871549,313.429841502316,0.260239193141201,-0.452409017420199,TRUE,FALSE
"Fe",2771,TRUE,31.1992797118848,319.546758326286,0.262713327277057,0.523559475237482,TRUE,TRUE
"Fe",2772,TRUE,31.2947178871549,329.525983231448,0.266859524473624,-0.443497615095532,TRUE,TRUE
"Fe",2773,TRUE,31.1356542617047,321.665672228252,0.263374871016527,1.12590439430487,TRUE,TRUE
"Fe",2774,TRUE,31.2629051620648,319.530476599864,0.262805086660006,-0.0998907733188258,TRUE,TRUE
"Fe",2775,TRUE,31.2947178871549,349.061095973194,0.275175472101387,-0.345645431720173,TRUE,TRUE
"Fe",2776,TRUE,31.3583433373349,269.930387254122,0.241085411312671,-1.12582214800406,TRUE,FALSE
"Fe",2777,TRUE,31.421968787515,262.241985763208,0.237852411581533,-1.68526080120401,TRUE,FALSE
"Fe",2778,TRUE,31.1992797118848,313.825281522008,0.260834511074082,0.62506014187913,TRUE,FALSE
"Fe",2779,TRUE,31.2629051620648,352.004186407211,0.27600209206928,-0.0963333272341146,TRUE,TRUE
"Fe",2780,TRUE,31.3265306122449,393.399971345917,0.292211122059373,-0.718456592030006,TRUE,TRUE
"Fe",2781,TRUE,31.2947178871549,320.024156626749,0.26313093877389,-0.406764719749245,TRUE,TRUE
"Fe",2782,TRUE,31.1992797118848,363.520751644387,0.280469809664484,0.543133938194066,TRUE,TRUE
"Fe",2783,TRUE,31.3583433373349,314.301240577139,0.260844666709511,-1.00108127149645,TRUE,FALSE
"Fe",2784,TRUE,31.2629051620648,315.92850104156,0.261363951941797,-0.0966938139249258,TRUE,TRUE
"Fe",2785,TRUE,31.3583433373349,313.074010871804,0.260372367425019,-0.986208137717837,TRUE,FALSE
"Fe",2786,TRUE,31.421968787515,271.028037899229,0.242006310918868,-1.59993825955838,TRUE,FALSE
"Fe",2787,TRUE,31.3265306122449,378.603449815456,0.286611519063873,-0.716578174234056,TRUE,TRUE
"Fe",2788,TRUE,31.421968787515,314.471476197032,0.260933436416776,-1.6229164773937,TRUE,FALSE
"Fe",2789,TRUE,31.453781512605,318.117299682533,0.262384199326471,-1.92636956083502,TRUE,TRUE
"Fe",2790,TRUE,31.421968787515,344.873449684559,0.27351980165747,-1.65058496502731,TRUE,TRUE
"Fe",2791,TRUE,31.421968787515,311.8778494421,0.260086739469935,-1.53800286945322,TRUE,FALSE
"Fe",2792,TRUE,31.390156062425,316.683653445679,0.261693340337096,-1.32756526660303,TRUE,TRUE
"Fe",2793,TRUE,31.390156062425,292.877723203398,0.251855782235012,-1.25377642874594,TRUE,FALSE
"Fe",2794,TRUE,31.390156062425,287.195176959377,0.249167753392563,-1.30374765734322,TRUE,FALSE
"Fe",2795,TRUE,31.2947178871549,294.698428649745,0.252044981299702,-0.479727494736688,TRUE,FALSE
"Fe",2796,TRUE,31.2947178871549,304.052965594,0.25648651886079,-0.387979990784243,TRUE,FALSE
"Fe",2797,TRUE,31.2629051620648,321.996360429343,0.264139227667859,-0.0366690223851413,TRUE,TRUE
"Fe",2798,TRUE,31.1992797118848,294.726458948272,0.252273188811832,0.540450036852344,TRUE,FALSE
"Fe",2799,TRUE,31.2629051620648,326.664039750933,0.265622948003317,-0.145795962071847,TRUE,TRUE
"Fe",2800,TRUE,31.2629051620648,279.202448353198,0.245597127121193,-0.0866924686293205,TRUE,FALSE
"Fe",2801,TRUE,31.3583433373349,336.100467458043,0.26976105317939,-1.02332428302274,TRUE,TRUE
"Fe",2802,TRUE,31.3583433373349,255.290193772218,0.23485699236143,-0.955876013724457,TRUE,FALSE
"Fe",2803,TRUE,31.2629051620648,283.800441600266,0.247757346203292,-0.0304450229213912,TRUE,FALSE
"Fe",2804,TRUE,31.453781512605,303.454930834735,0.256247482060145,-1.9339250470428,TRUE,FALSE
"Fe",2805,TRUE,31.1992797118848,272.661746507804,0.242738171269486,0.585694983389728,TRUE,FALSE
"Fe",2806,TRUE,31.3265306122449,316.881735683661,0.261828620255724,-0.6895207759478,TRUE,TRUE
"Fe",2807,TRUE,31.421968787515,251.751829547331,0.233104974892028,-1.65939051117812,TRUE,FALSE
"Fe",2808,TRUE,31.2310924369748,366.456241784227,0.281780618787467,0.263510128588953,TRUE,TRUE
"Fe",2809,TRUE,31.453781512605,362.22204896875,0.280051226619384,-1.98874392024909,TRUE,TRUE
"Fe",2810,TRUE,31.390156062425,315.219552861739,0.260958075262087,-1.41279434872597,TRUE,FALSE
"Fe",2811,TRUE,31.2947178871549,346.807629807111,0.274005632816116,-0.451119523658843,TRUE,TRUE
"Fe",2812,TRUE,31.2947178871549,364.435640630865,0.281223016420821,-0.373041969823615,TRUE,TRUE
"Fe",2813,TRUE,31.3583433373349,306.876667207466,0.257493384521718,-1.0542709874013,TRUE,FALSE
"Fe",2814,TRUE,31.2947178871549,347.526665795591,0.274561209096235,-0.340222617004886,TRUE,TRUE
"Fe",2815,TRUE,31.2629051620648,363.980473350594,0.280556855412983,-0.143167887410911,TRUE,TRUE
"Fe",2816,TRUE,31.2947178871549,290.706495030556,0.250494233429509,-0.43787555800705,TRUE,FALSE
"Fe",2817,TRUE,31.3583433373349,334.067126149263,0.268982787139643,-1.04218556690856,TRUE,TRUE
"Fe",2818,TRUE,31.3265306122449,335.135865813123,0.269440448471018,-0.699743521693028,TRUE,TRUE
"Fe",2819,TRUE,31.3583433373349,317.860040985276,0.262219709760589,-1.00705132492001,TRUE,TRUE
"Fe",2820,TRUE,31.453781512605,343.927090103913,0.273156797678897,-1.91892567099214,TRUE,TRUE
"Fe",2821,TRUE,31.390156062425,273.535836100687,0.243079720483815,-1.34042420268411,TRUE,FALSE
"Fe",2822,TRUE,31.453781512605,222.989084243772,0.219286743634642,-1.94843980693933,TRUE,FALSE
"Fe",2823,TRUE,31.5174069627851,341.023543396901,0.271560638912092,-2.65139824347501,TRUE,TRUE
"Fe",2824,TRUE,31.2947178871549,289.624179275325,0.249994298361247,-0.444382375922273,TRUE,FALSE
"Fe",2825,TRUE,31.3583433373349,313.95170803993,0.260701386810926,-1.00373693259631,TRUE,FALSE
"Fe",2826,TRUE,31.2947178871549,334.718094635324,0.269142973488207,-0.42380491927159,TRUE,TRUE
"Fe",2827,TRUE,31.1992797118848,331.438245638676,0.267741706840778,0.552238573978667,TRUE,TRUE
"Fe",2828,TRUE,31.1992797118848,296.280499584347,0.252706898317196,0.458228761204613,TRUE,FALSE
"Fe",2829,TRUE,31.421968787515,285.093344470005,0.248396408575272,-1.54811987590736,TRUE,FALSE
"Fe",2830,TRUE,31.2310924369748,268.240650628207,0.240701938212318,0.250999096352563,TRUE,FALSE
"Fe",2831,TRUE,31.421968787515,298.734587525942,0.254419458090269,-1.58692283718243,TRUE,FALSE
"Fe",2832,TRUE,31.3583433373349,338.171621059901,0.270838523182693,-0.939006299258926,TRUE,TRUE
"Fe",2833,TRUE,31.2310924369748,374.73383697965,0.28475540724999,0.200202698437066,TRUE,TRUE
"Fe",2834,TRUE,31.3265306122449,262.042726714995,0.237788229836309,-0.76009406390511,TRUE,FALSE
"Fe",2835,TRUE,31.3583433373349,323.551525047358,0.264776081460079,-0.995727177122312,TRUE,TRUE
"Fe",2836,TRUE,31.390156062425,308.96670629065,0.258657133092844,-1.33977744105335,TRUE,FALSE
"Fe",2837,TRUE,31.2629051620648,288.376780434956,0.249934860173184,-0.00886042013909431,TRUE,FALSE
"Fe",2838,TRUE,31.2947178871549,349.704534392792,0.27531150790382,-0.392065127030943,TRUE,TRUE
"Fe",2839,TRUE,31.2629051620648,358.662280496098,0.278820128556152,-0.0621805576184258,TRUE,TRUE
"Fe",2840,TRUE,31.2310924369748,253.874844550406,0.233979575680358,0.238120599377851,TRUE,FALSE
"Fe",2841,TRUE,31.2310924369748,292.530189699317,0.251496865223128,0.234889107614391,TRUE,FALSE
"Fe",2842,TRUE,31.2947178871549,309.443486824755,0.258616062170977,-0.403278639500632,TRUE,FALSE
"Fe",2843,TRUE,31.2947178871549,308.123395948798,0.257798587548554,-0.473704758943806,TRUE,FALSE
"Fe",2844,TRUE,31.3265306122449,317.376015096065,0.262126258647027,-0.676424284951576,TRUE,TRUE
"Fe",2845,TRUE,31.3265306122449,333.948042593463,0.269197958682872,-0.657249818518773,TRUE,TRUE
"Fe",2846,TRUE,31.3583433373349,338.406218530379,0.270553655564078,-1.05448963038604,TRUE,TRUE
"Fe",2847,TRUE,31.2947178871549,345.025602616577,0.272964728309189,-0.466443375217982,TRUE,TRUE
"Fe",2848,TRUE,31.421968787515,273.217999019985,0.242692898413341,-1.72667969659468,TRUE,FALSE
"Fe",2849,TRUE,31.390156062425,283.386345918588,0.247620009287135,-1.26936520306686,TRUE,FALSE
"Fe",2850,TRUE,31.2947178871549,338.837156049636,0.270917499652218,-0.394980580224658,TRUE,TRUE
"Fe",2851,TRUE,31.2947178871549,299.35874657455,0.254204063389308,-0.460098599329587,TRUE,FALSE
"Fe",2852,TRUE,31.2629051620648,288.255539532327,0.249751756175517,-0.0493258297993028,TRUE,FALSE
"Fe",2853,TRUE,31.3265306122449,312.047032643287,0.259834994178586,-0.715145400908621,TRUE,FALSE
"Fe",2854,TRUE,31.3265306122449,258.889382021452,0.236351061147749,-0.723969845655617,TRUE,FALSE
"Fe",2855,TRUE,31.2629051620648,364.087329797197,0.280664808590449,-0.148365251279805,TRUE,TRUE
"Fe",2856,TRUE,31.2629051620648,314.989277483469,0.260966062786405,-0.0921873298851446,TRUE,FALSE
"Fe",2857,TRUE,31.1674669867947,242.296521366875,0.22834384208582,0.782385159106369,TRUE,FALSE
"Fe",2858,TRUE,31.2629051620648,365.887144967582,0.281511964617784,-0.084777398235801,TRUE,TRUE
"Fe",2859,TRUE,31.421968787515,271.53560199522,0.242008188160132,-1.69657572023048,TRUE,FALSE
"Fe",2860,TRUE,31.2629051620648,306.279474798651,0.257184691732935,-0.143572222769142,TRUE,FALSE
"Fe",2861,TRUE,31.2310924369748,295.343955744508,0.252596882646005,0.222750116737707,TRUE,FALSE
"Fe",2862,TRUE,31.2629051620648,260.254897733213,0.236916960407886,-0.123953594396709,TRUE,FALSE
"Fe",2863,TRUE,31.453781512605,260.15947122346,0.236934611871637,-2.00557826316205,TRUE,FALSE
"Fe",2864,TRUE,31.2310924369748,325.007619329978,0.265099210421254,0.215944453860917,TRUE,TRUE
"Fe",2865,TRUE,31.3265306122449,239.57653809394,0.227503525295497,-0.637238439408322,TRUE,FALSE
"Fe",2866,TRUE,31.3583433373349,315.107433866198,0.260825365888311,-1.10789471190879,TRUE,FALSE
"Fe",2867,TRUE,31.3583433373349,335.019858928029,0.269390327295126,-1.008476085879,TRUE,TRUE
"Fe",2868,TRUE,31.1992797118848,282.304456255689,0.246782903372378,0.50401086995942,TRUE,FALSE
"Fe",2869,TRUE,31.3265306122449,273.342672247056,0.243031180246456,-0.68920041671954,TRUE,FALSE
"Fe",2870,TRUE,31.2947178871549,323.32699432789,0.264846999743079,-0.281252104015661,TRUE,TRUE
"Fe",2871,TRUE,31.2947178871549,306.045668402786,0.25720309261562,-0.441226733029474,TRUE,FALSE
"Fe",2872,TRUE,31.390156062425,342.819847573909,0.272902752645127,-1.23158569825773,TRUE,TRUE
"Fe",2873,TRUE,31.453781512605,338.155006304118,0.270692362868302,-1.92654388183289,TRUE,TRUE
"Fe",2874,TRUE,31.1038415366146,325.903975072175,0.264992392816444,1.39539417813641,TRUE,TRUE
"Fe",2875,TRUE,31.390156062425,314.809544420883,0.260941238747449,-1.36123530410675,TRUE,FALSE
"Fe",2876,TRUE,31.3265306122449,269.912410931936,0.241153583863235,-0.798972744536563,TRUE,FALSE
"Fe",2877,TRUE,31.1992797118848,327.728982089623,0.266189805673199,0.529592551654601,TRUE,TRUE
"Fe",2878,TRUE,31.4855942376951,330.067443060251,0.266958140574196,-2.37350444774269,TRUE,TRUE
"Fe",2879,TRUE,31.453781512605,267.525781296934,0.240492044295289,-1.87380504363159,TRUE,FALSE
"Fe",2880,TRUE,31.3583433373349,336.075153544942,0.270281680324061,-0.952134756711344,TRUE,TRUE
"Fe",2881,TRUE,31.2947178871549,290.528395689359,0.25053339660336,-0.42573111118753,TRUE,FALSE
"Fe",2882,TRUE,31.2310924369748,315.611623544878,0.261234733272793,0.186368522865121,TRUE,FALSE
"Fe",2883,TRUE,31.3265306122449,366.603991978493,0.281926079026469,-0.687418762102847,TRUE,TRUE
"Fe",2884,TRUE,31.3265306122449,351.860166902516,0.275934677084092,-0.776114937685619,TRUE,TRUE
"Fe",2885,TRUE,31.2947178871549,350.842862437545,0.275917868326484,-0.3423808471863,TRUE,TRUE
"Fe",2886,TRUE,31.2947178871549,349.740471505262,0.275204890152557,-0.403301488662175,TRUE,TRUE
"Fe",2887,TRUE,31.1992797118848,289.832672081468,0.249957396751858,0.474111965776069,TRUE,FALSE
"Fe",2888,TRUE,31.3583433373349,299.52406141801,0.254412702223215,-1.06574300660771,TRUE,FALSE
"Fe",2889,TRUE,31.3583433373349,285.219305473345,0.248131463069832,-1.06495164613584,TRUE,FALSE
"Fe",2890,TRUE,31.2310924369748,297.512337702954,0.253440261972308,0.188257035695174,TRUE,FALSE
"Fe",2891,TRUE,31.2947178871549,357.667243046372,0.278420369333592,-0.393542294235189,TRUE,TRUE
"Fe",2892,TRUE,31.3583433373349,301.089274255312,0.255125607057736,-0.995131586433892,TRUE,FALSE
"Fe",2893,TRUE,31.3583433373349,338.172618215869,0.270346589496583,-1.1045864858912,TRUE,TRUE
"Fe",2894,TRUE,31.2310924369748,330.358975926131,0.267305023463984,0.230569797509355,TRUE,TRUE
"Fe",2895,TRUE,31.453781512605,308.225461427901,0.258357309035277,-1.93585968613053,TRUE,FALSE
"Fe",2896,TRUE,31.421968787515,285.757230078935,0.248614502750943,-1.64890046785858,TRUE,FALSE
"Fe",2897,TRUE,31.3265306122449,260.140712928627,0.237064143316359,-0.650825044507469,TRUE,FALSE
"Fe",2898,TRUE,31.3583433373349,350.991751887562,0.275576740852747,-1.07929331099907,TRUE,TRUE
"Fe",2899,TRUE,31.421968787515,329.494487022948,0.267100942188874,-1.62427352434151,TRUE,TRUE
"Fe",2900,TRUE,31.390156062425,331.430319451311,0.267424921578848,-1.47553823378646,TRUE,TRUE
"Fe",2901,TRUE,31.390156062425,355.891088843691,0.277769817489458,-1.32134269824232,TRUE,TRUE
"Fe",2902,TRUE,31.2947178871549,326.235793787325,0.265613587830135,-0.44805536096232,TRUE,TRUE
"Fe",2903,TRUE,31.3583433373349,323.041088047285,0.264488351285159,-0.963709851351303,TRUE,TRUE
"Fe",2904,TRUE,31.3265306122449,354.9566228622,0.277080314802881,-0.7809618675649,TRUE,TRUE
"Fe",2905,TRUE,31.3583433373349,342.754054682129,0.272413122981311,-1.04044751190227,TRUE,TRUE
"Fe",2906,TRUE,31.3583433373349,292.10404988273,0.251102976301791,-1.08454148912047,TRUE,FALSE
"Fe",2907,TRUE,31.3265306122449,291.393043678948,0.250947228803345,-0.708144099007821,TRUE,FALSE
"Fe",2908,TRUE,31.3583433373349,296.782055530887,0.252814376029024,-1.15440077167191,TRUE,FALSE
"Fe",2909,TRUE,31.2310924369748,390.414479665348,0.291187771486143,0.238852739818625,TRUE,TRUE
"Fe",2910,TRUE,31.3265306122449,340.937166695704,0.271452047765499,-0.760521467793498,TRUE,TRUE
"Fe",2911,TRUE,31.1992797118848,339.541047527252,0.270661350084506,0.475122601633025,TRUE,TRUE
"Fe",2912,TRUE,31.390156062425,335.068153404018,0.269187357235047,-1.39833923462293,TRUE,TRUE
"Fe",2913,TRUE,31.2629051620648,373.197930827047,0.284650141831122,-0.0496959686952175,TRUE,TRUE
"Fe",2914,TRUE,31.2947178871549,366.392184996844,0.282056570293451,-0.313942371463299,TRUE,TRUE
"Fe",2915,TRUE,31.3265306122449,339.380211138732,0.271062293066206,-0.712872139203136,TRUE,TRUE
"Fe",2916,TRUE,31.1356542617047,314.290305333747,0.260637584036316,1.15850586215316,TRUE,FALSE
"Fe",2917,TRUE,31.2310924369748,323.026753944132,0.264226239770756,0.197748965346396,TRUE,TRUE
"Fe",2918,TRUE,31.3583433373349,308.616726045733,0.258371559944516,-1.0479920566934,TRUE,FALSE
"Fe",2919,TRUE,31.3583433373349,383.261985080547,0.287915627354704,-1.1230638039209,TRUE,TRUE
"Fe",2920,TRUE,31.1992797118848,339.146229516505,0.270868563100472,0.563521305235144,TRUE,TRUE
"Fe",2921,TRUE,31.3265306122449,322.043276767218,0.263934132429567,-0.72948450109769,TRUE,TRUE
"Fe",2922,TRUE,31.3265306122449,294.579034239339,0.252296272031701,-0.718164182081451,TRUE,FALSE
"Fe",2923,TRUE,31.421968787515,230.705805966924,0.222805952954689,-1.74562057509909,TRUE,FALSE
"Fe",2924,TRUE,31.421968787515,330.448921925077,0.267548670152224,-1.65391118697819,TRUE,TRUE
"Fe",2925,TRUE,31.3265306122449,333.678969856385,0.268821384765735,-0.644878788934886,TRUE,TRUE
"Fe",2926,TRUE,31.1992797118848,294.894280546531,0.252271144558141,0.505078968494549,TRUE,FALSE
"Fe",2927,TRUE,31.421968787515,278.553094688583,0.245293944241651,-1.65378138559107,TRUE,FALSE
"Fe",2928,TRUE,31.2310924369748,318.289961050387,0.262199165030624,0.162729686668691,TRUE,TRUE
"Fe",2929,TRUE,31.3265306122449,313.953016966277,0.260644550529695,-0.727717788709727,TRUE,FALSE
"Fe",2930,TRUE,31.2947178871549,344.203814002334,0.273005445580892,-0.408339727266197,TRUE,TRUE
"Fe",2931,TRUE,31.1674669867947,288.935789816646,0.249682126936261,0.813948137523065,TRUE,FALSE
"Fe",2932,TRUE,31.2310924369748,307.827914717492,0.257649749379522,0.140674838790611,TRUE,FALSE
"Fe",2933,TRUE,31.3583433373349,289.39109690438,0.249901332931143,-1.09632106729344,TRUE,FALSE
"Fe",2934,TRUE,31.3583433373349,347.463150237165,0.273867212295713,-1.14401141120332,TRUE,TRUE
"Fe",2935,TRUE,31.453781512605,353.352630042326,0.276566670514272,-2.00981820935453,TRUE,TRUE
"Fe",2936,TRUE,31.3583433373349,276.637337853363,0.24450219691229,-1.02147393474009,TRUE,FALSE
"Fe",2937,TRUE,31.2947178871549,280.639171118351,0.24603541937625,-0.435670878329935,TRUE,FALSE
"Fe",2938,TRUE,31.3265306122449,338.658522670632,0.270742360005753,-0.744880507734604,TRUE,TRUE
"Fe",2939,TRUE,31.3265306122449,360.959994797783,0.2797935982255,-0.729776363460622,TRUE,TRUE
"Fe",2940,TRUE,31.421968787515,257.916235709834,0.235964123324712,-1.65621309310404,TRUE,FALSE
"Fe",2941,TRUE,31.2947178871549,329.812952684483,0.266957050139979,-0.425875362170108,TRUE,TRUE
"Fe",2942,TRUE,31.3583433373349,305.23269092236,0.257125521639636,-1.00571695028916,TRUE,FALSE
"Fe",2943,TRUE,31.453781512605,301.513922760707,0.2554371720293,-1.93995585985903,TRUE,FALSE
"Fe",2944,TRUE,31.2629051620648,334.820863061146,0.26951682442055,0.0182951484660958,TRUE,TRUE
"Fe",2945,TRUE,31.2310924369748,378.719005093948,0.286218376783716,0.185240183781198,TRUE,TRUE
"Fe",2946,TRUE,31.2629051620648,256.609790696044,0.235410136165686,-0.102482910253675,TRUE,FALSE
"Fe",2947,TRUE,31.2947178871549,330.045189926779,0.267346329087896,-0.366922151770246,TRUE,TRUE
"Fe",2948,TRUE,31.2947178871549,285.275850113931,0.248195954906122,-0.439583463647441,TRUE,FALSE
"Fe",2949,TRUE,31.3265306122449,309.144887218601,0.258348218335697,-0.736120980852567,TRUE,FALSE
"Fe",2950,TRUE,31.421968787515,295.80119924993,0.252926944015523,-1.66395675981335,TRUE,FALSE
"Fe",2951,TRUE,31.5810324129652,338.310981222752,0.270469332771823,3.00216525281791,TRUE,TRUE
"Fe",2952,TRUE,31.421968787515,319.672734344915,0.26281875738153,-1.73324145327938,TRUE,TRUE
"Fe",2953,TRUE,31.1992797118848,326.24936092075,0.265582731957738,0.53470682081422,TRUE,TRUE
"Fe",2954,TRUE,31.3265306122449,336.950633340227,0.270186835023166,-0.728246973482916,TRUE,TRUE
"Fe",2955,TRUE,31.3583433373349,295.352233714356,0.252493289112416,-1.08844155459664,TRUE,FALSE
"Fe",2956,TRUE,31.2629051620648,393.382939615012,0.292174538036646,-0.0810173622630067,TRUE,TRUE
"Fe",2957,TRUE,31.2310924369748,293.889959877308,0.251663996982076,0.15377589499674,TRUE,FALSE
"Fe",2958,TRUE,31.3265306122449,284.601165734152,0.248108256333212,-0.680480035358239,TRUE,FALSE
"Fe",2959,TRUE,31.2310924369748,279.837936853774,0.245901751435727,0.228752215025883,TRUE,FALSE
"Fe",2960,TRUE,31.2947178871549,262.04141245682,0.238103508336501,-0.315092305622606,TRUE,FALSE
"Fe",2961,TRUE,31.421968787515,305.770276379621,0.257453298787733,-1.56052335299407,TRUE,FALSE
"Fe",2962,TRUE,31.3265306122449,327.682585558883,0.266362503283288,-0.691472232976593,TRUE,TRUE
"Fe",2963,TRUE,31.2310924369748,254.776975522201,0.234776219289098,0.289676212781685,TRUE,FALSE
"Fe",2964,TRUE,31.2310924369748,278.564319169209,0.245407871136789,0.260666443300979,TRUE,FALSE
"Fe",2965,TRUE,31.2310924369748,265.508761329649,0.239494737716916,0.23843223062791,TRUE,FALSE
"Fe",2966,TRUE,31.390156062425,281.117042191973,0.24643168888726,-1.33289909516931,TRUE,FALSE
"Fe",2967,TRUE,31.2947178871549,342.173121390486,0.271870261193628,-0.465549720956953,TRUE,TRUE
"Fe",2968,TRUE,31.2629051620648,285.882887663467,0.248467584535538,-0.0889644297515792,TRUE,FALSE
"Fe",2969,TRUE,31.421968787515,346.606219548993,0.274285297316126,-1.5580751906154,TRUE,TRUE
"Fe",2970,TRUE,31.390156062425,311.681658809297,0.259239145909697,-1.46571807897332,TRUE,FALSE
"Fe",2971,TRUE,31.3265306122449,316.251918228952,0.261651665384494,-0.712166681823314,TRUE,TRUE
"Fe",2972,TRUE,31.390156062425,304.154934050939,0.256507999104451,-1.33706521588582,TRUE,FALSE
"Fe",2973,TRUE,31.2947178871549,272.144532446074,0.242585668260729,-0.343216503826306,TRUE,FALSE
"Fe",2974,TRUE,31.3583433373349,260.537298095159,0.237333546547114,-0.958523428426641,TRUE,FALSE
"Fe",2975,TRUE,31.4855942376951,301.976035935952,0.255302538192069,-2.35895111989418,TRUE,FALSE
"Fe",2976,TRUE,31.2629051620648,336.615618635397,0.270010931392364,-0.0557246987606914,TRUE,TRUE
"Fe",2977,TRUE,31.390156062425,321.856626245707,0.263908490942835,-1.33949992274496,TRUE,TRUE
"Fe",2978,TRUE,31.3265306122449,373.703767801795,0.284611841351275,-0.711981323446767,TRUE,TRUE
"Fe",2979,TRUE,31.3583433373349,348.653595037883,0.275157145211538,-0.933452159265525,TRUE,TRUE
"Fe",2980,TRUE,31.3265306122449,300.80874365394,0.254776485264217,-0.769789182444072,TRUE,FALSE
"Fe",2981,TRUE,31.390156062425,297.330518130615,0.253606747289242,-1.30919273004787,TRUE,FALSE
"Fe",2982,TRUE,31.3583433373349,288.683758607265,0.2499021470031,-0.976326049918944,TRUE,FALSE
"Fe",2983,TRUE,31.2310924369748,296.802282913977,0.253512010007218,0.279457552358967,TRUE,FALSE
"Fe",2984,TRUE,31.3265306122449,286.490633350912,0.248970184904998,-0.696721040431272,TRUE,FALSE
"Fe",2985,TRUE,31.2629051620648,384.821533151743,0.289124184503873,-0.0468457412268696,TRUE,TRUE
"Fe",2986,TRUE,31.2947178871549,336.763667449897,0.269984075025047,-0.421230151459141,TRUE,TRUE
"Fe",2987,TRUE,31.2310924369748,308.256811967519,0.257901437321071,0.151341801574148,TRUE,FALSE
"Fe",2988,TRUE,31.3583433373349,346.107108539362,0.273912377100219,-0.98713593405458,TRUE,TRUE
"Fe",2989,TRUE,31.3583433373349,286.126551171373,0.248351105576426,-1.13510453133762,TRUE,FALSE
"Fe",2990,TRUE,31.2947178871549,263.773762561359,0.238406318350711,-0.439546293539945,TRUE,FALSE
"Fe",2991,TRUE,31.2310924369748,322.423684244592,0.264183198591615,0.244518592343522,TRUE,TRUE
"Fe",2992,TRUE,31.2310924369748,375.608623925702,0.285663262366382,0.319294508577307,TRUE,TRUE
"Fe",2993,TRUE,31.3583433373349,346.405166469471,0.273739941576452,-1.07177967417811,TRUE,TRUE
"Fe",2994,TRUE,31.3583433373349,312.243432419078,0.259581264092874,-1.08559151080365,TRUE,FALSE
"Fe",2995,TRUE,31.2629051620648,340.908900687567,0.27161793170284,-0.0859398130102476,TRUE,TRUE
"Fe",2996,TRUE,31.390156062425,340.163366939087,0.271219132853056,-1.38603525168936,TRUE,TRUE
"Fe",2997,TRUE,31.2310924369748,252.523236759247,0.233465712920264,0.237439214847633,TRUE,FALSE
"Fe",2998,TRUE,31.3583433373349,334.338116632935,0.269134306143705,-0.982262301047528,TRUE,TRUE
"Fe",2999,TRUE,31.453781512605,310.864332198021,0.25922722010197,-1.97210495296033,TRUE,FALSE
"Fe",3000,TRUE,31.453781512605,362.691473346845,0.280439304067904,-1.96053720186625,TRUE,TRUE
"Fe",3001,TRUE,31.2947178871549,280.175709905576,0.245897828807173,-0.447997839039892,TRUE,FALSE
"Fe",3002,TRUE,31.2310924369748,354.181141329215,0.276569446639082,0.155137242868447,TRUE,TRUE
"Fe",3003,TRUE,31.453781512605,323.253015200733,0.264690710152446,-1.92710791953946,TRUE,TRUE
"Fe",3004,TRUE,31.3265306122449,292.839669827409,0.251788196562892,-0.6723078911785,TRUE,FALSE
"Fe",3005,TRUE,31.1992797118848,325.449948178522,0.265001235042939,0.464127773480743,TRUE,TRUE
"Fe",3006,TRUE,31.3265306122449,318.210558440531,0.262338556038446,-0.730922884555547,TRUE,TRUE
"Fe",3007,TRUE,31.2629051620648,375.342890605023,0.285292588030958,-0.0899205257122496,TRUE,TRUE
"Fe",3008,TRUE,31.390156062425,355.353767440441,0.277670312038435,-1.25825379605471,TRUE,TRUE
"Fe",3009,TRUE,31.2947178871549,274.042215236197,0.243308925616175,-0.396237387012072,TRUE,FALSE
"Fe",3010,TRUE,31.390156062425,319.539555676667,0.263426922058787,-1.2037341374991,TRUE,TRUE
"Fe",3011,TRUE,31.1674669867947,286.61351708832,0.248180112222294,0.69821461867214,TRUE,FALSE
"Fe",3012,TRUE,31.2629051620648,277.034958784368,0.244737493187476,-0.0528584106176114,TRUE,FALSE
"Fe",3013,TRUE,31.2629051620648,387.955925569293,0.290404530447872,0.0490276215731978,TRUE,TRUE
"Fe",3014,TRUE,31.2947178871549,306.551131574456,0.257563575613578,-0.402263809278401,TRUE,FALSE
"Fe",3015,TRUE,31.2947178871549,335.451487469703,0.269503655261488,-0.363458691477135,TRUE,TRUE
"Fe",3016,TRUE,31.1992797118848,314.715815934963,0.260809318028897,0.541053061153744,TRUE,FALSE
"Fe",3017,TRUE,31.4855942376951,370.111881503281,0.2831341887414,-2.30815023775351,TRUE,TRUE
"Fe",3018,TRUE,31.453781512605,267.716265391023,0.240331455949444,-1.98614864996106,TRUE,FALSE
"Fe",3019,TRUE,31.2629051620648,348.94311658931,0.274379347049472,-0.211477705377001,TRUE,TRUE
"Fe",3020,TRUE,31.3265306122449,299.834044901653,0.25450516615327,-0.727120450148445,TRUE,FALSE
"Fe",3021,TRUE,31.390156062425,369.644923707767,0.282939731637407,-1.38203392800536,TRUE,TRUE
"Fe",3022,TRUE,31.3265306122449,304.296461242165,0.256405548884081,-0.750581697442543,TRUE,FALSE
"Fe",3023,TRUE,31.421968787515,311.93975209865,0.259960983534305,-1.62824580549666,TRUE,FALSE
"Fe",3024,TRUE,31.3583433373349,324.630802640602,0.264672213050289,-1.11522735213288,TRUE,TRUE
"Fe",3025,TRUE,31.421968787515,263.470689963835,0.238696762035348,-1.57326051141954,TRUE,FALSE
"Fe",3026,TRUE,31.3265306122449,281.81194625602,0.246483314022143,-0.795968473483011,TRUE,FALSE
"Fe",3027,TRUE,31.2310924369748,324.93725158029,0.265206913106465,0.266786407806499,TRUE,TRUE
"Fe",3028,TRUE,31.3583433373349,381.643359334491,0.287590035024091,-1.04393028959127,TRUE,TRUE
"Fe",3029,TRUE,31.390156062425,368.079911853821,0.282298584274291,-1.40671847570568,TRUE,TRUE
"Fe",3030,TRUE,31.2629051620648,254.595927352728,0.23468290506664,0.00494534185384217,TRUE,FALSE
"Fe",3031,TRUE,31.390156062425,360.485572522608,0.279590523895275,-1.33375898854902,TRUE,TRUE
"Fe",3032,TRUE,31.2310924369748,291.886298197164,0.250946907455378,0.181046342002019,TRUE,FALSE
"Fe",3033,TRUE,31.2947178871549,322.960729696189,0.264226171434858,-0.407092215972768,TRUE,TRUE
"Fe",3034,TRUE,31.3265306122449,313.296143343499,0.26056409848134,-0.653663709243437,TRUE,FALSE
"Fe",3035,TRUE,31.453781512605,320.749013054734,0.26349856973288,-1.94377008917122,TRUE,TRUE
"Fe",3036,TRUE,31.421968787515,312.952959768037,0.260099554543794,-1.70887868925274,TRUE,FALSE
"Fe",3037,TRUE,31.1356542617047,245.764509235423,0.229889537187173,1.09712180405602,TRUE,FALSE
"Fe",3038,TRUE,31.453781512605,356.752788696319,0.278042346900018,-1.97129494209792,TRUE,TRUE
"Fe",3039,TRUE,31.421968787515,310.926737998933,0.259105439817337,-1.70688222284198,TRUE,FALSE
"Fe",3040,TRUE,31.2947178871549,317.889676646412,0.262222097060769,-0.382207946806455,TRUE,TRUE
"Fe",3041,TRUE,31.2310924369748,319.951670169377,0.263300796605259,0.297464611664038,TRUE,TRUE
"Fe",3042,TRUE,31.390156062425,398.486714688905,0.293967143616024,-1.39332129656858,TRUE,TRUE
"Fe",3043,TRUE,31.1356542617047,283.248153809832,0.246842679238463,1.06902987555758,TRUE,FALSE
"Fe",3044,TRUE,31.2629051620648,379.22418012976,0.286480057128885,-0.130501083936406,TRUE,TRUE
"Fe",3045,TRUE,31.3583433373349,350.36061275541,0.275220923664611,-1.09380519449494,TRUE,TRUE
"Fe",3046,TRUE,31.421968787515,345.478281292126,0.273744866086698,-1.64019725231803,TRUE,TRUE
"Fe",3047,TRUE,31.1038415366146,333.788213302605,0.268131415366943,1.37882466293017,TRUE,TRUE
"Fe",3048,TRUE,31.2947178871549,352.156891204923,0.276637003853305,-0.320851717919098,TRUE,TRUE
"Fe",3049,TRUE,31.3583433373349,289.166222559065,0.250148581849988,-0.986050621543235,TRUE,FALSE
"Fe",3050,TRUE,31.3583433373349,309.170025784102,0.258619059506564,-1.03922264041469,TRUE,FALSE
"Fe",3051,TRUE,31.3265306122449,303.769134647259,0.256606686362799,-0.634553962537498,TRUE,FALSE
"Fe",3052,TRUE,31.3265306122449,315.365174251627,0.261256293844506,-0.72386072579965,TRUE,FALSE
"Fe",3053,TRUE,31.1356542617047,308.470270087784,0.258433217641505,1.22572813934618,TRUE,FALSE
"Fe",3054,TRUE,31.4855942376951,363.975733036829,0.280771073971413,-2.33893858061973,TRUE,TRUE
"Fe",3055,TRUE,31.2947178871549,284.464568306807,0.248085439300996,-0.354035028027864,TRUE,FALSE
"Fe",3056,TRUE,31.3265306122449,326.649203706728,0.265662199870475,-0.770998625645058,TRUE,TRUE
"Fe",3057,TRUE,31.1674669867947,316.018162258769,0.261110368685392,0.786955716919008,TRUE,TRUE
"Fe",3058,TRUE,31.453781512605,269.139073912987,0.240997569684115,-2.00966101158785,TRUE,FALSE
"Fe",3059,TRUE,31.453781512605,285.465922932422,0.248223113598032,-2.04192820416575,TRUE,FALSE
"Fe",3060,TRUE,31.1992797118848,310.473468745941,0.258636920309118,0.439930453170713,TRUE,FALSE
"Fe",3061,TRUE,31.3265306122449,292.722123563431,0.252056729902818,-0.611054077788489,TRUE,FALSE
"Fe",3062,TRUE,31.421968787515,301.321898927619,0.255195536094621,-1.68071026454367,TRUE,FALSE
"Fe",3063,TRUE,31.390156062425,345.852287379249,0.27376679870436,-1.29446852513547,TRUE,TRUE
"Fe",3064,TRUE,31.2947178871549,328.044647268809,0.266305943460313,-0.445478558941036,TRUE,TRUE
"Fe",3065,TRUE,31.4855942376951,342.162365404161,0.272276471646191,-2.25144177986689,TRUE,TRUE
"Fe",3066,TRUE,31.3265306122449,295.646693942019,0.252908493495941,-0.680120489959139,TRUE,FALSE
"Fe",3067,TRUE,31.3583433373349,311.780658618476,0.259602797910941,-1.03008837423092,TRUE,FALSE
"Fe",3068,TRUE,31.2629051620648,289.406103173207,0.249954232782218,-0.12843009007996,TRUE,FALSE
"Fe",3069,TRUE,31.2629051620648,347.548458088231,0.274512990587871,-0.064076280032136,TRUE,TRUE
"Fe",3070,TRUE,31.1674669867947,286.960727201892,0.248925508002205,0.872932755055984,TRUE,FALSE
"Fe",3071,TRUE,31.2947178871549,281.741239551189,0.246539618113326,-0.454077230500342,TRUE,FALSE
"Fe",3072,TRUE,31.3265306122449,339.001989174473,0.270905924295424,-0.755584920082714,TRUE,TRUE
"Fe",3073,TRUE,31.3265306122449,385.316937776236,0.289030216964069,-0.74649609010991,TRUE,TRUE
"Fe",3074,TRUE,31.3583433373349,334.43348513152,0.268654415121463,-1.12887560039022,TRUE,TRUE
"Fe",3075,TRUE,31.390156062425,362.400588293075,0.280388495405257,-1.30288918323729,TRUE,TRUE
"Fe",3076,TRUE,31.390156062425,329.37421930765,0.267083900184075,-1.33426025221903,TRUE,TRUE
"Fe",3077,TRUE,31.2310924369748,346.779041599478,0.273789139827592,0.178513877446253,TRUE,TRUE
"Fe",3078,TRUE,31.2629051620648,310.878926024986,0.259441481130676,-0.0412656832735461,TRUE,FALSE
"Fe",3079,TRUE,31.390156062425,372.523989148104,0.284275069636121,-1.26196298719961,TRUE,TRUE
"Fe",3080,TRUE,31.2310924369748,348.515472201275,0.274497451398414,0.224173135995755,TRUE,TRUE
"Fe",3081,TRUE,31.2310924369748,412.420843069067,0.299084075131608,0.208697303697462,TRUE,TRUE
"Fe",3082,TRUE,31.390156062425,373.735031525082,0.284099727387176,-1.47900276307152,TRUE,TRUE
"Fe",3083,TRUE,31.2629051620648,290.910087158927,0.250549448582177,-0.136309695471858,TRUE,FALSE
"Fe",3084,TRUE,31.3265306122449,334.952924752141,0.26917792647803,-0.742980029512345,TRUE,TRUE
"Fe",3085,TRUE,31.453781512605,325.623928124058,0.265559726208195,-1.92285431425509,TRUE,TRUE
"Fe",3086,TRUE,31.2947178871549,341.703490544375,0.272393741863114,-0.280308717995303,TRUE,TRUE
"Fe",3087,TRUE,31.3265306122449,294.544081084487,0.252457862848228,-0.664099464066055,TRUE,FALSE
"Fe",3088,TRUE,31.421968787515,291.548782187232,0.251050030585112,-1.67299003463643,TRUE,FALSE
"Fe",3089,TRUE,31.390156062425,273.260872959653,0.242862425630505,-1.39595370853462,TRUE,FALSE
"Fe",3090,TRUE,31.2629051620648,340.818223612592,0.271493949118329,-0.13167040626088,TRUE,TRUE
"Fe",3091,TRUE,31.3583433373349,332.783462764873,0.268479701391782,-0.999268015997671,TRUE,TRUE
"Fe",3092,TRUE,31.3583433373349,324.299178716795,0.264679298166234,-1.11176539941137,TRUE,TRUE
"Fe",3093,TRUE,31.3265306122449,296.897261003686,0.253039263932329,-0.794520064844119,TRUE,FALSE
"Fe",3094,TRUE,31.2947178871549,353.59556143031,0.276805264531657,-0.367348670539489,TRUE,TRUE
"Fe",3095,TRUE,31.3583433373349,330.009390498832,0.267409476379306,-0.977724938417394,TRUE,TRUE
"Fe",3096,TRUE,31.2947178871549,294.355399808406,0.252379134093041,-0.361158105567346,TRUE,FALSE
"Fe",3097,TRUE,31.1356542617047,345.715566257129,0.273293099250618,1.11268925589805,TRUE,TRUE
"Fe",3098,TRUE,31.3265306122449,304.021705568436,0.25652669353047,-0.674997339717204,TRUE,FALSE
"Fe",3099,TRUE,31.3265306122449,339.177615799046,0.271017140097844,-0.669980835434353,TRUE,TRUE
"Fe",3100,TRUE,31.2947178871549,325.971296075907,0.265768936967961,-0.39068333375577,TRUE,TRUE
"Fe",3101,TRUE,31.1674669867947,301.382785177617,0.255196203760626,0.866439904759549,TRUE,FALSE
"Fe",3102,TRUE,31.2629051620648,277.054025749789,0.244667624875833,-0.0376839998374658,TRUE,FALSE
"Fe",3103,TRUE,31.390156062425,325.197415260124,0.265635816177141,-1.25896064397677,TRUE,TRUE
"Fe",3104,TRUE,31.3583433373349,369.360384754382,0.28238589232869,-1.17591327008291,TRUE,TRUE
"Fe",3105,TRUE,31.390156062425,279.982236422692,0.246127007890955,-1.27858022661791,TRUE,FALSE
"Fe",3106,TRUE,31.3583433373349,302.543878821163,0.255742170201054,-1.06370408645239,TRUE,FALSE
"Fe",3107,TRUE,31.4855942376951,307.845718768908,0.257704240183122,-2.40081044657024,TRUE,FALSE
"Fe",3108,TRUE,31.3583433373349,281.710179240115,0.24665139487168,-1.0554426765152,TRUE,FALSE
"Fe",3109,TRUE,31.2947178871549,262.270491142771,0.237911311192338,-0.393581778803947,TRUE,FALSE
"Fe",3110,TRUE,31.1674669867947,268.30205800094,0.240794514959282,0.926214359758287,TRUE,FALSE
"Fe",3111,TRUE,31.390156062425,303.123253246139,0.255921284537977,-1.35659391755326,TRUE,FALSE
"Fe",3112,TRUE,31.3583433373349,312.770713383433,0.260096097839602,-1.02933513226046,TRUE,FALSE
"Fe",3113,TRUE,31.2310924369748,315.24129666662,0.26120868828392,0.249224136958749,TRUE,FALSE
"Fe",3114,TRUE,31.2310924369748,324.959525969978,0.265108041452102,0.233322546648924,TRUE,TRUE
"Fe",3115,TRUE,31.390156062425,301.292813054679,0.255378581293591,-1.30000730566412,TRUE,FALSE
"Fe",3116,TRUE,31.2947178871549,331.861050967302,0.267669705378245,-0.47609980932756,TRUE,TRUE
"Fe",3117,TRUE,31.1674669867947,288.914409180791,0.249522841709359,0.767968994311889,TRUE,FALSE
"Fe",3118,TRUE,31.2947178871549,319.139855548222,0.262434174185957,-0.464403004227275,TRUE,TRUE
"Fe",3119,TRUE,31.2310924369748,318.734405059336,0.262355239604597,0.164373676089038,TRUE,TRUE
"Fe",3120,TRUE,31.390156062425,323.000717626058,0.264569140617136,-1.27094058644494,TRUE,TRUE
"Fe",3121,TRUE,31.3583433373349,282.582516535498,0.247202309810343,-1.02050762008486,TRUE,FALSE
"Fe",3122,TRUE,31.390156062425,298.758292931918,0.25430874703279,-1.28953981795036,TRUE,FALSE
"Fe",3123,TRUE,31.1674669867947,302.616034864249,0.255153662924304,0.734783326496118,TRUE,FALSE
"Fe",3124,TRUE,31.390156062425,298.463152811736,0.253779743524865,-1.42543852047057,TRUE,FALSE
"Fe",3125,TRUE,31.2947178871549,382.663114863929,0.288136721356464,-0.406824115260489,TRUE,TRUE
"Fe",3126,TRUE,31.3583433373349,284.867570297846,0.24823293803301,-1.00377624663898,TRUE,FALSE
"Fe",3127,TRUE,31.2947178871549,359.824703583622,0.278892061575205,-0.447459753887302,TRUE,TRUE
"Fe",3128,TRUE,31.3583433373349,320.76839174171,0.263404212760554,-1.04527857967708,TRUE,TRUE
"Fe",3129,TRUE,31.3583433373349,328.233007539794,0.266600832085309,-1.0395660925132,TRUE,TRUE
"Fe",3130,TRUE,31.3265306122449,279.857153451829,0.245414950870428,-0.827235725269605,TRUE,FALSE
"Fe",3131,TRUE,31.2310924369748,331.036804372912,0.267716771481845,0.249478203823977,TRUE,TRUE
"Fe",3132,TRUE,31.3265306122449,328.025193559742,0.266329745387068,-0.760640988798076,TRUE,TRUE
"Fe",3133,TRUE,31.453781512605,327.602269307318,0.26643981915654,-1.92132300126883,TRUE,TRUE
"Fe",3134,TRUE,31.2947178871549,335.649606616182,0.269548860856715,-0.402728673976258,TRUE,TRUE
"Fe",3135,TRUE,31.2310924369748,274.251689171391,0.243306301990432,0.199382294738147,TRUE,FALSE
"Fe",3136,TRUE,31.3583433373349,372.976840923012,0.284575459444459,-0.983162566533867,TRUE,TRUE
"Fe",3137,TRUE,31.3265306122449,308.675917389802,0.258247269061327,-0.728690097596647,TRUE,FALSE
"Fe",3138,TRUE,31.2310924369748,320.412920481022,0.263253157858293,0.218705089757821,TRUE,TRUE
"Fe",3139,TRUE,31.3265306122449,372.23311119152,0.283960962879643,-0.742187258725689,TRUE,TRUE
"Fe",3140,TRUE,31.390156062425,319.440878867763,0.263140362883163,-1.30434758233473,TRUE,TRUE
"Fe",3141,TRUE,31.390156062425,368.050053021063,0.282533673481313,-1.33526211922989,TRUE,TRUE
"Fe",3142,TRUE,31.3265306122449,357.496561590198,0.278072617688972,-0.780793658466376,TRUE,TRUE
"Fe",3143,TRUE,31.2947178871549,295.823802121835,0.253235960647576,-0.351830465748805,TRUE,FALSE
"Fe",3144,TRUE,31.2310924369748,278.392334763029,0.245114456557977,0.20691008110412,TRUE,FALSE
"Fe",3145,TRUE,31.3265306122449,332.601313621551,0.268752337418796,-0.640896201661513,TRUE,TRUE
"Fe",3146,TRUE,31.2310924369748,320.92888563704,0.263434815211599,0.262160402231271,TRUE,TRUE
"Fe",3147,TRUE,31.421968787515,240.678496140562,0.22776820549037,-1.72711057212596,TRUE,FALSE
"Fe",3148,TRUE,31.2947178871549,287.491864342045,0.249476132517725,-0.356459569044857,TRUE,FALSE
"Fe",3149,TRUE,31.2629051620648,314.229884493199,0.2610136587726,-0.0324900549386459,TRUE,FALSE
"Fe",3150,TRUE,31.421968787515,313.980827670454,0.260618133135847,-1.68171761858386,TRUE,FALSE
"Fe",3151,TRUE,31.2629051620648,359.061681227279,0.278833540081706,-0.103275737130579,TRUE,TRUE
"Fe",3152,TRUE,31.3583433373349,346.104107519795,0.273735576200292,-1.04483663553139,TRUE,TRUE
"Fe",3153,TRUE,31.421968787515,328.42652800482,0.266928294110206,-1.58298040919432,TRUE,TRUE
"Fe",3154,TRUE,31.2947178871549,363.704136855791,0.280808832393846,-0.379512209715658,TRUE,TRUE
"Fe",3155,TRUE,31.421968787515,282.87948312102,0.247427510705856,-1.56769994824417,TRUE,FALSE
"Fe",3156,TRUE,31.1674669867947,297.530120217756,0.253602117425363,0.871454493401462,TRUE,FALSE
"Fe",3157,TRUE,31.390156062425,310.950687906666,0.25952755802486,-1.26317480399816,TRUE,FALSE
"Fe",3158,TRUE,31.3583433373349,286.685641236382,0.248854934897164,-1.07258822868671,TRUE,FALSE
"Fe",3159,TRUE,31.390156062425,294.694247335302,0.252289532292502,-1.37329621290624,TRUE,FALSE
"Fe",3160,TRUE,31.2947178871549,271.135915315071,0.241918000082961,-0.422020469017078,TRUE,FALSE
"Fe",3161,TRUE,31.2629051620648,295.451293660563,0.252750240911937,-0.0564812828645637,TRUE,FALSE
"Fe",3162,TRUE,31.3583433373349,318.783738542546,0.26278812953746,-1.0100904988735,TRUE,TRUE
"Fe",3163,TRUE,31.421968787515,289.063576337138,0.250078738999582,-1.62528236599246,TRUE,FALSE
"Fe",3164,TRUE,31.3265306122449,282.312320798059,0.246607090809482,-0.80727709810548,TRUE,FALSE
"Fe",3165,TRUE,31.2629051620648,261.69819031756,0.23764202173532,-0.0885550163786542,TRUE,FALSE
"Fe",3166,TRUE,31.2310924369748,318.816543660508,0.262410181979641,0.198634877455215,TRUE,TRUE
"Fe",3167,TRUE,31.421968787515,272.171969148123,0.242435778251112,-1.68113563161615,TRUE,FALSE
"Fe",3168,TRUE,31.2629051620648,276.962251796649,0.244432437557142,-0.125705591254184,TRUE,FALSE
"Fe",3169,TRUE,31.1992797118848,286.507736971232,0.248397932646844,0.435454705532343,TRUE,FALSE
"Fe",3170,TRUE,31.1674669867947,331.323005833714,0.267754775286018,0.882189723688911,TRUE,TRUE
"Fe",3171,TRUE,31.1992797118848,310.779514283988,0.258954860213445,0.480674710112102,TRUE,FALSE
"Fe",3172,TRUE,31.421968787515,327.155013763797,0.266009471932679,-1.67077300265014,TRUE,TRUE
"Fe",3173,TRUE,31.2629051620648,312.76894305542,0.259787809724341,-0.151799598806003,TRUE,FALSE
"Fe",3174,TRUE,31.2629051620648,363.836843100895,0.28075647839713,-0.112052212799396,TRUE,TRUE
"Fe",3175,TRUE,31.2629051620648,307.30489503275,0.257620480493007,-0.10667095096048,TRUE,FALSE
"Fe",3176,TRUE,31.421968787515,322.392646795101,0.264263518150092,-1.67113450515517,TRUE,TRUE
"Fe",3177,TRUE,31.3265306122449,335.231185536288,0.269354342610683,-0.751251375120122,TRUE,TRUE
"Fe",3178,TRUE,31.3265306122449,298.05968190161,0.253892933457249,-0.683379500332212,TRUE,FALSE
"Fe",3179,TRUE,31.390156062425,270.107366441329,0.241783519504152,-1.30083209958994,TRUE,FALSE
"Fe",3180,TRUE,31.3583433373349,360.729251199679,0.279606500996255,-1.04092461905021,TRUE,TRUE
"Fe",3181,TRUE,31.2947178871549,274.971380791349,0.243571657366768,-0.43814801636825,TRUE,FALSE
"Fe",3182,TRUE,31.2947178871549,358.61638684991,0.278941034798472,-0.379961857244319,TRUE,TRUE
"Fe",3183,TRUE,31.390156062425,271.068921808716,0.241754150468738,-1.41634756808283,TRUE,FALSE
"Fe",3184,TRUE,31.390156062425,345.474562085318,0.273496372438531,-1.34879702018911,TRUE,TRUE
"Fe",3185,TRUE,31.3583433373349,319.791530133224,0.262813742866986,-1.09149066183353,TRUE,TRUE
"Fe",3186,TRUE,31.2629051620648,265.908944820722,0.239545811539023,-0.121288981824943,TRUE,FALSE
"Fe",3187,TRUE,31.2947178871549,317.849908951956,0.262270335009936,-0.386491050986077,TRUE,TRUE
"Fe",3188,TRUE,31.2310924369748,329.795618505687,0.267450059339937,0.308517743020412,TRUE,TRUE
"Fe",3189,TRUE,31.421968787515,300.29790255648,0.254733890202509,-1.67948968288822,TRUE,FALSE
"Fe",3190,TRUE,31.2629051620648,284.615012908555,0.24726361960427,-0.244242209194784,TRUE,FALSE
"Fe",3191,TRUE,31.453781512605,299.621401720083,0.254206042554687,-2.02021510393808,TRUE,FALSE
"Fe",3192,TRUE,31.3265306122449,310.801111628927,0.259329847881071,-0.705209012030372,TRUE,FALSE
"Fe",3193,TRUE,31.2310924369748,290.000427403463,0.250393150628169,0.274295681331995,TRUE,FALSE
"Fe",3194,TRUE,31.390156062425,312.876620031893,0.260223780542897,-1.32177667194548,TRUE,FALSE
"Fe",3195,TRUE,31.2629051620648,274.154946614488,0.243363681841842,-0.0743494649232939,TRUE,FALSE
"Fe",3196,TRUE,31.3265306122449,310.34626153713,0.259333496410543,-0.626628939140863,TRUE,FALSE
"Fe",3197,TRUE,31.390156062425,273.16599900212,0.24306260509123,-1.29879203379036,TRUE,FALSE
"Fe",3198,TRUE,31.3583433373349,314.370613825668,0.260898652275336,-0.964920348447681,TRUE,FALSE
"Fe",3199,TRUE,31.3583433373349,352.252499598161,0.276319939229803,-0.99237684274798,TRUE,TRUE
"Fe",3200,TRUE,31.2947178871549,297.743042289091,0.25349151874378,-0.439019612015592,TRUE,FALSE
"Fe",3201,TRUE,31.2947178871549,341.169068800797,0.271882467481228,-0.376362137049552,TRUE,TRUE
"Fe",3202,TRUE,31.2947178871549,275.595318112256,0.243828589064497,-0.453368655762557,TRUE,FALSE
"Fe",3203,TRUE,31.421968787515,360.247353874571,0.279138679392164,-1.7046730582584,TRUE,TRUE
"Fe",3204,TRUE,31.3583433373349,420.829238543016,0.302351738735463,-1.01289803163662,TRUE,TRUE
"Fe",3205,TRUE,31.3265306122449,356.082056630346,0.277472297249181,-0.793006696650512,TRUE,TRUE
"Fe",3206,TRUE,31.3265306122449,282.21008992516,0.246761782904971,-0.780746119812354,TRUE,FALSE
"Fe",3207,TRUE,31.4855942376951,338.879924266551,0.270935962054028,-2.26356585680166,TRUE,TRUE
"Fe",3208,TRUE,31.2629051620648,346.952089432647,0.27430987889404,-0.0104107611478588,TRUE,TRUE
"Fe",3209,TRUE,31.390156062425,307.000614386936,0.25762660166839,-1.36145166666419,TRUE,FALSE
"Fe",3210,TRUE,31.2629051620648,291.437470372888,0.250711773160537,-0.152313887912083,TRUE,FALSE
"Fe",3211,TRUE,31.3265306122449,334.214119961536,0.268970373757522,-0.722643221747221,TRUE,TRUE
"Fe",3212,TRUE,31.3583433373349,268.975516203078,0.240987702011553,-1.02328232600331,TRUE,FALSE
"Fe",3213,TRUE,31.390156062425,264.64199599845,0.239029916007562,-1.32914754702309,TRUE,FALSE
"Fe",3214,TRUE,31.421968787515,307.269530924732,0.257622897758163,-1.72420357963643,TRUE,FALSE
"Fe",3215,TRUE,31.3583433373349,286.657328076556,0.248867312607641,-1.04042452357577,TRUE,FALSE
"Fe",3216,TRUE,31.4855942376951,289.055855655389,0.250089039898509,-2.23293104991179,TRUE,FALSE
"Fe",3217,TRUE,31.390156062425,362.910625919119,0.280350353861421,-1.37364428425304,TRUE,TRUE
"Fe",3218,TRUE,31.3583433373349,353.350661604171,0.276830018267734,-0.990373334138448,TRUE,TRUE
"Fe",3219,TRUE,31.2310924369748,330.864695326687,0.267313678862558,0.178793011715408,TRUE,TRUE
"Fe",3220,TRUE,31.2629051620648,305.290173711041,0.256884255518419,-0.0650112361925713,TRUE,FALSE
"Fe",3221,TRUE,31.3583433373349,309.797134232723,0.258593254587101,-1.08909966705783,TRUE,FALSE
"Fe",3222,TRUE,31.2947178871549,330.20347688567,0.266916055852367,-0.499548701501779,TRUE,TRUE
"Fe",3223,TRUE,31.2629051620648,304.594666677658,0.256786537137561,-0.0485534006951444,TRUE,FALSE
"Fe",3224,TRUE,31.390156062425,320.546272327645,0.263361274691632,-1.34711310414867,TRUE,TRUE
"Fe",3225,TRUE,31.2947178871549,314.264585997287,0.260701121434403,-0.434317185964939,TRUE,FALSE
"Fe",3226,TRUE,31.1992797118848,281.775868830536,0.246503659812266,0.483073277412108,TRUE,FALSE
"Fe",3227,TRUE,31.3265306122449,286.963177015174,0.248944149062085,-0.729352046112641,TRUE,FALSE
"Fe",3228,TRUE,31.2947178871549,363.366370214614,0.28038112561228,-0.466859535906203,TRUE,TRUE
"Fe",3229,TRUE,31.2947178871549,307.256891746459,0.257709595478295,-0.394563589216404,TRUE,FALSE
"Fe",3230,TRUE,31.390156062425,284.564343136263,0.248011086984088,-1.32731841504548,TRUE,FALSE
"Fe",3231,TRUE,31.3265306122449,332.20831501908,0.267827236953235,-0.775240307427672,TRUE,TRUE
"Fe",3232,TRUE,31.3583433373349,326.406705742798,0.265842435693607,-1.01380564607431,TRUE,TRUE
"Fe",3233,TRUE,31.2947178871549,297.01238348178,0.253404591481934,-0.381045080168642,TRUE,FALSE
"Fe",3234,TRUE,31.3265306122449,299.342612853773,0.254233917582058,-0.771444576137627,TRUE,FALSE
"Fe",3235,TRUE,31.2629051620648,276.227952096093,0.244510293352926,0.0193690645149761,TRUE,FALSE
"Fe",3236,TRUE,31.3265306122449,413.287566646482,0.299849132892823,-0.653063139281611,TRUE,TRUE
"Fe",3237,TRUE,31.1992797118848,312.771204497857,0.259805516973115,0.504844058702301,TRUE,FALSE
"Fe",3238,TRUE,31.2629051620648,297.606322875057,0.25379039841106,-0.0289398613176213,TRUE,FALSE
"Fe",3239,TRUE,31.3265306122449,318.553532508234,0.262435039013808,-0.730447619185924,TRUE,TRUE
"Fe",3240,TRUE,31.2947178871549,258.716170947783,0.236412792700805,-0.36167553770978,TRUE,FALSE
"Fe",3241,TRUE,31.2310924369748,300.018210904344,0.254121437850514,0.108506090058676,TRUE,FALSE
"Fe",3242,TRUE,31.390156062425,312.204084287811,0.259751444091628,-1.41676423088713,TRUE,FALSE
"Fe",3243,TRUE,31.2310924369748,318.843927976159,0.262120681782201,0.124071799624775,TRUE,TRUE
"Fe",3244,TRUE,31.2947178871549,293.965292137307,0.252031870277265,-0.400617305447264,TRUE,FALSE
"Fe",3245,TRUE,31.5492196878751,302.612578885264,0.255771289877049,-2.96254459079829,TRUE,FALSE
"Fe",3246,TRUE,31.3265306122449,304.892276674767,0.256819090806941,-0.72299850507775,TRUE,FALSE
"Fe",3247,TRUE,31.3265306122449,339.44979428616,0.271123161962282,-0.734593521085523,TRUE,TRUE
"Fe",3248,TRUE,31.1674669867947,303.955174742322,0.255927579150576,0.765040867693062,TRUE,FALSE
"Fe",3249,TRUE,31.3265306122449,271.876110107012,0.24226742352602,-0.718376808671016,TRUE,FALSE
"Fe",3250,TRUE,31.3265306122449,327.75174444176,0.266252329109729,-0.732944980499868,TRUE,TRUE
"Fe",3251,TRUE,31.2947178871549,331.892827972296,0.267801727858354,-0.457311010232813,TRUE,TRUE
"Fe",3252,TRUE,31.1674669867947,356.812320409908,0.277655301054448,0.801190258449854,TRUE,TRUE
"Fe",3253,TRUE,31.3583433373349,332.324951448616,0.268266273631821,-1.00132861981655,TRUE,TRUE
"Fe",3254,TRUE,31.4855942376951,262.19454102446,0.238175944794747,-2.15245978330606,TRUE,FALSE
"Fe",3255,TRUE,31.3265306122449,319.192515569555,0.262863518328943,-0.704199307340303,TRUE,TRUE
"Fe",3256,TRUE,31.421968787515,349.47706829849,0.27523325959063,-1.65401269440023,TRUE,TRUE
"Fe",3257,TRUE,31.421968787515,296.298552296276,0.252969071691938,-1.70207185004007,TRUE,FALSE
"Fe",3258,TRUE,31.3265306122449,351.52073549686,0.275590019466396,-0.820666610897531,TRUE,TRUE
"Fe",3259,TRUE,31.3265306122449,308.834457386186,0.258260387723397,-0.73183527042429,TRUE,FALSE
"Fe",3260,TRUE,31.2947178871549,259.505260496413,0.236736791880006,-0.405263251585047,TRUE,FALSE
"Fe",3261,TRUE,31.2629051620648,372.608736906153,0.284280985850571,-0.0634369315943354,TRUE,TRUE
"Fe",3262,TRUE,31.3583433373349,352.614428143722,0.276363104215713,-1.06288519007475,TRUE,TRUE
"Fe",3263,TRUE,31.2947178871549,378.252545611716,0.286390531296452,-0.398578233628992,TRUE,TRUE
"Fe",3264,TRUE,31.2629051620648,336.989613891021,0.270375791980269,-0.0143649610368179,TRUE,TRUE
"Fe",3265,TRUE,31.2629051620648,319.691736875326,0.26267772080835,-0.121393526781693,TRUE,TRUE
"Fe",3266,TRUE,31.2947178871549,334.7357076338,0.269028905801564,-0.450933587279713,TRUE,TRUE
"Fe",3267,TRUE,31.3265306122449,273.948292390323,0.243153901626715,-0.708824804738134,TRUE,FALSE
"Fe",3268,TRUE,31.3265306122449,303.261947350212,0.255862207102064,-0.76973087649744,TRUE,FALSE
"Fe",3269,TRUE,31.453781512605,321.307104062748,0.263512262869232,-2.00650145086063,TRUE,TRUE
"Fe",3270,TRUE,31.2310924369748,339.386163967817,0.271199759057202,0.297156844046798,TRUE,TRUE
"Fe",3271,TRUE,31.390156062425,293.88948520949,0.252084777345986,-1.31494277218521,TRUE,FALSE
"Fe",3272,TRUE,31.2947178871549,424.44935623775,0.30345329574888,-0.42316434853367,TRUE,TRUE
"Fe",3273,TRUE,31.2947178871549,288.634851534849,0.249747891233565,-0.39983141748915,TRUE,FALSE
"Fe",3274,TRUE,31.2947178871549,371.822437267305,0.283702202947646,-0.430828408604065,TRUE,TRUE
"Fe",3275,TRUE,31.421968787515,297.041159517561,0.253365737767897,-1.66501460173086,TRUE,FALSE
"Fe",3276,TRUE,31.3583433373349,287.219938159097,0.249241121428795,-1.03596270509338,TRUE,FALSE
"Fe",3277,TRUE,31.3265306122449,324.066802352605,0.264729415934575,-0.697693292188842,TRUE,TRUE
"Fe",3278,TRUE,31.3265306122449,309.615510423505,0.25875390700068,-0.703607751871433,TRUE,FALSE
"Fe",3279,TRUE,31.1356542617047,315.574048425269,0.260472109334521,1.03589084828129,TRUE,FALSE
"Fe",3280,TRUE,31.2629051620648,351.309322691517,0.275460734108867,-0.156801685607261,TRUE,TRUE
"Fe",3281,TRUE,31.3265306122449,363.898256860256,0.280735442271857,-0.717963348629068,TRUE,TRUE
"Fe",3282,TRUE,31.3583433373349,399.051129155556,0.294283912098686,-1.03225362348079,TRUE,TRUE
"Fe",3283,TRUE,31.421968787515,294.867077145563,0.252497743251731,-1.66017445357275,TRUE,FALSE
"Fe",3284,TRUE,31.2947178871549,353.674204629338,0.276588468194492,-0.447356025620887,TRUE,TRUE
"Fe",3285,TRUE,31.2947178871549,321.297406572498,0.263670910588587,-0.411153045291329,TRUE,TRUE
"Fe",3286,TRUE,31.390156062425,339.911230935882,0.271465649201866,-1.32912205300392,TRUE,TRUE
"Fe",3287,TRUE,31.2310924369748,272.73660012209,0.242409770167699,0.168057240286331,TRUE,FALSE
"Fe",3288,TRUE,31.2629051620648,298.200149384441,0.253585183383338,-0.154165109601908,TRUE,FALSE
"Fe",3289,TRUE,31.390156062425,308.786938393122,0.258516835749122,-1.31475780867984,TRUE,FALSE
"Fe",3290,TRUE,31.3583433373349,288.239320021987,0.249462461217727,-1.04670363710677,TRUE,FALSE
"Fe",3291,TRUE,31.4855942376951,347.506403804842,0.27442104229233,-2.30199846778683,TRUE,TRUE
"Fe",3292,TRUE,31.3265306122449,386.337488842593,0.289473964225081,-0.713678775060304,TRUE,TRUE
"Fe",3293,TRUE,31.2947178871549,337.190415012764,0.270439762302405,-0.358774138800773,TRUE,TRUE
"Fe",3294,TRUE,31.2310924369748,355.302496020736,0.277348171621393,0.231062375045428,TRUE,TRUE
"Fe",3295,TRUE,31.390156062425,300.553386705321,0.255097529970187,-1.27598504237662,TRUE,FALSE
"Fe",3296,TRUE,31.2629051620648,293.116771783081,0.251781926920888,-0.0868164280216808,TRUE,FALSE
"Fe",3297,TRUE,31.3583433373349,299.292284147279,0.254323363850194,-1.0233829278143,TRUE,FALSE
"Fe",3298,TRUE,31.3265306122449,288.457115516962,0.24956169179914,-0.710152958711215,TRUE,FALSE
"Fe",3299,TRUE,31.3583433373349,332.209461270944,0.268122792443731,-1.0089698753462,TRUE,TRUE
"Fe",3300,TRUE,31.390156062425,315.974380280007,0.261207950775738,-1.40805418560286,TRUE,TRUE
"Fe",3301,TRUE,31.1992797118848,338.977102605922,0.27053455385885,0.479369155725406,TRUE,TRUE
"Fe",3302,TRUE,31.4855942376951,383.284907578344,0.288102984614556,-2.35645996192286,TRUE,TRUE
"Fe",3303,TRUE,31.1992797118848,301.917966143994,0.255194707445861,0.485863037958185,TRUE,FALSE
"Fe",3304,TRUE,31.421968787515,296.675487496016,0.253310942765279,-1.64813421586595,TRUE,FALSE
"Fe",3305,TRUE,31.2310924369748,292.934993186295,0.251283338813263,0.161714925469215,TRUE,FALSE
"Fe",3306,TRUE,31.2629051620648,240.219821407355,0.227687066394154,-0.105862632676942,TRUE,FALSE
"Fe",3307,TRUE,31.3583433373349,315.320302444795,0.261215354702062,-1.04662094403846,TRUE,FALSE
"Fe",3308,TRUE,31.3265306122449,260.04560207076,0.236469867174348,-0.846875339747753,TRUE,FALSE
"Fe",3309,TRUE,31.2947178871549,335.784789107582,0.269656470648459,-0.400613343532381,TRUE,TRUE
"Fe",3310,TRUE,31.390156062425,298.153589786401,0.253911684325668,-1.34404340102987,TRUE,FALSE
"Fe",3311,TRUE,31.2947178871549,264.486253118461,0.238856445371134,-0.425362788246334,TRUE,FALSE
"Fe",3312,TRUE,31.390156062425,294.641726740931,0.252233952909553,-1.41177154084878,TRUE,FALSE
"Fe",3313,TRUE,31.390156062425,251.760234124225,0.233068844972981,-1.35476997559746,TRUE,FALSE
"Fe",3314,TRUE,31.2629051620648,301.076274951468,0.255400018708034,-0.0447382188879811,TRUE,FALSE
"Fe",3315,TRUE,31.2947178871549,369.836695654259,0.282756160112932,-0.488789514502993,TRUE,TRUE
"Fe",3316,TRUE,31.390156062425,366.574336800214,0.28205906672045,-1.30743176368233,TRUE,TRUE
"Fe",3317,TRUE,31.390156062425,325.773749444011,0.265740630043738,-1.29048370037125,TRUE,TRUE
"Fe",3318,TRUE,31.4855942376951,347.207867522785,0.274159272501701,-2.28962965355981,TRUE,TRUE
"Fe",3319,TRUE,31.2629051620648,335.789036842919,0.269581226161236,-0.0849272261086973,TRUE,TRUE
"Fe",3320,TRUE,31.3265306122449,362.937936231493,0.280521130140337,-0.713664018087323,TRUE,TRUE
"Fe",3321,TRUE,31.2629051620648,294.634629736395,0.252216568783742,-0.104543755386898,TRUE,FALSE
"Fe",3322,TRUE,31.3265306122449,278.000167502066,0.244920121853361,-0.779761619188275,TRUE,FALSE
"Fe",3323,TRUE,31.3265306122449,354.196828009881,0.277177952383719,-0.671778852825645,TRUE,TRUE
"Fe",3324,TRUE,31.3583433373349,346.242631855828,0.274058931165702,-0.99345530151176,TRUE,TRUE
"Fe",3325,TRUE,31.390156062425,339.722880017634,0.271195037679082,-1.32723946914331,TRUE,TRUE
"Fe",3326,TRUE,31.3583433373349,303.962878355586,0.256132642487358,-1.10528262923922,TRUE,FALSE
"Fe",3327,TRUE,31.453781512605,300.123683668568,0.254856137974533,-1.94777556015436,TRUE,FALSE
"Fe",3328,TRUE,31.3583433373349,299.100578693149,0.254142884734682,-1.0718558300871,TRUE,FALSE
"Fe",3329,TRUE,31.3583433373349,262.630187048835,0.238219156414493,-1.00257294747,TRUE,FALSE
"Fe",3330,TRUE,31.3583433373349,321.025336202513,0.263453580151568,-1.02340164112897,TRUE,TRUE
"Fe",3331,TRUE,31.390156062425,373.52171503193,0.284247654194306,-1.42190832572029,TRUE,TRUE
"Fe",3332,TRUE,31.2947178871549,295.03369163139,0.252348471491543,-0.45057612905469,TRUE,FALSE
"Fe",3333,TRUE,31.2310924369748,296.192203535978,0.252755630355524,0.178247169243106,TRUE,FALSE
"Fe",3334,TRUE,31.390156062425,314.59502214167,0.260850979747026,-1.34755541808011,TRUE,FALSE
"Fe",3335,TRUE,31.2629051620648,338.312114297908,0.271022123346011,-0.00864940686815591,TRUE,TRUE
"Fe",3336,TRUE,31.2947178871549,319.233977034823,0.262493485987442,-0.469504783436177,TRUE,TRUE
"Fe",3337,TRUE,31.2629051620648,343.691900500526,0.273026771492644,-0.0310049062267564,TRUE,TRUE
"Fe",3338,TRUE,31.3583433373349,298.892801390089,0.254117891513796,-1.07547966761736,TRUE,FALSE
"Fe",3339,TRUE,31.2629051620648,307.538950358817,0.257749287540549,-0.100522111465113,TRUE,FALSE
"Fe",3340,TRUE,31.2947178871549,283.308956099134,0.247118993302165,-0.485421974184123,TRUE,FALSE
"Fe",3341,TRUE,31.2947178871549,379.075983665463,0.286682467673423,-0.41993299515088,TRUE,TRUE
"Fe",3342,TRUE,31.2629051620648,325.844002336785,0.265156938114752,-0.170017950337463,TRUE,TRUE
"Fe",3343,TRUE,31.453781512605,317.134261762655,0.262077454409257,-1.98318966040572,TRUE,TRUE
"Fe",3344,TRUE,31.3583433373349,295.030228814338,0.252560317246014,-0.985837477488049,TRUE,FALSE
"Fe",3345,TRUE,31.453781512605,322.936768806249,0.264037400605434,-2.05539626693046,TRUE,TRUE
"Fe",3346,TRUE,31.390156062425,329.664683996001,0.267013181238464,-1.37085081403438,TRUE,TRUE
"Fe",3347,TRUE,31.3583433373349,286.337089000252,0.248846147236679,-0.95987525623496,TRUE,FALSE
"Fe",3348,TRUE,31.3265306122449,411.866676311547,0.298771911239942,-0.773637416851523,TRUE,TRUE
"Fe",3349,TRUE,31.1992797118848,295.796997434247,0.25301367128227,0.652592776647391,TRUE,FALSE
"Fe",3350,TRUE,31.3265306122449,339.488853931299,0.271118773182824,-0.725306144287345,TRUE,TRUE
"Fe",3351,TRUE,31.2947178871549,330.111595118069,0.267235558362789,-0.40519187795592,TRUE,TRUE
"Fe",3352,TRUE,31.3265306122449,332.790425806999,0.268101583909761,-0.794770788250811,TRUE,TRUE
"Fe",3353,TRUE,31.390156062425,322.031278763901,0.264065356161199,-1.32236120837109,TRUE,TRUE
"Fe",3354,TRUE,31.421968787515,329.177143844659,0.266788688910392,-1.66565299531629,TRUE,TRUE
"Fe",3355,TRUE,31.3265306122449,279.41102294803,0.245550145022206,-0.765708643511537,TRUE,FALSE
"Fe",3356,TRUE,31.4855942376951,294.67937648683,0.252660011808412,-2.1856969917996,TRUE,FALSE
"Fe",3357,TRUE,31.1992797118848,315.680571929521,0.260873359267005,0.453376068296262,TRUE,FALSE
"Fe",3358,TRUE,31.3583433373349,334.770481579041,0.26917043751451,-1.02933223683072,TRUE,TRUE
"Fe",3359,TRUE,31.2947178871549,317.247330929012,0.261693404906016,-0.458634453036868,TRUE,TRUE
"Fe",3360,TRUE,31.453781512605,265.313067470662,0.239239463502563,-2.03770563046626,TRUE,FALSE
"Fe",3361,TRUE,31.2629051620648,344.769084496809,0.273177043063656,-0.0965671426943554,TRUE,TRUE
"Fe",3362,TRUE,31.2629051620648,291.72042409005,0.251013700962473,-0.104901066704015,TRUE,FALSE
"Fe",3363,TRUE,31.2629051620648,254.028293529756,0.234186444281041,-0.0918129369474885,TRUE,FALSE
"Fe",3364,TRUE,31.390156062425,291.173919386905,0.250824051880019,-1.35941212922819,TRUE,FALSE
"Fe",3365,TRUE,31.2310924369748,269.340729395617,0.241082116287015,0.207156976099842,TRUE,FALSE
"Fe",3366,TRUE,31.3583433373349,315.905006848043,0.261242186154374,-1.09861678805452,TRUE,TRUE
"Fe",3367,TRUE,31.2310924369748,327.896525404674,0.265989829056112,0.137981597879249,TRUE,TRUE
"Fe",3368,TRUE,31.3265306122449,343.287352277386,0.272572826427922,-0.753539426520058,TRUE,TRUE
"Fe",3369,TRUE,31.421968787515,368.475354667777,0.282763651000238,-1.64873674952903,TRUE,TRUE
"Fe",3370,TRUE,31.2629051620648,347.864795398665,0.274496196153774,-0.0708055149620166,TRUE,TRUE
"Fe",3371,TRUE,31.3583433373349,336.930598125134,0.270321981282339,-0.991753823445607,TRUE,TRUE
"Fe",3372,TRUE,31.3265306122449,317.806746358669,0.262135774530157,-0.718898601750514,TRUE,TRUE
"Fe",3373,TRUE,31.1674669867947,308.442391576447,0.25795657604179,0.814368249807267,TRUE,FALSE
"Fe",3374,TRUE,31.2310924369748,328.682669049533,0.267048392208104,0.333657409517336,TRUE,TRUE
"Fe",3375,TRUE,31.3583433373349,287.037946329333,0.249240363388142,-0.974113402929119,TRUE,FALSE
"Fe",3376,TRUE,31.2629051620648,322.642836894368,0.264395355542356,-0.0350608921330135,TRUE,TRUE
"Fe",3377,TRUE,31.3265306122449,286.729812363498,0.248961846492449,-0.706262455887983,TRUE,FALSE
"Fe",3378,TRUE,31.390156062425,294.100926628708,0.252159914564862,-1.33208425914145,TRUE,FALSE
"Fe",3379,TRUE,31.2310924369748,351.643086878812,0.276150394236982,0.282428956009884,TRUE,TRUE
"Fe",3380,TRUE,31.3265306122449,305.701779341355,0.25701056049503,-0.752150049456808,TRUE,FALSE
"Fe",3381,TRUE,31.3265306122449,328.004962121601,0.266407271802168,-0.744311596492491,TRUE,TRUE
"Fe",3382,TRUE,31.2947178871549,338.783767760423,0.270673026900593,-0.436848412453423,TRUE,TRUE
"Fe",3383,TRUE,31.3583433373349,292.525060761451,0.251585202078006,-0.96737499499052,TRUE,FALSE
"Fe",3384,TRUE,31.3583433373349,325.967858245978,0.265755860061412,-0.986621362397137,TRUE,TRUE
"Fe",3385,TRUE,31.1992797118848,328.671354046684,0.266497231890424,0.510117797667424,TRUE,TRUE
"Fe",3386,TRUE,31.453781512605,314.412987425242,0.260828479020777,-1.93829970457734,TRUE,FALSE
"Fe",3387,TRUE,31.421968787515,280.777978579087,0.24634331222771,-1.64890101394336,TRUE,FALSE
"Fe",3388,TRUE,31.2947178871549,271.782008458496,0.242325857738087,-0.437888495767848,TRUE,FALSE
"Fe",3389,TRUE,31.3265306122449,256.978230352983,0.235059121357817,-0.816720735582904,TRUE,FALSE
"Fe",3390,TRUE,31.3265306122449,414.121887599249,0.299479921541947,-0.796108149061111,TRUE,TRUE
"Fe",3391,TRUE,31.390156062425,320.370049450475,0.263244317839874,-1.38089932820678,TRUE,TRUE
"Fe",3392,TRUE,31.1356542617047,297.891831189555,0.253793114522946,1.19950534713703,TRUE,FALSE
"Fe",3393,TRUE,31.2629051620648,231.041646549182,0.22302629391357,-0.135324960966754,TRUE,FALSE
"Fe",3394,TRUE,31.3583433373349,329.396863411418,0.266589811822306,-1.1496133077135,TRUE,TRUE
"Fe",3395,TRUE,31.2947178871549,277.33671959935,0.244922809848982,-0.346562107108379,TRUE,FALSE
"Fe",3396,TRUE,31.2310924369748,271.510817852183,0.242148956029499,0.238596425638266,TRUE,FALSE
"Fe",3397,TRUE,31.2947178871549,307.617330809872,0.257781190610722,-0.451385409037777,TRUE,FALSE
"Fe",3398,TRUE,31.3265306122449,326.377458761059,0.265749692923053,-0.755738634592777,TRUE,TRUE
"Fe",3399,TRUE,31.1674669867947,303.606248667119,0.255867044586767,0.803746368316253,TRUE,FALSE
"Fe",3400,TRUE,31.3265306122449,305.331651202195,0.257287396351843,-0.612897220214542,TRUE,FALSE
"Fe",3401,TRUE,31.2310924369748,307.167045944754,0.257525929937092,0.205690189215768,TRUE,FALSE
"Fe",3402,TRUE,31.390156062425,334.404473308322,0.269171822648421,-1.31155699148499,TRUE,TRUE
"Fe",3403,TRUE,31.2947178871549,303.079024736931,0.256057828567341,-0.398587890834399,TRUE,FALSE
"Fe",3404,TRUE,31.390156062425,254.431282360718,0.234344520109359,-1.34509799784759,TRUE,FALSE
"Fe",3405,TRUE,31.2629051620648,319.249110700524,0.262657764647205,-0.132461818910852,TRUE,TRUE
"Fe",3406,TRUE,31.2310924369748,295.393839582201,0.252221379643872,0.116226198212933,TRUE,FALSE
"Fe",3407,TRUE,31.3265306122449,318.010587272842,0.262123742298068,-0.767024153517256,TRUE,TRUE
"Fe",3408,TRUE,31.390156062425,339.210153824704,0.270921990717806,-1.39408330907886,TRUE,TRUE
"Fe",3409,TRUE,31.5810324129652,355.176095433661,0.277458031308404,3.08581717414901,TRUE,TRUE
"Fe",3410,TRUE,31.3583433373349,392.241300902093,0.291451852619412,-1.08736520973295,TRUE,TRUE
"Fe",3411,TRUE,31.390156062425,377.921393359231,0.286516982824121,-1.29418314434193,TRUE,TRUE
"Fe",3412,TRUE,31.3583433373349,352.047665845627,0.276496140519039,-0.96857092675653,TRUE,TRUE
"Fe",3413,TRUE,31.2310924369748,329.687386503589,0.267388703439793,0.297246078064233,TRUE,TRUE
"Fe",3414,TRUE,31.2947178871549,309.092206108137,0.258664436630941,-0.343236038961441,TRUE,FALSE
"Fe",3415,TRUE,31.2629051620648,339.210227198156,0.270984569377686,-0.0892317936332881,TRUE,TRUE
"Fe",3416,TRUE,31.2629051620648,287.854229590446,0.249173651121827,-0.132898109788439,TRUE,FALSE
"Fe",3417,TRUE,31.390156062425,308.899629860397,0.258471791576662,-1.34288308154148,TRUE,FALSE
"Fe",3418,TRUE,31.3583433373349,372.677623157836,0.284503008017243,-0.936607767428985,TRUE,TRUE
"Fe",3419,TRUE,31.1674669867947,339.196161034366,0.270537868308998,0.790240834879152,TRUE,TRUE
"Fe",3420,TRUE,31.2310924369748,273.045293862176,0.242919354055418,0.235935671516146,TRUE,FALSE
"Fe",3421,TRUE,31.421968787515,361.720087547277,0.280258242319017,-1.61338645151154,TRUE,TRUE
"Fe",3422,TRUE,31.2629051620648,329.64846395337,0.267309495403475,-0.0468637306030914,TRUE,TRUE
"Fe",3423,TRUE,31.3583433373349,299.31815679001,0.254339155836711,-1.0402862076251,TRUE,FALSE
"Fe",3424,TRUE,31.2629051620648,411.103814286848,0.298612347674072,-0.132733923194143,TRUE,TRUE
"Fe",3425,TRUE,31.421968787515,258.602953123377,0.236274506022712,-1.6653369205026,TRUE,FALSE
"Fe",3426,TRUE,31.1674669867947,403.41076744548,0.295848448564469,0.886118029942934,TRUE,TRUE
"Fe",3427,TRUE,31.3265306122449,311.371154136624,0.259519309196149,-0.70054031127932,TRUE,FALSE
"Fe",3428,TRUE,31.390156062425,294.047488775864,0.252057825677615,-1.35437633503728,TRUE,FALSE
"Fe",3429,TRUE,31.421968787515,311.913229242184,0.259789494752107,-1.65967534134841,TRUE,FALSE
"Fe",3430,TRUE,31.5174069627851,323.115533153599,0.264313969830641,-2.65361604213312,TRUE,TRUE
"Fe",3431,TRUE,31.2947178871549,369.837686025994,0.28280821110031,-0.477666610692053,TRUE,TRUE
"Fe",3432,TRUE,31.453781512605,328.503546366585,0.266999702209349,-1.92100769923076,TRUE,TRUE
"Fe",3433,TRUE,31.2947178871549,299.113943055692,0.253818700551353,-0.517194852349268,TRUE,FALSE
"Fe",3434,TRUE,31.2310924369748,293.800384650103,0.252120341415778,0.24018504905243,TRUE,FALSE
"Fe",3435,TRUE,31.2947178871549,354.552730854618,0.276902295700503,-0.434112425510953,TRUE,TRUE
"Fe",3436,TRUE,31.421968787515,277.232883718365,0.244200385820002,-1.81167851875339,TRUE,FALSE
"Fe",3437,TRUE,31.3265306122449,343.649234810967,0.272290650068028,-0.830189957007126,TRUE,TRUE
"Fe",3438,TRUE,31.2629051620648,284.878854077427,0.248389437053014,0.00162494553254539,TRUE,FALSE
"Fe",3439,TRUE,31.390156062425,308.624506648898,0.258215480704079,-1.40580593419491,TRUE,FALSE
"Fe",3440,TRUE,31.3265306122449,316.976674961864,0.261706584057331,-0.748765011080069,TRUE,TRUE
"Fe",3441,TRUE,31.1674669867947,354.296366913749,0.277250137826033,0.929747747897554,TRUE,TRUE
"Fe",3442,TRUE,31.1992797118848,328.496590611076,0.266356207052157,0.502797017141849,TRUE,TRUE
"Fe",3443,TRUE,31.2947178871549,284.304565697178,0.247778214815262,-0.445741601913883,TRUE,FALSE
"Fe",3444,TRUE,31.2629051620648,286.933521197792,0.249070410514108,-0.0683283801545859,TRUE,FALSE
"Fe",3445,TRUE,31.1992797118848,326.142153265698,0.265288551672841,0.484493819073555,TRUE,TRUE
"Fe",3446,TRUE,31.3583433373349,351.007500478136,0.275729993395656,-1.05003697609266,TRUE,TRUE
"Fe",3447,TRUE,31.421968787515,314.505895110423,0.260798169328491,-1.67261888704287,TRUE,FALSE
"Fe",3448,TRUE,31.390156062425,330.56449361259,0.26728255163213,-1.40297224799876,TRUE,TRUE
"Fe",3449,TRUE,31.2629051620648,347.497407025111,0.274365774907383,-0.04948715770903,TRUE,TRUE
"Fe",3450,TRUE,31.2310924369748,287.266394350527,0.249102703924458,0.239079825486966,TRUE,FALSE
"Fe",3451,TRUE,31.453781512605,275.671740447595,0.244105661123207,-1.97718015106254,TRUE,FALSE
"Fe",3452,TRUE,31.3265306122449,332.928885370734,0.268717795047208,-0.658220634396751,TRUE,TRUE
"Fe",3453,TRUE,31.3265306122449,351.341775762456,0.275643603256914,-0.757653680611578,TRUE,TRUE
"Fe",3454,TRUE,31.2310924369748,314.582458460536,0.26078195576644,0.225836735536273,TRUE,FALSE
"Fe",3455,TRUE,31.3265306122449,325.78174481367,0.265441829181899,-0.729482753444687,TRUE,TRUE
"Fe",3456,TRUE,31.390156062425,338.605876289453,0.27113472477655,-1.27092759601071,TRUE,TRUE
"Fe",3457,TRUE,31.390156062425,329.598115843718,0.267002179821638,-1.35074251906349,TRUE,TRUE
"Fe",3458,TRUE,31.3265306122449,323.642856720498,0.264605356545686,-0.738876068257925,TRUE,TRUE
"Fe",3459,TRUE,31.1356542617047,312.425806623669,0.259864647467065,1.22451034147363,TRUE,FALSE
"Fe",3460,TRUE,31.390156062425,376.524610761859,0.285822916403599,-1.31701464593113,TRUE,TRUE
"Fe",3461,TRUE,31.2629051620648,279.339681184178,0.245598696599203,-0.112828912516863,TRUE,FALSE
"Fe",3462,TRUE,31.2310924369748,296.314403214426,0.252939798544399,0.218612728020575,TRUE,FALSE
"Fe",3463,TRUE,31.2947178871549,311.49930679283,0.259249733430964,-0.489717507428028,TRUE,FALSE
"Fe",3464,TRUE,31.421968787515,322.427804135029,0.264201442596237,-1.65608867595126,TRUE,TRUE
"Fe",3465,TRUE,31.421968787515,339.910086103916,0.271157288147846,-1.68744481803663,TRUE,TRUE
"Fe",3466,TRUE,31.2947178871549,320.848937802652,0.263050578893791,-0.491835621266629,TRUE,TRUE
"Fe",3467,TRUE,31.3583433373349,286.130676805331,0.24862297263505,-1.04432534734841,TRUE,FALSE
"Fe",3468,TRUE,31.2947178871549,355.94250676992,0.277906581113287,-0.380914211666884,TRUE,TRUE
"Fe",3469,TRUE,31.3583433373349,331.289289438039,0.268017061451777,-0.943801462180009,TRUE,TRUE
"Fe",3470,TRUE,31.3583433373349,353.640087400385,0.276921921490749,-0.995128166337229,TRUE,TRUE
"Fe",3471,TRUE,31.2947178871549,301.671224200971,0.255482313744412,-0.361634722298658,TRUE,FALSE
"Fe",3472,TRUE,31.2947178871549,287.652455196251,0.248994103115982,-0.471629726578205,TRUE,FALSE
"Fe",3473,TRUE,31.3265306122449,354.272370000752,0.27713589696851,-0.675129020306241,TRUE,TRUE
"Fe",3474,TRUE,31.2310924369748,389.166201238869,0.290149305580036,0.148629855723826,TRUE,TRUE
"Fe",3475,TRUE,31.2947178871549,313.302269801726,0.260212030625845,-0.425791355264548,TRUE,FALSE
"Fe",3476,TRUE,31.2947178871549,289.284126425363,0.249726047896925,-0.467433497278564,TRUE,FALSE
"Fe",3477,TRUE,31.2947178871549,341.433674231582,0.271581689443705,-0.471065007850799,TRUE,TRUE
"Fe",3478,TRUE,31.3583433373349,311.884711694696,0.259750522019688,-1.006328707906,TRUE,FALSE
"Fe",3479,TRUE,31.3583433373349,263.03248292018,0.238380591251274,-1.01054786963958,TRUE,FALSE
"Fe",3480,TRUE,31.3583433373349,279.428757575373,0.245742033124231,-1.03435167466205,TRUE,FALSE
"Fe",3481,TRUE,31.390156062425,326.631572616625,0.265780726564658,-1.37537715438364,TRUE,TRUE
"Fe",3482,TRUE,31.2629051620648,315.801342489379,0.261514815378184,-0.0268527095828713,TRUE,TRUE
"Fe",3483,TRUE,31.3583433373349,413.212059275613,0.299154877427025,-1.11400669664081,TRUE,TRUE
"Fe",3484,TRUE,31.390156062425,342.706912176851,0.27205626923627,-1.41538644152551,TRUE,TRUE
"Fe",3485,TRUE,31.2310924369748,316.865582221211,0.262150691522246,0.32954355412138,TRUE,TRUE
"Fe",3486,TRUE,31.5174069627851,322.363076684461,0.264099578902766,-2.59303769617777,TRUE,TRUE
"Fe",3487,TRUE,31.421968787515,359.468582311963,0.278942363585282,-1.66795692430512,TRUE,TRUE
"Fe",3488,TRUE,31.421968787515,345.39104387911,0.273186686463787,-1.70291971274677,TRUE,TRUE
"Fe",3489,TRUE,31.1992797118848,304.756073911456,0.256494347099136,0.52881868817124,TRUE,FALSE
"Fe",3490,TRUE,31.3583433373349,273.218252457006,0.243101408775377,-0.955803003079945,TRUE,FALSE
"Fe",3491,TRUE,31.3583433373349,372.826093548941,0.284057737504658,-1.09505003136161,TRUE,TRUE
"Fe",3492,TRUE,31.1356542617047,304.643069855102,0.256629584698291,1.21577910140788,TRUE,FALSE
"Fe",3493,TRUE,31.2629051620648,313.460040545205,0.259972755762851,-0.188512488497455,TRUE,FALSE
"Fe",3494,TRUE,31.421968787515,304.659427986942,0.256894389972481,-1.6004143310071,TRUE,FALSE
"Fe",3495,TRUE,31.3265306122449,343.384155721309,0.272536842637998,-0.769882506299321,TRUE,TRUE
"Fe",3496,TRUE,31.3583433373349,343.775386604985,0.272922657615302,-1.02775977822848,TRUE,TRUE
"Fe",3497,TRUE,31.2947178871549,287.184227396381,0.248899936703895,-0.44892008227033,TRUE,FALSE
"Fe",3498,TRUE,31.2310924369748,323.283664963367,0.264401996052721,0.249270885926738,TRUE,TRUE
"Fe",3499,TRUE,31.2947178871549,295.463445066624,0.252588433799656,-0.398687673930979,TRUE,FALSE
"Fe",3500,TRUE,31.2947178871549,338.769953483341,0.270751148048723,-0.436188538692159,TRUE,TRUE
"Fe",3501,TRUE,31.390156062425,334.576190960629,0.269076307170772,-1.35223328166746,TRUE,TRUE
"Fe",3502,TRUE,31.3265306122449,296.315319539055,0.252959093232421,-0.742048356859523,TRUE,FALSE
"Fe",3503,TRUE,31.2310924369748,240.813638325775,0.227352061851717,0.0769589216431382,TRUE,FALSE
"Fe",3504,TRUE,31.2947178871549,309.028093836739,0.258497054100479,-0.386728207617295,TRUE,FALSE
"Fe",3505,TRUE,31.453781512605,317.013481835795,0.261918439495022,-1.92297005442806,TRUE,TRUE
"Fe",3506,TRUE,31.1038415366146,317.03120147585,0.261715307695962,1.47517276153406,TRUE,TRUE
"Fe",3507,TRUE,31.3583433373349,304.055705620423,0.256443184780255,-1.06084759196054,TRUE,FALSE
"Fe",3508,TRUE,31.2629051620648,284.898584755533,0.247984565502653,-0.111809617862564,TRUE,FALSE
"Fe",3509,TRUE,31.1992797118848,346.636021569658,0.274158214768262,0.601921043577912,TRUE,TRUE
"Fe",3510,TRUE,31.390156062425,281.963329542549,0.246811226871675,-1.3296978082833,TRUE,FALSE
"Fe",3511,TRUE,31.3265306122449,348.408014876858,0.274782759553117,-0.689274271528147,TRUE,TRUE
"Fe",3512,TRUE,31.1992797118848,273.28761009737,0.24261882616953,0.466671318777322,TRUE,FALSE
"Fe",3513,TRUE,31.421968787515,286.65751329813,0.249055970568563,-1.62333049608745,TRUE,FALSE
"Fe",3514,TRUE,31.3265306122449,234.392164602603,0.224696498476011,-0.728068807957569,TRUE,FALSE
"Fe",3515,TRUE,31.2947178871549,348.471247352593,0.274704283102601,-0.411952087610377,TRUE,TRUE
"Fe",3516,TRUE,31.2310924369748,333.960645691248,0.268886932826604,0.232429165565464,TRUE,TRUE
"Fe",3517,TRUE,31.3583433373349,330.070826389745,0.267051676603076,-1.10253190643667,TRUE,TRUE
"Fe",3518,TRUE,31.3265306122449,299.670246654239,0.254886051157395,-0.644854307792482,TRUE,FALSE
"Fe",3519,TRUE,31.3583433373349,326.575814648769,0.265777927157765,-1.06046053634058,TRUE,TRUE
"Fe",3520,TRUE,31.2947178871549,348.698562226957,0.274689323005032,-0.452419489711614,TRUE,TRUE
"Fe",3521,TRUE,31.2629051620648,291.415338905862,0.250851218841013,-0.142408004924111,TRUE,FALSE
"Fe",3522,TRUE,31.2629051620648,349.441929755469,0.274935473553544,-0.133509650665055,TRUE,TRUE
"Fe",3523,TRUE,31.3265306122449,393.560769360153,0.292015471105298,-0.782846854452716,TRUE,TRUE
"Fe",3524,TRUE,31.2310924369748,337.87579130597,0.270333678974329,0.21898998001796,TRUE,TRUE
"Fe",3525,TRUE,31.2310924369748,266.340749915553,0.240052236328686,0.262523521582905,TRUE,FALSE
"Fe",3526,TRUE,31.2310924369748,281.737666977526,0.246591680071264,0.195906039998271,TRUE,FALSE
"Fe",3527,TRUE,31.3265306122449,260.208551891481,0.23702910477209,-0.678424717877024,TRUE,FALSE
"Fe",3528,TRUE,31.453781512605,297.652850142451,0.25405627476288,-1.88021093524662,TRUE,FALSE
"Fe",3529,TRUE,31.1992797118848,301.34052311829,0.255084309985768,0.514504484255178,TRUE,FALSE
"Fe",3530,TRUE,31.390156062425,258.754380817072,0.236343280202971,-1.29287735834095,TRUE,FALSE
"Fe",3531,TRUE,31.3583433373349,287.06793219857,0.249037507557186,-1.04242442114946,TRUE,FALSE
"Fe",3532,TRUE,31.421968787515,288.925164179593,0.250102373826193,-1.59016990456044,TRUE,FALSE
"Fe",3533,TRUE,31.390156062425,314.054829854705,0.260769060643055,-1.30364519518557,TRUE,FALSE
"Fe",3534,TRUE,31.2310924369748,326.61140166227,0.265628811395671,0.201148409915809,TRUE,TRUE
"Fe",3535,TRUE,31.390156062425,272.312252409135,0.242443515535895,-1.37307172536174,TRUE,FALSE
"Fe",3536,TRUE,31.3265306122449,297.535406150236,0.253621598538832,-0.684436503605757,TRUE,FALSE
"Fe",3537,TRUE,31.3265306122449,349.496083499452,0.275122125025087,-0.716755453462123,TRUE,TRUE
"Fe",3538,TRUE,31.421968787515,336.992364880001,0.269982980156909,-1.71500309302293,TRUE,TRUE
"Fe",3539,TRUE,31.2947178871549,221.165288096613,0.218579868568224,-0.32350528993059,TRUE,FALSE
"Fe",3540,TRUE,31.3583433373349,374.638938352145,0.284787328102218,-1.06346074609668,TRUE,TRUE
"Fe",3541,TRUE,31.3583433373349,302.7372065659,0.25598139277896,-1.0148022557801,TRUE,FALSE
"Fe",3542,TRUE,31.2310924369748,318.38842002925,0.262439250046062,0.222196192308436,TRUE,TRUE
"Fe",3543,TRUE,31.2629051620648,359.849526902721,0.279001999549021,-0.124666119462154,TRUE,TRUE
"Fe",3544,TRUE,31.3265306122449,342.31913093899,0.271808447312992,-0.802833589180092,TRUE,TRUE
"Fe",3545,TRUE,31.453781512605,287.614281400083,0.249285992804366,-2.0098278585154,TRUE,FALSE
"Fe",3546,TRUE,31.3583433373349,356.175561279418,0.277691371022929,-1.02438716724859,TRUE,TRUE
"Fe",3547,TRUE,31.2310924369748,330.346040764647,0.26711142425538,0.191828001951471,TRUE,TRUE
"Fe",3548,TRUE,31.2629051620648,283.475869141583,0.247831231326529,0.0130213350163771,TRUE,FALSE
"Fe",3549,TRUE,31.2310924369748,230.84122708539,0.222654616099838,0.118449150748283,TRUE,FALSE
"Fe",3550,TRUE,31.1992797118848,304.939704388357,0.256646768238509,0.537928422613172,TRUE,FALSE
"Fe",3551,TRUE,31.3583433373349,326.385138919925,0.265778704375169,-1.02238142378463,TRUE,TRUE
"Fe",3552,TRUE,31.3265306122449,323.104529001216,0.264528779660291,-0.671931382529087,TRUE,TRUE
"Fe",3553,TRUE,31.2629051620648,359.056599936498,0.278770826558591,-0.102553150884644,TRUE,TRUE
"Fe",3554,TRUE,31.421968787515,317.130057577612,0.261556293791111,-1.74536358519165,TRUE,TRUE
"Fe",3555,TRUE,31.3583433373349,326.787150265713,0.266056830375521,-1.02005174014569,TRUE,TRUE
"Fe",3556,TRUE,31.2310924369748,317.80387259628,0.262184950653632,0.217890108475558,TRUE,TRUE
"Fe",3557,TRUE,31.4855942376951,302.026323807884,0.255455250383324,-2.33911000682462,TRUE,FALSE
"Fe",3558,TRUE,31.2629051620648,339.229513224269,0.270684386324267,-0.148585188256173,TRUE,TRUE
"Fe",3559,TRUE,31.2629051620648,273.047251384616,0.242582093858339,-0.146654877206968,TRUE,FALSE
"Fe",3560,TRUE,31.2947178871549,278.301383220204,0.245204598805359,-0.40632061305687,TRUE,FALSE
"Fe",3561,TRUE,31.3265306122449,247.511259428863,0.230988611898101,-0.727544135033839,TRUE,FALSE
"Fe",3562,TRUE,31.2629051620648,318.800374792069,0.262548976127482,-0.0837902180102609,TRUE,TRUE
"Fe",3563,TRUE,31.390156062425,333.340985161333,0.268797678833844,-1.29540418537917,TRUE,TRUE
"Fe",3564,TRUE,31.2629051620648,299.236617306789,0.254152352013252,-0.132895894643043,TRUE,FALSE
"Fe",3565,TRUE,31.3265306122449,379.370461297157,0.287030215768115,-0.658030497865281,TRUE,TRUE
"Fe",3566,TRUE,31.2310924369748,289.371337485169,0.250247061259054,0.277670062227794,TRUE,FALSE
"Fe",3567,TRUE,31.2629051620648,308.976761322624,0.258142474078951,-0.169784999779535,TRUE,FALSE
"Fe",3568,TRUE,31.390156062425,323.124457717599,0.264499376738903,-1.34161247147911,TRUE,TRUE
"Fe",3569,TRUE,31.453781512605,319.645171081145,0.263387124919923,-1.86806399473736,TRUE,TRUE
"Fe",3570,TRUE,31.2629051620648,257.452201197843,0.235603359527627,-0.127823597830201,TRUE,FALSE
"Fe",3571,TRUE,31.421968787515,312.767118744116,0.259913384557922,-1.75718909538523,TRUE,FALSE
"Fe",3572,TRUE,31.4855942376951,329.974064665124,0.267275836943984,-2.30963074142511,TRUE,TRUE
"Fe",3573,TRUE,31.390156062425,301.97642781142,0.255387641409136,-1.36611373181621,TRUE,FALSE
"Fe",3574,TRUE,31.2310924369748,332.913441500565,0.268224603086307,0.176931920515344,TRUE,TRUE
"Fe",3575,TRUE,31.3583433373349,366.43696216991,0.281845264135773,-1.00780872279713,TRUE,TRUE
"Fe",3576,TRUE,31.4855942376951,326.794224521926,0.265988957287953,-2.26332695347202,TRUE,TRUE
"Fe",3577,TRUE,31.1356542617047,315.139857020221,0.260870999727497,1.14450061153292,TRUE,FALSE
"Fe",3578,TRUE,31.3265306122449,330.904735585086,0.267547319401356,-0.730032030293753,TRUE,TRUE
"Fe",3579,TRUE,31.390156062425,278.225176830973,0.244954903764624,-1.43495746407915,TRUE,FALSE
"Fe",3580,TRUE,31.2629051620648,266.551182750161,0.240004203488364,-0.0591150438529053,TRUE,FALSE
"Fe",3581,TRUE,31.0720288115246,305.04430118812,0.256859605813608,1.86521441906247,TRUE,FALSE
"Fe",3582,TRUE,31.2629051620648,316.557250496666,0.261412032818785,-0.124603106925325,TRUE,TRUE
"Fe",3583,TRUE,31.2629051620648,305.345344539403,0.256544200273095,-0.166514324680154,TRUE,FALSE
"Fe",3584,TRUE,31.3583433373349,318.38961674714,0.262620712006575,-0.99455490368555,TRUE,TRUE
"Fe",3585,TRUE,31.2947178871549,336.585614268788,0.269779076244112,-0.443124077207345,TRUE,TRUE
"Fe",3586,TRUE,31.2947178871549,305.061145988378,0.25708704496741,-0.365595855078457,TRUE,FALSE
"Fe",3587,TRUE,31.421968787515,341.658974848311,0.271951505255097,-1.66072192643576,TRUE,TRUE
"Fe",3588,TRUE,31.2947178871549,298.951230940181,0.253791561079724,-0.504629819939221,TRUE,FALSE
"Fe",3589,TRUE,31.3583433373349,359.500228906195,0.279042289818451,-1.05215327305394,TRUE,TRUE
"Fe",3590,TRUE,31.3265306122449,286.355388789266,0.248808648540714,-0.736804989003496,TRUE,FALSE
"Fe",3591,TRUE,31.3265306122449,324.94692294146,0.265193741054823,-0.696764384081732,TRUE,TRUE
"Fe",3592,TRUE,31.390156062425,304.849941568218,0.256719979101331,-1.3538540704121,TRUE,FALSE
"Fe",3593,TRUE,31.1992797118848,292.977063623662,0.251861308264103,0.601038491778129,TRUE,FALSE
"Fe",3594,TRUE,31.2310924369748,323.573580907997,0.264338554712662,0.177916118964944,TRUE,TRUE
"Fe",3595,TRUE,31.2947178871549,283.550972014876,0.247270590744063,-0.452860301285197,TRUE,FALSE
"Fe",3596,TRUE,31.453781512605,299.328106205261,0.254596380207597,-1.96139978893918,TRUE,FALSE
"Fe",3597,TRUE,31.421968787515,322.786579179541,0.264297962956073,-1.64417536918625,TRUE,TRUE
"Fe",3598,TRUE,31.2310924369748,373.698506282511,0.284529196610551,0.227893749746198,TRUE,TRUE
"Fe",3599,TRUE,31.1674669867947,256.320475919494,0.235127420734513,0.883216991305291,TRUE,FALSE
"Fe",3600,TRUE,31.3583433373349,288.028720487879,0.249600321503553,-0.986812723151761,TRUE,FALSE
"Fe",3601,TRUE,31.2947178871549,294.375996857178,0.252405076573481,-0.375151081157239,TRUE,FALSE
"Fe",3602,TRUE,31.3265306122449,325.825134983533,0.265445302994226,-0.696313886874691,TRUE,TRUE
"Fe",3603,TRUE,31.1992797118848,297.896311215215,0.253702018401245,0.547011868531091,TRUE,FALSE
"Fe",3604,TRUE,31.390156062425,291.895997878093,0.251304205407486,-1.3676081492908,TRUE,FALSE
"Fe",3605,TRUE,31.2947178871549,315.22850804179,0.261029682779893,-0.379295838301428,TRUE,FALSE
"Fe",3606,TRUE,31.2629051620648,346.941287720559,0.273873604992745,-0.156867555189953,TRUE,TRUE
"Fe",3607,TRUE,31.3583433373349,354.058643479483,0.277119101179041,-1.0044605217979,TRUE,TRUE
"Fe",3608,TRUE,31.3583433373349,301.423719181112,0.255332210869385,-0.944587150501449,TRUE,FALSE
"Fe",3609,TRUE,31.2629051620648,393.6117767758,0.292435076703871,-0.0583116707061906,TRUE,TRUE
"Fe",3610,TRUE,31.3583433373349,312.512810698495,0.25989090932167,-1.04636410372869,TRUE,FALSE
"Fe",3611,TRUE,31.453781512605,269.082284845336,0.240882406862264,-2.05305326933,TRUE,FALSE
"Fe",3612,TRUE,31.2310924369748,298.170974994241,0.253751860887614,0.188048060593328,TRUE,FALSE
"Fe",3613,TRUE,31.421968787515,328.383828246076,0.266049797217636,-1.77118300317814,TRUE,TRUE
"Fe",3614,TRUE,31.1674669867947,390.397431877239,0.290507733453409,0.767391495783185,TRUE,TRUE
"Fe",3615,TRUE,31.3265306122449,264.651090825184,0.23861035954373,-0.824514855450877,TRUE,FALSE
"Fe",3616,TRUE,31.2629051620648,329.754841852559,0.266834605580762,-0.154637449209581,TRUE,TRUE
"Fe",3617,TRUE,31.3583433373349,345.673887315487,0.273630416148619,-1.03367727645512,TRUE,TRUE
"Fe",3618,TRUE,31.2947178871549,342.385068282264,0.272209037832987,-0.427009468253399,TRUE,TRUE
"Fe",3619,TRUE,31.2947178871549,303.153991393783,0.256001220704144,-0.412565676690502,TRUE,FALSE
"Fe",3620,TRUE,31.2310924369748,376.645562026062,0.285887599618097,0.269035272677256,TRUE,TRUE
"Fe",3621,TRUE,31.390156062425,328.794140077146,0.266497592364216,-1.47815020202292,TRUE,TRUE
"Fe",3622,TRUE,31.3583433373349,304.813585910935,0.256450828334014,-1.09996194311278,TRUE,FALSE
"Fe",3623,TRUE,31.2310924369748,357.569550933062,0.278378056817712,0.236926640589362,TRUE,TRUE
"Fe",3624,TRUE,31.2310924369748,331.483822903985,0.26751413360307,0.148657851951423,TRUE,TRUE
"Fe",3625,TRUE,31.421968787515,311.684235893952,0.259695846628595,-1.60737732911843,TRUE,FALSE
"Fe",3626,TRUE,31.5810324129652,299.125206698572,0.2538653980356,2.97192551903661,TRUE,FALSE
"Fe",3627,TRUE,31.3583433373349,309.686210632801,0.25834138819404,-1.17420134843526,TRUE,FALSE
"Fe",3628,TRUE,31.5174069627851,333.125390745974,0.268404999357484,-2.63616033619671,TRUE,TRUE
"Fe",3629,TRUE,31.453781512605,375.251237797782,0.285563919256783,-1.92582112954494,TRUE,TRUE
"Fe",3630,TRUE,31.453781512605,333.179991423667,0.268850818220598,-1.90656078274889,TRUE,TRUE
"Fe",3631,TRUE,31.3265306122449,314.142175975229,0.261022025745283,-0.616148897525626,TRUE,FALSE
"Fe",3632,TRUE,31.1992797118848,308.950319606057,0.258104583755438,0.487659985953227,TRUE,FALSE
"Fe",3633,TRUE,31.421968787515,335.445821585351,0.269310838759671,-1.67854818389018,TRUE,TRUE
"Fe",3634,TRUE,31.2947178871549,268.981106661961,0.241009450675107,-0.424154161516752,TRUE,FALSE
"Fe",3635,TRUE,31.453781512605,354.001899526522,0.277042355882216,-1.89547879757015,TRUE,TRUE
"Fe",3636,TRUE,31.1992797118848,360.302550515659,0.278986166799161,0.449987196617728,TRUE,TRUE
"Fe",3637,TRUE,31.3265306122449,328.472128471421,0.266570766412896,-0.724831689305132,TRUE,TRUE
"Fe",3638,TRUE,31.2629051620648,288.924917463497,0.249904535450666,-0.0744205979211174,TRUE,FALSE
"Fe",3639,TRUE,31.421968787515,329.102628017059,0.26694533453432,-1.61129926474651,TRUE,TRUE
"Fe",3640,TRUE,31.3265306122449,292.462685038751,0.251173318636093,-0.790236245816872,TRUE,FALSE
"Fe",3641,TRUE,31.4855942376951,316.578440491263,0.261657486058157,-2.27088714373827,TRUE,TRUE
"Fe",3642,TRUE,31.421968787515,356.738657232334,0.278372102570827,-1.51551471191463,TRUE,TRUE
"Fe",3643,TRUE,31.2947178871549,274.37585103158,0.243603431248285,-0.372815721862307,TRUE,FALSE
"Fe",3644,TRUE,31.3583433373349,274.232361103689,0.24329900165033,-1.07926394323781,TRUE,FALSE
"Fe",3645,TRUE,31.2947178871549,289.377496109452,0.249932256188387,-0.426902730866715,TRUE,FALSE
"Fe",3646,TRUE,31.421968787515,341.617916261755,0.271688364239489,-1.75028528255253,TRUE,TRUE
"Fe",3647,TRUE,31.1674669867947,344.260550458204,0.272606431075342,0.791164756212138,TRUE,TRUE
"Fe",3648,TRUE,31.2947178871549,305.617986427308,0.256982337619748,-0.39744571632079,TRUE,FALSE
"Fe",3649,TRUE,31.421968787515,346.000933370046,0.273751281510149,-1.66069361639895,TRUE,TRUE
"Fe",3650,TRUE,31.453781512605,299.291246489368,0.254528105543345,-1.93263768387354,TRUE,FALSE
"Fe",3651,TRUE,31.2629051620648,367.64315814671,0.282498444436014,-0.0537151301887707,TRUE,TRUE
"Fe",3652,TRUE,31.2947178871549,294.823407180554,0.252451755939947,-0.431311747602637,TRUE,FALSE
"Fe",3653,TRUE,31.2310924369748,329.209959370998,0.266951767788756,0.258791441187766,TRUE,TRUE
"Fe",3654,TRUE,31.3265306122449,338.937912916731,0.271027697807039,-0.688772836539858,TRUE,TRUE
"Fe",3655,TRUE,31.2947178871549,300.11076050584,0.255084422233928,-0.345537784141466,TRUE,FALSE
"Fe",3656,TRUE,31.5174069627851,326.232334321557,0.265853606962604,-2.52495181443793,TRUE,TRUE
"Fe",3657,TRUE,31.2310924369748,267.19110016824,0.24035933357561,0.284221216724819,TRUE,FALSE
"Fe",3658,TRUE,31.1992797118848,338.327387770799,0.270301646534199,0.480960238068072,TRUE,TRUE
"Fe",3659,TRUE,31.2947178871549,312.127403796879,0.259861606366864,-0.371044157554992,TRUE,FALSE
"Fe",3660,TRUE,31.1356542617047,304.892766847042,0.256716527429762,1.19945514598449,TRUE,FALSE
"Fe",3661,TRUE,31.2629051620648,248.602552108844,0.23150594482633,-0.131960416999226,TRUE,FALSE
"Fe",3662,TRUE,31.3265306122449,282.853926372932,0.247026485215135,-0.747519200068012,TRUE,FALSE
"Fe",3663,TRUE,31.3583433373349,301.784795948928,0.25507724067739,-1.13714189261257,TRUE,FALSE
"Fe",3664,TRUE,31.2947178871549,338.663896304213,0.270513254612879,-0.463803923791634,TRUE,TRUE
"Fe",3665,TRUE,31.3265306122449,297.078132332048,0.253813030126769,-0.626097066776933,TRUE,FALSE
"Fe",3666,TRUE,31.421968787515,311.770738252838,0.259475356353734,-1.71102867964971,TRUE,FALSE
"Fe",3667,TRUE,31.1992797118848,320.971314508681,0.263356831331609,0.532205324319381,TRUE,TRUE
"Fe",3668,TRUE,31.453781512605,317.847563870955,0.262191627079419,-1.97062605669161,TRUE,TRUE
"Fe",3669,TRUE,31.2629051620648,339.070255070194,0.27083013199827,-0.122536364656191,TRUE,TRUE
"Fe",3670,TRUE,31.3265306122449,322.448133861254,0.26427506622776,-0.685897520621589,TRUE,TRUE
"Fe",3671,TRUE,31.3265306122449,301.916847702088,0.255419003117504,-0.699905680793442,TRUE,FALSE
"Fe",3672,TRUE,31.421968787515,319.670023460289,0.263164893794992,-1.58204107777588,TRUE,TRUE
"Fe",3673,TRUE,31.390156062425,348.953765766585,0.275379852245673,-1.21886177011385,TRUE,TRUE
"Fe",3674,TRUE,31.1992797118848,307.326142052953,0.257678715377148,0.530732257000035,TRUE,FALSE
"Fe",3675,TRUE,31.2310924369748,245.131180848581,0.229748243202072,0.163968698711921,TRUE,FALSE
"Fe",3676,TRUE,31.390156062425,299.741705886399,0.254652596718668,-1.32298062569313,TRUE,FALSE
"Fe",3677,TRUE,31.421968787515,327.021716180015,0.26572810219174,-1.7407647910773,TRUE,TRUE
"Fe",3678,TRUE,31.2947178871549,300.39569713394,0.254936328490887,-0.384302912259585,TRUE,FALSE
"Fe",3679,TRUE,31.2629051620648,292.704941999304,0.251410070762098,-0.0708820833360802,TRUE,FALSE
"Fe",3680,TRUE,31.2947178871549,355.696012871938,0.27751893359908,-0.39808171145684,TRUE,TRUE
"Fe",3681,TRUE,31.390156062425,312.745711814896,0.260354874286051,-1.28583211121295,TRUE,FALSE
"Fe",3682,TRUE,31.421968787515,294.135971907021,0.252126723245475,-1.64196971561216,TRUE,FALSE
"Fe",3683,TRUE,31.2947178871549,346.000544616484,0.273726666086773,-0.412499287089359,TRUE,TRUE
"Fe",3684,TRUE,31.3583433373349,338.689858640108,0.270526005179951,-1.08966771705746,TRUE,TRUE
"Fe",3685,TRUE,31.3265306122449,339.406867235174,0.27125352748457,-0.668701466759389,TRUE,TRUE
"Fe",3686,TRUE,31.390156062425,294.30902956482,0.252385447261889,-1.32118483945572,TRUE,FALSE
"Fe",3687,TRUE,31.390156062425,279.312760805541,0.245458914237287,-1.38655082733594,TRUE,FALSE
"Fe",3688,TRUE,31.2629051620648,312.740734488477,0.259916193680838,-0.120479649195116,TRUE,FALSE
"Fe",3689,TRUE,31.3583433373349,332.122204388092,0.268115138377314,-1.06866526931784,TRUE,TRUE
"Fe",3690,TRUE,31.421968787515,286.494894180879,0.248874670272636,-1.62950490382768,TRUE,FALSE
"Fe",3691,TRUE,31.1674669867947,306.928128552411,0.257560666600891,0.833061895506697,TRUE,FALSE
"Fe",3692,TRUE,31.3583433373349,320.641962861822,0.263188879878652,-1.08567750120574,TRUE,TRUE
"Fe",3693,TRUE,31.2947178871549,308.068846858649,0.25816124504171,-0.374131087548087,TRUE,FALSE
"Fe",3694,TRUE,31.3265306122449,296.242809422748,0.253004172744917,-0.711729217765134,TRUE,FALSE
"Fe",3695,TRUE,31.1992797118848,321.240244774769,0.26350006848387,0.504708826244902,TRUE,TRUE
"Fe",3696,TRUE,31.3265306122449,323.142903851519,0.264305691284378,-0.743725014727013,TRUE,TRUE
"Fe",3697,TRUE,31.1674669867947,284.84968889712,0.247920592155974,0.826450962832499,TRUE,FALSE
"Fe",3698,TRUE,31.421968787515,323.171394078344,0.264452934312827,-1.694648804857,TRUE,TRUE
"Fe",3699,TRUE,31.453781512605,293.130899488754,0.251903166758561,-1.89516899858799,TRUE,FALSE
"Fe",3700,TRUE,31.2947178871549,303.026414313278,0.255922117924685,-0.403361363126549,TRUE,FALSE
"Fe",3701,TRUE,31.2310924369748,343.764224271202,0.272771339613169,0.202249459497879,TRUE,TRUE
"Fe",3702,TRUE,31.390156062425,354.204290673781,0.277212027777646,-1.2918949813261,TRUE,TRUE
"Fe",3703,TRUE,31.390156062425,402.868130864393,0.295745572046381,-1.33761551849465,TRUE,TRUE
"Fe",3704,TRUE,31.3265306122449,350.238102884087,0.275893405969151,-0.579087818393944,TRUE,TRUE
"Fe",3705,TRUE,31.3583433373349,317.387720484319,0.261825719853329,-1.06663131802042,TRUE,TRUE
"Fe",3706,TRUE,31.1992797118848,312.261389688264,0.259408659779577,0.46681159255885,TRUE,FALSE
"Fe",3707,TRUE,31.421968787515,311.246197409933,0.259434802971474,-1.67205673281037,TRUE,FALSE
"Fe",3708,TRUE,31.3265306122449,350.224881974187,0.27539986323634,-0.698839218519673,TRUE,TRUE
"Fe",3709,TRUE,31.3265306122449,334.263322095392,0.268683845483279,-0.79464675432008,TRUE,TRUE
"Fe",3710,TRUE,31.2947178871549,326.195281345833,0.265709708988153,-0.396546484859696,TRUE,TRUE
"Fe",3711,TRUE,31.3583433373349,297.427724121654,0.253574215837468,-1.03085650969126,TRUE,FALSE
"Fe",3712,TRUE,31.2947178871549,308.001201930417,0.257844250035491,-0.456144030630559,TRUE,FALSE
"Fe",3713,TRUE,31.3583433373349,319.98615319361,0.263045669093945,-1.08708001662075,TRUE,TRUE
"Fe",3714,TRUE,31.390156062425,372.000295297495,0.283690384458352,-1.41025453945801,TRUE,TRUE
"Fe",3715,TRUE,31.3583433373349,324.021876775099,0.264492590016754,-1.11012316156513,TRUE,TRUE
"Fe",3716,TRUE,31.2947178871549,329.275148725331,0.266740129417035,-0.462130077867055,TRUE,TRUE
"Fe",3717,TRUE,31.2310924369748,258.826545805451,0.236508410148173,0.276471002313829,TRUE,FALSE
"Fe",3718,TRUE,31.2629051620648,284.459229195989,0.247334620889408,-0.243816469848318,TRUE,FALSE
"Fe",3719,TRUE,31.1356542617047,359.300798306151,0.278912054927724,1.18739052400526,TRUE,TRUE
"Fe",3720,TRUE,31.3265306122449,311.503071859693,0.259537928258872,-0.715534570208199,TRUE,FALSE
"Fe",3721,TRUE,31.2947178871549,255.806295217424,0.235069672917877,-0.368450246748713,TRUE,FALSE
"Fe",3722,TRUE,31.2629051620648,328.201533190457,0.266452202849303,-0.12258686500073,TRUE,TRUE
"Fe",3723,TRUE,31.390156062425,326.34452152911,0.265315318447969,-1.49460360028177,TRUE,TRUE
"Fe",3724,TRUE,31.390156062425,243.919056984101,0.229407582268563,-1.36484041233007,TRUE,FALSE
"Fe",3725,TRUE,31.390156062425,346.463142362575,0.274109398054027,-1.27879407104845,TRUE,TRUE
"Fe",3726,TRUE,31.1356542617047,331.302783819523,0.267814408047866,1.17572036863858,TRUE,TRUE
"Fe",3727,TRUE,31.2310924369748,301.569894794701,0.255188558601054,0.222393316350134,TRUE,FALSE
"Fe",3728,TRUE,31.421968787515,330.281808484803,0.267370694303207,-1.64311333569233,TRUE,TRUE
"Fe",3729,TRUE,31.1992797118848,352.148843305339,0.275742904533552,0.476888510702024,TRUE,TRUE
"Fe",3730,TRUE,31.1356542617047,300.753810012224,0.254966052821597,1.20347286548743,TRUE,FALSE
"Fe",3731,TRUE,31.2310924369748,300.281722719659,0.254256220898412,0.123366921839182,TRUE,FALSE
"Fe",3732,TRUE,31.453781512605,365.63794822504,0.281605852958014,-1.94947240531971,TRUE,TRUE
"Fe",3733,TRUE,31.2947178871549,307.973489361267,0.25795832950278,-0.426361304739004,TRUE,FALSE
"Fe",3734,TRUE,31.2310924369748,283.811317325204,0.247426452632681,0.191458337201683,TRUE,FALSE
"Fe",3735,TRUE,31.2310924369748,323.253889318735,0.264402200131179,0.214425685581559,TRUE,TRUE
"Fe",3736,TRUE,31.1038415366146,351.019241899209,0.275817203722036,1.55970995418509,TRUE,TRUE
"Fe",3737,TRUE,31.390156062425,247.501232873412,0.231028056958872,-1.33651914711292,TRUE,FALSE
"Fe",3738,TRUE,31.2629051620648,323.890395330702,0.264967790381576,-0.0281138387561751,TRUE,TRUE
"Fe",3739,TRUE,31.3583433373349,335.912674681455,0.26953183604645,-1.07310810561362,TRUE,TRUE
"Fe",3740,TRUE,31.3265306122449,294.71909564204,0.252108368989604,-0.803719100671474,TRUE,FALSE
"Fe",3741,TRUE,31.2310924369748,330.126425822488,0.267407292580209,0.291482692182848,TRUE,TRUE
"Fe",3742,TRUE,31.3265306122449,360.608958986453,0.279048190226038,-0.847412345587212,TRUE,TRUE
"Fe",3743,TRUE,31.1674669867947,297.142814250239,0.253265656371353,0.836544209560328,TRUE,FALSE
"Fe",3744,TRUE,31.2629051620648,348.237427819096,0.274417065629501,-0.133088887425582,TRUE,TRUE
"Fe",3745,TRUE,31.2947178871549,347.77003823134,0.274626393655681,-0.353498215606314,TRUE,TRUE
"Fe",3746,TRUE,31.2629051620648,343.392407750501,0.272306040644355,-0.162105604547966,TRUE,TRUE
"Fe",3747,TRUE,31.2629051620648,307.996313487074,0.258028764127555,-0.0794237281039182,TRUE,FALSE
"Fe",3748,TRUE,31.3265306122449,274.364441646711,0.243255581183393,-0.741031954292541,TRUE,FALSE
"Fe",3749,TRUE,31.2947178871549,298.732768764876,0.254078755921434,-0.424021203877359,TRUE,FALSE
"Fe",3750,TRUE,31.3583433373349,376.094648210168,0.285450418858031,-1.04799078179484,TRUE,TRUE
"Fe",3751,TRUE,31.2947178871549,325.050414883872,0.265177803513505,-0.408663423130077,TRUE,TRUE
"Fe",3752,TRUE,31.0720288115246,314.877800302528,0.26088226981199,1.82373344019753,TRUE,FALSE
"Fe",3753,TRUE,31.3583433373349,333.817831943433,0.268915779033874,-0.985541206702533,TRUE,TRUE
"Fe",3754,TRUE,31.1038415366146,284.86086622357,0.248167642696214,1.56933478364153,TRUE,FALSE
"Fe",3755,TRUE,31.2947178871549,308.319534168244,0.258277425833271,-0.371704930563616,TRUE,FALSE
"Fe",3756,TRUE,31.2310924369748,358.036843028979,0.278712187883289,0.246561209061712,TRUE,TRUE
"Fe",3757,TRUE,31.1992797118848,292.189940940813,0.25138723655268,0.584349842547803,TRUE,FALSE
"Fe",3758,TRUE,31.3265306122449,317.965541249972,0.262266517240086,-0.731441089581693,TRUE,TRUE
"Fe",3759,TRUE,31.2947178871549,277.17554394828,0.244387717471703,-0.516789394775943,TRUE,FALSE
"Fe",3760,TRUE,31.3583433373349,257.393278599036,0.235669537389355,-1.05138185011592,TRUE,FALSE
"Fe",3761,TRUE,31.421968787515,298.182288568702,0.253886206592421,-1.66949145377117,TRUE,FALSE
"Fe",3762,TRUE,31.2947178871549,297.023425182706,0.253595549880547,-0.346021769102102,TRUE,FALSE
"Fe",3763,TRUE,31.390156062425,304.179538401829,0.256263480407887,-1.41229550408326,TRUE,FALSE
"Fe",3764,TRUE,31.2310924369748,299.621342082296,0.254787152426371,0.316516165329203,TRUE,FALSE
"Fe",3765,TRUE,31.453781512605,351.694442376401,0.275791948163754,-2.04186898990728,TRUE,TRUE
"Fe",3766,TRUE,31.2947178871549,322.204874920895,0.263860427462238,-0.463374302205765,TRUE,TRUE
"Fe",3767,TRUE,31.2629051620648,305.294063599909,0.257041232028508,-0.022265316472581,TRUE,FALSE
"Fe",3768,TRUE,31.3265306122449,342.366003546299,0.272457115304189,-0.682491812182763,TRUE,TRUE
"Fe",3769,TRUE,31.3265306122449,329.941280685453,0.267098276111203,-0.778289884378978,TRUE,TRUE
"Fe",3770,TRUE,31.3265306122449,311.632059740051,0.259563809793335,-0.723839885457802,TRUE,FALSE
"Fe",3771,TRUE,31.2947178871549,315.463949396992,0.261152309340249,-0.408141403272027,TRUE,FALSE
"Fe",3772,TRUE,31.3265306122449,344.328808023018,0.272877613943096,-0.756293350723159,TRUE,TRUE
"Fe",3773,TRUE,31.2947178871549,316.083406692582,0.261455220849878,-0.421095966781137,TRUE,TRUE
"Fe",3774,TRUE,31.3265306122449,332.278851762411,0.267874758230954,-0.781676913958397,TRUE,TRUE
"Fe",3775,TRUE,31.3583433373349,324.42083997152,0.264915407398099,-1.01220947918705,TRUE,TRUE
"Fe",3776,TRUE,31.390156062425,306.175338309789,0.257456169008176,-1.28454729153772,TRUE,FALSE
"Fe",3777,TRUE,31.2629051620648,362.294392505594,0.280314649481317,-0.0381758418625884,TRUE,TRUE
"Fe",3778,TRUE,31.2629051620648,305.717427990666,0.256965101271826,-0.120930785938549,TRUE,FALSE
"Fe",3779,TRUE,31.453781512605,348.119493580232,0.27442788755588,-1.99368945748663,TRUE,TRUE
"Fe",3780,TRUE,31.390156062425,326.522964688136,0.265685765777032,-1.38240738883254,TRUE,TRUE
"Fe",3781,TRUE,31.2629051620648,309.882841634684,0.258981556376974,-0.082880053165703,TRUE,FALSE
"Fe",3782,TRUE,31.3583433373349,302.402123776964,0.25613385388447,-0.90772071113925,TRUE,FALSE
"Fe",3783,TRUE,31.2947178871549,390.079892364809,0.290452647123766,-0.484371651720821,TRUE,TRUE
"Fe",3784,TRUE,31.2629051620648,364.281792567908,0.280776027217019,-0.120036264663978,TRUE,TRUE
"Fe",3785,TRUE,31.3265306122449,377.118829264898,0.285699845702842,-0.757204875989943,TRUE,TRUE
"Fe",3786,TRUE,31.1674669867947,388.118253853202,0.28972974858798,0.783429625132617,TRUE,TRUE
"Fe",3787,TRUE,31.2310924369748,293.145766351197,0.251433149710838,0.148298409785646,TRUE,FALSE
"Fe",3788,TRUE,31.2629051620648,330.048782087849,0.266585826922792,-0.211117248502031,TRUE,TRUE
"Fe",3789,TRUE,31.390156062425,293.710101115549,0.252128900682271,-1.30396764221114,TRUE,FALSE
"Fe",3790,TRUE,31.3265306122449,315.188769223243,0.261022143168288,-0.728955961551796,TRUE,FALSE
"Fe",3791,TRUE,31.2629051620648,299.529519172589,0.254384339791422,-0.0978178481394174,TRUE,FALSE
"Fe",3792,TRUE,31.1992797118848,301.483401158964,0.255225292901106,0.546317045312564,TRUE,FALSE
"Fe",3793,TRUE,31.390156062425,248.982339203482,0.231768402265851,-1.33921041932387,TRUE,FALSE
"Fe",3794,TRUE,31.2947178871549,376.996582220827,0.286007864388215,-0.391997598324884,TRUE,TRUE
"Fe",3795,TRUE,31.3583433373349,242.969389915117,0.228861213765817,-1.05729267477614,TRUE,FALSE
"Fe",3796,TRUE,31.421968787515,380.355737269737,0.28715007599006,-1.64789163204368,TRUE,TRUE
"Fe",3797,TRUE,31.453781512605,296.626685633775,0.25306360293335,-2.04921509109617,TRUE,FALSE
"Fe",3798,TRUE,31.421968787515,310.801128702878,0.25965901177588,-1.58651439661457,TRUE,FALSE
"Fe",3799,TRUE,31.2947178871549,309.97335092308,0.2585806530923,-0.485464676191683,TRUE,FALSE
"Fe",3800,TRUE,31.2629051620648,322.30422156238,0.264147288381092,-0.0600037895203239,TRUE,TRUE
"Fe",3801,TRUE,31.2947178871549,316.368855232135,0.261472786654702,-0.444445862387599,TRUE,TRUE
"Fe",3802,TRUE,31.3265306122449,346.468042575519,0.273870103922847,-0.72255301246444,TRUE,TRUE
"Fe",3803,TRUE,31.3265306122449,350.412703540496,0.27543055636442,-0.712332102238371,TRUE,TRUE
"Fe",3804,TRUE,31.2947178871549,328.161697676998,0.266714919703064,-0.312827365663837,TRUE,TRUE
"Fe",3805,TRUE,31.3265306122449,331.044812353386,0.267770893837232,-0.68353234892989,TRUE,TRUE
"Fe",3806,TRUE,31.3265306122449,304.2468295308,0.256196283707825,-0.804663175834879,TRUE,FALSE
"Fe",3807,TRUE,31.2310924369748,335.774660502903,0.269461314708265,0.185871357733644,TRUE,TRUE
"Fe",3808,TRUE,31.2629051620648,360.899887834216,0.279340098380183,-0.126465240412196,TRUE,TRUE
"Fe",3809,TRUE,31.390156062425,308.4800887044,0.258457497513478,-1.27464839659954,TRUE,FALSE
"Fe",3810,TRUE,31.3265306122449,255.180555458806,0.23448582479314,-0.769398653207879,TRUE,FALSE
"Fe",3811,TRUE,31.390156062425,277.461396983211,0.244945715420675,-1.31614178426691,TRUE,FALSE
"Fe",3812,TRUE,31.3583433373349,319.869194472768,0.262833479567272,-1.0836964267546,TRUE,TRUE
"Fe",3813,TRUE,31.3265306122449,314.290618142239,0.260796886240539,-0.70727256528285,TRUE,FALSE
"Fe",3814,TRUE,31.3583433373349,336.740175059957,0.269969978996627,-1.04953437274481,TRUE,TRUE
"Fe",3815,TRUE,31.2629051620648,325.565486446712,0.265282684555119,-0.104445482176639,TRUE,TRUE
"Fe",3816,TRUE,31.3265306122449,335.902659257886,0.269550500033773,-0.711472671642097,TRUE,TRUE
"Fe",3817,TRUE,31.3265306122449,285.008811761438,0.248032687830989,-0.756590681494986,TRUE,FALSE
"Fe",3818,TRUE,31.3265306122449,319.206604884046,0.262751771856888,-0.713622322358479,TRUE,TRUE
"Fe",3819,TRUE,31.3265306122449,341.036590858443,0.271774689357225,-0.682006418924464,TRUE,TRUE
"Fe",3820,TRUE,31.2947178871549,377.138980185353,0.286215793095317,-0.351168272615065,TRUE,TRUE
"Fe",3821,TRUE,31.2629051620648,302.775416481443,0.255997894251211,-0.0793157098173708,TRUE,FALSE
"Fe",3822,TRUE,31.4855942376951,272.760582170849,0.242697684939336,-2.29292667899463,TRUE,FALSE
"Fe",3823,TRUE,31.2947178871549,309.468646363824,0.258605084522707,-0.453440524735105,TRUE,FALSE
"Fe",3824,TRUE,31.3583433373349,295.929726194749,0.252889079551322,-1.03938654148757,TRUE,FALSE
"Fe",3825,TRUE,31.2629051620648,290.255704230659,0.250378415515165,-0.0967343277662989,TRUE,FALSE
"Fe",3826,TRUE,31.2629051620648,324.202808197067,0.264726169901507,-0.103803314478747,TRUE,TRUE
"Fe",3827,TRUE,31.3583433373349,251.703858941576,0.233269307455301,-0.937718214420551,TRUE,FALSE
"Fe",3828,TRUE,31.2310924369748,348.232374033215,0.27475238310416,0.280874758280122,TRUE,TRUE
"Fe",3829,TRUE,31.2947178871549,338.860561697904,0.270879659097608,-0.401593383330432,TRUE,TRUE
"Fe",3830,TRUE,31.1992797118848,301.212450987775,0.254932162569961,0.523412020667824,TRUE,FALSE
"Fe",3831,TRUE,31.390156062425,279.68650311209,0.245693556991966,-1.3953248004808,TRUE,FALSE
"Fe",3832,TRUE,31.3265306122449,306.424282908793,0.25706586454678,-0.797471814289549,TRUE,FALSE
"Fe",3833,TRUE,31.2947178871549,383.213277852694,0.287889399670112,-0.49774412995697,TRUE,TRUE
"Fe",3834,TRUE,31.2310924369748,285.584908791875,0.248020822453001,0.147610595922342,TRUE,FALSE
"Fe",3835,TRUE,31.3265306122449,369.09203294106,0.283127698461694,-0.661214046757423,TRUE,TRUE
"Fe",3836,TRUE,31.3265306122449,347.115043023999,0.274046587215799,-0.728878260986759,TRUE,TRUE
"Fe",3837,TRUE,31.3265306122449,321.208936651187,0.26354755580885,-0.75985805102358,TRUE,TRUE
"Fe",3838,TRUE,31.2629051620648,338.660031865207,0.270943735036165,-0.0239087132005136,TRUE,TRUE
"Fe",3839,TRUE,31.3583433373349,305.567794272882,0.257089842655333,-1.01651888389638,TRUE,FALSE
"Fe",3840,TRUE,31.1674669867947,387.794970707038,0.290034234512934,0.89504246436443,TRUE,TRUE
"Fe",3841,TRUE,31.2947178871549,374.215938568933,0.284974458698568,-0.392191098274757,TRUE,TRUE
"Fe",3842,TRUE,31.421968787515,290.563036792271,0.250862552349381,-1.60722183575819,TRUE,FALSE
"Fe",3843,TRUE,31.3583433373349,299.56805583583,0.254688492228705,-0.974866339804484,TRUE,FALSE
"Fe",3844,TRUE,31.4855942376951,292.711436377023,0.251544861203783,-2.25610252240564,TRUE,FALSE
"Fe",3845,TRUE,31.390156062425,302.944290439959,0.255661500772846,-1.41676833022717,TRUE,FALSE
"Fe",3846,TRUE,31.390156062425,335.793127719728,0.2699073500597,-1.30267076716246,TRUE,TRUE
"Fe",3847,TRUE,31.1038415366146,308.101444655076,0.257640118136162,1.40795378777506,TRUE,FALSE
"Fe",3848,TRUE,31.4855942376951,356.326313809864,0.277906862272178,-2.26453933274128,TRUE,TRUE
"Fe",3849,TRUE,31.2629051620648,302.079271180476,0.255722285149327,-0.0412997558725843,TRUE,FALSE
"Fe",3850,TRUE,31.2629051620648,255.699288753742,0.234832113928271,-0.0926750257433316,TRUE,FALSE
"Fe",3851,TRUE,31.3265306122449,294.661528292226,0.252235783257705,-0.757453118899557,TRUE,FALSE
"Fe",3852,TRUE,31.421968787515,307.617526612863,0.257718448191794,-1.69442635109703,TRUE,FALSE
"Fe",3853,TRUE,31.3265306122449,282.850182616318,0.246902385702759,-0.78423633278618,TRUE,FALSE
"Fe",3854,TRUE,31.2310924369748,279.838681931001,0.245792380551914,0.204889933159121,TRUE,FALSE
"Fe",3855,TRUE,31.2629051620648,260.97238309604,0.237737469008709,0.0493919970109435,TRUE,FALSE
"Fe",3856,TRUE,31.2947178871549,367.373702409031,0.282113725807519,-0.424639815672888,TRUE,TRUE
"Fe",3857,TRUE,31.2310924369748,284.940474356107,0.248653377105195,0.360146714289151,TRUE,FALSE
"Fe",3858,TRUE,31.453781512605,345.821154390117,0.273554771829914,-2.00722979660445,TRUE,TRUE
"Fe",3859,TRUE,31.2629051620648,298.15508531492,0.253805120378327,-0.0899468160891046,TRUE,FALSE
"Fe",3860,TRUE,31.3265306122449,339.191465745982,0.27074244154483,-0.775367818004407,TRUE,TRUE
"Fe",3861,TRUE,31.2947178871549,376.445588188346,0.285885824691614,-0.330240999734423,TRUE,TRUE
"Fe",3862,TRUE,31.3583433373349,279.251061373116,0.245763347114862,-0.995908249583958,TRUE,FALSE
"Fe",3863,TRUE,31.3265306122449,370.947206905436,0.283496184894442,-0.727642756901432,TRUE,TRUE
"Fe",3864,TRUE,31.2947178871549,309.661271869676,0.258534074146338,-0.492692073290795,TRUE,FALSE
"Fe",3865,TRUE,31.2947178871549,369.567240089507,0.282816454585366,-0.428612744207192,TRUE,TRUE
"Fe",3866,TRUE,31.2947178871549,365.872233658601,0.281748625967041,-0.374827321703927,TRUE,TRUE
"Fe",3867,TRUE,31.2947178871549,329.817774181687,0.266880438106373,-0.473243776853592,TRUE,TRUE
"Fe",3868,TRUE,31.3265306122449,271.673643056927,0.242114362982039,-0.781028091771724,TRUE,FALSE
"Fe",3869,TRUE,31.1992797118848,297.802853856957,0.253389763545867,0.480590200058323,TRUE,FALSE
"Fe",3870,TRUE,31.390156062425,286.900024023815,0.249022883462086,-1.35727793214342,TRUE,FALSE
"Fe",3871,TRUE,31.390156062425,375.767674268092,0.28530906055957,-1.38413596700579,TRUE,TRUE
"Fe",3872,TRUE,31.3583433373349,260.614848080005,0.237293507174093,-1.01517900377436,TRUE,FALSE
"Fe",3873,TRUE,31.3583433373349,298.520086512566,0.254165648018012,-1.0021379129677,TRUE,FALSE
"Fe",3874,TRUE,31.2629051620648,296.201332552789,0.252727317068908,-0.179822326013048,TRUE,FALSE
"Fe",3875,TRUE,31.3265306122449,338.125849744188,0.270675901643183,-0.665214060764794,TRUE,TRUE
"Fe",3876,TRUE,31.2947178871549,277.067693148358,0.244880400977918,-0.302364761782544,TRUE,FALSE
"Fe",3877,TRUE,31.421968787515,255.509970994513,0.234769713667034,-1.70568074688433,TRUE,FALSE
"Fe",3878,TRUE,31.453781512605,308.195307837016,0.258341144404843,-1.93132375865941,TRUE,FALSE
"Fe",3879,TRUE,31.2947178871549,309.072840112194,0.258408488563125,-0.42868803001864,TRUE,FALSE
"Fe",3880,TRUE,31.390156062425,345.849244018443,0.273697815933429,-1.31384202692457,TRUE,TRUE
"Fe",3881,TRUE,31.453781512605,274.119156052535,0.243364261755141,-1.94606306311897,TRUE,FALSE
"Fe",3882,TRUE,31.421968787515,313.220172118144,0.260278360905547,-1.64379206207679,TRUE,FALSE
"Fe",3883,TRUE,31.390156062425,293.586466827437,0.251551055905697,-1.44120045981732,TRUE,FALSE
"Fe",3884,TRUE,31.3583433373349,354.637525744392,0.277452385918536,-0.927986715065455,TRUE,TRUE
"Fe",3885,TRUE,31.2947178871549,269.465711269406,0.241193253940835,-0.372856762321066,TRUE,FALSE
"Fe",3886,TRUE,31.2629051620648,306.462466112726,0.25723217182293,-0.125346638348829,TRUE,FALSE
"Fe",3887,TRUE,31.3265306122449,320.345660997272,0.263310417890563,-0.693953808602066,TRUE,TRUE
"Fe",3888,TRUE,31.1992797118848,299.443792451588,0.254053388789152,0.467557528833969,TRUE,FALSE
"Fe",3889,TRUE,31.2947178871549,358.838728021647,0.278511066698748,-0.446657834554051,TRUE,TRUE
"Fe",3890,TRUE,31.2947178871549,327.536111156793,0.266383079096939,-0.376635464226455,TRUE,TRUE
"Fe",3891,TRUE,31.2310924369748,307.243789556864,0.257386799433129,0.141791351459693,TRUE,FALSE
"Fe",3892,TRUE,31.3265306122449,276.424625035804,0.244673856239186,-0.655802782164373,TRUE,FALSE
"Fe",3893,TRUE,31.453781512605,319.891136792275,0.262957090253103,-1.98155441797518,TRUE,TRUE
"Fe",3894,TRUE,31.2947178871549,287.656929939918,0.249562892463389,-0.335077096320196,TRUE,FALSE
"Fe",3895,TRUE,31.2947178871549,348.485746696581,0.274674331581898,-0.417446871769057,TRUE,TRUE
"Fe",3896,TRUE,31.3583433373349,335.987981995292,0.269470537372228,-1.09484602549235,TRUE,TRUE
"Fe",3897,TRUE,31.2629051620648,356.503259101884,0.277804327332615,-0.101194330777872,TRUE,TRUE
"Fe",3898,TRUE,31.3265306122449,398.476260466824,0.294037379063681,-0.736642973096604,TRUE,TRUE
"Fe",3899,TRUE,31.453781512605,297.299017299953,0.25343903373007,-1.97524287458815,TRUE,FALSE
"Fe",3900,TRUE,31.390156062425,325.36079203155,0.265287713891231,-1.36990334119024,TRUE,TRUE
"Fe",3901,TRUE,31.2629051620648,337.032953324204,0.270399780726542,-0.0204153114919159,TRUE,TRUE
"Fe",3902,TRUE,31.3265306122449,355.254508638429,0.277757242325326,-0.618891816305016,TRUE,TRUE
"Fe",3903,TRUE,31.2629051620648,307.683104507544,0.257607545450346,-0.156072225653317,TRUE,FALSE
"Fe",3904,TRUE,31.2629051620648,333.618472438918,0.269047363492054,0.00704595252972565,TRUE,TRUE
"Fe",3905,TRUE,31.2629051620648,286.018271309366,0.248358713596603,-0.167087819955076,TRUE,FALSE
"Fe",3906,TRUE,31.2310924369748,283.929537391714,0.247885098583727,0.269433595054312,TRUE,FALSE
"Fe",3907,TRUE,31.3265306122449,344.833096541662,0.273069664572271,-0.773012604038896,TRUE,TRUE
"Fe",3908,TRUE,31.4855942376951,290.761851864226,0.250552428862272,-2.31617889322645,TRUE,FALSE
"Fe",3909,TRUE,31.3265306122449,351.72752702568,0.27624784640657,-0.66759990043712,TRUE,TRUE
"Fe",3910,TRUE,31.3583433373349,334.710239269337,0.268822469450333,-1.12689256593543,TRUE,TRUE
"Fe",3911,TRUE,31.4855942376951,342.661336103185,0.272508788987379,-2.24842891446091,TRUE,TRUE
"Fe",3912,TRUE,31.3265306122449,316.743450184007,0.26131828262178,-0.83472091243974,TRUE,TRUE
"Fe",3913,TRUE,31.390156062425,394.224204536369,0.292615455331763,-1.34260713776751,TRUE,TRUE
"Fe",3914,TRUE,31.453781512605,312.056155468102,0.260153127397952,-1.80532242275738,TRUE,FALSE
"Fe",3915,TRUE,31.390156062425,283.827228665094,0.247873936010359,-1.31226666896683,TRUE,FALSE
"Fe",3916,TRUE,31.5492196878751,273.667059061487,0.243081183943423,-2.92037396383593,TRUE,FALSE
"Fe",3917,TRUE,31.2947178871549,306.253176681252,0.257451434746194,-0.356093458443953,TRUE,FALSE
"Fe",3918,TRUE,31.3265306122449,274.380702220557,0.24343453459721,-0.742507775879197,TRUE,FALSE
"Fe",3919,TRUE,31.2629051620648,316.411842766645,0.261570828501978,-0.0928343460800867,TRUE,TRUE
"Fe",3920,TRUE,31.2310924369748,375.26704634805,0.285220177272638,0.193479811683036,TRUE,TRUE
"Fe",3921,TRUE,31.421968787515,338.108249257801,0.270514291613824,-1.67355900240931,TRUE,TRUE
"Fe",3922,TRUE,31.1992797118848,305.043327027412,0.256847223944169,0.565916299197647,TRUE,FALSE
"Fe",3923,TRUE,31.2629051620648,322.612968088269,0.26414186554232,-0.094739683505144,TRUE,TRUE
"Fe",3924,TRUE,31.3583433373349,345.308541079893,0.273368056950209,-1.00443437868774,TRUE,TRUE
"Fe",3925,TRUE,31.3265306122449,267.620747034806,0.240328050228683,-0.744088486196827,TRUE,FALSE
"Fe",3926,TRUE,31.3265306122449,359.983471620202,0.279085458438017,-0.753388789142003,TRUE,TRUE
"Fe",3927,TRUE,31.2947178871549,348.77948763191,0.274938635468744,-0.403944560972252,TRUE,TRUE
"Fe",3928,TRUE,31.3265306122449,335.601579975882,0.269643972163888,-0.684618147943695,TRUE,TRUE
"Fe",3929,TRUE,31.2947178871549,298.229790772976,0.253803228177521,-0.422493859453019,TRUE,FALSE
"Fe",3930,TRUE,31.390156062425,287.583370072418,0.249130092395463,-1.40167571434787,TRUE,FALSE
"Fe",3931,TRUE,31.3265306122449,259.230254674247,0.236805436459053,-0.620963401800917,TRUE,FALSE
"Fe",3932,TRUE,31.390156062425,380.898950837233,0.287226910164254,-1.38635931376347,TRUE,TRUE
"Fe",3933,TRUE,31.3583433373349,296.875543877751,0.25340623626471,-1.0266642667544,TRUE,FALSE
"Fe",3934,TRUE,31.390156062425,325.706068238614,0.265256886676532,-1.38797496539906,TRUE,TRUE
"Fe",3935,TRUE,31.421968787515,281.819801915516,0.246696413944323,-1.67243323985453,TRUE,FALSE
"Fe",3936,TRUE,31.2629051620648,327.524148978501,0.266480373738554,0.00682711750080564,TRUE,TRUE
"Fe",3937,TRUE,31.3265306122449,302.554345515801,0.255789459130713,-0.731477006357151,TRUE,FALSE
"Fe",3938,TRUE,31.453781512605,275.587117767977,0.243788258170955,-2.02974620758105,TRUE,FALSE
"Fe",3939,TRUE,31.390156062425,353.946916461403,0.276943597045305,-1.34914105512803,TRUE,TRUE
"Fe",3940,TRUE,31.3265306122449,384.518412011304,0.288866014646097,-0.689367117679624,TRUE,TRUE
"Fe",3941,TRUE,31.390156062425,299.886534394227,0.254734331359855,-1.30049190258475,TRUE,FALSE
"Fe",3942,TRUE,31.390156062425,272.536794833067,0.242271961652763,-1.45076776027709,TRUE,FALSE
"Fe",3943,TRUE,31.3265306122449,293.025044654725,0.251539399087448,-0.746708760189648,TRUE,FALSE
"Fe",3944,TRUE,31.2947178871549,324.259391387734,0.264427598130687,-0.520470317002342,TRUE,TRUE
"Fe",3945,TRUE,31.3265306122449,332.517353527549,0.268208329809359,-0.764713922824208,TRUE,TRUE
"Fe",3946,TRUE,31.390156062425,348.178652665193,0.274822598162437,-1.30315734091499,TRUE,TRUE
"Fe",3947,TRUE,31.3265306122449,327.650326210509,0.266314198707641,-0.667725270381393,TRUE,TRUE
"Fe",3948,TRUE,31.2629051620648,249.957540150736,0.232348824667856,-0.0927113916057866,TRUE,FALSE
"Fe",3949,TRUE,31.421968787515,330.638084997878,0.267494375054088,-1.66709329401838,TRUE,TRUE
"Fe",3950,TRUE,31.3265306122449,268.304988869225,0.240993750575499,-0.641557590000337,TRUE,FALSE
"Fe",3951,TRUE,31.421968787515,312.349432425908,0.259822166436683,-1.70609493371314,TRUE,FALSE
"Fe",3952,TRUE,31.390156062425,243.702961755604,0.229387673096466,-1.34482189506024,TRUE,FALSE
"Fe",3953,TRUE,31.3265306122449,319.200999355391,0.263063316131542,-0.643903758692029,TRUE,TRUE
"Fe",3954,TRUE,31.2947178871549,349.016723672503,0.274878312726035,-0.42656232784324,TRUE,TRUE
"Fe",3955,TRUE,31.2947178871549,289.033316243075,0.249913851652142,-0.407318803141631,TRUE,FALSE
"Fe",3956,TRUE,31.2947178871549,370.525654615393,0.283302556420855,-0.428541512328759,TRUE,TRUE
"Fe",3957,TRUE,31.2947178871549,325.458424417771,0.264933515136146,-0.520246710112413,TRUE,TRUE
"Fe",3958,TRUE,31.3265306122449,295.159229218287,0.252466562511479,-0.722100652777533,TRUE,FALSE
"Fe",3959,TRUE,31.421968787515,335.59644387426,0.269729467320151,-1.609602122551,TRUE,TRUE
"Fe",3960,TRUE,31.390156062425,256.394339658925,0.235213982230599,-1.35440188781272,TRUE,FALSE
"Fe",3961,TRUE,31.3265306122449,336.259043812771,0.269808861436301,-0.707729255638668,TRUE,TRUE
"Fe",3962,TRUE,31.2629051620648,344.336739898567,0.273073131804305,-0.0912684737214978,TRUE,TRUE
"Fe",3963,TRUE,31.2629051620648,340.597155583181,0.27161205866715,-0.083898853031902,TRUE,TRUE
"Fe",3964,TRUE,31.2947178871549,274.051032495225,0.243551624856087,-0.352418978398102,TRUE,FALSE
"Fe",3965,TRUE,31.3583433373349,258.760921027576,0.236764074300915,-0.920680877509962,TRUE,FALSE
"Fe",3966,TRUE,31.2310924369748,310.0564797304,0.258585095249195,0.152413389921026,TRUE,FALSE
"Fe",3967,TRUE,31.390156062425,330.654509017357,0.267379721429881,-1.41601459070556,TRUE,TRUE
"Fe",3968,TRUE,31.2629051620648,295.476452775065,0.25251394868751,-0.132274553434227,TRUE,FALSE
"Fe",3969,TRUE,31.2947178871549,273.429378315369,0.242955172963989,-0.372621094327223,TRUE,FALSE
"Fe",3970,TRUE,31.2947178871549,339.681753034243,0.271205865810511,-0.405025825766749,TRUE,TRUE
"Fe",3971,TRUE,31.3265306122449,317.045571975978,0.261426223869876,-0.811137806801012,TRUE,TRUE
"Fe",3972,TRUE,31.3265306122449,281.635599477699,0.246677975406527,-0.697959256913517,TRUE,FALSE
"Fe",3973,TRUE,31.2947178871549,321.144983090905,0.263494692191252,-0.421623203673978,TRUE,TRUE
"Fe",3974,TRUE,31.3583433373349,370.73598470665,0.283474449467858,-1.05168895153085,TRUE,TRUE
"Fe",3975,TRUE,31.2310924369748,328.150583786568,0.266596392230575,0.246561943393219,TRUE,TRUE
"Fe",3976,TRUE,31.2629051620648,295.202308657802,0.252569416498173,-0.109574919408523,TRUE,FALSE
"Fe",3977,TRUE,31.2629051620648,323.863582889753,0.265018715133904,-0.0113418545705469,TRUE,TRUE
"Fe",3978,TRUE,31.453781512605,236.123880101912,0.225447053258995,-2.03340309342738,TRUE,FALSE
"Fe",3979,TRUE,31.2629051620648,311.54672265579,0.259559205543,-0.12506935942047,TRUE,FALSE
"Fe",3980,TRUE,31.3265306122449,311.114641173997,0.259158577906094,-0.789872689347391,TRUE,FALSE
"Fe",3981,TRUE,31.390156062425,272.500737087099,0.242561379784923,-1.35951325318534,TRUE,FALSE
"Fe",3982,TRUE,31.2310924369748,299.172778816931,0.254155330634232,0.221581517897059,TRUE,FALSE
"Fe",3983,TRUE,31.390156062425,279.688704742176,0.245873339411469,-1.34838660928439,TRUE,FALSE
"Fe",3984,TRUE,31.1992797118848,319.787175646728,0.262653092863005,0.471687619454926,TRUE,TRUE
"Fe",3985,TRUE,31.3265306122449,306.17769036179,0.257296116282749,-0.721089636257907,TRUE,FALSE
"Fe",3986,TRUE,31.2947178871549,324.637999421569,0.265151504224087,-0.325424909295469,TRUE,TRUE
"Fe",3987,TRUE,31.3265306122449,321.467573751431,0.263807558913857,-0.697887418419819,TRUE,TRUE
"Fe",3988,TRUE,31.2947178871549,332.89189866845,0.268724089203966,-0.306950889862958,TRUE,TRUE
"Fe",3989,TRUE,31.2947178871549,367.165241817594,0.281691915353241,-0.490879898497165,TRUE,TRUE
"Fe",3990,TRUE,31.2629051620648,304.474909789299,0.256649541012568,-0.0757368885442709,TRUE,FALSE
"Fe",3991,TRUE,31.2629051620648,338.390561090237,0.270610786987733,-0.0788690194672087,TRUE,TRUE
"Fe",3992,TRUE,31.3265306122449,278.648945923206,0.245470705940326,-0.688740602491796,TRUE,FALSE
"Fe",3993,TRUE,31.453781512605,287.989062952843,0.249423656255383,-1.97872414070144,TRUE,FALSE
"Fe",3994,TRUE,31.390156062425,333.874319304936,0.268992206856298,-1.31027450338542,TRUE,TRUE
"Fe",3995,TRUE,31.390156062425,330.104604459912,0.267191460475172,-1.37248256825418,TRUE,TRUE
"Fe",3996,TRUE,31.2310924369748,335.977310508058,0.269764492772061,0.262562951699227,TRUE,TRUE
"Fe",3997,TRUE,31.2629051620648,269.996397401233,0.241259185723752,-0.142413065462754,TRUE,FALSE
"Fe",3998,TRUE,31.2629051620648,309.647497396831,0.258579642262173,-0.119178563314359,TRUE,FALSE
"Fe",3999,TRUE,31.1992797118848,317.909051964833,0.262072388854515,0.514428616752128,TRUE,TRUE
"Fe",4000,TRUE,31.1992797118848,334.458984539861,0.269018569822141,0.607112814369627,TRUE,TRUE
"Fe",4001,TRUE,31.2310924369748,295.968782198052,0.252890333502617,0.223196673642659,TRUE,FALSE
"Fe",4002,TRUE,31.2310924369748,350.670974961525,0.275480847254276,0.202745858590694,TRUE,TRUE
"Fe",4003,TRUE,31.2947178871549,343.728509971628,0.273055135294261,-0.324615612579528,TRUE,TRUE
"Fe",4004,TRUE,31.3583433373349,252.075832489753,0.233328892368371,-0.982722901007472,TRUE,FALSE
"Fe",4005,TRUE,31.3265306122449,319.918692634244,0.263056491826733,-0.750839829869367,TRUE,TRUE
"Fe",4006,TRUE,31.1674669867947,281.983066903589,0.246467267149689,0.794359037828426,TRUE,FALSE
"Fe",4007,TRUE,31.2947178871549,294.356612869456,0.252235339054152,-0.433498028634875,TRUE,FALSE
"Fe",4008,TRUE,31.3265306122449,281.579653425226,0.246352938715567,-0.790366066939202,TRUE,FALSE
"Fe",4009,TRUE,31.2947178871549,293.615775620203,0.251679115310417,-0.49293296160016,TRUE,FALSE
"Fe",4010,TRUE,31.390156062425,251.393736385114,0.232651087612544,-1.43324324233251,TRUE,FALSE
"Fe",4011,TRUE,31.390156062425,305.339062736802,0.257074842513368,-1.32392049612162,TRUE,FALSE
"Fe",4012,TRUE,31.2947178871549,346.95234248728,0.274360231001113,-0.320425775889857,TRUE,TRUE
"Fe",4013,TRUE,31.2629051620648,305.26567107099,0.256656210661678,-0.11883292085792,TRUE,FALSE
"Fe",4014,TRUE,31.2947178871549,377.951466181796,0.285697675623434,-0.521551185839975,TRUE,TRUE
"Fe",4015,TRUE,31.4855942376951,281.099662627845,0.246504897392942,-2.24237758787481,TRUE,FALSE
"Fe",4016,TRUE,31.3265306122449,333.870823044515,0.268660013994166,-0.762351383229544,TRUE,TRUE
"Fe",4017,TRUE,31.390156062425,352.508494782782,0.276401463977588,-1.34260170731363,TRUE,TRUE
"Fe",4018,TRUE,31.2629051620648,285.335634764338,0.248359412852893,-0.0928206238909925,TRUE,FALSE
"Fe",4019,TRUE,31.2947178871549,275.60625406233,0.243808311079899,-0.441852808967342,TRUE,FALSE
"Fe",4020,TRUE,31.2310924369748,299.650332213428,0.254211333961807,0.175813299570932,TRUE,FALSE
"Fe",4021,TRUE,31.3583433373349,309.469624095629,0.258563646994219,-1.06824398552935,TRUE,FALSE
"Fe",4022,TRUE,31.1992797118848,283.83846604002,0.247412057022435,0.501734564855314,TRUE,FALSE
"Fe",4023,TRUE,31.3583433373349,309.402648773086,0.258829178624499,-0.957354064845545,TRUE,FALSE
"Fe",4024,TRUE,31.4855942376951,265.935494243279,0.239610162835034,-2.29326007112842,TRUE,FALSE
"Fe",4025,TRUE,31.2947178871549,300.033921169932,0.254331670171506,-0.463065308827832,TRUE,FALSE
"Fe",4026,TRUE,31.390156062425,328.180427354864,0.266616089832089,-1.31834002108779,TRUE,TRUE
"Fe",4027,TRUE,31.390156062425,303.199898982662,0.256066143830504,-1.36392588765662,TRUE,FALSE
"Fe",4028,TRUE,31.2310924369748,400.009280565113,0.294087560479508,0.127496847197867,TRUE,TRUE
"Fe",4029,TRUE,31.453781512605,360.30485571941,0.279367378635902,-1.96297428147419,TRUE,TRUE
"Fe",4030,TRUE,31.1674669867947,242.509128700629,0.228367737017577,0.7766765966417,TRUE,FALSE
"Fe",4031,TRUE,31.2947178871549,301.98649345785,0.255246627028625,-0.492047237756783,TRUE,FALSE
"Fe",4032,TRUE,31.3583433373349,294.868976651,0.252510880429181,-1.02830522600381,TRUE,FALSE
"Fe",4033,TRUE,31.2629051620648,306.800386651889,0.257461322669633,-0.110342492542361,TRUE,FALSE
"Fe",4034,TRUE,31.3583433373349,363.529326011584,0.280612901275952,-1.05036762747299,TRUE,TRUE
"Fe",4035,TRUE,31.2310924369748,308.957442344821,0.25856300647755,0.243751602644698,TRUE,FALSE
"Fe",4036,TRUE,31.3265306122449,319.827893708995,0.263120839121317,-0.731488718781576,TRUE,TRUE
"Fe",4037,TRUE,31.421968787515,287.432286703329,0.249022828730846,-1.72294154500866,TRUE,FALSE
"Fe",4038,TRUE,31.3265306122449,367.103831196432,0.281962987787871,-0.770842360442706,TRUE,TRUE
"Fe",4039,TRUE,31.4855942376951,231.255672586055,0.223239861990087,-2.27871305485868,TRUE,FALSE
"Fe",4040,TRUE,31.3583433373349,394.918713630753,0.29291116132994,-0.965956339045904,TRUE,TRUE
"Fe",4041,TRUE,31.2310924369748,316.425708758568,0.261599329931251,0.219100419220713,TRUE,TRUE
"Fe",4042,TRUE,31.390156062425,306.670164850531,0.257711248501102,-1.28133609695686,TRUE,FALSE
"Fe",4043,TRUE,31.3265306122449,336.994526384577,0.269845722134665,-0.768449929226539,TRUE,TRUE
"Fe",4044,TRUE,31.453781512605,289.121501700742,0.249909648652569,-1.94253414493593,TRUE,FALSE
"Fe",4045,TRUE,31.2629051620648,329.867851411533,0.266930355872416,-0.147096425079821,TRUE,TRUE
"Fe",4046,TRUE,31.3583433373349,338.57728865186,0.271036533033357,-0.965789729154294,TRUE,TRUE
"Fe",4047,TRUE,31.3265306122449,341.099305961473,0.271654685099906,-0.745127750546008,TRUE,TRUE
"Fe",4048,TRUE,31.453781512605,299.718650535814,0.254410665398207,-2.03214615068542,TRUE,FALSE
"Fe",4049,TRUE,31.2310924369748,323.255450366482,0.264277045603842,0.163715403018789,TRUE,TRUE
"Fe",4050,TRUE,31.2947178871549,392.890081881309,0.291796752194257,-0.435554407734422,TRUE,TRUE
"Fe",4051,TRUE,31.1674669867947,268.006650178987,0.240399816508664,0.843959047704326,TRUE,FALSE
"Fe",4052,TRUE,31.1992797118848,313.717078151446,0.260427252869263,0.545968781809521,TRUE,FALSE
"Fe",4053,TRUE,31.2629051620648,360.337589368059,0.279404147633697,-0.0454698059635556,TRUE,TRUE
"Fe",4054,TRUE,31.3583433373349,322.514484675611,0.26380417118139,-1.12906584856342,TRUE,TRUE
"Fe",4055,TRUE,31.421968787515,348.932845248722,0.274677663875797,-1.69916306617287,TRUE,TRUE
"Fe",4056,TRUE,31.2947178871549,302.175493212564,0.255659578706035,-0.373157846556001,TRUE,FALSE
"Fe",4057,TRUE,31.2629051620648,328.416645898214,0.266574284627639,-0.0811339007751402,TRUE,TRUE
"Fe",4058,TRUE,31.3265306122449,325.979737135365,0.265587913606217,-0.696221463561544,TRUE,TRUE
"Fe",4059,TRUE,31.2629051620648,349.874606929119,0.275188010838899,-0.112511371074355,TRUE,TRUE
"Fe",4060,TRUE,31.3265306122449,324.706226909399,0.265076439793097,-0.722760298944489,TRUE,TRUE
"Fe",4061,TRUE,31.3583433373349,270.600429942535,0.24140956704809,-1.09046894839524,TRUE,FALSE
"Fe",4062,TRUE,31.2629051620648,356.270313459247,0.277815288399635,-0.0804283903385145,TRUE,TRUE
"Fe",4063,TRUE,31.4855942376951,305.305673237555,0.25678921890726,-2.29685808161467,TRUE,FALSE
"Fe",4064,TRUE,31.421968787515,300.075300885976,0.254866302228973,-1.59604573360927,TRUE,FALSE
"Fe",4065,TRUE,31.1992797118848,326.384006086803,0.265558221376643,0.539078337862908,TRUE,TRUE
"Fe",4066,TRUE,31.2629051620648,350.242507102141,0.275197596906365,-0.151534459044699,TRUE,TRUE
"Fe",4067,TRUE,31.3583433373349,336.458652886095,0.269739951315411,-1.05530102227056,TRUE,TRUE
"Fe",4068,TRUE,31.1674669867947,293.423977977768,0.251975102330491,0.901793841510003,TRUE,FALSE
"Fe",4069,TRUE,31.2310924369748,337.903691534494,0.270239610423554,0.211144584652333,TRUE,TRUE
"Fe",4070,TRUE,31.2310924369748,292.566808126865,0.251404651869293,0.222586862320146,TRUE,FALSE
"Fe",4071,TRUE,31.390156062425,363.723230329637,0.281071321709976,-1.32023894154256,TRUE,TRUE
"Fe",4072,TRUE,31.2947178871549,258.548334731077,0.236279025727196,-0.391943557463362,TRUE,FALSE
"Fe",4073,TRUE,31.3265306122449,317.945056598584,0.261771257782428,-0.80425278204364,TRUE,TRUE
"Fe",4074,TRUE,31.390156062425,339.094116777108,0.270943148604262,-1.36645915200974,TRUE,TRUE
"Fe",4075,TRUE,31.2629051620648,306.777211627022,0.257712378561223,-0.0747232241335064,TRUE,FALSE
"Fe",4076,TRUE,31.3583433373349,331.981898803333,0.267886614404017,-1.08617286623965,TRUE,TRUE
"Fe",4077,TRUE,31.2947178871549,321.929884585677,0.263840831630846,-0.381498115313243,TRUE,TRUE
"Fe",4078,TRUE,31.1674669867947,300.459920008378,0.254794407622954,0.875881288161859,TRUE,FALSE
"Fe",4079,TRUE,31.5174069627851,223.236723027665,0.219331287740863,-2.61366900076972,TRUE,FALSE
"Fe",4080,TRUE,31.3265306122449,351.869551386021,0.276026573847148,-0.7536092320128,TRUE,TRUE
"Fe",4081,TRUE,31.3265306122449,337.934845957456,0.270508852237199,-0.745997321713745,TRUE,TRUE
"Fe",4082,TRUE,31.1674669867947,319.560519091474,0.262560018145161,0.805465071528666,TRUE,TRUE
"Fe",4083,TRUE,31.390156062425,363.635048853835,0.280685139797254,-1.31436910348032,TRUE,TRUE
"Fe",4084,TRUE,31.3265306122449,260.139133786732,0.236864724926168,-0.749622392674654,TRUE,FALSE
"Fe",4085,TRUE,31.3583433373349,335.023965100396,0.269446847671852,-0.962204129891093,TRUE,TRUE
"Fe",4086,TRUE,31.390156062425,342.537377843354,0.272232607014159,-1.41004979179936,TRUE,TRUE
"Fe",4087,TRUE,31.3265306122449,340.876693739443,0.271787978024249,-0.687037471156802,TRUE,TRUE
"Fe",4088,TRUE,31.2310924369748,318.48581985213,0.262401906304261,0.260838847085508,TRUE,TRUE
"Fe",4089,TRUE,31.2947178871549,327.649566817716,0.266396830806701,-0.393457362951575,TRUE,TRUE
"Fe",4090,TRUE,31.3265306122449,336.336560909401,0.270029970005948,-0.656884608571679,TRUE,TRUE
"Fe",4091,TRUE,31.390156062425,337.193371567442,0.270255041508619,-1.32559988328191,TRUE,TRUE
"Fe",4092,TRUE,31.3265306122449,257.626625785592,0.235665247736292,-0.750017215605166,TRUE,FALSE
"Fe",4093,TRUE,31.390156062425,315.873243470897,0.261695697869801,-1.23843232725343,TRUE,TRUE
"Fe",4094,TRUE,31.390156062425,307.101745856119,0.257938791332718,-1.30946218429677,TRUE,FALSE
"Fe",4095,TRUE,31.2947178871549,280.955336579309,0.246347736986857,-0.45580487502516,TRUE,FALSE
"Fe",4096,TRUE,31.421968787515,263.988059296306,0.238573348333199,-1.7269500496712,TRUE,FALSE
"Fe",4097,TRUE,31.453781512605,304.120839748333,0.256362343035347,-1.95662263281548,TRUE,FALSE
"Fe",4098,TRUE,31.3583433373349,294.468348189669,0.251946342808067,-1.14071639691977,TRUE,FALSE
"Fe",4099,TRUE,31.3265306122449,355.55560882785,0.277585064182669,-0.702772265263308,TRUE,TRUE
"Fe",4100,TRUE,31.5174069627851,360.943235745392,0.279240010114441,-2.72708930017696,TRUE,TRUE
"Fe",4101,TRUE,31.390156062425,329.676731856314,0.267438775156814,-1.25197625423671,TRUE,TRUE
"Fe",4102,TRUE,31.3265306122449,295.903235766301,0.252992662001257,-0.728671881760498,TRUE,FALSE
"Fe",4103,TRUE,31.2947178871549,296.623829061711,0.25304621219606,-0.421589479500429,TRUE,FALSE
"Fe",4104,TRUE,31.2310924369748,364.737390126547,0.281031136985283,0.228876721865241,TRUE,TRUE
"Fe",4105,TRUE,31.2629051620648,362.510098604828,0.280156549122073,-0.0926130257781765,TRUE,TRUE
"Fe",4106,TRUE,31.453781512605,337.662706683317,0.270352731354989,-2.01514160643819,TRUE,TRUE
"Fe",4107,TRUE,31.2310924369748,322.338092584032,0.26407269019277,0.254776976191771,TRUE,TRUE
"Fe",4108,TRUE,31.2629051620648,338.250919813893,0.270854501351738,-0.0600655713066149,TRUE,TRUE
"Fe",4109,TRUE,31.2947178871549,279.972809080866,0.246134971285769,-0.334696312573477,TRUE,FALSE
"Fe",4110,TRUE,31.390156062425,357.932893835565,0.278642116252109,-1.31772086894005,TRUE,TRUE
"Fe",4111,TRUE,31.2310924369748,278.541430131597,0.245037380459406,0.173370235438892,TRUE,FALSE
"Fe",4112,TRUE,31.2947178871549,329.576417162762,0.267308442659281,-0.327011014089943,TRUE,TRUE
"Fe",4113,TRUE,31.2629051620648,339.753571090632,0.271055534662759,-0.0894114435558011,TRUE,TRUE
"Fe",4114,TRUE,31.3265306122449,308.070918074111,0.257987329790528,-0.734678277892129,TRUE,FALSE
"Fe",4115,TRUE,31.2947178871549,332.706560683517,0.268649516430271,-0.305874500650509,TRUE,TRUE
"Fe",4116,TRUE,31.2629051620648,294.72642381991,0.252360303981121,-0.0928799317405235,TRUE,FALSE
"Fe",4117,TRUE,31.2629051620648,307.539184167965,0.257834538850406,-0.117058482814479,TRUE,FALSE
"Fe",4118,TRUE,31.3265306122449,301.742798196131,0.255269327275482,-0.763977244494609,TRUE,FALSE
"Fe",4119,TRUE,31.421968787515,322.31640054945,0.264231803085817,-1.64369351124955,TRUE,TRUE
"Fe",4120,TRUE,31.3583433373349,297.280741555234,0.25349188746115,-1.03745166004623,TRUE,FALSE
"Fe",4121,TRUE,31.4855942376951,302.225132411631,0.255651747426716,-2.28275276194986,TRUE,FALSE
"Fe",4122,TRUE,31.2947178871549,348.980369396895,0.274789560223433,-0.438851343754441,TRUE,TRUE
"Fe",4123,TRUE,31.2947178871549,323.368584524574,0.264365727610151,-0.446275730750404,TRUE,TRUE
"Fe",4124,TRUE,31.3583433373349,351.209741388884,0.275756046339325,-1.0682186807716,TRUE,TRUE
"Fe",4125,TRUE,31.5174069627851,283.132735864366,0.247549345914353,-2.56162167521094,TRUE,FALSE
"Fe",4126,TRUE,31.453781512605,313.249731170547,0.260184895650892,-1.98185105694404,TRUE,FALSE
"Fe",4127,TRUE,31.2947178871549,328.946054068511,0.266560277937636,-0.449388072241005,TRUE,TRUE
"Fe",4128,TRUE,31.3583433373349,299.552197582296,0.254452293294811,-1.04866627523299,TRUE,FALSE
"Fe",4129,TRUE,31.421968787515,340.148496293364,0.271097341087629,-1.72134523586942,TRUE,TRUE
"Fe",4130,TRUE,31.1674669867947,346.348726132109,0.274070513335453,0.939787412184479,TRUE,TRUE
"Fe",4131,TRUE,31.2947178871549,324.43042453468,0.265048787351732,-0.400548143571988,TRUE,TRUE
"Fe",4132,TRUE,31.453781512605,327.94053806371,0.266456747892924,-1.91564156513258,TRUE,TRUE
"Fe",4133,TRUE,31.2947178871549,319.376295574796,0.262673660240185,-0.440987453530948,TRUE,TRUE
"Fe",4134,TRUE,31.2947178871549,305.569286628807,0.256640969383728,-0.510719142062083,TRUE,FALSE
"Fe",4135,TRUE,31.3583433373349,277.194456757012,0.244334606296576,-1.0946169915425,TRUE,FALSE
"Fe",4136,TRUE,31.2947178871549,337.299014620479,0.270103998204873,-0.422781473435626,TRUE,TRUE
"Fe",4137,TRUE,31.2947178871549,340.346177779478,0.271016610824576,-0.519900015972741,TRUE,TRUE
"Fe",4138,TRUE,31.3265306122449,305.927505183393,0.257101472178128,-0.744549332532682,TRUE,FALSE
"Fe",4139,TRUE,31.1992797118848,313.191262084742,0.260278591872408,0.539903240265911,TRUE,FALSE
"Fe",4140,TRUE,31.1038415366146,317.507610288914,0.26179184031019,1.4735211396603,TRUE,TRUE
"Fe",4141,TRUE,31.2947178871549,364.323298083575,0.281060979457865,-0.360811092785752,TRUE,TRUE
"Fe",4142,TRUE,31.2947178871549,301.77220323379,0.255186350563742,-0.467570267548695,TRUE,FALSE
"Fe",4143,TRUE,31.2310924369748,319.608101066779,0.262316649315096,0.0896490085371397,TRUE,TRUE
"Fe",4144,TRUE,31.3265306122449,321.923211221165,0.264182081982264,-0.619010422686172,TRUE,TRUE
"Fe",4145,TRUE,31.2947178871549,372.674554468035,0.284191275356092,-0.393102981256531,TRUE,TRUE
"Fe",4146,TRUE,31.5174069627851,312.00509157725,0.259888028128826,-2.59197633868184,TRUE,FALSE
"Fe",4147,TRUE,31.390156062425,308.255170092587,0.25789253456922,-1.44530977688866,TRUE,FALSE
"Fe",4148,TRUE,31.4855942376951,346.641452782432,0.273980465359216,-2.33084054638471,TRUE,TRUE
"Fe",4149,TRUE,31.1992797118848,372.503088794395,0.284128253372477,0.537097372445407,TRUE,TRUE
"Fe",4150,TRUE,31.3583433373349,301.356632370751,0.255486556574349,-1.01107114723485,TRUE,FALSE
"Fe",4151,TRUE,31.2947178871549,249.74031497217,0.232282976532896,-0.383232749274731,TRUE,FALSE
"Fe",4152,TRUE,31.421968787515,370.002181166072,0.283511559136139,-1.62670700494013,TRUE,TRUE
"Fe",4153,TRUE,31.2629051620648,316.986377835694,0.26197890325289,-0.0661539125445826,TRUE,TRUE
"Fe",4154,TRUE,31.3583433373349,310.828972819733,0.259301421145622,-1.0130389298821,TRUE,FALSE
"Fe",4155,TRUE,31.2947178871549,403.29127168296,0.295699675901958,-0.413206464555544,TRUE,TRUE
"Fe",4156,TRUE,31.390156062425,293.362416207369,0.251535714677276,-1.40673527685932,TRUE,FALSE
"Fe",4157,TRUE,31.3265306122449,309.935973822488,0.258733595588558,-0.743429703685978,TRUE,FALSE
"Fe",4158,TRUE,31.2310924369748,367.138609056492,0.281901340127322,0.189228159530144,TRUE,TRUE
"Fe",4159,TRUE,31.2310924369748,304.096828258351,0.25648335590807,0.271385153880858,TRUE,FALSE
"Fe",4160,TRUE,31.2310924369748,304.263746610395,0.256455685570864,0.230626748817112,TRUE,FALSE
"Fe",4161,TRUE,31.421968787515,328.502853868839,0.266711818708986,-1.65812041686104,TRUE,TRUE
"Fe",4162,TRUE,31.3265306122449,332.731612813647,0.268159695258103,-0.775804616571264,TRUE,TRUE
"Fe",4163,TRUE,31.4855942376951,266.699371579329,0.240038936113527,-2.24742839705305,TRUE,FALSE
"Fe",4164,TRUE,31.3583433373349,363.597941590989,0.280605037904182,-1.08038230697805,TRUE,TRUE
"Fe",4165,TRUE,31.2947178871549,337.252350527968,0.270152937468643,-0.42308017107301,TRUE,TRUE
"Fe",4166,TRUE,31.2947178871549,301.614553665219,0.255030469033468,-0.4815021626722,TRUE,FALSE
"Fe",4167,TRUE,31.2947178871549,307.873226366236,0.258104162442853,-0.375113146374398,TRUE,FALSE
"Fe",4168,TRUE,31.2310924369748,342.110916302978,0.271901175913796,0.163330152403911,TRUE,TRUE
"Fe",4169,TRUE,31.2947178871549,344.378712471967,0.273000321189543,-0.440623398757469,TRUE,TRUE
"Fe",4170,TRUE,31.390156062425,330.320458636884,0.267389249418569,-1.34143291605767,TRUE,TRUE
"Fe",4171,TRUE,31.3583433373349,376.422407657474,0.285650369308181,-1.04378871240418,TRUE,TRUE
"Fe",4172,TRUE,31.3583433373349,312.451070329064,0.259789272828078,-1.10745914560845,TRUE,FALSE
"Fe",4173,TRUE,31.2629051620648,338.278840951186,0.2706041572784,-0.0969117806228487,TRUE,TRUE
"Fe",4174,TRUE,31.5174069627851,279.636330044926,0.24575069414062,-2.61155137972631,TRUE,FALSE
"Fe",4175,TRUE,31.2947178871549,363.557760474934,0.280542331335803,-0.412876064140363,TRUE,TRUE
"Fe",4176,TRUE,31.421968787515,398.483601457671,0.29380047327682,-1.72923804171673,TRUE,TRUE
"Fe",4177,TRUE,31.390156062425,308.599512576083,0.258445217924018,-1.2903898992509,TRUE,FALSE
"Fe",4178,TRUE,31.3583433373349,291.631403099997,0.250893460299061,-1.09255843513294,TRUE,FALSE
"Fe",4179,TRUE,31.2629051620648,341.592040350809,0.272163215816003,-0.0359041836308001,TRUE,TRUE
"Fe",4180,TRUE,31.390156062425,273.601497129409,0.243247040649878,-1.29495717108594,TRUE,FALSE
"Fe",4181,TRUE,31.3583433373349,339.835090957298,0.271238422361885,-1.03566478139905,TRUE,TRUE
"Fe",4182,TRUE,31.2947178871549,315.263614469749,0.261291963145747,-0.374716991750905,TRUE,FALSE
"Fe",4183,TRUE,31.2629051620648,322.071906142213,0.264221978480308,-0.053897696591903,TRUE,TRUE
"Fe",4184,TRUE,31.2947178871549,281.211173045593,0.246423203094644,-0.417070255860796,TRUE,FALSE
"Fe",4185,TRUE,31.3583433373349,296.557572016994,0.25335655263251,-0.998428045460084,TRUE,FALSE
"Fe",4186,TRUE,31.2947178871549,332.356816129614,0.268112052032116,-0.442869476479598,TRUE,TRUE
"Fe",4187,TRUE,31.1992797118848,335.939112475348,0.269468945512448,0.505737302201783,TRUE,TRUE
"Fe",4188,TRUE,31.3265306122449,297.877466219604,0.253496380868953,-0.754689262397261,TRUE,FALSE
"Fe",4189,TRUE,31.390156062425,276.187626497947,0.244424406389914,-1.27704120008437,TRUE,FALSE
"Fe",4190,TRUE,31.1356542617047,326.035846522195,0.265383525126899,1.17376188725499,TRUE,TRUE
"Fe",4191,TRUE,31.2947178871549,369.987123906433,0.283273768999234,-0.364479691003745,TRUE,TRUE
"Fe",4192,TRUE,31.2629051620648,304.038701333557,0.255899040683815,-0.207096229919199,TRUE,FALSE
"Fe",4193,TRUE,31.421968787515,290.909405786715,0.250490727760293,-1.72436834276374,TRUE,FALSE
"Fe",4194,TRUE,31.1356542617047,358.117358327527,0.278401966247589,1.18578353955288,TRUE,TRUE
"Fe",4195,TRUE,31.3265306122449,273.189762925495,0.242913933262923,-0.710887291938066,TRUE,FALSE
"Fe",4196,TRUE,31.390156062425,249.084317666517,0.232054039011605,-1.28565250514516,TRUE,FALSE
"Fe",4197,TRUE,31.453781512605,276.26616516977,0.244183132931564,-2.02299961147725,TRUE,FALSE
"Fe",4198,TRUE,31.3265306122449,283.310207783444,0.247630480914849,-0.661566029160056,TRUE,FALSE
"Fe",4199,TRUE,31.3583433373349,366.624814635631,0.282034435117619,-1.0035032821069,TRUE,TRUE
"Fe",4200,TRUE,31.2310924369748,357.798500637592,0.278469769854201,0.26030599043824,TRUE,TRUE
"Fe",4201,TRUE,31.421968787515,377.555518924064,0.28591179062439,-1.7270422069192,TRUE,TRUE
"Fe",4202,TRUE,31.3583433373349,269.80224376696,0.24142483372227,-0.9812434748205,TRUE,FALSE
"Fe",4203,TRUE,31.421968787515,310.798411245758,0.259279011763976,-1.68366933799565,TRUE,FALSE
"Fe",4204,TRUE,31.2629051620648,380.851083959936,0.287035760627457,-0.143099640328723,TRUE,TRUE
"Fe",4205,TRUE,31.390156062425,294.512885464003,0.252282203916954,-1.34177703247167,TRUE,FALSE
"Fe",4206,TRUE,31.1674669867947,359.184856181214,0.279142961002824,0.916540821663561,TRUE,TRUE
"Fe",4207,TRUE,31.2947178871549,327.418521341971,0.266090584266885,-0.426285734289441,TRUE,TRUE
"Fe",4208,TRUE,31.2310924369748,278.322833323779,0.24520744646064,0.226479937751812,TRUE,FALSE
"Fe",4209,TRUE,31.3583433373349,320.69191099552,0.263272381095116,-1.06695429084748,TRUE,TRUE
"Fe",4210,TRUE,31.3265306122449,294.329779940726,0.252198645533288,-0.725606669811286,TRUE,FALSE
"Fe",4211,TRUE,31.2629051620648,307.637940119782,0.257452493094428,-0.187172333729313,TRUE,FALSE
"Fe",4212,TRUE,31.2629051620648,315.519874556789,0.261738195926581,0.0242412001192739,TRUE,FALSE
"Fe",4213,TRUE,31.2310924369748,280.690264001243,0.246367201431947,0.260166029542717,TRUE,FALSE
"Fe",4214,TRUE,31.3265306122449,290.964774223063,0.250935817399343,-0.612637978864044,TRUE,FALSE
"Fe",4215,TRUE,31.2310924369748,369.466561957778,0.282752158797516,0.166526113239501,TRUE,TRUE
"Fe",4216,TRUE,31.3583433373349,362.512919730158,0.28033305797464,-1.03910357352515,TRUE,TRUE
"Fe",4217,TRUE,31.3265306122449,312.246644641602,0.259843482899474,-0.736425184605273,TRUE,FALSE
"Fe",4218,TRUE,31.1356542617047,395.570563018437,0.292798193506585,1.15568696167153,TRUE,TRUE
"Fe",4219,TRUE,31.2947178871549,331.701106806266,0.268257595989835,-0.350237918979814,TRUE,TRUE
"Fe",4220,TRUE,31.390156062425,359.688981848688,0.278974771539102,-1.38726146150946,TRUE,TRUE
"Fe",4221,TRUE,31.3265306122449,314.044100916238,0.260529256633802,-0.738333301021304,TRUE,FALSE
"Fe",4222,TRUE,31.2947178871549,353.730462391177,0.276845241728693,-0.376452946864054,TRUE,TRUE
"Fe",4223,TRUE,31.2947178871549,330.716275130395,0.267432701921192,-0.449424885130386,TRUE,TRUE
"Fe",4224,TRUE,31.3265306122449,350.196744205373,0.275400567626015,-0.738150208582922,TRUE,TRUE
"Fe",4225,TRUE,31.2629051620648,321.344101106307,0.263711727362493,-0.0575502670087581,TRUE,TRUE
"Fe",4226,TRUE,31.2947178871549,286.000964341976,0.248492276244907,-0.413281093415423,TRUE,FALSE
"Fe",4227,TRUE,31.3265306122449,378.793411297253,0.286314687745536,-0.772033861731485,TRUE,TRUE
"Fe",4228,TRUE,31.1992797118848,357.298798430102,0.277896445259733,0.501693835450179,TRUE,TRUE
"Fe",4229,TRUE,31.2947178871549,335.58264946274,0.269505754431546,-0.423813658976588,TRUE,TRUE
"Fe",4230,TRUE,31.3265306122449,242.89329949428,0.229014247347271,-0.687965366714763,TRUE,FALSE
"Fe",4231,TRUE,31.390156062425,311.549433179436,0.259457227300392,-1.36339704541297,TRUE,FALSE
"Fe",4232,TRUE,31.390156062425,341.324573211661,0.271808679354224,-1.34190169674256,TRUE,TRUE
"Fe",4233,TRUE,31.2629051620648,291.777287390911,0.250884993176929,-0.105904087157311,TRUE,FALSE
"Fe",4234,TRUE,31.3265306122449,313.103968336063,0.260162630884491,-0.767167281478182,TRUE,FALSE
"Fe",4235,TRUE,31.2629051620648,314.746805782135,0.261308140236488,-0.00301888795923443,TRUE,FALSE
"Fe",4236,TRUE,31.2310924369748,294.96429887529,0.252224398956934,0.184407310580387,TRUE,FALSE
"Fe",4237,TRUE,31.2947178871549,310.771431009815,0.259281973211541,-0.393983298880353,TRUE,FALSE
"Fe",4238,TRUE,31.2310924369748,361.01585009407,0.279667851739624,0.286789920596677,TRUE,TRUE
"Fe",4239,TRUE,31.453781512605,261.117374670579,0.237391258728061,-1.9367913678186,TRUE,FALSE
"Fe",4240,TRUE,31.3583433373349,291.926195521638,0.251063894875076,-1.06449250765389,TRUE,FALSE
"Fe",4241,TRUE,31.453781512605,307.510802484215,0.258058919589662,-1.94090778429095,TRUE,FALSE
"Fe",4242,TRUE,31.2629051620648,282.425669051709,0.246849548901419,-0.125428146238007,TRUE,FALSE
"Fe",4243,TRUE,31.3583433373349,307.54355865197,0.257781351063238,-1.03677428497395,TRUE,FALSE
"Fe",4244,TRUE,31.3583433373349,274.362196631686,0.243457032807851,-1.032936980213,TRUE,FALSE
"Fe",4245,TRUE,31.2629051620648,379.491615899268,0.286788362945302,-0.0907394154168168,TRUE,TRUE
"Fe",4246,TRUE,31.3583433373349,365.235117726627,0.281270183234322,-1.05162092283674,TRUE,TRUE
"Fe",4247,TRUE,31.421968787515,292.431683949531,0.251274920657364,-1.68226419077337,TRUE,FALSE
"Fe",4248,TRUE,31.3265306122449,339.712010835143,0.271334410441701,-0.68702760608708,TRUE,TRUE
"Fe",4249,TRUE,31.2629051620648,298.650782004229,0.25380292819661,-0.150960100437942,TRUE,FALSE
"Fe",4250,TRUE,31.3583433373349,286.440785347667,0.248610183004949,-1.05448402586829,TRUE,FALSE
"Fe",4251,TRUE,31.3265306122449,376.007146120056,0.285863451012556,-0.620191649067794,TRUE,TRUE
"Fe",4252,TRUE,31.2310924369748,316.537745741637,0.261245231258588,0.12679121159928,TRUE,TRUE
"Fe",4253,TRUE,31.1992797118848,346.609308896403,0.273723621086763,0.476970088682788,TRUE,TRUE
"Fe",4254,TRUE,31.2629051620648,320.906310255436,0.263528458213724,-0.0474534710238979,TRUE,TRUE
"Fe",4255,TRUE,31.2947178871549,330.81892466436,0.267711284569299,-0.392343991822044,TRUE,TRUE
"Fe",4256,TRUE,31.3265306122449,308.643110052457,0.258419660561808,-0.693553165136897,TRUE,FALSE
"Fe",4257,TRUE,31.3265306122449,287.046720184358,0.249289476833765,-0.68027854029636,TRUE,FALSE
"Fe",4258,TRUE,31.453781512605,320.412774158181,0.263358002458739,-1.97142597901816,TRUE,TRUE
"Fe",4259,TRUE,31.3265306122449,282.054242565486,0.246769788766387,-0.692752993130037,TRUE,FALSE
"Fe",4260,TRUE,31.421968787515,356.291378935162,0.277831236209796,-1.67768863676614,TRUE,TRUE
"Fe",4261,TRUE,31.3583433373349,354.87285938156,0.277270351826009,-1.03816949534052,TRUE,TRUE
"Fe",4262,TRUE,31.3265306122449,318.730166317852,0.262488414039207,-0.766468731163004,TRUE,TRUE
"Fe",4263,TRUE,31.3583433373349,302.064175516241,0.255176497403445,-1.13597951071275,TRUE,FALSE
"Fe",4264,TRUE,31.3265306122449,339.859794802117,0.271097369262695,-0.752693931726314,TRUE,TRUE
"Fe",4265,TRUE,31.2310924369748,302.383602118043,0.255494276123382,0.178645837123233,TRUE,FALSE
"Fe",4266,TRUE,31.1356542617047,286.318302637585,0.248346628640975,1.11536262814764,TRUE,FALSE
"Fe",4267,TRUE,31.1674669867947,276.850784780866,0.24448401818241,0.834466005444853,TRUE,FALSE
"Fe",4268,TRUE,31.2947178871549,301.828881688828,0.255624632769487,-0.287695688830002,TRUE,FALSE
"Fe",4269,TRUE,31.2947178871549,329.672989852678,0.267096060888235,-0.398875443896758,TRUE,TRUE
"Fe",4270,TRUE,31.3583433373349,292.007389539254,0.251263985557565,-1.00681628038588,TRUE,FALSE
"Fe",4271,TRUE,31.1992797118848,328.155716599215,0.266456846703607,0.556651375539769,TRUE,TRUE
"Fe",4272,TRUE,31.2310924369748,308.052154359328,0.257945127444574,0.181256874038791,TRUE,FALSE
"Fe",4273,TRUE,31.2947178871549,311.017747244592,0.259248937751172,-0.435968422155786,TRUE,FALSE
"Fe",4274,TRUE,31.2629051620648,324.984903974817,0.265247690702467,-0.0681539518871211,TRUE,TRUE
"Fe",4275,TRUE,31.2947178871549,335.464010351183,0.269324916366004,-0.442744778231396,TRUE,TRUE
"Fe",4276,TRUE,31.421968787515,355.161255079553,0.277293230145572,-1.71979851878516,TRUE,TRUE
"Fe",4277,TRUE,31.3265306122449,371.557103034384,0.283213436000461,-0.862725420589597,TRUE,TRUE
"Fe",4278,TRUE,31.2947178871549,254.808410303199,0.23496970699564,-0.250979387546097,TRUE,FALSE
"Fe",4279,TRUE,31.1674669867947,360.920229754106,0.279548403041929,0.841827380313648,TRUE,TRUE
"Fe",4280,TRUE,31.3265306122449,289.664543743423,0.250494520079818,-0.633078176303366,TRUE,FALSE
"Fe",4281,TRUE,31.390156062425,415.441115862551,0.300385733643413,-1.34625899954752,TRUE,TRUE
"Fe",4282,TRUE,31.421968787515,323.77534794355,0.264619795740752,-1.70010427674614,TRUE,TRUE
"Fe",4283,TRUE,31.3265306122449,351.171553647813,0.275506636340567,-0.768667335782741,TRUE,TRUE
"Fe",4284,TRUE,31.3583433373349,333.048689651964,0.268446713821789,-1.02766125957886,TRUE,TRUE
"Fe",4285,TRUE,31.421968787515,322.15823646072,0.263899512303513,-1.69656304875791,TRUE,TRUE
"Fe",4286,TRUE,31.453781512605,246.445202282387,0.230784135346418,-1.95265547593978,TRUE,FALSE
"Fe",4287,TRUE,31.2947178871549,320.749547227776,0.263703212086037,-0.300574930488551,TRUE,TRUE
"Fe",4288,TRUE,31.2947178871549,321.980877715499,0.263769701191081,-0.437026853353734,TRUE,TRUE
"Fe",4289,TRUE,31.421968787515,365.020170157268,0.281271496272784,-1.65531766452219,TRUE,TRUE
"Fe",4290,TRUE,31.390156062425,323.86357316753,0.264672310898642,-1.37855147144655,TRUE,TRUE
"Fe",4291,TRUE,31.390156062425,319.113286939143,0.262637961842229,-1.36394909287135,TRUE,TRUE
"Fe",4292,TRUE,31.3265306122449,364.100289189238,0.2803157505517,-0.87851904952521,TRUE,TRUE
"Fe",4293,TRUE,31.5492196878751,306.152264354225,0.257383310092574,-2.84632563404926,TRUE,FALSE
"Fe",4294,TRUE,31.2947178871549,353.81550420926,0.276941417314454,-0.39260109892735,TRUE,TRUE
"Fe",4295,TRUE,31.2947178871549,320.689540253032,0.262976511803858,-0.51071045358621,TRUE,TRUE
"Fe",4296,TRUE,31.1992797118848,278.052564580509,0.245254987453472,0.596893182519193,TRUE,FALSE
"Fe",4297,TRUE,31.1992797118848,304.462309585606,0.25640757448869,0.523717608846361,TRUE,FALSE
"Fe",4298,TRUE,31.2629051620648,221.096540494834,0.218479416687483,0.00113676178165179,TRUE,FALSE
"Fe",4299,TRUE,31.2310924369748,263.734511581973,0.238457951667423,0.20175937450676,TRUE,FALSE
"Fe",4300,TRUE,31.390156062425,314.263104991266,0.26097154875909,-1.28509252252532,TRUE,FALSE
"Fe",4301,TRUE,31.2629051620648,292.602282917233,0.25180981546106,-0.0309819823957933,TRUE,FALSE
"Fe",4302,TRUE,31.3265306122449,283.985154719538,0.247810922664718,-0.667569390527246,TRUE,FALSE
"Fe",4303,TRUE,31.390156062425,291.380175571179,0.251076629309771,-1.31067668354775,TRUE,FALSE
"Fe",4304,TRUE,31.1992797118848,305.707603609236,0.256854830573906,0.495182118095202,TRUE,FALSE
"Fe",4305,TRUE,31.2310924369748,385.184533657665,0.288980047190637,0.210221882882658,TRUE,TRUE
"Fe",4306,TRUE,31.1674669867947,252.196270780064,0.233021074855881,0.79769724409815,TRUE,FALSE
"Fe",4307,TRUE,31.5492196878751,345.097737409912,0.273399792868787,-2.89208087360103,TRUE,TRUE
"Fe",4308,TRUE,31.1674669867947,365.554371845775,0.281401772280393,0.87390340808367,TRUE,TRUE
"Fe",4309,TRUE,31.453781512605,304.625798691898,0.256418845970651,-2.06870836765357,TRUE,FALSE
"Fe",4310,TRUE,31.3583433373349,353.59725402458,0.277098495218927,-0.973583865982246,TRUE,TRUE
"Fe",4311,TRUE,31.2310924369748,342.640213718873,0.272052092291871,0.172696689996931,TRUE,TRUE
"Fe",4312,TRUE,31.2310924369748,388.903741485323,0.290395493816428,0.244567146096338,TRUE,TRUE
"Fe",4313,TRUE,31.2310924369748,302.727261522833,0.255894716376926,0.218865935120488,TRUE,FALSE
"Fe",4314,TRUE,31.3265306122449,315.454373524157,0.260781241380102,-0.806160227324271,TRUE,FALSE
"Fe",4315,TRUE,31.421968787515,274.786750549718,0.243618846536714,-1.63290688420273,TRUE,FALSE
"Fe",4316,TRUE,31.2947178871549,345.282874632617,0.273507011269539,-0.41564535525003,TRUE,TRUE
"Fe",4317,TRUE,31.2310924369748,338.57493611107,0.270829567938965,0.260248836159454,TRUE,TRUE
"Fe",4318,TRUE,31.390156062425,368.505162685986,0.282321759638339,-1.43061751837055,TRUE,TRUE
"Fe",4319,TRUE,31.3583433373349,355.755693750034,0.277784006485285,-1.02731464031887,TRUE,TRUE
"Fe",4320,TRUE,31.2947178871549,289.808815608086,0.249937339852824,-0.463049334563022,TRUE,FALSE
"Fe",4321,TRUE,31.2310924369748,351.504617689978,0.275856792706194,0.197374983604583,TRUE,TRUE
"Fe",4322,TRUE,31.3265306122449,329.464256213781,0.267086745198651,-0.70427273522244,TRUE,TRUE
"Fe",4323,TRUE,31.1992797118848,299.549630170707,0.254196119538911,0.518188726314227,TRUE,FALSE
"Fe",4324,TRUE,31.2947178871549,258.42422793633,0.236021457524177,-0.450222245365931,TRUE,FALSE
"Fe",4325,TRUE,31.3583433373349,311.597609441431,0.259494039066396,-1.04233022471214,TRUE,FALSE
"Fe",4326,TRUE,31.2310924369748,319.120065120744,0.262729239318756,0.2425723949071,TRUE,TRUE
"Fe",4327,TRUE,31.2947178871549,310.991083201958,0.259255700502,-0.423583381228143,TRUE,FALSE
"Fe",4328,TRUE,31.3265306122449,318.140653394233,0.262392506646363,-0.719143322084488,TRUE,TRUE
"Fe",4329,TRUE,31.2629051620648,270.669656196159,0.241693547727553,-0.105513528203979,TRUE,FALSE
"Fe",4330,TRUE,31.3265306122449,341.873947130734,0.272267621199953,-0.645885015851724,TRUE,TRUE
"Fe",4331,TRUE,31.1992797118848,296.42205332494,0.253371238026831,0.629530238914789,TRUE,FALSE
"Fe",4332,TRUE,31.453781512605,283.935545949135,0.247830004173434,-1.93512816279182,TRUE,FALSE
"Fe",4333,TRUE,31.390156062425,304.070909426185,0.256387123276431,-1.3383286412503,TRUE,FALSE
"Fe",4334,TRUE,31.1992797118848,336.922950385786,0.270054178210048,0.572173183166028,TRUE,TRUE
"Fe",4335,TRUE,31.2947178871549,293.0011190649,0.25167445396741,-0.348137915692313,TRUE,FALSE
"Fe",4336,TRUE,31.390156062425,272.3147495512,0.242373275245884,-1.3806392457295,TRUE,FALSE
"Fe",4337,TRUE,31.2629051620648,309.395749161103,0.258653206716472,-0.070472107371133,TRUE,FALSE
"Fe",4338,TRUE,31.4855942376951,304.070008716279,0.256515504254891,-2.22453038398786,TRUE,FALSE
"Fe",4339,TRUE,31.2629051620648,279.684909962557,0.245577622732151,-0.146997311554056,TRUE,FALSE
"Fe",4340,TRUE,31.390156062425,300.344446575692,0.254896246604245,-1.33417022508809,TRUE,FALSE
"Fe",4341,TRUE,31.390156062425,312.241816779493,0.259855510656501,-1.33564239228786,TRUE,FALSE
"Fe",4342,TRUE,31.421968787515,306.389303188654,0.25725461490445,-1.70243820227965,TRUE,FALSE
"Fe",4343,TRUE,31.3583433373349,318.463128531223,0.262251872466436,-1.10264786679657,TRUE,TRUE
"Fe",4344,TRUE,31.3583433373349,333.581990414247,0.268784794165285,-1.01176915828485,TRUE,TRUE
"Fe",4345,TRUE,31.2629051620648,297.225919396399,0.253305090988633,-0.116607799508549,TRUE,FALSE
"Fe",4346,TRUE,31.1674669867947,279.586546726497,0.245662449676525,0.840443200129273,TRUE,FALSE
"Fe",4347,TRUE,31.3583433373349,269.485658676145,0.240827472015794,-1.1205138970284,TRUE,FALSE
"Fe",4348,TRUE,31.2629051620648,330.570351086082,0.267411412062807,-0.067071535979484,TRUE,TRUE
"Fe",4349,TRUE,31.2947178871549,319.856859810894,0.262859903624531,-0.466584439345377,TRUE,TRUE
"Fe",4350,TRUE,31.2310924369748,319.367929113413,0.262585307921399,0.172320066119683,TRUE,TRUE
"Fe",4351,TRUE,31.2629051620648,273.345213962666,0.242772334966926,-0.131335163423087,TRUE,FALSE
"Fe",4352,TRUE,31.2947178871549,350.118732270086,0.275253689840755,-0.411455218452374,TRUE,TRUE
"Fe",4353,TRUE,31.2947178871549,356.398880251472,0.277741374235452,-0.449156577379603,TRUE,TRUE
"Fe",4354,TRUE,31.1992797118848,296.518782488272,0.252948521455668,0.499189094192373,TRUE,FALSE
"Fe",4355,TRUE,31.5810324129652,329.307880657242,0.267029240458092,3.11439253927239,TRUE,TRUE
"Fe",4356,TRUE,31.2310924369748,301.864391973137,0.255163664781726,0.158289859201793,TRUE,FALSE
"Fe",4357,TRUE,31.2947178871549,260.435282826786,0.236750789076325,-0.514248643931418,TRUE,FALSE
"Fe",4358,TRUE,31.3583433373349,252.294727900195,0.233348690740908,-1.04963847324501,TRUE,FALSE
"Fe",4359,TRUE,31.2947178871549,282.3113012995,0.246905256597997,-0.408614998795289,TRUE,FALSE
"Fe",4360,TRUE,31.3583433373349,257.294761198418,0.235595771818584,-1.05170334542953,TRUE,FALSE
"Fe",4361,TRUE,31.2629051620648,316.333309621288,0.26162897395594,-0.0661038099495784,TRUE,TRUE
"Fe",4362,TRUE,31.3583433373349,229.779748114012,0.222646708540807,-1.02651220118794,TRUE,FALSE
"Fe",4363,TRUE,31.3583433373349,295.324881646735,0.252642347818971,-1.06724417831002,TRUE,FALSE
"Fe",4364,TRUE,31.3583433373349,388.626651775226,0.290272851612613,-1.04921030655093,TRUE,TRUE
"Fe",4365,TRUE,31.1992797118848,341.725767392389,0.271768288857981,0.505214742226896,TRUE,TRUE
"Fe",4366,TRUE,31.3265306122449,242.95985273672,0.228821088682286,-0.761914131595957,TRUE,FALSE
"Fe",4367,TRUE,31.421968787515,313.719804526275,0.260576730134163,-1.62209411247131,TRUE,FALSE
"Fe",4368,TRUE,31.2947178871549,324.731337500405,0.265143603740739,-0.364275064239593,TRUE,TRUE
"Fe",4369,TRUE,31.3583433373349,301.668199110104,0.255406890918207,-1.04436550218782,TRUE,FALSE
"Fe",4370,TRUE,31.2947178871549,315.857415281127,0.261179476561818,-0.452267982602451,TRUE,TRUE
"Fe",4371,TRUE,31.421968787515,364.566853060964,0.280808801825331,-1.75181465043339,TRUE,TRUE
"Fe",4372,TRUE,31.3583433373349,286.329554200561,0.248858776216025,-1.00508510410464,TRUE,FALSE
"Fe",4373,TRUE,31.421968787515,269.262801637794,0.241102125997149,-1.66794651992829,TRUE,FALSE
"Fe",4374,TRUE,31.3265306122449,269.043123210911,0.24097750351927,-0.756609011716717,TRUE,FALSE
"Fe",4375,TRUE,31.3583433373349,275.280201607491,0.243923818952531,-1.02899858655223,TRUE,FALSE
"Fe",4376,TRUE,31.3583433373349,354.746551226262,0.27709853863133,-1.04588701466034,TRUE,TRUE
"Fe",4377,TRUE,31.2310924369748,368.503211101723,0.282489543561693,0.235275542041062,TRUE,TRUE
"Fe",4378,TRUE,31.1992797118848,268.012680776196,0.240602970421789,0.58434258861472,TRUE,FALSE
"Fe",4379,TRUE,31.2310924369748,314.421736968372,0.260428944064656,0.152232116347469,TRUE,FALSE
"Fe",4380,TRUE,31.3583433373349,354.590037630803,0.277339049546535,-1.01809735426664,TRUE,TRUE
"Fe",4381,TRUE,31.2629051620648,282.381502456999,0.247250223750452,-0.00421253703257708,TRUE,FALSE
"Fe",4382,TRUE,31.1992797118848,260.53037005219,0.236768428547848,0.434651190611826,TRUE,FALSE
"Fe",4383,TRUE,31.2310924369748,337.07884726854,0.269813687664761,0.164865700530178,TRUE,TRUE
"Fe",4384,TRUE,31.1674669867947,329.400990444696,0.267135103414957,0.908676905959942,TRUE,TRUE
"Fe",4385,TRUE,31.2629051620648,363.891521880433,0.280481681050193,-0.151407591704354,TRUE,TRUE
"Fe",4386,TRUE,31.3583433373349,294.042683018341,0.251991005247491,-1.06630410417891,TRUE,FALSE
"Fe",4387,TRUE,31.3265306122449,346.451965133959,0.274272520832308,-0.634358519930634,TRUE,TRUE
"Fe",4388,TRUE,31.3583433373349,292.093846247593,0.251474932201265,-0.998210895523077,TRUE,FALSE
"Fe",4389,TRUE,31.421968787515,308.201093730351,0.258138346732897,-1.67038268578223,TRUE,FALSE
"Fe",4390,TRUE,31.3265306122449,325.009757340608,0.265189612099323,-0.772726521404428,TRUE,TRUE
"Fe",4391,TRUE,31.4855942376951,282.005923900229,0.24688917519708,-2.24967367889407,TRUE,FALSE
"Fe",4392,TRUE,31.3265306122449,282.140688790372,0.247134650567063,-0.632876217424396,TRUE,FALSE
"Fe",4393,TRUE,31.421968787515,358.634573476589,0.278310329655465,-1.77180483150306,TRUE,TRUE
"Fe",4394,TRUE,31.3265306122449,314.159669236507,0.260836071131137,-0.66283347844888,TRUE,FALSE
"Fe",4395,TRUE,31.3583433373349,258.882670076546,0.236428292976729,-0.994335528885836,TRUE,FALSE
"Fe",4396,TRUE,31.390156062425,300.437139696821,0.255158568786065,-1.28847762204413,TRUE,FALSE
"Fe",4397,TRUE,31.2629051620648,343.433053172662,0.272546230410042,-0.10357497656887,TRUE,TRUE
"Fe",4398,TRUE,31.3583433373349,289.559534050015,0.250080886616544,-1.09179717848443,TRUE,FALSE
"Fe",4399,TRUE,31.2629051620648,352.408700062602,0.276503693955268,-0.0404923119175734,TRUE,TRUE
"Fe",4400,TRUE,31.2310924369748,351.053578802823,0.274941530035164,0.0644444910315003,TRUE,TRUE
"Fe",4401,TRUE,31.3265306122449,367.44722191339,0.282232040228823,-0.709519782327954,TRUE,TRUE
"Fe",4402,TRUE,31.2947178871549,378.60084907909,0.286873547288749,-0.296683588655648,TRUE,TRUE
"Fe",4403,TRUE,31.5174069627851,287.040374693188,0.249241456627815,-2.51834061152533,TRUE,FALSE
"Fe",4404,TRUE,31.3265306122449,301.909449346073,0.254887118773372,-0.886204359460723,TRUE,FALSE
"Fe",4405,TRUE,31.3265306122449,349.843128603992,0.275158513072643,-0.756083462627578,TRUE,TRUE
"Fe",4406,TRUE,31.3265306122449,333.538514117829,0.268642337922375,-0.736917514710851,TRUE,TRUE
"Fe",4407,TRUE,31.2629051620648,305.905080267624,0.256734518043389,-0.169225687798571,TRUE,FALSE
"Fe",4408,TRUE,31.2310924369748,343.681406453697,0.272768271673608,0.234702753529356,TRUE,TRUE
"Fe",4409,TRUE,31.2947178871549,324.293905899745,0.265128081244451,-0.371386835998552,TRUE,TRUE
"Fe",4410,TRUE,31.2629051620648,321.164214853709,0.263453882299744,-0.11078584102979,TRUE,TRUE
"Fe",4411,TRUE,31.4855942376951,257.791073317427,0.235909481850767,-2.26340209813487,TRUE,FALSE
"Fe",4412,TRUE,31.2310924369748,312.548173950792,0.259877844749982,0.214914784431814,TRUE,FALSE
"Fe",4413,TRUE,31.2310924369748,284.563385217295,0.247557587676872,0.113690724584,TRUE,FALSE
"Fe",4414,TRUE,31.4855942376951,253.904596941752,0.234028169976628,-2.31772757392008,TRUE,FALSE
"Fe",4415,TRUE,31.3265306122449,283.69075444683,0.247573816818816,-0.703668795397698,TRUE,FALSE
"Fe",4416,TRUE,31.3265306122449,370.76533619998,0.283551192196215,-0.716746636198701,TRUE,TRUE
"Fe",4417,TRUE,31.390156062425,311.941566868657,0.259261553704643,-1.48336405692626,TRUE,FALSE
"Fe",4418,TRUE,31.3265306122449,274.078822374619,0.243026071959435,-0.786542414842942,TRUE,FALSE
"Fe",4419,TRUE,31.3265306122449,361.860378124845,0.279971811132604,-0.7476883586044,TRUE,TRUE
"Fe",4420,TRUE,31.3265306122449,324.914326646547,0.264675305382098,-0.85871265290767,TRUE,TRUE
"Fe",4421,TRUE,31.421968787515,328.789585207104,0.266602784631878,-1.77404192395526,TRUE,TRUE
"Fe",4422,TRUE,31.2629051620648,393.65103281537,0.292385828607524,-0.0327746249968596,TRUE,TRUE
"Fe",4423,TRUE,31.390156062425,334.544465306078,0.269186077710671,-1.35030919045321,TRUE,TRUE
"Fe",4424,TRUE,31.421968787515,300.861700860182,0.254937788463025,-1.69806593477739,TRUE,FALSE
"Fe",4425,TRUE,31.3265306122449,333.58477015683,0.269141813356257,-0.634165154496465,TRUE,TRUE
"Fe",4426,TRUE,31.3265306122449,348.642786491602,0.274880846698231,-0.692397129488895,TRUE,TRUE
"Fe",4427,TRUE,31.1356542617047,259.952048371888,0.236463488332284,1.07551467332764,TRUE,FALSE
"Fe",4428,TRUE,31.1674669867947,276.17954016008,0.243920173005646,0.800177475262024,TRUE,FALSE
"Fe",4429,TRUE,31.3265306122449,291.547155949945,0.251258723167669,-0.622690103257792,TRUE,FALSE
"Fe",4430,TRUE,31.2947178871549,363.377477860011,0.28069526858678,-0.378536945286016,TRUE,TRUE
"Fe",4431,TRUE,31.3583433373349,258.898874429665,0.236571626612157,-1.00523474490915,TRUE,FALSE
"Fe",4432,TRUE,31.390156062425,336.073498848303,0.269901141633365,-1.33220538899868,TRUE,TRUE
"Fe",4433,TRUE,31.2947178871549,296.69362440731,0.253330058526206,-0.391598638679716,TRUE,FALSE
"Fe",4434,TRUE,31.3265306122449,279.333390353523,0.245945519054304,-0.640580301396716,TRUE,FALSE
"Fe",4435,TRUE,31.1038415366146,287.713450014671,0.249429349120623,1.53569978106393,TRUE,FALSE
"Fe",4436,TRUE,31.2310924369748,299.97612781151,0.254562992094318,0.203009232340409,TRUE,FALSE
"Fe",4437,TRUE,31.2947178871549,309.058581356112,0.258560368884205,-0.385163326766638,TRUE,FALSE
"Fe",4438,TRUE,31.3583433373349,282.449294232235,0.247340508500388,-0.95531679753327,TRUE,FALSE
"Fe",4439,TRUE,31.2310924369748,272.40768034405,0.242497581364204,0.207835096591051,TRUE,FALSE
"Fe",4440,TRUE,31.3265306122449,275.556132196065,0.24394242722936,-0.711116818208788,TRUE,FALSE
"Fe",4441,TRUE,31.1674669867947,329.670861114524,0.266886785629535,0.810526547128962,TRUE,TRUE
"Fe",4442,TRUE,31.2629051620648,351.782543614301,0.275819522627163,-0.104142497950557,TRUE,TRUE
"Fe",4443,TRUE,31.2947178871549,314.200046194363,0.260794287917258,-0.368702538232889,TRUE,FALSE
"Fe",4444,TRUE,31.3265306122449,340.614652185805,0.27180644102525,-0.678728004977015,TRUE,TRUE
"Fe",4445,TRUE,31.3265306122449,339.2736065767,0.270721772951888,-0.773024991519959,TRUE,TRUE
"Fe",4446,TRUE,31.2947178871549,341.159238950832,0.271779131754607,-0.384072141352473,TRUE,TRUE
"Fe",4447,TRUE,31.2947178871549,290.900860980381,0.250659710403987,-0.433251510424114,TRUE,FALSE
"Fe",4448,TRUE,31.2947178871549,370.646514895461,0.283458637847199,-0.432462009928298,TRUE,TRUE
"Fe",4449,TRUE,31.3583433373349,325.937325905358,0.265327332683049,-1.07243046407085,TRUE,TRUE
"Fe",4450,TRUE,31.2947178871549,276.722673482918,0.244050753270892,-0.514136034794389,TRUE,FALSE
"Fe",4451,TRUE,31.1356542617047,320.31593744109,0.262664855651048,1.0845456548964,TRUE,TRUE
"Fe",4452,TRUE,31.1992797118848,293.177912320627,0.251978035281117,0.626937195097738,TRUE,FALSE
"Fe",4453,TRUE,31.3583433373349,342.14153546911,0.272103869046784,-1.07847545979866,TRUE,TRUE
"Fe",4454,TRUE,31.390156062425,323.183249038384,0.264124324375369,-1.45145586321323,TRUE,TRUE
"Fe",4455,TRUE,31.3583433373349,351.248022348555,0.276054493824224,-0.98695797826346,TRUE,TRUE
"Fe",4456,TRUE,31.2947178871549,337.224158889638,0.269599841125116,-0.535956634249755,TRUE,TRUE
"Fe",4457,TRUE,31.3265306122449,276.960481546982,0.24448649274923,-0.734781597740541,TRUE,FALSE
"Fe",4458,TRUE,31.1674669867947,317.653674209323,0.261880133642832,0.786661123161819,TRUE,TRUE
"Fe",4459,TRUE,31.4855942376951,353.798937202092,0.277032278797411,-2.23673593988309,TRUE,TRUE
"Fe",4460,TRUE,31.2947178871549,326.262278567045,0.265792749348691,-0.382310576845613,TRUE,TRUE
"Fe",4461,TRUE,31.4855942376951,324.234698985338,0.264895046028719,-2.2648221574602,TRUE,TRUE
"Fe",4462,TRUE,31.421968787515,305.67940166144,0.257113792844879,-1.65498518026232,TRUE,FALSE
"Fe",4463,TRUE,31.2310924369748,303.215412943677,0.25591900687862,0.190068537497156,TRUE,FALSE
"Fe",4464,TRUE,31.1038415366146,372.652533369587,0.284106085877107,1.52155788558802,TRUE,TRUE
"Fe",4465,TRUE,31.3583433373349,319.14347598464,0.262832682200895,-0.967408909004941,TRUE,TRUE
"Fe",4466,TRUE,31.2310924369748,317.557982533591,0.262134853269029,0.255527293016936,TRUE,TRUE
"Fe",4467,TRUE,31.2310924369748,327.458611529634,0.266290731862375,0.271099277611402,TRUE,TRUE
"Fe",4468,TRUE,31.1674669867947,380.079237672424,0.286722122241603,0.786973709994515,TRUE,TRUE
"Fe",4469,TRUE,31.3265306122449,251.320969430213,0.233140997731056,-0.654646676022186,TRUE,FALSE
"Fe",4470,TRUE,31.421968787515,252.505396361162,0.233527305006906,-1.60591552682856,TRUE,FALSE
"Fe",4471,TRUE,31.390156062425,235.178123134238,0.225236804211363,-1.32410258872172,TRUE,FALSE
"Fe",4472,TRUE,31.421968787515,296.651739846212,0.253014643714365,-1.74101367687018,TRUE,FALSE
"Fe",4473,TRUE,31.453781512605,278.470380448618,0.245190320026753,-1.98469667774913,TRUE,FALSE
"Fe",4474,TRUE,31.1992797118848,321.66486921982,0.263763440142301,0.559655106577082,TRUE,TRUE
"Fe",4475,TRUE,31.453781512605,274.701955239138,0.243303620422445,-2.05426875584835,TRUE,FALSE
"Fe",4476,TRUE,31.2629051620648,303.467604478994,0.256184573536397,-0.0865811125723426,TRUE,FALSE
"Fe",4477,TRUE,31.1992797118848,330.947042565322,0.267877105880593,0.614978913617977,TRUE,TRUE
"Fe",4478,TRUE,31.1992797118848,356.477969606577,0.277726964983145,0.529309151968551,TRUE,TRUE
"Fe",4479,TRUE,31.4855942376951,323.786125398427,0.264810822226005,-2.21199243877476,TRUE,TRUE
"Fe",4480,TRUE,31.2310924369748,329.155909916129,0.266292712382144,0.116370454619233,TRUE,TRUE
"Fe",4481,TRUE,31.2629051620648,288.594535628122,0.249607316596019,-0.108831558577132,TRUE,FALSE
"Fe",4482,TRUE,31.2947178871549,330.790532390462,0.267269248206097,-0.471313885644913,TRUE,TRUE
"Fe",4483,TRUE,31.3583433373349,313.88670341624,0.260748634203911,-0.999762477456167,TRUE,FALSE
"Fe",4484,TRUE,31.1674669867947,355.652234044221,0.277087608455564,0.782113635354423,TRUE,TRUE
"Fe",4485,TRUE,31.2947178871549,410.597816498107,0.298580914981056,-0.362849482732688,TRUE,TRUE
"Fe",4486,TRUE,31.421968787515,324.485458910265,0.264613882399435,-1.73285063609588,TRUE,TRUE
"Fe",4487,TRUE,31.3583433373349,320.131767658932,0.263106868242892,-1.04880893044788,TRUE,TRUE
"Fe",4488,TRUE,31.3265306122449,359.92997640935,0.279195754432475,-0.713609664045956,TRUE,TRUE
"Fe",4489,TRUE,31.2947178871549,293.699299938854,0.251571028657168,-0.479782167494117,TRUE,FALSE
"Fe",4490,TRUE,31.390156062425,317.272213304591,0.261800870843793,-1.42210910992341,TRUE,TRUE
"Fe",4491,TRUE,31.2629051620648,252.55348464808,0.233468586213927,-0.0706469718542443,TRUE,FALSE
"Fe",4492,TRUE,31.2947178871549,300.573906238559,0.254891957342407,-0.413076413325432,TRUE,FALSE
"Fe",4493,TRUE,31.3583433373349,292.029505859036,0.251402380074555,-1.00035840174078,TRUE,FALSE
"Fe",4494,TRUE,31.2629051620648,329.738998834632,0.26747577544937,-0.0186073196235147,TRUE,TRUE
"Fe",4495,TRUE,31.2947178871549,343.790256298125,0.273074494676326,-0.363255286838455,TRUE,TRUE
"Fe",4496,TRUE,31.3583433373349,290.007266517484,0.250524381739326,-0.969118421258197,TRUE,FALSE
"Fe",4497,TRUE,31.2629051620648,329.504381197178,0.266813908331122,-0.123826522444065,TRUE,TRUE
"Fe",4498,TRUE,31.5174069627851,326.274980674432,0.265801184010404,-2.52755359982868,TRUE,TRUE
"Fe",4499,TRUE,31.3265306122449,307.92816930202,0.258325351970025,-0.661210638677172,TRUE,FALSE
"Fe",4500,TRUE,31.2629051620648,303.316744233819,0.255590836076448,-0.197812138363721,TRUE,FALSE
"Fe",4501,TRUE,31.2629051620648,279.528041115072,0.245464174047243,-0.156254412695461,TRUE,FALSE
"Fe",4502,TRUE,31.2310924369748,354.020004954445,0.276759421827235,0.205244580726173,TRUE,TRUE
"Fe",4503,TRUE,31.3583433373349,275.172649109958,0.243922329408252,-0.982271085668658,TRUE,FALSE
"Fe",4504,TRUE,31.2629051620648,301.209438652736,0.255071532305092,-0.116748345145637,TRUE,FALSE
"Fe",4505,TRUE,31.3583433373349,338.255817754775,0.270389491746553,-1.11690454418397,TRUE,TRUE
"Fe",4506,TRUE,31.2947178871549,298.656020692537,0.25414657746824,-0.375715679278812,TRUE,FALSE
"Fe",4507,TRUE,31.3265306122449,343.946625828939,0.272718170854916,-0.717512169110832,TRUE,TRUE
"Fe",4508,TRUE,31.2629051620648,297.824983288278,0.253491853153477,-0.144010673193698,TRUE,FALSE
"Fe",4509,TRUE,31.453781512605,347.347433499918,0.274340059473793,-1.98239438397056,TRUE,TRUE
"Fe",4510,TRUE,31.1674669867947,338.900475374772,0.270410442365378,0.76000209153641,TRUE,TRUE
"Fe",4511,TRUE,31.2629051620648,301.450276497947,0.255539807815407,-0.00206239537234615,TRUE,FALSE
"Fe",4512,TRUE,31.421968787515,359.781881980145,0.279234801043166,-1.64588698839487,TRUE,TRUE
"Fe",4513,TRUE,31.2629051620648,336.888407413875,0.269765116159867,-0.142591687287678,TRUE,TRUE
"Fe",4514,TRUE,31.2947178871549,376.805682778982,0.285469887963893,-0.461865815405622,TRUE,TRUE
"Fe",4515,TRUE,31.3265306122449,334.274498302187,0.269078606167691,-0.711863462336653,TRUE,TRUE
"Fe",4516,TRUE,31.390156062425,341.28916299117,0.271792808521536,-1.35300162223702,TRUE,TRUE
"Fe",4517,TRUE,31.3583433373349,330.393948664706,0.267282559041229,-1.05930354568484,TRUE,TRUE
"Fe",4518,TRUE,31.421968787515,290.645383699833,0.250331288449148,-1.72666378306418,TRUE,FALSE
"Fe",4519,TRUE,31.3583433373349,350.030782407043,0.275430044146309,-1.0406296598027,TRUE,TRUE
"Fe",4520,TRUE,31.2629051620648,353.084855548727,0.276080496290619,-0.167830453756549,TRUE,TRUE
"Fe",4521,TRUE,31.3265306122449,328.193977288943,0.266405735905834,-0.757928214843594,TRUE,TRUE
"Fe",4522,TRUE,31.2947178871549,323.799070575883,0.265032049911567,-0.315351211861542,TRUE,TRUE
"Fe",4523,TRUE,31.421968787515,350.04674458423,0.275444334220264,-1.68142375445544,TRUE,TRUE
"Fe",4524,TRUE,31.2310924369748,292.749016824033,0.251574395413929,0.264861420747308,TRUE,FALSE
"Fe",4525,TRUE,31.3583433373349,332.408663635701,0.26829052084342,-1.04712870279831,TRUE,TRUE
"Fe",4526,TRUE,31.3265306122449,328.262407683712,0.266795297479211,-0.703321151027622,TRUE,TRUE
"Fe",4527,TRUE,31.390156062425,295.36317888294,0.252710703301727,-1.31802554067964,TRUE,FALSE
"Fe",4528,TRUE,31.2310924369748,327.805583513918,0.266257013772443,0.222937833870581,TRUE,TRUE
"Fe",4529,TRUE,31.453781512605,329.007439238067,0.266370750144158,-2.09989096778246,TRUE,TRUE
"Fe",4530,TRUE,31.1674669867947,306.157010018872,0.25675629096125,0.744234150865403,TRUE,FALSE
"Fe",4531,TRUE,31.1356542617047,345.396168852468,0.273601990710268,1.25310931659718,TRUE,TRUE
"Fe",4532,TRUE,31.2310924369748,327.383582804551,0.26625196495197,0.255392696321772,TRUE,TRUE
"Fe",4533,TRUE,31.3265306122449,297.239352838319,0.253464772239577,-0.746505208894368,TRUE,FALSE
"Fe",4534,TRUE,31.3583433373349,384.089135666891,0.288273952779126,-1.11669494713498,TRUE,TRUE
"Fe",4535,TRUE,31.3265306122449,361.555306748489,0.279477826276169,-0.838944880041028,TRUE,TRUE
"Fe",4536,TRUE,31.3265306122449,364.032846085707,0.280807301494377,-0.72731482308833,TRUE,TRUE
"Fe",4537,TRUE,31.2947178871549,300.409087317585,0.254707826181638,-0.452672316465981,TRUE,FALSE
"Fe",4538,TRUE,31.3583433373349,327.988872032257,0.266530030532946,-1.05236232403671,TRUE,TRUE
"Fe",4539,TRUE,31.390156062425,253.139026890143,0.233578088784482,-1.42287348566228,TRUE,FALSE
"Fe",4540,TRUE,31.2629051620648,272.639515373564,0.242519815564281,-0.0828478552417934,TRUE,FALSE
"Fe",4541,TRUE,31.1356542617047,311.472482486039,0.25933780989405,1.13388294071641,TRUE,FALSE
"Fe",4542,TRUE,31.2947178871549,255.268062188616,0.234758305000878,-0.410558673381808,TRUE,FALSE
"Fe",4543,TRUE,31.0402160864346,321.520041477145,0.263469039060645,2.13459737329694,TRUE,TRUE
"Fe",4544,TRUE,31.2947178871549,333.883486644852,0.269141157586697,-0.320657938005206,TRUE,TRUE
"Fe",4545,TRUE,31.2947178871549,295.479214549749,0.252787141103845,-0.41166750254886,TRUE,FALSE
"Fe",4546,TRUE,31.390156062425,306.755071465157,0.257382696903579,-1.39230981539199,TRUE,FALSE
"Fe",4547,TRUE,31.3583433373349,287.862765188968,0.249547917500167,-1.00944215254013,TRUE,FALSE
"Fe",4548,TRUE,31.390156062425,321.72808892507,0.263773832296128,-1.32320821107664,TRUE,TRUE
"Fe",4549,TRUE,31.3583433373349,336.602510386905,0.269949228350304,-1.03160732911184,TRUE,TRUE
"Fe",4550,TRUE,31.421968787515,344.163678661791,0.273186385364469,-1.6261976399936,TRUE,TRUE
"Fe",4551,TRUE,31.3583433373349,340.293017767471,0.271373943119234,-1.07885844157148,TRUE,TRUE
"Fe",4552,TRUE,31.2310924369748,323.324174550331,0.264805059139968,0.28467596779027,TRUE,TRUE
"Fe",4553,TRUE,31.1992797118848,316.148831295111,0.261422455644943,0.552892862411184,TRUE,TRUE
"Fe",4554,TRUE,31.3265306122449,332.511325517826,0.267945792842691,-0.816331161056229,TRUE,TRUE
"Fe",4555,TRUE,31.2947178871549,316.192850302243,0.261554876669634,-0.404695845625404,TRUE,TRUE
"Fe",4556,TRUE,31.421968787515,311.065347566058,0.259279066803547,-1.72870509222075,TRUE,FALSE
"Fe",4557,TRUE,31.1356542617047,315.155235613887,0.260581982312834,1.07799446933997,TRUE,FALSE
"Fe",4558,TRUE,31.2629051620648,261.427219763785,0.237706728307595,-0.0439165955237231,TRUE,FALSE
"Fe",4559,TRUE,31.2629051620648,356.08580916978,0.277904677310535,-0.00910988884757262,TRUE,TRUE
"Fe",4560,TRUE,31.1992797118848,328.980517994527,0.266556388128463,0.506493090978025,TRUE,TRUE
"Fe",4561,TRUE,31.3265306122449,267.240484948688,0.240507191596272,-0.646168138811554,TRUE,FALSE
"Fe",4562,TRUE,31.390156062425,348.917329466498,0.274845802065589,-1.33970883023228,TRUE,TRUE
"Fe",4563,TRUE,31.453781512605,316.872377553003,0.261814038203244,-1.9915618300326,TRUE,TRUE
"Fe",4564,TRUE,31.2310924369748,249.182217555284,0.231956593454043,0.266745231925222,TRUE,FALSE
"Fe",4565,TRUE,31.3583433373349,328.649401660854,0.266636053738195,-1.07607986410033,TRUE,TRUE
"Fe",4566,TRUE,31.2310924369748,412.085751080795,0.298689867883502,0.159622798586209,TRUE,TRUE
"Fe",4567,TRUE,31.2947178871549,297.643966019215,0.253724622844436,-0.421942021072618,TRUE,FALSE
"Fe",4568,TRUE,31.390156062425,428.110337318415,0.304892550748245,-1.31979997243741,TRUE,TRUE
"Fe",4569,TRUE,31.1992797118848,295.458213002622,0.253139013620273,0.637948541203234,TRUE,FALSE
"Fe",4570,TRUE,31.3583433373349,298.050492529631,0.253769331631257,-1.04700790451281,TRUE,FALSE
"Fe",4571,TRUE,31.3265306122449,413.335832926819,0.299240369779118,-0.788806852131654,TRUE,TRUE
"Fe",4572,TRUE,31.3265306122449,332.405932513671,0.268302406251235,-0.665944445925221,TRUE,TRUE
"Fe",4573,TRUE,31.453781512605,304.638367354381,0.256740767218559,-1.95091563101201,TRUE,FALSE
"Fe",4574,TRUE,31.3583433373349,342.548642235054,0.272043662648385,-1.09410600442065,TRUE,TRUE
"Fe",4575,TRUE,31.390156062425,294.626014720519,0.252614555929034,-1.27532868978225,TRUE,FALSE
"Fe",4576,TRUE,31.2629051620648,301.429488420606,0.254895270795854,-0.180526226396356,TRUE,FALSE
"Fe",4577,TRUE,31.2629051620648,348.237476727433,0.274476013143849,-0.0987560088597709,TRUE,TRUE
"Fe",4578,TRUE,31.390156062425,228.179852549739,0.221622943055823,-1.40201681025728,TRUE,FALSE
"Fe",4579,TRUE,31.390156062425,326.551958101039,0.265804061425426,-1.35817341506062,TRUE,TRUE
"Fe",4580,TRUE,31.2629051620648,336.089135605118,0.269887738846592,-0.0550276979319725,TRUE,TRUE
"Fe",4581,TRUE,31.2310924369748,394.749922733149,0.292792335711214,0.31837005343278,TRUE,TRUE
"Fe",4582,TRUE,31.453781512605,332.936035204192,0.268368377504115,-2.00963522581977,TRUE,TRUE
"Fe",4583,TRUE,31.421968787515,343.905644234933,0.272950680176016,-1.66237292536153,TRUE,TRUE
"Fe",4584,TRUE,31.390156062425,334.35121583109,0.269206130556644,-1.33774795402189,TRUE,TRUE
"Fe",4585,TRUE,31.2947178871549,340.879974167342,0.271568010513983,-0.457190663904894,TRUE,TRUE
"Fe",4586,TRUE,31.390156062425,288.481592471183,0.249420040312061,-1.41926689829664,TRUE,FALSE
"Fe",4587,TRUE,31.453781512605,368.568339540585,0.282647104095085,-1.99862543884523,TRUE,TRUE
"Fe",4588,TRUE,31.3265306122449,314.510655372248,0.260791070970743,-0.701342878816661,TRUE,FALSE
"Fe",4589,TRUE,31.390156062425,317.543166053347,0.261993092216114,-1.37405346838341,TRUE,TRUE
"Fe",4590,TRUE,31.3583433373349,270.491880017935,0.241925388974645,-0.972052567163021,TRUE,FALSE
"Fe",4591,TRUE,31.2947178871549,285.281252362007,0.248464025324363,-0.312584540932282,TRUE,FALSE
"Fe",4592,TRUE,31.2629051620648,302.364077795987,0.25564377452396,-0.0832605789488838,TRUE,FALSE
"Fe",4593,TRUE,31.3265306122449,276.475094222078,0.24436029645094,-0.753988599306566,TRUE,FALSE
"Fe",4594,TRUE,31.3583433373349,306.568865251297,0.257570332512939,-1.01682107982942,TRUE,FALSE
"Fe",4595,TRUE,31.3265306122449,359.693822630028,0.279147704330225,-0.751845907622812,TRUE,TRUE
"Fe",4596,TRUE,31.2947178871549,288.643404135011,0.249813294501918,-0.345341572354913,TRUE,FALSE
"Fe",4597,TRUE,31.4855942376951,310.749890615185,0.259176572113753,-2.30759830793937,TRUE,FALSE
"Fe",4598,TRUE,31.3583433373349,294.966763415077,0.25219311169885,-1.09268457908298,TRUE,FALSE
"Fe",4599,TRUE,31.421968787515,299.627855091072,0.254536401835586,-1.68057005369388,TRUE,FALSE
"Fe",4600,TRUE,31.390156062425,353.331411452153,0.276435174450276,-1.38932832248769,TRUE,TRUE
"Fe",4601,TRUE,31.2947178871549,331.408018259554,0.267570579842848,-0.500748357152726,TRUE,TRUE
"Fe",4602,TRUE,31.2947178871549,379.853000659851,0.286954919783667,-0.385682975980736,TRUE,TRUE
"Fe",4603,TRUE,31.2947178871549,297.153479872786,0.253490673472204,-0.415093621231933,TRUE,FALSE
"Fe",4604,TRUE,31.421968787515,292.034083147538,0.251517508634394,-1.60993394113601,TRUE,FALSE
"Fe",4605,TRUE,31.3583433373349,318.91006022103,0.262717577375375,-1.02328416851318,TRUE,TRUE
"Fe",4606,TRUE,31.2947178871549,249.587679061316,0.232036580593477,-0.425392057169226,TRUE,FALSE
"Fe",4607,TRUE,31.1674669867947,329.459444673702,0.266773933790682,0.871069449178921,TRUE,TRUE
"Fe",4608,TRUE,31.3265306122449,315.176001836039,0.261304220595188,-0.648804353178051,TRUE,FALSE
"Fe",4609,TRUE,31.4855942376951,253.320057881465,0.233711334247091,-2.34274500483756,TRUE,FALSE
"Fe",4610,TRUE,31.1992797118848,328.275474464314,0.266178385769355,0.456121100565325,TRUE,TRUE
"Fe",4611,TRUE,31.3265306122449,304.419639905082,0.256871237867804,-0.660054955750029,TRUE,FALSE
"Fe",4612,TRUE,31.5174069627851,330.043094040357,0.267107453314774,-2.61553775149951,TRUE,TRUE
"Fe",4613,TRUE,31.3265306122449,356.458186517694,0.278000101235689,-0.70201471639596,TRUE,TRUE
"Fe",4614,TRUE,31.421968787515,354.64131373217,0.277228881936479,-1.63833004231108,TRUE,TRUE
"Fe",4615,TRUE,31.3265306122449,315.320022053988,0.260979039651952,-0.772020054604187,TRUE,FALSE
"Fe",4616,TRUE,31.4855942376951,343.92238962925,0.272992179239617,-2.25163893624494,TRUE,TRUE
"Fe",4617,TRUE,31.390156062425,290.258308107178,0.250247166538028,-1.37869320449917,TRUE,FALSE
"Fe",4618,TRUE,31.453781512605,311.510604645433,0.25941697683284,-2.04058155165415,TRUE,FALSE
"Fe",4619,TRUE,31.1356542617047,321.049734324076,0.263444705270251,1.18631832937401,TRUE,TRUE
"Fe",4620,TRUE,31.1356542617047,290.309498349992,0.250074581142102,1.11027278649074,TRUE,FALSE
"Fe",4621,TRUE,31.421968787515,302.901468734196,0.255958223173031,-1.6954760345385,TRUE,FALSE
"Fe",4622,TRUE,31.3583433373349,353.687687070302,0.276611927047579,-1.07559879368249,TRUE,TRUE
"Fe",4623,TRUE,31.2310924369748,345.65081445482,0.273779991415103,0.307349873410383,TRUE,TRUE
"Fe",4624,TRUE,31.2629051620648,290.523919998245,0.250576423621792,-0.0950886782618254,TRUE,FALSE
"Fe",4625,TRUE,31.2947178871549,318.467975112597,0.262749858163726,-0.346428713426292,TRUE,TRUE
"Fe",4626,TRUE,31.2947178871549,333.841475518678,0.269049584545252,-0.372730345180308,TRUE,TRUE
"Fe",4627,TRUE,31.2947178871549,277.546541701153,0.245058835048192,-0.355952762306845,TRUE,FALSE
"Fe",4628,TRUE,31.390156062425,331.059368412471,0.267716153185623,-1.3149754843313,TRUE,TRUE
"Fe",4629,TRUE,31.2629051620648,292.251958508826,0.251232843955137,-0.109265002242598,TRUE,FALSE
"Fe",4630,TRUE,31.2629051620648,304.978635207743,0.256493826932402,-0.147849786260576,TRUE,FALSE
"Fe",4631,TRUE,31.3583433373349,355.4359923251,0.277569127937802,-1.038501655511,TRUE,TRUE
"Fe",4632,TRUE,31.390156062425,327.322613405595,0.266063481572953,-1.33333397655207,TRUE,TRUE
"Fe",4633,TRUE,31.2947178871549,252.94573880926,0.233654556710783,-0.371157100010191,TRUE,FALSE
"Fe",4634,TRUE,31.390156062425,307.9102166872,0.257814270309321,-1.42454220244682,TRUE,FALSE
"Fe",4635,TRUE,31.3265306122449,316.338070324201,0.261475910106472,-0.721301395567939,TRUE,TRUE
"Fe",4636,TRUE,31.3265306122449,330.815365697497,0.267288774765645,-0.779689483430921,TRUE,TRUE
"Fe",4637,TRUE,31.2629051620648,281.946748580178,0.24693792812409,-0.0337250060244271,TRUE,FALSE
"Fe",4638,TRUE,31.390156062425,334.365649323152,0.269004342877922,-1.34564930060869,TRUE,TRUE
"Fe",4639,TRUE,31.3265306122449,311.112198202967,0.259706175308001,-0.642359526964076,TRUE,FALSE
"Fe",4640,TRUE,31.1674669867947,322.790075354666,0.263981420737075,0.812501105803421,TRUE,TRUE
"Fe",4641,TRUE,31.3265306122449,347.308117354336,0.274073649257057,-0.785466323935488,TRUE,TRUE
"Fe",4642,TRUE,31.3265306122449,319.63915273606,0.262701291293605,-0.771881655004239,TRUE,TRUE
"Fe",4643,TRUE,31.390156062425,360.200905367389,0.279651526319237,-1.30200858435412,TRUE,TRUE
"Fe",4644,TRUE,31.3265306122449,346.072059891107,0.27390780833463,-0.620731727576656,TRUE,TRUE
"Fe",4645,TRUE,31.421968787515,397.375112846581,0.293959330777728,-1.57678371276579,TRUE,TRUE
"Fe",4646,TRUE,31.390156062425,308.25079708415,0.258013141646062,-1.40714227576518,TRUE,FALSE
"Fe",4647,TRUE,31.390156062425,278.44014234374,0.245476838289296,-1.28124083205121,TRUE,FALSE
"Fe",4648,TRUE,31.421968787515,293.811814096608,0.252124635823426,-1.65320401178741,TRUE,FALSE
"Fe",4649,TRUE,31.5174069627851,341.515536084471,0.271950405441859,-2.5998649395942,TRUE,TRUE
"Fe",4650,TRUE,31.3583433373349,314.178173850734,0.260944208375398,-0.978696722891901,TRUE,FALSE
"Fe",4651,TRUE,31.3583433373349,291.5516780534,0.250934406964738,-1.03110946753379,TRUE,FALSE
"Fe",4652,TRUE,31.3583433373349,242.797552107191,0.228976113644861,-1.02607223899637,TRUE,FALSE
"Fe",4653,TRUE,31.421968787515,336.913837351664,0.270306827104327,-1.57729030072829,TRUE,TRUE
"Fe",4654,TRUE,31.2947178871549,330.105599114695,0.267138873157543,-0.429159929028924,TRUE,TRUE
"Fe",4655,TRUE,31.390156062425,316.037705988163,0.261376707715779,-1.34949503937914,TRUE,TRUE
"Fe",4656,TRUE,31.2947178871549,336.586755557107,0.26981479053914,-0.415240454991171,TRUE,TRUE
"Fe",4657,TRUE,31.2947178871549,341.623596790878,0.272093498608672,-0.364667844625862,TRUE,TRUE
"Fe",4658,TRUE,31.2629051620648,338.357264418902,0.270198392640244,-0.179359039457468,TRUE,TRUE
"Fe",4659,TRUE,31.390156062425,263.697287500952,0.238425028520913,-1.37154270307259,TRUE,FALSE
"Fe",4660,TRUE,31.5174069627851,363.24816966443,0.280524665738303,-2.58855193646306,TRUE,TRUE
"Fe",4661,TRUE,31.2947178871549,360.280973721637,0.279191237580337,-0.446078231517201,TRUE,TRUE
"Fe",4662,TRUE,31.3265306122449,312.858496227288,0.259897185680258,-0.771125788041162,TRUE,FALSE
"Fe",4663,TRUE,31.2947178871549,302.246783333201,0.255610231066579,-0.392323720249611,TRUE,FALSE
"Fe",4664,TRUE,31.3265306122449,356.713901340653,0.278222544961597,-0.660553294695253,TRUE,TRUE
"Fe",4665,TRUE,31.2947178871549,284.369897601794,0.247953205202484,-0.376226198666027,TRUE,FALSE
"Fe",4666,TRUE,31.421968787515,333.129618600276,0.268495355583554,-1.69644596664971,TRUE,TRUE
"Fe",4667,TRUE,31.3583433373349,338.995766162926,0.270590450264602,-1.10209235535072,TRUE,TRUE
"Fe",4668,TRUE,31.3583433373349,312.692056851432,0.259824609443382,-1.13579763015773,TRUE,FALSE
"Fe",4669,TRUE,31.0720288115246,307.866918200065,0.258105501108091,1.88575801248156,TRUE,FALSE
"Fe",4670,TRUE,31.421968787515,344.607673411199,0.272922468792672,-1.71916035732639,TRUE,TRUE
"Fe",4671,TRUE,31.3265306122449,338.423800123474,0.270815803784513,-0.682206355051583,TRUE,TRUE
"Fe",4672,TRUE,31.1674669867947,283.46133344011,0.247532006971925,0.890346830907412,TRUE,FALSE
"Fe",4673,TRUE,31.2629051620648,316.784945233308,0.261089717998327,-0.212894891289773,TRUE,TRUE
"Fe",4674,TRUE,31.3583433373349,369.683059653342,0.282956141114292,-1.07815242847822,TRUE,TRUE
"Fe",4675,TRUE,31.3265306122449,271.318834967129,0.241887956373383,-0.747847442716081,TRUE,FALSE
"Fe",4676,TRUE,31.390156062425,298.683275686636,0.254284022117962,-1.33135105265322,TRUE,FALSE
"Fe",4677,TRUE,31.2629051620648,299.599924087248,0.254395788270325,-0.103925223380318,TRUE,FALSE
"Fe",4678,TRUE,31.1992797118848,347.766434612618,0.274331049114117,0.518822911244533,TRUE,TRUE
"Fe",4679,TRUE,31.3265306122449,292.895993711035,0.251623460556948,-0.695400578224913,TRUE,FALSE
"Fe",4680,TRUE,31.3265306122449,315.010097836745,0.260978715754823,-0.755847385874103,TRUE,FALSE
"Fe",4681,TRUE,31.2629051620648,346.042143718636,0.273690184167838,-0.107602073485745,TRUE,TRUE
"Fe",4682,TRUE,31.3265306122449,349.094994262752,0.275143065073416,-0.707190108717957,TRUE,TRUE
"Fe",4683,TRUE,31.3265306122449,368.264431789923,0.282261722678371,-0.785932101487067,TRUE,TRUE
"Fe",4684,TRUE,31.3583433373349,262.974555268319,0.238220679073959,-1.03950001161938,TRUE,FALSE
"Fe",4685,TRUE,31.390156062425,320.696040920614,0.263313061703417,-1.40049258680704,TRUE,TRUE
"Fe",4686,TRUE,31.2947178871549,357.974492548037,0.278238864358039,-0.432470609504837,TRUE,TRUE
"Fe",4687,TRUE,31.5174069627851,349.429188096177,0.275212287961548,-2.60108042033493,TRUE,TRUE
"Fe",4688,TRUE,31.3583433373349,317.484980261786,0.261924015074698,-1.08858616093327,TRUE,TRUE
"Fe",4689,TRUE,31.2947178871549,314.565646851289,0.260701591024128,-0.463348627237545,TRUE,FALSE
"Fe",4690,TRUE,31.1674669867947,399.411435819623,0.294093826356436,0.860039909206804,TRUE,TRUE
"Fe",4691,TRUE,31.2947178871549,348.749343277699,0.274741043293669,-0.43765045341945,TRUE,TRUE
"Fe",4692,TRUE,31.390156062425,345.442473400246,0.273340853084058,-1.39776749252344,TRUE,TRUE
"Fe",4693,TRUE,31.2947178871549,390.975312130156,0.291149936479451,-0.445962197241256,TRUE,TRUE
"Fe",4694,TRUE,31.2629051620648,335.216005061226,0.269243721415893,-0.115488071630112,TRUE,TRUE
"Fe",4695,TRUE,31.2947178871549,263.70336635678,0.238646171856685,-0.374930296725177,TRUE,FALSE
"Fe",4696,TRUE,31.5492196878751,310.632999475985,0.259361003675733,-2.8393040044489,TRUE,FALSE
"Fe",4697,TRUE,31.2947178871549,343.613787902912,0.272892091756666,-0.360961746599942,TRUE,TRUE
"Fe",4698,TRUE,31.3583433373349,417.253086500782,0.301299615746344,-0.969952163008458,TRUE,TRUE
"Fe",4699,TRUE,31.2947178871549,337.71186153246,0.270120870005778,-0.482340333290539,TRUE,TRUE
"Fe",4700,TRUE,31.453781512605,306.400352291932,0.257406358346345,-1.98376773161321,TRUE,FALSE
"Fe",4701,TRUE,31.390156062425,324.144905954399,0.264359339775777,-1.47450819738094,TRUE,TRUE
"Fe",4702,TRUE,31.2629051620648,346.040134961903,0.27352367000106,-0.13889708995546,TRUE,TRUE
"Fe",4703,TRUE,31.2947178871549,322.207860395902,0.263691003963307,-0.477681134233385,TRUE,TRUE
"Fe",4704,TRUE,31.3265306122449,247.163503710013,0.230596509804929,-0.785928691107973,TRUE,FALSE
"Fe",4705,TRUE,31.2629051620648,340.909854269704,0.271787043879445,-0.0771975729501428,TRUE,TRUE
"Fe",4706,TRUE,31.1356542617047,408.399466148296,0.29786200905213,1.20978373718005,TRUE,TRUE
"Fe",4707,TRUE,31.2310924369748,256.259610262315,0.234880460671631,0.159176069608507,TRUE,FALSE
"Fe",4708,TRUE,31.3583433373349,261.488762848961,0.237548564605178,-1.06495665211883,TRUE,FALSE
"Fe",4709,TRUE,31.4855942376951,340.261275835506,0.271196515176021,-2.33415328077485,TRUE,TRUE
"Fe",4710,TRUE,31.2947178871549,335.248981792521,0.269145672256034,-0.473809239045136,TRUE,TRUE
"Fe",4711,TRUE,31.453781512605,294.960160407664,0.252378176426329,-2.00572839454808,TRUE,FALSE
"Fe",4712,TRUE,31.2310924369748,388.617292331204,0.29023602318354,0.222521534386317,TRUE,TRUE
"Fe",4713,TRUE,31.453781512605,300.386827359995,0.254964758437198,-1.91165724326891,TRUE,FALSE
"Fe",4714,TRUE,31.3583433373349,333.664018575834,0.268995314924726,-0.954451761984824,TRUE,TRUE
"Fe",4715,TRUE,31.3265306122449,272.412242718292,0.24261450040648,-0.72569512005392,TRUE,FALSE
"Fe",4716,TRUE,31.3265306122449,274.565851802657,0.24381713128114,-0.633887415846672,TRUE,FALSE
"Fe",4717,TRUE,31.390156062425,364.959988766105,0.281172058839084,-1.35492034758494,TRUE,TRUE
"Fe",4718,TRUE,31.2310924369748,257.529984709571,0.235644105977033,0.212686878764755,TRUE,FALSE
"Fe",4719,TRUE,31.2629051620648,347.282493563032,0.274256326924511,-0.0661129000558472,TRUE,TRUE
"Fe",4720,TRUE,31.2310924369748,362.404810965686,0.280459787789843,0.314324804402307,TRUE,TRUE
"Fe",4721,TRUE,31.390156062425,365.925436755292,0.281603707516335,-1.32720640937608,TRUE,TRUE
"Fe",4722,TRUE,31.453781512605,319.861311847852,0.263111941489654,-1.9877540527852,TRUE,TRUE
"Fe",4723,TRUE,31.2947178871549,383.972340068387,0.288904148168016,-0.3165573250563,TRUE,TRUE
"Fe",4724,TRUE,31.3265306122449,337.740705280845,0.270257384853339,-0.741061520911689,TRUE,TRUE
"Fe",4725,TRUE,31.2629051620648,370.121363163826,0.283294738135245,-0.0414908765934181,TRUE,TRUE
"Fe",4726,TRUE,31.390156062425,275.931262385505,0.244178579758461,-1.32412333441121,TRUE,FALSE
"Fe",4727,TRUE,31.2629051620648,276.15585519971,0.244283727767858,-0.07761266523408,TRUE,FALSE
"Fe",4728,TRUE,31.4855942376951,268.756564784006,0.240894699648952,-2.32971294493699,TRUE,FALSE
"Fe",4729,TRUE,31.1992797118848,326.726300942145,0.26538997492024,0.432879185580408,TRUE,TRUE
"Fe",4730,TRUE,31.2947178871549,342.723773285668,0.271973533636667,-0.497200419127296,TRUE,TRUE
"Fe",4731,TRUE,31.3583433373349,388.496494958648,0.290331273024848,-1.0242705289269,TRUE,TRUE
"Fe",4732,TRUE,31.2310924369748,327.316472193126,0.266275101831814,0.276016994939403,TRUE,TRUE
"Fe",4733,TRUE,31.2310924369748,330.543435205583,0.267258528085353,0.17911225124371,TRUE,TRUE
"Fe",4734,TRUE,31.1356542617047,286.013818243637,0.248809264824728,1.25565495196848,TRUE,FALSE
"Fe",4735,TRUE,31.2629051620648,300.508800240848,0.254779576895063,-0.105284447922347,TRUE,FALSE
"Fe",4736,TRUE,31.2947178871549,308.690111512416,0.258372340494517,-0.355921770417268,TRUE,FALSE
"Fe",4737,TRUE,31.2310924369748,250.399193868602,0.232421720335571,0.228838421800128,TRUE,FALSE
"Fe",4738,TRUE,31.3265306122449,315.710442980184,0.2617187336652,-0.604722433075048,TRUE,FALSE
"Fe",4739,TRUE,31.2310924369748,359.678679753473,0.278897766591124,0.167573831553524,TRUE,TRUE
"Fe",4740,TRUE,31.1992797118848,350.104623248956,0.275135061399024,0.506824368011081,TRUE,TRUE
"Fe",4741,TRUE,31.2310924369748,331.065221973549,0.267673647126158,0.239088878134417,TRUE,TRUE
"Fe",4742,TRUE,31.2629051620648,333.243053523192,0.268187376135752,-0.175180762154655,TRUE,TRUE
"Fe",4743,TRUE,31.3583433373349,352.006547875491,0.276135221899806,-1.03601599226825,TRUE,TRUE
"Fe",4744,TRUE,31.3265306122449,335.965230198762,0.2698121046866,-0.648570525004495,TRUE,TRUE
"Fe",4745,TRUE,31.2629051620648,311.924680097612,0.259847883820919,-0.0699052819536678,TRUE,FALSE
"Fe",4746,TRUE,31.3583433373349,314.810750565818,0.26123514203617,-0.952256279480255,TRUE,FALSE
"Fe",4747,TRUE,31.1992797118848,263.215865459918,0.238096279016759,0.47241638305084,TRUE,FALSE
"Fe",4748,TRUE,31.3583433373349,314.257957755969,0.260857547490863,-1.003865113067,TRUE,FALSE
"Fe",4749,TRUE,31.390156062425,284.681396136125,0.247889192777253,-1.38675330621557,TRUE,FALSE
"Fe",4750,TRUE,31.421968787515,288.62797452236,0.249400496895348,-1.75354779656331,TRUE,FALSE
"Fe",4751,TRUE,31.390156062425,399.383869282139,0.294538485153885,-1.32073725296504,TRUE,TRUE
"Fe",4752,TRUE,31.2310924369748,316.0404180229,0.261470306235465,0.203877814708387,TRUE,TRUE
"Fe",4753,TRUE,31.3265306122449,346.930925530929,0.274644750402503,-0.59072667954774,TRUE,TRUE
"Fe",4754,TRUE,31.2629051620648,294.766909296831,0.252403323624705,-0.0643356370305406,TRUE,FALSE
"Fe",4755,TRUE,31.2947178871549,364.795917982581,0.281135470301147,-0.40000558705292,TRUE,TRUE
"Fe",4756,TRUE,31.3265306122449,278.793156481945,0.24573517071553,-0.668029080957638,TRUE,FALSE
"Fe",4757,TRUE,31.3583433373349,305.148881914912,0.257158198112177,-0.957050968805946,TRUE,FALSE
"Fe",4758,TRUE,31.421968787515,449.753779196443,0.31256139063369,-1.66185368835979,TRUE,TRUE
"Fe",4759,TRUE,31.2629051620648,300.57751916179,0.254647974765541,-0.164389575957644,TRUE,FALSE
"Fe",4760,TRUE,31.3265306122449,255.108064339403,0.234980132339398,-0.60160795327607,TRUE,FALSE
"Fe",4761,TRUE,31.2947178871549,257.676829907009,0.236008738776296,-0.371460969379263,TRUE,FALSE
"Fe",4762,TRUE,31.421968787515,282.859261783982,0.246952568909072,-1.73659922561919,TRUE,FALSE
"Fe",4763,TRUE,31.3265306122449,307.676597535506,0.258043765872739,-0.706655378300196,TRUE,FALSE
"Fe",4764,TRUE,31.2310924369748,332.717108737614,0.26866201726303,0.279616747024988,TRUE,TRUE
"Fe",4765,TRUE,31.2947178871549,341.208663925673,0.272209236431885,-0.323924962467726,TRUE,TRUE
"Fe",4766,TRUE,31.2310924369748,385.238882982433,0.288595884527076,0.145424142680936,TRUE,TRUE
"Fe",4767,TRUE,31.421968787515,329.437834738843,0.26703370795666,-1.63028015726217,TRUE,TRUE
"Fe",4768,TRUE,31.3583433373349,364.246896538589,0.28109226852997,-1.00413371136139,TRUE,TRUE
"Fe",4769,TRUE,31.421968787515,288.237713850774,0.249580484266969,-1.66127596093593,TRUE,FALSE
"Fe",4770,TRUE,31.2310924369748,344.258287091155,0.273104084229522,0.256393811631715,TRUE,TRUE
"Fe",4771,TRUE,31.421968787515,307.288938139939,0.257817011132029,-1.6842546403748,TRUE,FALSE
"Fe",4772,TRUE,31.3583433373349,268.196641711814,0.240259957206465,-1.11834976107591,TRUE,FALSE
"Fe",4773,TRUE,31.421968787515,325.039924331196,0.264870355684745,-1.75322372411507,TRUE,TRUE
"Fe",4774,TRUE,31.421968787515,289.372405826784,0.249831464660258,-1.75688224854109,TRUE,FALSE
"Fe",4775,TRUE,31.390156062425,341.64974928237,0.271997633798864,-1.35091021330108,TRUE,TRUE
"Fe",4776,TRUE,31.421968787515,307.553063423049,0.257862331353186,-1.67734579504699,TRUE,FALSE
"Fe",4777,TRUE,31.390156062425,263.106423121833,0.238500432202566,-1.30882679245439,TRUE,FALSE
"Fe",4778,TRUE,31.3265306122449,270.886908258041,0.241866348267164,-0.702109715960673,TRUE,FALSE
"Fe",4779,TRUE,31.2947178871549,307.514049452756,0.257786431886374,-0.43497949398681,TRUE,FALSE
"Fe",4780,TRUE,31.421968787515,308.537464092389,0.257924165726733,-1.76153193199756,TRUE,FALSE
"Fe",4781,TRUE,31.3265306122449,305.671741247988,0.256997501286321,-0.729354181977756,TRUE,FALSE
"Fe",4782,TRUE,31.2947178871549,312.249058637933,0.260123035882911,-0.343713103746227,TRUE,FALSE
"Fe",4783,TRUE,31.2629051620648,276.219532794262,0.244235204479093,-0.0948355217278654,TRUE,FALSE
"Fe",4784,TRUE,31.3583433373349,262.097459345227,0.237907974402729,-0.999620293292832,TRUE,FALSE
"Fe",4785,TRUE,31.2310924369748,343.111353734677,0.273025410632222,0.310473839584303,TRUE,TRUE
"Fe",4786,TRUE,31.2947178871549,350.420304840125,0.275344336654474,-0.447023854214956,TRUE,TRUE
"Fe",4787,TRUE,31.1674669867947,327.367449203901,0.265823571337687,0.812762259206882,TRUE,TRUE
"Fe",4788,TRUE,31.390156062425,304.229475469848,0.256378757290908,-1.37536549909126,TRUE,FALSE
"Fe",4789,TRUE,31.3265306122449,284.328892525792,0.247662569209436,-0.774825688607463,TRUE,FALSE
"Fe",4790,TRUE,31.1674669867947,290.239125221747,0.250336251053605,0.857955440603737,TRUE,FALSE
"Fe",4791,TRUE,31.2629051620648,327.580891975608,0.26634294642211,-0.0543062209367019,TRUE,TRUE
"Fe",4792,TRUE,31.3583433373349,297.410152337067,0.253420803828262,-1.06778902517604,TRUE,FALSE
"Fe",4793,TRUE,31.2629051620648,340.422142405828,0.271438450179016,-0.0986158572000873,TRUE,TRUE
"Fe",4794,TRUE,31.3265306122449,292.295961533297,0.251425462705825,-0.694414000362042,TRUE,FALSE
"Fe",4795,TRUE,31.3583433373349,297.454498871743,0.253749055568326,-0.989950598380318,TRUE,FALSE
"Fe",4796,TRUE,31.2310924369748,310.788288094071,0.25949198995679,0.318995948249622,TRUE,FALSE
"Fe",4797,TRUE,31.2629051620648,342.310667991038,0.272074524307996,-0.120069642968622,TRUE,TRUE
"Fe",4798,TRUE,31.2310924369748,350.49392767049,0.274806547451728,0.0822137709281157,TRUE,TRUE
"Fe",4799,TRUE,31.2947178871549,310.823502409499,0.259553058154401,-0.327661174076409,TRUE,FALSE
"Fe",4800,TRUE,31.421968787515,264.350710278392,0.23888861795435,-1.66058292633402,TRUE,FALSE
"Fe",4801,TRUE,31.1674669867947,295.556030201098,0.253093098962545,0.965224960709112,TRUE,FALSE
"Fe",4802,TRUE,31.2947178871549,301.116947073378,0.255056881441947,-0.399850764821811,TRUE,FALSE
"Fe",4803,TRUE,31.421968787515,363.533457247237,0.280787357463629,-1.62382682389101,TRUE,TRUE
"Fe",4804,TRUE,31.2310924369748,296.75415652142,0.253452276838095,0.29284901169873,TRUE,FALSE
"Fe",4805,TRUE,31.3583433373349,400.172240843915,0.294435146478412,-1.07268735500311,TRUE,TRUE
"Fe",4806,TRUE,31.1992797118848,298.118729310157,0.253439608050372,0.450927514104308,TRUE,FALSE
"Fe",4807,TRUE,31.4855942376951,351.587908320857,0.276032732972834,-2.22930285761799,TRUE,TRUE
"Fe",4808,TRUE,31.2947178871549,355.783875161916,0.277710711431053,-0.38059945216173,TRUE,TRUE
"Fe",4809,TRUE,31.421968787515,327.254167208746,0.266049725431273,-1.68360386427636,TRUE,TRUE
"Fe",4810,TRUE,31.2310924369748,326.055697810991,0.265209536971321,0.140461552833375,TRUE,TRUE
"Fe",4811,TRUE,31.1992797118848,267.952867155431,0.24077673850404,0.608915763024462,TRUE,FALSE
"Fe",4812,TRUE,31.4855942376951,344.258911881941,0.272561376598454,-2.43439938855732,TRUE,TRUE
"Fe",4813,TRUE,31.2629051620648,316.890787132641,0.261644357710971,-0.0995790822575809,TRUE,TRUE
"Fe",4814,TRUE,31.2629051620648,278.24364597474,0.244903846794606,-0.152939949927633,TRUE,FALSE
"Fe",4815,TRUE,31.1992797118848,265.620800345297,0.239410397773529,0.534273740875056,TRUE,FALSE
"Fe",4816,TRUE,31.1992797118848,355.07392258294,0.277216258921053,0.530841700226594,TRUE,TRUE
"Fe",4817,TRUE,31.1674669867947,278.764488792861,0.245119641527024,0.79046917648913,TRUE,FALSE
"Fe",4818,TRUE,31.4855942376951,245.206741462708,0.23016008849037,-2.20071845040069,TRUE,FALSE
"Fe",4819,TRUE,31.2947178871549,396.199751484585,0.293147018358073,-0.411159497515573,TRUE,TRUE
"Fe",4820,TRUE,31.421968787515,307.440690442667,0.257717611901681,-1.72067402037937,TRUE,FALSE
"Fe",4821,TRUE,31.3583433373349,285.929676934405,0.248619344130924,-1.02993461479942,TRUE,FALSE
"Fe",4822,TRUE,31.2310924369748,336.186935887002,0.270142706913144,0.30847721093762,TRUE,TRUE
"Fe",4823,TRUE,31.2310924369748,303.368168800853,0.255922114449356,0.192030101972293,TRUE,FALSE
"Fe",4824,TRUE,31.2947178871549,279.815137075333,0.245913607205285,-0.397743695540982,TRUE,FALSE
"Fe",4825,TRUE,31.4855942376951,274.249804055403,0.243238770346235,-2.29393812250812,TRUE,FALSE
"Fe",4826,TRUE,31.2947178871549,343.03642669701,0.272452058081635,-0.416375309477149,TRUE,TRUE
"Fe",4827,TRUE,31.2310924369748,344.599196350738,0.273143304072463,0.241740610510253,TRUE,TRUE
"Fe",4828,TRUE,31.2947178871549,341.35030565921,0.271681065578055,-0.437348806299837,TRUE,TRUE
"Fe",4829,TRUE,31.3583433373349,328.591605146825,0.266436196754129,-1.09627492775118,TRUE,TRUE
"Fe",4830,TRUE,31.2310924369748,311.496750316906,0.259277516913895,0.173698894525347,TRUE,FALSE
"Fe",4831,TRUE,31.1674669867947,360.952748415355,0.279511157738477,0.84116976184716,TRUE,TRUE
"Fe",4832,TRUE,31.1992797118848,283.878379433731,0.247602605313829,0.546629580965547,TRUE,FALSE
"Fe",4833,TRUE,31.453781512605,374.662888051729,0.284868704967946,-2.01620563094654,TRUE,TRUE
"Fe",4834,TRUE,31.2310924369748,382.9690723407,0.288313322368509,0.258774187612178,TRUE,TRUE
"Fe",4835,TRUE,31.421968787515,310.144164826693,0.259064543804535,-1.64085262222574,TRUE,FALSE
"Fe",4836,TRUE,31.2947178871549,320.32789507055,0.263172845325872,-0.404945690644282,TRUE,TRUE
"Fe",4837,TRUE,31.2629051620648,352.054612214696,0.275942331564941,-0.135949627120482,TRUE,TRUE
"Fe",4838,TRUE,31.1356542617047,282.924208109617,0.246596626765153,1.05219636315289,TRUE,FALSE
"Fe",4839,TRUE,31.2629051620648,262.726740452234,0.238229668427033,-0.0392987307744817,TRUE,FALSE
"Fe",4840,TRUE,31.421968787515,316.429326354019,0.261332715401582,-1.72552049539458,TRUE,TRUE
"Fe",4841,TRUE,31.3265306122449,321.183860781794,0.263645483004481,-0.702309402749841,TRUE,TRUE
"Fe",4842,TRUE,31.2947178871549,318.051374930806,0.262361562425932,-0.398060092182625,TRUE,TRUE
"Fe",4843,TRUE,31.2310924369748,328.330670749875,0.266751462870675,0.298695986681633,TRUE,TRUE
"Fe",4844,TRUE,31.2629051620648,331.103947602006,0.267498885583942,-0.14133720690306,TRUE,TRUE
"Fe",4845,TRUE,31.2310924369748,302.726501972146,0.256143214407368,0.276785118656057,TRUE,FALSE
"Fe",4846,TRUE,31.2947178871549,317.963553778589,0.262392739982345,-0.343882068509184,TRUE,TRUE
"Fe",4847,TRUE,31.3583433373349,286.56845581122,0.248759103178368,-1.05897525095479,TRUE,FALSE
"Fe",4848,TRUE,31.2629051620648,373.870044020929,0.284348148959667,-0.173733063821798,TRUE,TRUE
"Fe",4849,TRUE,31.421968787515,264.640004261524,0.239040379559079,-1.66165873225902,TRUE,FALSE
"Fe",4850,TRUE,31.421968787515,313.255495450757,0.260481808519018,-1.62989772416747,TRUE,FALSE
"Fe",4851,TRUE,31.2310924369748,312.796716818439,0.259795313426781,0.167834835235157,TRUE,FALSE
"Fe",4852,TRUE,31.3265306122449,307.568157986401,0.257678252266862,-0.793067523845467,TRUE,FALSE
"Fe",4853,TRUE,31.390156062425,328.548787064948,0.266904637731852,-1.28137707721492,TRUE,TRUE
"Fe",4854,TRUE,31.2947178871549,306.527829215015,0.25739251145427,-0.419469485331199,TRUE,FALSE
"Fe",4855,TRUE,31.421968787515,250.516449252585,0.23243008501051,-1.64661439551811,TRUE,FALSE
"Fe",4856,TRUE,31.1674669867947,317.922344632458,0.262169773618582,0.877094654335296,TRUE,TRUE
"Fe",4857,TRUE,31.3265306122449,357.347936373051,0.277954546144526,-0.787658866914163,TRUE,TRUE
"Fe",4858,TRUE,31.1038415366146,309.601217418313,0.258390027596268,1.43410894724058,TRUE,FALSE
"Fe",4859,TRUE,31.3265306122449,283.517061156714,0.247607040530129,-0.686889033510607,TRUE,FALSE
"Fe",4860,TRUE,31.2947178871549,320.090490602828,0.263199489125576,-0.390093432692978,TRUE,TRUE
"Fe",4861,TRUE,31.2947178871549,319.04479362444,0.262571441848681,-0.436004562397073,TRUE,TRUE
"Fe",4862,TRUE,31.2947178871549,285.134922907761,0.248279154462339,-0.425165378507232,TRUE,FALSE
"Fe",4863,TRUE,31.390156062425,267.342022705828,0.240444016798901,-1.3299193917207,TRUE,FALSE
"Fe",4864,TRUE,31.421968787515,344.501191117915,0.273175762025988,-1.65905787752898,TRUE,TRUE
"Fe",4865,TRUE,31.2947178871549,307.803355645793,0.258058144196689,-0.384615379817269,TRUE,FALSE
"Fe",4866,TRUE,31.3583433373349,303.002832976608,0.256083051700601,-1.00056979208638,TRUE,FALSE
"Fe",4867,TRUE,31.3583433373349,361.901248137926,0.280455935567162,-0.942333497245752,TRUE,TRUE
"Fe",4868,TRUE,31.2310924369748,317.732361063157,0.262426078652125,0.282517704298973,TRUE,TRUE
"Fe",4869,TRUE,31.2310924369748,295.303147305781,0.252679327599552,0.246468278558528,TRUE,FALSE
"Fe",4870,TRUE,31.1674669867947,287.573530964457,0.249233590864768,0.876253486064645,TRUE,FALSE
"Fe",4871,TRUE,31.3265306122449,301.475191079291,0.255394279087826,-0.692460366202995,TRUE,FALSE
"Fe",4872,TRUE,31.2629051620648,334.769013849713,0.269573645733049,0.0202896892631601,TRUE,TRUE
"Fe",4873,TRUE,31.3265306122449,311.396348610727,0.259548052527831,-0.703252013472724,TRUE,FALSE
"Fe",4874,TRUE,31.2310924369748,253.887576780319,0.234271194736268,0.257959478940394,TRUE,FALSE
"Fe",4875,TRUE,31.2947178871549,303.927985546971,0.256385465283167,-0.395137487560335,TRUE,FALSE
"Fe",4876,TRUE,31.2947178871549,322.284443022123,0.2639427558598,-0.436760076550235,TRUE,TRUE
"Fe",4877,TRUE,31.3265306122449,310.89950200354,0.259068529636373,-0.771135076023226,TRUE,FALSE
"Fe",4878,TRUE,31.2629051620648,329.006190505137,0.267246595447003,0.0190294888353373,TRUE,TRUE
"Fe",4879,TRUE,31.1356542617047,299.287226850271,0.254272987503592,1.17837845092135,TRUE,FALSE
"Fe",4880,TRUE,31.3265306122449,256.878630084927,0.235505616985578,-0.709851723529816,TRUE,FALSE
"Fe",4881,TRUE,31.2629051620648,389.440641490681,0.290452419104528,-0.134912408816617,TRUE,TRUE
"Fe",4882,TRUE,31.1992797118848,344.079425134127,0.272532618004158,0.461713717309175,TRUE,TRUE
"Fe",4883,TRUE,31.1674669867947,309.786311398312,0.258451285137614,0.795373042034559,TRUE,FALSE
"Fe",4884,TRUE,31.3265306122449,274.258776216019,0.243318639454962,-0.704272294653769,TRUE,FALSE
"Fe",4885,TRUE,31.2947178871549,311.286084593348,0.259362587719375,-0.414536476953747,TRUE,FALSE
"Fe",4886,TRUE,31.5174069627851,269.697418140518,0.241458065573853,-2.54434483343812,TRUE,FALSE
"Fe",4887,TRUE,31.3583433373349,321.223046742607,0.263833215481057,-0.983544720569246,TRUE,TRUE
"Fe",4888,TRUE,31.390156062425,326.824239922214,0.265796729028478,-1.38982678661369,TRUE,TRUE
"Fe",4889,TRUE,31.3265306122449,311.766983260357,0.259883056053173,-0.655554972425829,TRUE,FALSE
"Fe",4890,TRUE,31.2310924369748,332.220209143303,0.267983201111241,0.21270815465241,TRUE,TRUE
"Fe",4891,TRUE,31.2629051620648,374.246215819428,0.28458677911766,-0.109603823753757,TRUE,TRUE
"Fe",4892,TRUE,31.3583433373349,295.401822086161,0.252827706181873,-0.999199313141634,TRUE,FALSE
"Fe",4893,TRUE,31.2629051620648,293.530329770366,0.251547872010318,-0.171410390765501,TRUE,FALSE
"Fe",4894,TRUE,31.390156062425,350.808741662413,0.275571157681163,-1.36759066242777,TRUE,TRUE
"Fe",4895,TRUE,31.2947178871549,239.421653182211,0.227197190399462,-0.417961468407123,TRUE,FALSE
"Fe",4896,TRUE,31.3583433373349,325.614386044515,0.265578790928321,-0.988301120848658,TRUE,TRUE
"Fe",4897,TRUE,31.2947178871549,321.599964262994,0.263366958197196,-0.4788554779828,TRUE,TRUE
"Fe",4898,TRUE,31.421968787515,366.295631915236,0.282075483756181,-1.57007992203814,TRUE,TRUE
"Fe",4899,TRUE,31.3583433373349,328.12993787371,0.266618147442064,-1.02826653706912,TRUE,TRUE
"Fe",4900,TRUE,31.2947178871549,331.797694211655,0.268233364750548,-0.322534594324893,TRUE,TRUE
"Fe",4901,TRUE,31.2629051620648,303.23804195146,0.255965314672748,-0.139446209981924,TRUE,FALSE
"Fe",4902,TRUE,31.453781512605,359.84820062105,0.279266043040735,-1.96058145350406,TRUE,TRUE
"Fe",4903,TRUE,31.2310924369748,336.047265480333,0.269606954136408,0.204526003662364,TRUE,TRUE
"Fe",4904,TRUE,31.2629051620648,364.86823347885,0.281566625321258,0.032769863789467,TRUE,TRUE
"Fe",4905,TRUE,31.3265306122449,413.562625987993,0.299692788191745,-0.705129528369369,TRUE,TRUE
"Fe",4906,TRUE,31.1356542617047,327.537654170535,0.266131750982301,1.17400131845217,TRUE,TRUE
"Fe",4907,TRUE,31.390156062425,290.79304946519,0.250768457979492,-1.30147725770707,TRUE,FALSE
"Fe",4908,TRUE,31.1992797118848,372.885500255929,0.284575450567148,0.606279504228208,TRUE,TRUE
"Fe",4909,TRUE,31.2629051620648,309.125940291397,0.258269063069513,-0.154884142286708,TRUE,FALSE
"Fe",4910,TRUE,31.2629051620648,351.067178153944,0.275648744585124,-0.0662658781283504,TRUE,TRUE
"Fe",4911,TRUE,31.3265306122449,356.514729100751,0.277843027985106,-0.715930860585258,TRUE,TRUE
"Fe",4912,TRUE,31.3583433373349,276.168891154361,0.244245874874685,-0.98865328707411,TRUE,FALSE
"Fe",4913,TRUE,31.2629051620648,331.266743222099,0.267970837668871,-0.0159218481077633,TRUE,TRUE
"Fe",4914,TRUE,31.421968787515,267.000276847053,0.240077943084134,-1.68395991176016,TRUE,FALSE
"Fe",4915,TRUE,31.2629051620648,280.427370059055,0.245776364411612,-0.163045803740143,TRUE,FALSE
"Fe",4916,TRUE,31.2629051620648,308.764667248029,0.258326197318721,-0.104270745494375,TRUE,FALSE
"Fe",4917,TRUE,31.3583433373349,298.996456497074,0.253650853972243,-1.18913715348544,TRUE,FALSE
"Fe",4918,TRUE,31.3583433373349,336.926837262042,0.269714543578911,-1.10718452627315,TRUE,TRUE
"Fe",4919,TRUE,31.2947178871549,282.023947819778,0.246751648864644,-0.448018552123327,TRUE,FALSE
"Fe",4920,TRUE,31.3265306122449,309.228344983753,0.25847383279769,-0.762106705501477,TRUE,FALSE
"Fe",4921,TRUE,31.2947178871549,288.216057836971,0.249762982129783,-0.386461437039921,TRUE,FALSE
"Fe",4922,TRUE,31.421968787515,370.112907010963,0.283188425086619,-1.6691245920711,TRUE,TRUE
"Fe",4923,TRUE,31.2629051620648,309.341362140159,0.258491335838525,-0.113448089978772,TRUE,FALSE
"Fe",4924,TRUE,31.3583433373349,300.770437108022,0.25495899705816,-1.04311808915157,TRUE,FALSE
"Fe",4925,TRUE,31.2947178871549,298.931950388366,0.254435466503444,-0.378632996791396,TRUE,FALSE
"Fe",4926,TRUE,31.453781512605,404.101387622041,0.296276485480101,-1.96028914512156,TRUE,TRUE
"Fe",4927,TRUE,31.3265306122449,396.286070357073,0.292999887920033,-0.784626628804299,TRUE,TRUE
"Fe",4928,TRUE,31.2629051620648,360.467393267714,0.279253701039657,-0.111687882338641,TRUE,TRUE
"Fe",4929,TRUE,31.2947178871549,328.47234002287,0.266802069915859,-0.362636318626188,TRUE,TRUE
"Fe",4930,TRUE,31.453781512605,302.00128883774,0.25532025531999,-2.03767193436356,TRUE,FALSE
"Fe",4931,TRUE,31.3583433373349,295.372699883562,0.252449630947611,-1.10178337060949,TRUE,FALSE
"Fe",4932,TRUE,31.390156062425,259.138713719305,0.236370940081548,-1.40113566357197,TRUE,FALSE
"Fe",4933,TRUE,31.2629051620648,289.537727198326,0.250325925526618,-0.0635230406258392,TRUE,FALSE
"Fe",4934,TRUE,31.2947178871549,330.946632166034,0.267249940608927,-0.469141479067959,TRUE,TRUE
"Fe",4935,TRUE,31.390156062425,393.275605785922,0.292320145621205,-1.25939870723573,TRUE,TRUE
"Fe",4936,TRUE,31.1992797118848,366.214613689059,0.281941538677147,0.603209020206871,TRUE,TRUE
"Fe",4937,TRUE,31.3265306122449,280.003534767799,0.245843261527715,-0.758071826053687,TRUE,FALSE
"Fe",4938,TRUE,31.3583433373349,312.345542415389,0.259872428837928,-1.04343447982942,TRUE,FALSE
"Fe",4939,TRUE,31.2629051620648,326.025562363767,0.26519379873637,-0.188348152664239,TRUE,TRUE
"Fe",4940,TRUE,31.421968787515,261.755913458275,0.237341856249333,-1.78113633185129,TRUE,FALSE
"Fe",4941,TRUE,31.5492196878751,320.831401857445,0.263302604588641,-2.96289171536144,TRUE,TRUE
"Fe",4942,TRUE,31.421968787515,299.000479038245,0.254272126311125,-1.62649996223384,TRUE,FALSE
"Fe",4943,TRUE,31.2629051620648,340.195325618455,0.27100261585435,-0.171247562499358,TRUE,TRUE
"Fe",4944,TRUE,31.2310924369748,308.817610277081,0.258664724590746,0.254023067494134,TRUE,FALSE
"Fe",4945,TRUE,31.3583433373349,313.854060344827,0.260677080551987,-0.957065987706372,TRUE,FALSE
"Fe",4946,TRUE,31.3265306122449,329.533265138974,0.267033630627298,-0.730574664745472,TRUE,TRUE
"Fe",4947,TRUE,31.5174069627851,331.245340881871,0.267626733760255,-2.60793683314559,TRUE,TRUE
"Fe",4948,TRUE,31.453781512605,332.918260301736,0.268560173571276,-1.91785325311596,TRUE,TRUE
"Fe",4949,TRUE,31.4855942376951,298.107655715184,0.253634727604493,-2.3696345486331,TRUE,FALSE
"Fe",4950,TRUE,31.390156062425,283.722484799383,0.247686075349966,-1.32415130938192,TRUE,FALSE
"Fe",4951,TRUE,31.2629051620648,289.619323746846,0.250117433400351,-0.0894678978433454,TRUE,FALSE
"Fe",4952,TRUE,31.3583433373349,382.812813622491,0.288238312462386,-1.02458520631621,TRUE,TRUE
"Fe",4953,TRUE,31.2310924369748,303.450385935531,0.255768209009236,0.125376591257213,TRUE,FALSE
"Fe",4954,TRUE,31.2629051620648,293.621150448054,0.25211514548635,-0.0553296086265534,TRUE,FALSE
"Fe",4955,TRUE,31.3265306122449,321.168510450263,0.263616769736123,-0.693657331397098,TRUE,TRUE
"Fe",4956,TRUE,31.421968787515,351.349366139848,0.275909137522618,-1.67915543784419,TRUE,TRUE
"Fe",4957,TRUE,31.2310924369748,296.507276345425,0.252910423686931,0.201320380680634,TRUE,FALSE
"Fe",4958,TRUE,31.3265306122449,293.386782166744,0.25163940646321,-0.779439161180451,TRUE,FALSE
"Fe",4959,TRUE,31.2629051620648,257.684341837028,0.235591794217148,-0.145986645025348,TRUE,FALSE
"Fe",4960,TRUE,31.2947178871549,362.827431548475,0.280441338443459,-0.372506589732507,TRUE,TRUE
"Fe",4961,TRUE,31.2629051620648,310.281876609199,0.258997103719244,-0.116794620693555,TRUE,FALSE
"Fe",4962,TRUE,31.3265306122449,306.313947317389,0.257178236509483,-0.757072263280817,TRUE,FALSE
"Fe",4963,TRUE,31.1992797118848,323.673405351592,0.264299687064727,0.495411823116662,TRUE,TRUE
"Fe",4964,TRUE,31.3265306122449,345.56380333815,0.27356618717236,-0.71399408178778,TRUE,TRUE
"Fe",4965,TRUE,31.3265306122449,307.22378745606,0.257439606381828,-0.792347780349127,TRUE,FALSE
"Fe",4966,TRUE,31.1992797118848,310.048532521141,0.258962415321021,0.59214338285001,TRUE,FALSE
"Fe",4967,TRUE,31.3265306122449,324.112514667572,0.264981719583932,-0.679604550674916,TRUE,TRUE
"Fe",4968,TRUE,31.3583433373349,364.932379306258,0.281035231929574,-1.10393694375195,TRUE,TRUE
"Fe",4969,TRUE,31.3583433373349,317.026228888565,0.26190558863762,-1.03503271403084,TRUE,TRUE
"Fe",4970,TRUE,31.2310924369748,286.108454106023,0.248341511616964,0.15795889778689,TRUE,FALSE
"Fe",4971,TRUE,31.3583433373349,272.843100462444,0.242726509288515,-0.981342961060053,TRUE,FALSE
"Fe",4972,TRUE,31.1356542617047,317.30865542345,0.261265070747385,1.03580325219248,TRUE,TRUE
"Fe",4973,TRUE,31.453781512605,285.557008192132,0.248390420365489,-1.99728530090254,TRUE,FALSE
"Fe",4974,TRUE,31.2310924369748,342.77159530531,0.272421017695558,0.295653402512651,TRUE,TRUE
"Fe",4975,TRUE,31.1992797118848,328.202368037174,0.266340764339973,0.510592711070644,TRUE,TRUE
"Fe",4976,TRUE,31.2629051620648,321.132878977921,0.263858306505831,-0.06225081690392,TRUE,TRUE
"Fe",4977,TRUE,31.2629051620648,307.257266178419,0.25744895213046,-0.169440567955052,TRUE,FALSE
"Fe",4978,TRUE,31.3583433373349,327.405089558776,0.266575639342109,-0.931710530973303,TRUE,TRUE
"Fe",4979,TRUE,31.2947178871549,249.600855066913,0.232100027588854,-0.366715137480614,TRUE,FALSE
"Fe",4980,TRUE,31.2947178871549,296.660985557444,0.252730830206651,-0.544632095040132,TRUE,FALSE
"Fe",4981,TRUE,31.421968787515,325.832078956653,0.265687002955063,-1.60253955076236,TRUE,TRUE
"Fe",4982,TRUE,31.2629051620648,332.964708084433,0.26803934876073,-0.16330307398791,TRUE,TRUE
"Fe",4983,TRUE,31.2947178871549,313.994362451999,0.260850749622245,-0.282533969564145,TRUE,FALSE
"Fe",4984,TRUE,31.2947178871549,333.044388982494,0.268413081251549,-0.422655366367709,TRUE,TRUE
"Fe",4985,TRUE,31.2947178871549,331.066073458361,0.267525362712773,-0.44735188053198,TRUE,TRUE
"Fe",4986,TRUE,31.2947178871549,340.563060069681,0.270795024391262,-0.551172440364064,TRUE,TRUE
"Fe",4987,TRUE,31.2629051620648,356.635405560028,0.27783301519971,-0.0979444605506715,TRUE,TRUE
"Fe",4988,TRUE,31.3265306122449,298.961682141666,0.254447677625025,-0.651946985442685,TRUE,FALSE
"Fe",4989,TRUE,31.3265306122449,252.001035383636,0.233429928730006,-0.672622836767364,TRUE,FALSE
"Fe",4990,TRUE,31.2310924369748,305.00845660654,0.256895949559749,0.251043467723335,TRUE,FALSE
"Fe",4991,TRUE,31.2629051620648,293.700522416839,0.252040344303662,-0.0760556555359635,TRUE,FALSE
"Fe",4992,TRUE,31.421968787515,325.240280825071,0.265117088516762,-1.68995118769532,TRUE,TRUE
"Fe",4993,TRUE,31.421968787515,287.635076822396,0.249361618725622,-1.66407453054359,TRUE,FALSE
"Fe",4994,TRUE,31.2629051620648,267.891329660297,0.240187022813523,-0.175734978288325,TRUE,FALSE
"Fe",4995,TRUE,31.3583433373349,297.93599438477,0.253466597580186,-1.11029060358616,TRUE,FALSE
"Fe",4996,TRUE,31.3583433373349,350.371564803995,0.275323591269349,-1.06241098293206,TRUE,TRUE
"Fe",4997,TRUE,31.1992797118848,313.545837315417,0.260425860229647,0.552328797464594,TRUE,FALSE
"Fe",4998,TRUE,31.3583433373349,364.262288802812,0.280973056343781,-1.0037803393734,TRUE,TRUE
"Fe",4999,TRUE,31.3265306122449,277.677722426218,0.244768884854893,-0.759682178195721,TRUE,FALSE
"Fe",5000,TRUE,31.3265306122449,284.833013139156,0.247953994612397,-0.766062552254337,TRUE,FALSE
"Co",1,TRUE,30.1812725090036,343.939660871004,0.541048642678474,-2.26468580855653,TRUE,TRUE
"Co",2,TRUE,30.2130852340936,306.09021745182,0.507397124256757,-2.47137394978119,TRUE,FALSE
"Co",3,TRUE,30.3085234093637,334.489140080925,0.53144218247563,2.76171130033946,TRUE,TRUE
"Co",4,TRUE,30.2448979591837,354.353164642294,0.549018864555248,-2.85606761966404,TRUE,TRUE
"Co",5,TRUE,30.3085234093637,279.108287789392,0.483433552301986,2.73464476170776,TRUE,FALSE
"Co",6,TRUE,30.1494597839136,316.358197673119,0.51961380055157,-2.00303888267209,TRUE,FALSE
"Co",7,TRUE,30.3085234093637,330.227187731126,0.528629980141475,2.80350138171344,TRUE,TRUE
"Co",8,TRUE,30.3085234093637,238.40628386859,0.446673481936446,2.67697002930524,TRUE,FALSE
"Co",9,TRUE,30.1812725090036,347.566351499168,0.542993433848765,-2.20619504640832,TRUE,TRUE
"Co",10,TRUE,30.2130852340936,343.585628665879,0.539194809171012,-2.51147660345625,TRUE,TRUE
"Co",11,TRUE,30.2130852340936,315.241153181311,0.515866185290591,-2.53757448793815,TRUE,FALSE
"Co",12,TRUE,30.2448979591837,306.87684264373,0.508199280742082,-2.88901538425322,TRUE,FALSE
"Co",13,TRUE,30.2130852340936,357.939068899801,0.551784911864313,-2.61243609883074,TRUE,TRUE
"Co",14,TRUE,30.2448979591837,368.660195725961,0.560119090086601,-2.85708589366635,TRUE,TRUE
"Co",15,TRUE,30.2130852340936,340.433990125585,0.53658734616246,-2.49065237382472,TRUE,TRUE
"Co",16,TRUE,30.3721488595438,313.593127779312,0.513017519828805,2.1787138159185,TRUE,FALSE
"Co",17,TRUE,30.2448979591837,348.104613876388,0.543736933009137,-2.84605938394862,TRUE,TRUE
"Co",18,TRUE,30.0858343337335,369.632587956417,0.563444651894348,-1.33619576016091,TRUE,TRUE
"Co",19,TRUE,30.2767106842737,266.778825121961,0.471419763905766,-3.08776925769536,TRUE,FALSE
"Co",20,TRUE,30.1812725090036,358.028918617315,0.553462481322778,-2.24254370020396,TRUE,TRUE
"Co",21,TRUE,30.2767106842737,313.550814603728,0.51332024109383,-3.07940589155471,TRUE,FALSE
"Co",22,TRUE,30.4039615846339,256.871796744323,0.462191415354966,1.855340518176,TRUE,FALSE
"Co",23,TRUE,30.3085234093637,392.802456576389,0.580728091101254,2.6441669653358,TRUE,TRUE
"Co",24,TRUE,30.2130852340936,388.482955333267,0.575726022890274,-2.49434944805182,TRUE,TRUE
"Co",25,TRUE,30.2767106842737,305.293875688724,0.507084914065456,-3.10212416746868,TRUE,FALSE
"Co",26,TRUE,30.2448979591837,341.530626438176,0.538295458996118,-2.83097117251043,TRUE,TRUE
"Co",27,TRUE,30.3721488595438,262.950389261153,0.468925981151805,2.14293723880273,TRUE,FALSE
"Co",28,TRUE,30.2130852340936,300.335600402904,0.502534785564407,-2.49018354275284,TRUE,FALSE
"Co",29,TRUE,30.2767106842737,345.865523811481,0.542285448433218,3.09928749163625,TRUE,TRUE
"Co",30,TRUE,30.4039615846339,357.515159103465,0.550062988591039,1.83328135600623,TRUE,TRUE
"Co",31,TRUE,30.4675870348139,295.293059254828,0.49736447535391,1.067679395891,TRUE,FALSE
"Co",32,TRUE,30.3403361344538,307.517085252679,0.509650513335633,2.34513085545026,TRUE,FALSE
"Co",33,TRUE,30.2767106842737,319.874810976315,0.519389552775235,3.06425102066285,TRUE,FALSE
"Co",34,TRUE,30.2130852340936,295.635234181229,0.499596877125465,-2.56183137758274,TRUE,FALSE
"Co",35,TRUE,30.0858343337335,365.101102598429,0.55770935229944,-1.26386888603166,TRUE,TRUE
"Co",36,TRUE,30.2767106842737,356.008162290773,0.550416391770298,-3.10727312007398,TRUE,TRUE
"Co",37,TRUE,30.1812725090036,344.230367992472,0.540047288997294,-2.17817108122501,TRUE,TRUE
"Co",38,TRUE,30.0858343337335,367.003800448987,0.5618748272553,-1.2446155885329,TRUE,TRUE
"Co",39,TRUE,30.2767106842737,313.417127142813,0.513739349068285,3.11564406451004,TRUE,FALSE
"Co",40,TRUE,30.3085234093637,259.565983616438,0.465663228693245,2.66667415738973,TRUE,FALSE
"Co",41,TRUE,30.2767106842737,305.17290130968,0.50702099920136,3.10028105053103,TRUE,FALSE
"Co",42,TRUE,30.2130852340936,304.55952937795,0.505550200856013,-2.45128912875929,TRUE,FALSE
"Co",43,TRUE,30.2448979591837,333.807854155364,0.531112749950509,-2.89027449929639,TRUE,TRUE
"Co",44,TRUE,30.1494597839136,336.068789509863,0.533562390795691,-1.87468278248982,TRUE,TRUE
"Co",45,TRUE,30.2767106842737,328.245698133488,0.527008740679712,3.03005514112135,TRUE,TRUE
"Co",46,TRUE,30.1494597839136,342.492836696776,0.540412801001867,-1.81410289129531,TRUE,TRUE
"Co",47,TRUE,30.0858343337335,313.386132595749,0.515734539111994,-1.23583245850501,TRUE,FALSE
"Co",48,TRUE,30.2448979591837,322.629045224208,0.523213959375391,-2.935021197619,TRUE,FALSE
"Co",49,TRUE,30.2448979591837,360.451650511798,0.554491894058445,-2.96930378595891,TRUE,TRUE
"Co",50,TRUE,30.3721488595438,296.470470459467,0.499087112874998,2.18172949925327,TRUE,FALSE
"Co",51,TRUE,30.1812725090036,275.471508090887,0.481607082415529,-2.28142862037573,TRUE,FALSE
"Co",52,TRUE,30.3403361344538,320.62052087405,0.52024695264116,2.40842965422948,TRUE,FALSE
"Co",53,TRUE,30.3721488595438,304.445926044161,0.506459914876921,2.06677717268148,TRUE,FALSE
"Co",54,TRUE,30.4039615846339,290.082493534254,0.493643141342845,1.75731403493355,TRUE,FALSE
"Co",55,TRUE,30.1494597839136,338.3710123513,0.536510640110803,-1.82964084847462,TRUE,TRUE
"Co",56,TRUE,30.0858343337335,349.6696194366,0.546797869415532,-1.32149829917387,TRUE,TRUE
"Co",57,TRUE,30.2130852340936,366.276971867518,0.559725570478515,-2.62647631403341,TRUE,TRUE
"Co",58,TRUE,30.1812725090036,329.144537976784,0.528284630257033,-2.12119902926229,TRUE,TRUE
"Co",59,TRUE,30.3403361344538,410.093625750498,0.591815332679069,2.46272559463352,TRUE,TRUE
"Co",60,TRUE,30.4357743097239,272.970626086445,0.476924984168929,1.42813995120823,TRUE,FALSE
"Co",61,TRUE,30.1812725090036,339.404918087643,0.536026754679542,-2.15032754554383,TRUE,TRUE
"Co",62,TRUE,30.2767106842737,392.294922284178,0.577421938045407,-3.10301118879923,TRUE,TRUE
"Co",63,TRUE,30.3403361344538,316.215661792353,0.516789786011622,2.41198253362335,TRUE,FALSE
"Co",64,TRUE,30.2130852340936,305.066023349107,0.507173028208627,-2.54311002837722,TRUE,FALSE
"Co",65,TRUE,30.2767106842737,323.444158394623,0.521466149678949,3.07501783895336,TRUE,FALSE
"Co",66,TRUE,30.2448979591837,391.378744709958,0.57926164702078,-2.86190752713492,TRUE,TRUE
"Co",67,TRUE,30.1812725090036,304.005222574336,0.507738759241189,-2.28904531054304,TRUE,FALSE
"Co",68,TRUE,30.3721488595438,322.416384321554,0.520827951732109,2.06063512007307,TRUE,FALSE
"Co",69,TRUE,30.3085234093637,268.394887389743,0.473553248401526,2.82244091781788,TRUE,FALSE
"Co",70,TRUE,30.4039615846339,307.099546844075,0.508727021920359,1.86482449265188,TRUE,FALSE
"Co",71,TRUE,30.1812725090036,333.377630074667,0.53213741871883,-2.25620845731013,TRUE,TRUE
"Co",72,TRUE,30.2448979591837,281.862422702409,0.48570904646131,-2.84691498836304,TRUE,FALSE
"Co",73,TRUE,30.1812725090036,334.20364092214,0.532221244814572,-2.21504864298967,TRUE,TRUE
"Co",74,TRUE,30.2130852340936,313.371236510361,0.515026469233865,-2.5880007734183,TRUE,FALSE
"Co",75,TRUE,30.3085234093637,302.180627438842,0.503449121862709,2.75184025298927,TRUE,FALSE
"Co",76,TRUE,30.0858343337335,373.475765486194,0.566085663976738,-1.2625701212871,TRUE,TRUE
"Co",77,TRUE,30.3403361344538,352.847304075385,0.546414157038654,2.45564397175623,TRUE,TRUE
"Co",78,TRUE,30.2767106842737,300.341855527701,0.502175719877253,3.12599132220572,TRUE,FALSE
"Co",79,TRUE,30.2767106842737,363.184374771673,0.557114969894162,3.03565078904146,TRUE,TRUE
"Co",80,TRUE,30.2130852340936,362.629775193636,0.555002754628222,-2.48505432290432,TRUE,TRUE
"Co",81,TRUE,30.1494597839136,275.928704460028,0.482657709324379,-1.95622637016387,TRUE,FALSE
"Co",82,TRUE,30.3085234093637,273.08369583038,0.478337702232953,2.75009149910057,TRUE,FALSE
"Co",83,TRUE,30.2448979591837,374.35868404344,0.563162923696756,-2.84163037906425,TRUE,TRUE
"Co",84,TRUE,30.1494597839136,336.2971170351,0.533910847794663,-1.84306261774588,TRUE,TRUE
"Co",85,TRUE,30.3085234093637,357.934139030046,0.551389411011859,2.82792013279795,TRUE,TRUE
"Co",86,TRUE,30.0858343337335,354.401274779601,0.550465655799954,-1.28410880290046,TRUE,TRUE
"Co",87,TRUE,30.2130852340936,291.829066164744,0.496660360284946,-2.58613022715533,TRUE,FALSE
"Co",88,TRUE,30.2767106842737,344.692078062888,0.541160832809635,3.02921993673995,TRUE,TRUE
"Co",89,TRUE,30.2130852340936,327.156354927234,0.525762130329301,-2.47468576217373,TRUE,TRUE
"Co",90,TRUE,30.2767106842737,328.772020658403,0.527788181839563,3.13428452138517,TRUE,TRUE
"Co",91,TRUE,30.1812725090036,338.814952481608,0.53567213690168,-2.12747192878749,TRUE,TRUE
"Co",92,TRUE,30.2448979591837,288.588749417487,0.49287134085593,-2.90447475131381,TRUE,FALSE
"Co",93,TRUE,30.2448979591837,356.082290947662,0.550084712389853,-2.85026588364214,TRUE,TRUE
"Co",94,TRUE,30.3403361344538,329.258227701418,0.527830843905781,2.40193892403618,TRUE,TRUE
"Co",95,TRUE,30.2448979591837,385.154811775866,0.572634752351728,-2.84449498813803,TRUE,TRUE
"Co",96,TRUE,30.1494597839136,352.16889481816,0.547375434988491,-1.91144818287291,TRUE,TRUE
"Co",97,TRUE,30.2130852340936,394.40944802492,0.580609509054128,-2.50709577958085,TRUE,TRUE
"Co",98,TRUE,38.6116446578631,348.151895450899,0.546044516192992,1.86306452286272,FALSE,TRUE
"Co",99,TRUE,30.3403361344538,275.251060313137,0.480378921069606,2.47821619563819,TRUE,FALSE
"Co",100,TRUE,30.4357743097239,285.099647526027,0.48810859927044,1.44717901986823,TRUE,FALSE
"Co",101,TRUE,30.2448979591837,303.678303779204,0.505407902394026,-2.94117575275337,TRUE,FALSE
"Co",102,TRUE,30.3085234093637,301.757202798619,0.503919549545916,2.77161950405712,TRUE,FALSE
"Co",103,TRUE,30.2767106842737,317.418167672258,0.517476833352096,3.07236844058296,TRUE,FALSE
"Co",104,TRUE,30.2130852340936,307.287749361362,0.509171952851954,-2.51618747104829,TRUE,FALSE
"Co",105,TRUE,30.1176470588235,378.131354850889,0.569392811886996,-1.56563318220328,TRUE,TRUE
"Co",106,TRUE,30.2130852340936,339.128307302477,0.536512327774956,-2.49713636376532,TRUE,TRUE
"Co",107,TRUE,30.2448979591837,312.005817443611,0.513526183123903,-2.87646723662326,TRUE,FALSE
"Co",108,TRUE,30.3721488595438,325.631463026116,0.52435732817917,2.07992422239964,TRUE,FALSE
"Co",109,TRUE,30.1176470588235,357.86574030583,0.551574105455566,-1.49407151748378,TRUE,TRUE
"Co",110,TRUE,30.4039615846339,327.122698185949,0.52467963459673,1.72168972109967,TRUE,FALSE
"Co",111,TRUE,30.2767106842737,311.111686044217,0.511777405357714,-3.12698756419958,TRUE,FALSE
"Co",112,TRUE,30.1812725090036,355.863083192909,0.548904868007884,-2.19094659968123,TRUE,TRUE
"Co",113,TRUE,30.0858343337335,344.621071267185,0.541116201676725,-1.23392675401143,TRUE,TRUE
"Co",114,TRUE,30.1812725090036,317.291104402804,0.518996071327091,-2.22656145387839,TRUE,FALSE
"Co",115,TRUE,30.3403361344538,330.957146019747,0.528039937960253,2.40151800645712,TRUE,TRUE
"Co",116,TRUE,30.2130852340936,327.910483144971,0.526795844326124,-2.59018696789113,TRUE,TRUE
"Co",117,TRUE,30.2130852340936,300.116454432654,0.501720351443912,-2.50215593665803,TRUE,FALSE
"Co",118,TRUE,30.2130852340936,321.076719792376,0.520120986148039,-2.45778011909267,TRUE,FALSE
"Co",119,TRUE,30.1812725090036,270.507246790164,0.477002240727222,-2.25218570335158,TRUE,FALSE
"Co",120,TRUE,30.3085234093637,296.787356921082,0.500398253865109,2.67994707812851,TRUE,FALSE
"Co",121,TRUE,30.3721488595438,344.501976510552,0.538291501706762,2.1698075521162,TRUE,TRUE
"Co",122,TRUE,30.3403361344538,283.618466255333,0.488462385097377,2.34495824224368,TRUE,FALSE
"Co",123,TRUE,30.1812725090036,328.277834419285,0.527747701730551,-2.24407142008576,TRUE,TRUE
"Co",124,TRUE,30.3085234093637,316.891057533408,0.516537155281387,2.71960885119773,TRUE,FALSE
"Co",125,TRUE,30.2767106842737,412.018545332971,0.595507429411047,3.10912015530851,TRUE,TRUE
"Co",126,TRUE,30.1494597839136,336.145060925519,0.533750524832972,-1.86350250989457,TRUE,TRUE
"Co",127,TRUE,30.2767106842737,297.788194171013,0.499766683973658,-3.1123991089719,TRUE,FALSE
"Co",128,TRUE,30.1812725090036,330.567930163022,0.529390529758603,-2.28504091833707,TRUE,TRUE
"Co",129,TRUE,30.3403361344538,244.737775206741,0.451573538741701,2.36132240045361,TRUE,FALSE
"Co",130,TRUE,30.3085234093637,283.330602118397,0.488093362770238,2.72969016082068,TRUE,FALSE
"Co",131,TRUE,30.3085234093637,327.044624894558,0.525549660079002,2.83369591478078,TRUE,FALSE
"Co",132,TRUE,30.1812725090036,330.46251219782,0.528779194053657,-2.22636526603234,TRUE,TRUE
"Co",133,TRUE,30.3403361344538,332.34758871292,0.530229741749978,2.52452143701784,TRUE,TRUE
"Co",134,TRUE,30.2767106842737,301.334920245015,0.503459627838131,3.08717234277471,TRUE,FALSE
"Co",135,TRUE,30.2130852340936,306.765897365998,0.509882546775827,-2.54288509299649,TRUE,FALSE
"Co",136,TRUE,30.2448979591837,360.273249034745,0.552618736093872,-2.90396551218251,TRUE,TRUE
"Co",137,TRUE,30.3085234093637,320.715863952815,0.520330725374256,2.74831464427284,TRUE,FALSE
"Co",138,TRUE,30.3721488595438,329.259428323118,0.526326329678459,2.17929545871995,TRUE,TRUE
"Co",139,TRUE,30.2130852340936,320.77414769118,0.52139565199138,-2.65195393888506,TRUE,FALSE
"Co",140,TRUE,30.0858343337335,275.073468969926,0.481506003385713,-1.25236285671524,TRUE,FALSE
"Co",141,TRUE,30.2130852340936,270.650735307797,0.477597688702522,-2.61417330502168,TRUE,FALSE
"Co",142,TRUE,30.2448979591837,307.172580518968,0.508968088223807,-2.84796934491059,TRUE,FALSE
"Co",143,TRUE,30.2130852340936,306.60548474458,0.508729004887389,-2.54244249599081,TRUE,FALSE
"Co",144,TRUE,30.3403361344538,290.900911851459,0.49383979283528,2.51558609941861,TRUE,FALSE
"Co",145,TRUE,30.3085234093637,342.695378586133,0.539637920204044,2.74616398944056,TRUE,TRUE
"Co",146,TRUE,30.1812725090036,279.485723346225,0.484388816436514,-2.24204029068399,TRUE,FALSE
"Co",147,TRUE,30.3085234093637,367.758949325528,0.560112714574145,2.73098210394474,TRUE,TRUE
"Co",148,TRUE,30.2448979591837,304.088020770983,0.506708524958154,-2.94741250775252,TRUE,FALSE
"Co",149,TRUE,30.2767106842737,374.526623579208,0.563949610057925,-3.12239634213795,TRUE,TRUE
"Co",150,TRUE,30.3085234093637,319.512993937244,0.519601561792681,2.7527919640259,TRUE,FALSE
"Co",151,TRUE,30.2130852340936,255.203841119665,0.462503512247366,-2.54707622141516,TRUE,FALSE
"Co",152,TRUE,30.4039615846339,390.98343305324,0.575739162835479,1.77184987444573,TRUE,TRUE
"Co",153,TRUE,30.0858343337335,364.357167327209,0.558518406957526,-1.25119329162786,TRUE,TRUE
"Co",154,TRUE,30.3721488595438,348.345303332008,0.542250135161161,2.20691232104818,TRUE,TRUE
"Co",155,TRUE,30.3403361344538,374.355572046816,0.564059229468273,2.42349402664783,TRUE,TRUE
"Co",156,TRUE,30.3085234093637,321.140430271532,0.520991334726155,2.70338700712575,TRUE,FALSE
"Co",157,TRUE,30.1494597839136,340.991457659327,0.537114497862453,-1.82054600698991,TRUE,TRUE
"Co",158,TRUE,30.1812725090036,340.754334600294,0.538890340369773,-2.22270837782346,TRUE,TRUE
"Co",159,TRUE,30.2767106842737,285.232762631477,0.488658156458857,3.08249681404595,TRUE,FALSE
"Co",160,TRUE,30.499399759904,300.848645848761,0.502798402339526,0.830533280182356,TRUE,FALSE
"Co",161,TRUE,30.1812725090036,374.537108874228,0.56611731712936,-2.29703724058504,TRUE,TRUE
"Co",162,TRUE,30.3403361344538,373.263688391191,0.562533786887947,2.51995655832672,TRUE,TRUE
"Co",163,TRUE,30.3403361344538,325.424240632134,0.524497273422248,2.38497167241547,TRUE,FALSE
"Co",164,TRUE,30.1176470588235,373.002925801445,0.564642243652465,-1.5555165071161,TRUE,TRUE
"Co",165,TRUE,30.2767106842737,305.628081137475,0.506603422168655,3.06594698373917,TRUE,FALSE
"Co",166,TRUE,30.2767106842737,299.085885574681,0.502405395839148,3.02518799663575,TRUE,FALSE
"Co",167,TRUE,30.3085234093637,276.341834390738,0.481264639390552,2.75512803762744,TRUE,FALSE
"Co",168,TRUE,30.1494597839136,351.521597314884,0.547392721479731,-1.88828875520503,TRUE,TRUE
"Co",169,TRUE,30.2130852340936,319.901394443473,0.520480038084264,-2.59617296751512,TRUE,FALSE
"Co",170,TRUE,30.2448979591837,339.066750566966,0.53638264943459,-2.94008117436035,TRUE,TRUE
"Co",171,TRUE,30.3085234093637,314.334356493356,0.514462271333214,2.75197746956161,TRUE,FALSE
"Co",172,TRUE,30.3085234093637,335.457763544105,0.532522873204592,2.77006107237637,TRUE,TRUE
"Co",173,TRUE,30.2767106842737,340.043000864179,0.536595170985726,3.07357492806429,TRUE,TRUE
"Co",174,TRUE,30.2767106842737,341.95182494069,0.539971404137929,3.09869386829795,TRUE,TRUE
"Co",175,TRUE,30.2448979591837,335.546938274216,0.533343564883969,-2.94179589347604,TRUE,TRUE
"Co",176,TRUE,30.3085234093637,310.441694116393,0.51174282791582,2.84278477838599,TRUE,FALSE
"Co",177,TRUE,30.0858343337335,349.29430359313,0.545509658351588,-1.31770717413296,TRUE,TRUE
"Co",178,TRUE,30.1494597839136,348.506757767708,0.544340117544916,-1.8858180915937,TRUE,TRUE
"Co",179,TRUE,30.3403361344538,316.99260043832,0.517623027562886,2.37724521564964,TRUE,FALSE
"Co",180,TRUE,30.3085234093637,327.466133850405,0.52594139524242,2.81124965043063,TRUE,TRUE
"Co",181,TRUE,30.2130852340936,315.778755997179,0.516735853419751,-2.64939703565835,TRUE,FALSE
"Co",182,TRUE,30.2767106842737,326.293071045256,0.524149679101327,3.08415761037147,TRUE,FALSE
"Co",183,TRUE,30.1812725090036,342.947820276655,0.53858467439381,-2.20364355658809,TRUE,TRUE
"Co",184,TRUE,30.1494597839136,373.593106487679,0.563968867068043,-1.87562618280732,TRUE,TRUE
"Co",185,TRUE,30.1176470588235,336.808588877689,0.536116909730857,-1.58222790588491,TRUE,TRUE
"Co",186,TRUE,30.2130852340936,283.175153958578,0.487937683926622,-2.55769172960262,TRUE,FALSE
"Co",187,TRUE,30.1176470588235,342.31242531004,0.53885599349099,-1.53841216462534,TRUE,TRUE
"Co",188,TRUE,30.0540216086435,320.047253378259,0.521179347951057,-1.01261849775651,TRUE,FALSE
"Co",189,TRUE,30.2448979591837,305.110917760215,0.507567904020364,-2.88454653811599,TRUE,FALSE
"Co",190,TRUE,30.2130852340936,332.784191670122,0.530961684846793,-2.48181147818962,TRUE,TRUE
"Co",191,TRUE,30.3721488595438,314.545229932418,0.514376295627462,2.06500499004336,TRUE,FALSE
"Co",192,TRUE,30.1494597839136,283.165109781542,0.487910471864658,-1.8244034312528,TRUE,FALSE
"Co",193,TRUE,30.2767106842737,297.003860224643,0.499285026006309,-3.10825529990493,TRUE,FALSE
"Co",194,TRUE,30.2767106842737,271.127843192337,0.477570342264611,3.04005912124216,TRUE,FALSE
"Co",195,TRUE,30.0540216086435,343.254040273789,0.540156743221337,-0.980194841365374,TRUE,TRUE
"Co",196,TRUE,30.3721488595438,286.360938119887,0.489809192423618,2.14288027036484,TRUE,FALSE
"Co",197,TRUE,30.1176470588235,269.152618144959,0.47564390633322,-1.69312875198133,TRUE,FALSE
"Co",198,TRUE,30.2767106842737,322.202160609079,0.52160407172034,3.12149837191497,TRUE,FALSE
"Co",199,TRUE,30.1494597839136,283.671660285603,0.489275578579126,-1.90138038601798,TRUE,FALSE
"Co",200,TRUE,30.1812725090036,342.534692683989,0.539393400125637,-2.18853900487186,TRUE,TRUE
"Co",201,TRUE,30.2448979591837,340.15080318596,0.536323048865577,-2.89369177118828,TRUE,TRUE
"Co",202,TRUE,30.2130852340936,320.24731622716,0.520155289488662,-2.54793937921412,TRUE,FALSE
"Co",203,TRUE,30.2448979591837,380.703406282087,0.569534585573084,-2.78805363473556,TRUE,TRUE
"Co",204,TRUE,30.2767106842737,342.743500807096,0.539645471076508,3.10721981380851,TRUE,TRUE
"Co",205,TRUE,30.1812725090036,370.385249525906,0.562899402795672,-2.21540106209288,TRUE,TRUE
"Co",206,TRUE,30.2130852340936,383.879089515125,0.57280397237957,-2.49936454283021,TRUE,TRUE
"Co",207,TRUE,30.1812725090036,347.399032687725,0.543368363422373,-2.22233093970016,TRUE,TRUE
"Co",208,TRUE,30.2130852340936,331.109311959244,0.529619942683857,-2.57539090264238,TRUE,TRUE
"Co",209,TRUE,30.2130852340936,330.384020453058,0.528701493344332,-2.51263324830852,TRUE,TRUE
"Co",210,TRUE,30.2448979591837,332.465511671734,0.531313886703288,-2.9711151812384,TRUE,TRUE
"Co",211,TRUE,30.2448979591837,399.363233682854,0.58469811535298,-2.77675400916135,TRUE,TRUE
"Co",212,TRUE,30.2767106842737,326.420707701172,0.524509827567391,-3.13537556552113,TRUE,FALSE
"Co",213,TRUE,30.2767106842737,396.477550055779,0.582375024371303,3.08925328217182,TRUE,TRUE
"Co",214,TRUE,30.2448979591837,289.951924097255,0.493779852221536,-2.8610516586975,TRUE,FALSE
"Co",215,TRUE,30.2448979591837,311.432591188065,0.511169669705782,-2.81040697910929,TRUE,FALSE
"Co",216,TRUE,30.3403361344538,335.591043416659,0.532925157870922,2.44614043775111,TRUE,TRUE
"Co",217,TRUE,30.1812725090036,326.093073491905,0.524872554685796,-2.23745586763162,TRUE,FALSE
"Co",218,TRUE,30.2448979591837,323.749268176123,0.523627021172859,-2.93490908433105,TRUE,FALSE
"Co",219,TRUE,30.3403361344538,325.250358980001,0.524115961502808,2.44652024925753,TRUE,FALSE
"Co",220,TRUE,30.3085234093637,291.650786821606,0.496151810683329,2.75380015070038,TRUE,FALSE
"Co",221,TRUE,30.2448979591837,287.025766690363,0.491473340142909,-2.92496510386746,TRUE,FALSE
"Co",222,TRUE,30.3403361344538,360.503399360651,0.553106760299642,2.53769416426946,TRUE,TRUE
"Co",223,TRUE,30.2448979591837,307.043978183856,0.50866332386673,-2.86722849291318,TRUE,FALSE
"Co",224,TRUE,30.2767106842737,246.873417823817,0.453612149735222,3.0434884659339,TRUE,FALSE
"Co",225,TRUE,30.3085234093637,267.679583090806,0.473320340963468,2.76608219973084,TRUE,FALSE
"Co",226,TRUE,30.3085234093637,341.535459283861,0.537399020770379,2.76370586029106,TRUE,TRUE
"Co",227,TRUE,30.1494597839136,298.54079571526,0.501378138425411,-1.83079413198411,TRUE,FALSE
"Co",228,TRUE,30.2767106842737,329.929988138488,0.527538979012064,3.03252519172372,TRUE,TRUE
"Co",229,TRUE,30.2448979591837,427.017533589772,0.606633270230209,-2.92023691396391,TRUE,TRUE
"Co",230,TRUE,30.1494597839136,342.341345771531,0.538809036072001,-1.88735703374152,TRUE,TRUE
"Co",231,TRUE,30.2448979591837,381.166102534214,0.569015639227564,-2.80577917119104,TRUE,TRUE
"Co",232,TRUE,30.2130852340936,333.200345924324,0.532877943050104,-2.62966171181652,TRUE,TRUE
"Co",233,TRUE,30.3085234093637,392.817543976139,0.57991509881106,2.69215653159723,TRUE,TRUE
"Co",234,TRUE,30.3085234093637,330.697884143577,0.528252828400084,2.84206179322677,TRUE,TRUE
"Co",235,TRUE,30.2130852340936,321.288136623138,0.522064107142008,-2.58148586936526,TRUE,FALSE
"Co",236,TRUE,30.2767106842737,345.498424073249,0.541083921340235,3.09245376037373,TRUE,TRUE
"Co",237,TRUE,30.3085234093637,343.70032381788,0.541002334239976,2.71671067347239,TRUE,TRUE
"Co",238,TRUE,30.3085234093637,336.424290533421,0.533780850350026,2.73832466559491,TRUE,TRUE
"Co",239,TRUE,30.2767106842737,301.136303345746,0.503317511115071,3.0545837032037,TRUE,FALSE
"Co",240,TRUE,30.2767106842737,292.973049041693,0.49636220706297,3.00142868966245,TRUE,FALSE
"Co",241,TRUE,30.2448979591837,392.860541945954,0.57956156819227,-2.89851404490018,TRUE,TRUE
"Co",242,TRUE,30.2448979591837,308.443648024357,0.508825973999176,-2.77327611323487,TRUE,FALSE
"Co",243,TRUE,30.2767106842737,296.456983934937,0.500299085910732,3.019123014013,TRUE,FALSE
"Co",244,TRUE,30.2130852340936,363.223666355228,0.555825503068448,-2.51280990188757,TRUE,TRUE
"Co",245,TRUE,30.2767106842737,300.903853261538,0.503562188076,3.07549442288308,TRUE,FALSE
"Co",246,TRUE,30.2448979591837,343.325811591976,0.538988969826804,-2.81851385882114,TRUE,TRUE
"Co",247,TRUE,30.2448979591837,321.502338585976,0.520401802993663,-2.83644331873964,TRUE,FALSE
"Co",248,TRUE,30.2448979591837,391.214817575466,0.578517419354765,-2.9031989849822,TRUE,TRUE
"Co",249,TRUE,30.1494597839136,308.575845101504,0.510439265899157,-1.89156665471054,TRUE,FALSE
"Co",250,TRUE,30.1176470588235,291.788952299376,0.497326752327066,-1.67361045425656,TRUE,FALSE
"Co",251,TRUE,30.1176470588235,321.982270961726,0.52094478943038,-1.48367067611178,TRUE,FALSE
"Co",252,TRUE,30.2448979591837,278.610552347478,0.482923099385538,-2.84157539456327,TRUE,FALSE
"Co",253,TRUE,30.1176470588235,295.454720189044,0.499614030732957,-1.54360906541853,TRUE,FALSE
"Co",254,TRUE,30.3085234093637,335.6009198244,0.532019434041328,2.71336403735041,TRUE,TRUE
"Co",255,TRUE,30.3403361344538,359.04710669654,0.551795074449539,2.41412702374035,TRUE,TRUE
"Co",256,TRUE,30.2767106842737,279.045462837126,0.483658546708125,3.06788711088518,TRUE,FALSE
"Co",257,TRUE,30.2767106842737,299.632763752938,0.501546047499511,3.07507564304224,TRUE,FALSE
"Co",258,TRUE,30.1812725090036,380.654758901043,0.569425114444765,-2.20275247767832,TRUE,TRUE
"Co",259,TRUE,30.3403361344538,302.271591396617,0.502555554485952,2.5417721483966,TRUE,FALSE
"Co",260,TRUE,30.3403361344538,322.493922853563,0.522019638959059,2.42290288848263,TRUE,FALSE
"Co",261,TRUE,30.2767106842737,358.269259688209,0.551153904276792,3.06337362327326,TRUE,TRUE
"Co",262,TRUE,30.1812725090036,272.523164159641,0.477569741807605,-2.21502582632552,TRUE,FALSE
"Co",263,TRUE,30.3721488595438,324.692316774932,0.522615093619921,2.22028785188995,TRUE,FALSE
"Co",264,TRUE,30.2448979591837,326.75346038644,0.526230024070511,-2.81830456336223,TRUE,FALSE
"Co",265,TRUE,30.2767106842737,336.431983736357,0.534028803166161,3.12982213002475,TRUE,TRUE
"Co",266,TRUE,30.3403361344538,320.368879933777,0.519410477476184,2.45293696154511,TRUE,FALSE
"Co",267,TRUE,30.2448979591837,312.554584706234,0.513936684961537,-2.89240096323765,TRUE,FALSE
"Co",268,TRUE,30.2130852340936,312.613012746554,0.512976756626744,-2.54903264188223,TRUE,FALSE
"Co",269,TRUE,30.3085234093637,295.301896544999,0.499784363060915,2.72036939346093,TRUE,FALSE
"Co",270,TRUE,30.1176470588235,365.205624887026,0.559116486816364,-1.6253662177291,TRUE,TRUE
"Co",271,TRUE,30.3085234093637,307.067899500662,0.508979657257375,2.7520656248846,TRUE,FALSE
"Co",272,TRUE,30.1494597839136,342.431808694026,0.540413312405087,-1.90025444570807,TRUE,TRUE
"Co",273,TRUE,30.1176470588235,314.610074021357,0.516626372734203,-1.56719030111695,TRUE,FALSE
"Co",274,TRUE,30.1494597839136,345.943412704867,0.541792619245382,-1.87742623703567,TRUE,TRUE
"Co",275,TRUE,30.2130852340936,365.086149038646,0.558937463610556,-2.63072947585617,TRUE,TRUE
"Co",276,TRUE,30.2130852340936,350.276623953332,0.545045967109558,-2.48006832727808,TRUE,TRUE
"Co",277,TRUE,30.2130852340936,320.621275662755,0.521303724783843,-2.54899893216119,TRUE,FALSE
"Co",278,TRUE,30.2130852340936,265.763462445374,0.471074873361056,-2.42661568352733,TRUE,FALSE
"Co",279,TRUE,30.2130852340936,316.987028301283,0.516518636164004,-2.4087427937968,TRUE,FALSE
"Co",280,TRUE,30.1176470588235,335.429028771395,0.536144817130426,-1.72180460582656,TRUE,TRUE
"Co",281,TRUE,30.2448979591837,341.904804109777,0.539233405543882,-2.94651145443014,TRUE,TRUE
"Co",282,TRUE,30.3085234093637,325.356310011829,0.525834272959174,2.70105564855026,TRUE,FALSE
"Co",283,TRUE,30.2448979591837,336.815225810098,0.534550276215959,-2.85045527592344,TRUE,TRUE
"Co",284,TRUE,30.2767106842737,301.295790410829,0.503476728082226,3.10052349634345,TRUE,FALSE
"Co",285,TRUE,30.1494597839136,265.591600447692,0.472503886121106,-1.87046175982356,TRUE,FALSE
"Co",286,TRUE,30.3721488595438,286.405846917248,0.489219858262033,2.17282483840362,TRUE,FALSE
"Co",287,TRUE,30.2448979591837,325.481061889499,0.525375868977034,-2.93929400607287,TRUE,FALSE
"Co",288,TRUE,30.1494597839136,320.338638820338,0.52054994887867,-1.92426482981863,TRUE,FALSE
"Co",289,TRUE,29.9903961584634,303.22565100835,0.507872325895023,-0.278979016955865,TRUE,FALSE
"Co",290,TRUE,30.2130852340936,340.772178777617,0.538359699543723,-2.5456171943819,TRUE,TRUE
"Co",291,TRUE,30.3085234093637,318.136713140239,0.518572170956527,2.8042948708759,TRUE,FALSE
"Co",292,TRUE,30.1494597839136,283.82690330117,0.489059572369023,-1.96780617404185,TRUE,FALSE
"Co",293,TRUE,30.0540216086435,273.451825455028,0.479608932127723,-1.00198786244001,TRUE,FALSE
"Co",294,TRUE,30.2767106842737,301.562629894643,0.503263123439221,3.08193146239403,TRUE,FALSE
"Co",295,TRUE,30.1494597839136,324.862245290725,0.524265719891674,-1.83311330291194,TRUE,FALSE
"Co",296,TRUE,30.1176470588235,316.854782610843,0.516773969331808,-1.52576565654786,TRUE,FALSE
"Co",297,TRUE,30.1176470588235,293.722417953229,0.49754563177291,-1.52426137098143,TRUE,FALSE
"Co",298,TRUE,30.3403361344538,316.223511718408,0.515204724551344,2.39176477760638,TRUE,FALSE
"Co",299,TRUE,30.3085234093637,357.40353609846,0.549339559235462,2.74680507583145,TRUE,TRUE
"Co",300,TRUE,30.0858343337335,327.632382654995,0.528121966948415,-1.29137125303305,TRUE,TRUE
"Co",301,TRUE,30.2130852340936,351.310963959513,0.548313498011704,-2.57226203828688,TRUE,TRUE
"Co",302,TRUE,30.2130852340936,377.02617701761,0.566715502128334,-2.56052732103709,TRUE,TRUE
"Co",303,TRUE,30.1812725090036,329.939173053066,0.52804414522173,-2.26413204190199,TRUE,TRUE
"Co",304,TRUE,30.2130852340936,300.552713769591,0.503075564968585,-2.4101720519229,TRUE,FALSE
"Co",305,TRUE,30.4039615846339,316.401767294052,0.515490632747123,1.73129067075829,TRUE,FALSE
"Co",306,TRUE,30.3085234093637,335.353642060425,0.533352537499915,2.76646595083907,TRUE,TRUE
"Co",307,TRUE,30.0540216086435,297.325800040355,0.500986280346789,-0.845334701624222,TRUE,FALSE
"Co",308,TRUE,30.3403361344538,344.466402592779,0.539080193069583,2.41765440165937,TRUE,TRUE
"Co",309,TRUE,30.4039615846339,350.662666872215,0.544985267044293,1.83831013267479,TRUE,TRUE
"Co",310,TRUE,30.2767106842737,294.348852350628,0.496417482101356,3.08328081357576,TRUE,FALSE
"Co",311,TRUE,30.1494597839136,348.523887015879,0.544637953602504,-2.01412019692042,TRUE,TRUE
"Co",312,TRUE,30.1812725090036,335.717263480793,0.534419726629775,-2.23836264610951,TRUE,TRUE
"Co",313,TRUE,30.3721488595438,310.380384090419,0.510202517488112,2.19782186771935,TRUE,FALSE
"Co",314,TRUE,30.2130852340936,334.031351364644,0.531402818864468,-2.49615736808262,TRUE,TRUE
"Co",315,TRUE,30.2130852340936,351.063155623353,0.545060908327068,-2.53051356441712,TRUE,TRUE
"Co",316,TRUE,30.2448979591837,343.966570668975,0.539302818290162,-2.87761892990919,TRUE,TRUE
"Co",317,TRUE,30.4039615846339,374.889810908522,0.56368483575448,1.72812373726568,TRUE,TRUE
"Co",318,TRUE,30.1176470588235,390.07136793534,0.578938314695249,-1.66154692908367,TRUE,TRUE
"Co",319,TRUE,30.2448979591837,359.965546378706,0.552969502635343,-2.84153852695443,TRUE,TRUE
"Co",320,TRUE,30.1812725090036,323.21705207355,0.522629981060935,-2.21129911240739,TRUE,FALSE
"Co",321,TRUE,30.3721488595438,372.199342596049,0.562077072916308,2.13714907131594,TRUE,TRUE
"Co",322,TRUE,30.1812725090036,260.105429838867,0.467144884677646,-2.20439654929248,TRUE,FALSE
"Co",323,TRUE,30.0858343337335,317.772858375007,0.519505022310421,-1.30691421088095,TRUE,FALSE
"Co",324,TRUE,30.2448979591837,339.161933041614,0.536460488290974,-2.97491671652256,TRUE,TRUE
"Co",325,TRUE,30.3085234093637,274.119709586192,0.478732473728556,2.76951967422296,TRUE,FALSE
"Co",326,TRUE,30.2767106842737,310.134569017285,0.511330896754833,-3.12913040841656,TRUE,FALSE
"Co",327,TRUE,30.2767106842737,344.24573535759,0.53894318899543,3.07311029495386,TRUE,TRUE
"Co",328,TRUE,30.4039615846339,287.437019125059,0.490653847079825,1.78941023367824,TRUE,FALSE
"Co",329,TRUE,30.2767106842737,320.723328901367,0.521281645616695,3.09174957330449,TRUE,FALSE
"Co",330,TRUE,30.1812725090036,323.277109323004,0.523853858999392,-2.2705852101131,TRUE,FALSE
"Co",331,TRUE,30.2767106842737,330.143577136838,0.528165909455148,3.04631752137389,TRUE,TRUE
"Co",332,TRUE,30.4357743097239,274.248303915547,0.479509963679263,1.41396208373872,TRUE,FALSE
"Co",333,TRUE,30.2130852340936,304.929207730012,0.507942044158884,-2.61604220393737,TRUE,FALSE
"Co",334,TRUE,30.2448979591837,346.508543905476,0.541616148913256,-2.78785192332999,TRUE,TRUE
"Co",335,TRUE,30.1176470588235,335.21527451979,0.534194751048059,-1.56407334636026,TRUE,TRUE
"Co",336,TRUE,30.2448979591837,366.367876359117,0.559071701171357,-2.8574388304003,TRUE,TRUE
"Co",337,TRUE,30.2130852340936,306.322383178989,0.507746676900234,-2.49931211782295,TRUE,FALSE
"Co",338,TRUE,30.2448979591837,288.635827988404,0.49287458551105,-2.86733756062071,TRUE,FALSE
"Co",339,TRUE,30.1494597839136,285.683584032116,0.490751328280249,-1.88376253666835,TRUE,FALSE
"Co",340,TRUE,30.1812725090036,357.833941983248,0.551998300516384,-2.27736148648542,TRUE,TRUE
"Co",341,TRUE,30.1494597839136,263.271971380919,0.470023528813294,-1.93643437704576,TRUE,FALSE
"Co",342,TRUE,30.2767106842737,313.772404223879,0.514017774451281,3.11110426967626,TRUE,FALSE
"Co",343,TRUE,30.1494597839136,367.332542650286,0.560724070940711,-1.94816367870931,TRUE,TRUE
"Co",344,TRUE,30.3085234093637,279.217171324963,0.484024240597975,2.73555874290937,TRUE,FALSE
"Co",345,TRUE,30.3403361344538,320.082160462944,0.520071262367876,2.36607740378294,TRUE,FALSE
"Co",346,TRUE,30.2448979591837,291.803509333904,0.495217733196827,-2.85811871060446,TRUE,FALSE
"Co",347,TRUE,30.4039615846339,328.319873669176,0.52527663655594,1.87921067114867,TRUE,TRUE
"Co",348,TRUE,30.3721488595438,387.273242090529,0.57367073859934,2.15292343321759,TRUE,TRUE
"Co",349,TRUE,30.2767106842737,356.175301091643,0.550386559113704,3.04161937132866,TRUE,TRUE
"Co",350,TRUE,30.2130852340936,306.089017137472,0.507564001584512,-2.5310426527942,TRUE,FALSE
"Co",351,TRUE,30.2767106842737,319.614536340415,0.518266844832861,3.09073515186589,TRUE,FALSE
"Co",352,TRUE,30.3085234093637,283.952218335423,0.487702581712329,2.63156444819035,TRUE,FALSE
"Co",353,TRUE,30.2448979591837,379.12215070703,0.568481992971821,-2.8180878031191,TRUE,TRUE
"Co",354,TRUE,30.3085234093637,330.21104601912,0.52823936223999,2.73401024763985,TRUE,TRUE
"Co",355,TRUE,30.2448979591837,348.080492265524,0.54297162235018,-2.86273868986684,TRUE,TRUE
"Co",356,TRUE,30.2130852340936,300.097019945691,0.502836457204851,-2.66707961189816,TRUE,FALSE
"Co",357,TRUE,30.2767106842737,290.278423878562,0.494192115555464,3.13668355760149,TRUE,FALSE
"Co",358,TRUE,30.1812725090036,372.234720589764,0.564252482808447,-2.24163829202146,TRUE,TRUE
"Co",359,TRUE,30.2130852340936,356.816660462393,0.550966701388983,-2.50790992547893,TRUE,TRUE
"Co",360,TRUE,30.0858343337335,292.866160215082,0.497722155903316,-1.27552668535065,TRUE,FALSE
"Co",361,TRUE,30.2130852340936,372.155465427462,0.564144465751193,-2.57174960190146,TRUE,TRUE
"Co",362,TRUE,30.2767106842737,345.823025219645,0.541700678196241,3.0057430409355,TRUE,TRUE
"Co",363,TRUE,30.3403361344538,325.073350788831,0.523411333842831,2.41476292150917,TRUE,FALSE
"Co",364,TRUE,30.2767106842737,335.357414109522,0.53327797625374,3.03048193750165,TRUE,TRUE
"Co",365,TRUE,30.2130852340936,296.892242783163,0.500469371970293,-2.62155327229298,TRUE,FALSE
"Co",366,TRUE,30.2130852340936,319.653893862243,0.52008477193535,-2.56281311448241,TRUE,FALSE
"Co",367,TRUE,30.499399759904,394.440871674091,0.579596911495022,0.707908402622668,TRUE,TRUE
"Co",368,TRUE,30.2767106842737,310.893428410063,0.51191170245082,3.12368492940972,TRUE,FALSE
"Co",369,TRUE,30.2767106842737,327.156449630965,0.526610580809613,3.0673155949935,TRUE,TRUE
"Co",370,TRUE,30.1812725090036,347.07942949986,0.544245261139462,-2.29448667943667,TRUE,TRUE
"Co",371,TRUE,30.3085234093637,345.144169574842,0.540385087131554,2.7903483226129,TRUE,TRUE
"Co",372,TRUE,30.1812725090036,350.895149742257,0.547936462138883,-2.27668242095358,TRUE,TRUE
"Co",373,TRUE,30.2130852340936,374.44245467901,0.565543664017792,-2.52600622329148,TRUE,TRUE
"Co",374,TRUE,30.2767106842737,391.545929768517,0.578833567566031,3.08933422408122,TRUE,TRUE
"Co",375,TRUE,30.3721488595438,326.684664500736,0.525371103815798,2.10864914220553,TRUE,FALSE
"Co",376,TRUE,30.1176470588235,309.448425144196,0.510330034899414,-1.50880694859934,TRUE,FALSE
"Co",377,TRUE,30.2767106842737,329.284050616394,0.527982664418208,3.08674729348016,TRUE,TRUE
"Co",378,TRUE,30.1494597839136,299.539366669135,0.50273318940988,-1.89172256717464,TRUE,FALSE
"Co",379,TRUE,30.3403361344538,339.353001094522,0.537001654160243,2.41372027500059,TRUE,TRUE
"Co",380,TRUE,30.1812725090036,337.572560245461,0.535114203302408,-2.27151729979275,TRUE,TRUE
"Co",381,TRUE,30.2767106842737,328.16336125619,0.526657842633987,3.12861187473977,TRUE,TRUE
"Co",382,TRUE,30.2130852340936,326.395702869455,0.526447852912259,-2.63619252498705,TRUE,FALSE
"Co",383,TRUE,30.3721488595438,411.671264255838,0.591829539114407,2.15785301519482,TRUE,TRUE
"Co",384,TRUE,30.2130852340936,325.284675582545,0.522752806661512,-2.44471325808784,TRUE,FALSE
"Co",385,TRUE,30.3085234093637,348.918362812007,0.542857148090943,2.865972177211,TRUE,TRUE
"Co",386,TRUE,30.4675870348139,291.558895015277,0.493884277618256,1.1072016956551,TRUE,FALSE
"Co",387,TRUE,30.4039615846339,345.313327069937,0.5397726978438,1.80941581434563,TRUE,TRUE
"Co",388,TRUE,30.2767106842737,339.399256083528,0.535409551664536,3.04677756748573,TRUE,TRUE
"Co",389,TRUE,30.1812725090036,367.696985050788,0.56068121200984,-2.24529922461282,TRUE,TRUE
"Co",390,TRUE,30.3085234093637,317.473626370312,0.518050674037269,2.83672288956455,TRUE,FALSE
"Co",391,TRUE,30.4357743097239,335.664820982998,0.532535174269791,1.37875294615921,TRUE,TRUE
"Co",392,TRUE,30.3085234093637,297.134856711987,0.50067766161456,2.75217355151899,TRUE,FALSE
"Co",393,TRUE,30.3085234093637,372.475170997241,0.563144132193915,2.86886913388125,TRUE,TRUE
"Co",394,TRUE,30.2130852340936,368.518482257382,0.560671060219468,-2.60913119595524,TRUE,TRUE
"Co",395,TRUE,30.4039615846339,309.413977693931,0.509481138770768,1.78767924188649,TRUE,FALSE
"Co",396,TRUE,30.3085234093637,296.019334304548,0.498338840007839,2.72083615354616,TRUE,FALSE
"Co",397,TRUE,30.3721488595438,301.227998867907,0.503037720848076,2.03237973532946,TRUE,FALSE
"Co",398,TRUE,30.1812725090036,281.606995400584,0.486020579858543,-2.24081437227184,TRUE,FALSE
"Co",399,TRUE,30.1812725090036,359.922926861864,0.554417140769025,-2.22406524928559,TRUE,TRUE
"Co",400,TRUE,30.1812725090036,370.788597055404,0.562116229328818,-2.13695797171332,TRUE,TRUE
"Co",401,TRUE,30.0858343337335,293.917352510036,0.499078218529998,-1.27365847677807,TRUE,FALSE
"Co",402,TRUE,30.1812725090036,282.509756716223,0.487821801092143,-2.19439627181099,TRUE,FALSE
"Co",403,TRUE,30.2767106842737,409.87927456722,0.592961615508359,3.12038178149298,TRUE,TRUE
"Co",404,TRUE,30.3085234093637,392.310345335217,0.580093239015818,2.68625650029755,TRUE,TRUE
"Co",405,TRUE,30.1494597839136,388.717395554953,0.576356085342171,-1.84667213758324,TRUE,TRUE
"Co",406,TRUE,30.3085234093637,368.214437059063,0.560149020713277,2.83268563933084,TRUE,TRUE
"Co",407,TRUE,30.1176470588235,350.980002271496,0.547033715945228,-1.63004416694988,TRUE,TRUE
"Co",408,TRUE,30.2767106842737,377.250905954342,0.567245882420167,2.99030367236259,TRUE,TRUE
"Co",409,TRUE,30.1812725090036,348.670181061339,0.544866901188946,-2.25930925355272,TRUE,TRUE
"Co",410,TRUE,30.1812725090036,369.021312962749,0.560639218686848,-2.24304931245668,TRUE,TRUE
"Co",411,TRUE,30.2767106842737,295.187314942639,0.497367473128909,3.09614179694092,TRUE,FALSE
"Co",412,TRUE,30.2767106842737,342.30411206143,0.538826823174029,-3.12792717183084,TRUE,TRUE
"Co",413,TRUE,30.0222088835534,314.146289570501,0.516433705117986,-0.590694294215101,TRUE,FALSE
"Co",414,TRUE,30.3721488595438,387.386044540094,0.574230079749235,2.13718787748289,TRUE,TRUE
"Co",415,TRUE,30.3085234093637,303.617193900904,0.505232403753483,2.78779635896975,TRUE,FALSE
"Co",416,TRUE,30.1812725090036,337.534725773129,0.533947683118583,-2.18742188600528,TRUE,TRUE
"Co",417,TRUE,30.2767106842737,342.478103971401,0.539194369195574,3.0626250529498,TRUE,TRUE
"Co",418,TRUE,30.1812725090036,333.389599583809,0.531766209296831,-2.22734587372655,TRUE,TRUE
"Co",419,TRUE,30.3721488595438,338.166618693578,0.535058129935757,2.12362004320724,TRUE,TRUE
"Co",420,TRUE,30.2767106842737,288.127479624657,0.491368269601403,3.13413326311091,TRUE,FALSE
"Co",421,TRUE,30.2448979591837,348.146750603302,0.544136967197471,-2.84699333829864,TRUE,TRUE
"Co",422,TRUE,30.1494597839136,307.143289658554,0.509954725333861,-1.92588411061071,TRUE,FALSE
"Co",423,TRUE,30.1176470588235,367.40150717109,0.559241109386666,-1.51892283684897,TRUE,TRUE
"Co",424,TRUE,30.3721488595438,292.653207558685,0.494856235708403,2.04358318874458,TRUE,FALSE
"Co",425,TRUE,30.3721488595438,327.629565545243,0.524754920204374,2.09431397090926,TRUE,TRUE
"Co",426,TRUE,30.2448979591837,357.755741385852,0.550985740218035,-2.87240615158401,TRUE,TRUE
"Co",427,TRUE,30.3403361344538,261.432490602642,0.467394173775885,2.40009260415342,TRUE,FALSE
"Co",428,TRUE,30.2130852340936,290.917769783462,0.495022221550748,-2.52443438361262,TRUE,FALSE
"Co",429,TRUE,30.3085234093637,363.423048011229,0.556697980285479,2.74542113221775,TRUE,TRUE
"Co",430,TRUE,30.3403361344538,307.336417178229,0.50877936639186,2.3941381182763,TRUE,FALSE
"Co",431,TRUE,30.1812725090036,292.563801027904,0.496738935772131,-2.24214223897047,TRUE,FALSE
"Co",432,TRUE,30.2767106842737,306.569027349307,0.508678450155242,3.11835599727459,TRUE,FALSE
"Co",433,TRUE,30.2130852340936,329.606980662247,0.528262332898033,-2.57475882559005,TRUE,TRUE
"Co",434,TRUE,30.2448979591837,370.987495640602,0.562096039895568,-2.88094944743207,TRUE,TRUE
"Co",435,TRUE,30.2767106842737,393.953284361664,0.580039934784387,3.08424176819877,TRUE,TRUE
"Co",436,TRUE,30.2448979591837,309.954493764092,0.510999497248203,-2.80759212190992,TRUE,FALSE
"Co",437,TRUE,30.4039615846339,303.19207275037,0.505101655330316,1.73971315893923,TRUE,FALSE
"Co",438,TRUE,30.2767106842737,329.753574075935,0.528737472526507,2.98180600890972,TRUE,TRUE
"Co",439,TRUE,30.3085234093637,302.016983590927,0.504265460985613,2.72397846691689,TRUE,FALSE
"Co",440,TRUE,30.2767106842737,348.187297946883,0.543484959643221,3.10107235854031,TRUE,TRUE
"Co",441,TRUE,30.0858343337335,281.479250448975,0.486898369048811,-1.22263353942135,TRUE,FALSE
"Co",442,TRUE,30.3403361344538,318.753052191,0.518599686744813,2.40966049957753,TRUE,FALSE
"Co",443,TRUE,30.3085234093637,313.153542115865,0.513360756248854,2.74677507097207,TRUE,FALSE
"Co",444,TRUE,30.0858343337335,354.444384074659,0.550646135675388,-1.23650791599592,TRUE,TRUE
"Co",445,TRUE,30.3721488595438,308.251175832239,0.510004061368407,2.07596532184693,TRUE,FALSE
"Co",446,TRUE,30.2448979591837,339.20411115519,0.535494441345978,-2.87934304810214,TRUE,TRUE
"Co",447,TRUE,30.2448979591837,316.461920730693,0.516076171291305,-2.78079281015088,TRUE,FALSE
"Co",448,TRUE,30.3085234093637,319.924181525601,0.519069001897372,2.7865441094266,TRUE,FALSE
"Co",449,TRUE,30.3085234093637,301.909834283228,0.503043932048524,2.84136271645092,TRUE,FALSE
"Co",450,TRUE,30.3403361344538,309.543115628036,0.510856656069016,2.47355926142118,TRUE,FALSE
"Co",451,TRUE,30.1812725090036,343.054888922822,0.539894980694354,-2.19126514541823,TRUE,TRUE
"Co",452,TRUE,30.3085234093637,417.148187128519,0.598281992070543,2.75545073614853,TRUE,TRUE
"Co",453,TRUE,30.2130852340936,304.033293470737,0.506738943114206,-2.59466558477778,TRUE,FALSE
"Co",454,TRUE,30.3721488595438,289.190692056549,0.492417739260935,2.09397862246334,TRUE,FALSE
"Co",455,TRUE,30.2767106842737,308.787439834402,0.508828099946433,3.12691590051063,TRUE,FALSE
"Co",456,TRUE,30.3403361344538,257.162477590212,0.462883741506187,2.44177850912819,TRUE,FALSE
"Co",457,TRUE,30.2448979591837,298.976033098186,0.501587624318549,-2.8877412932713,TRUE,FALSE
"Co",458,TRUE,30.2130852340936,309.798416028151,0.512308500994255,-2.51885872027375,TRUE,FALSE
"Co",459,TRUE,30.2130852340936,367.719128993939,0.559741571336432,-2.56998605652791,TRUE,TRUE
"Co",460,TRUE,30.2130852340936,282.010230554776,0.485736467660708,-2.47839786370148,TRUE,FALSE
"Co",461,TRUE,30.3085234093637,355.915149552602,0.549206913678076,2.73319133876392,TRUE,TRUE
"Co",462,TRUE,30.2130852340936,327.497579450598,0.526443364466378,-2.55331418204834,TRUE,TRUE
"Co",463,TRUE,30.2767106842737,348.40728305882,0.542903700714365,3.12245968246618,TRUE,TRUE
"Co",464,TRUE,30.3085234093637,348.858684559463,0.543479892841183,2.8290554597029,TRUE,TRUE
"Co",465,TRUE,30.1812725090036,312.578930098514,0.514663934262027,-2.21710115891349,TRUE,FALSE
"Co",466,TRUE,30.3403361344538,313.831566319042,0.514656340995064,2.4146207845224,TRUE,FALSE
"Co",467,TRUE,30.3085234093637,309.892150172964,0.511385725716802,2.79940260385901,TRUE,FALSE
"Co",468,TRUE,30.2767106842737,314.835003462535,0.51520572422341,3.10699206665646,TRUE,FALSE
"Co",469,TRUE,30.2767106842737,309.524897001867,0.51122640779481,3.09445536500455,TRUE,FALSE
"Co",470,TRUE,30.3085234093637,284.395379414174,0.487241131549888,2.80527155233044,TRUE,FALSE
"Co",471,TRUE,30.1812725090036,292.692152539892,0.496119026216079,-2.22982762392692,TRUE,FALSE
"Co",472,TRUE,30.2767106842737,334.208707340062,0.532260102592488,3.07720058413745,TRUE,TRUE
"Co",473,TRUE,30.2130852340936,301.404955325159,0.504024912176004,-2.6001661089943,TRUE,FALSE
"Co",474,TRUE,30.1494597839136,264.222146074581,0.471952206956549,-1.9760712113512,TRUE,FALSE
"Co",475,TRUE,30.499399759904,311.343846565588,0.51047861754828,0.838049703223461,TRUE,FALSE
"Co",476,TRUE,30.3721488595438,374.286447642358,0.564866555236832,2.12958447552245,TRUE,TRUE
"Co",477,TRUE,30.2448979591837,284.893225067577,0.489142799154902,-2.87297901435753,TRUE,FALSE
"Co",478,TRUE,30.1176470588235,323.916338805369,0.524605222363222,-1.52512419113773,TRUE,FALSE
"Co",479,TRUE,30.1812725090036,334.435566679448,0.532648846229305,-2.27701777056934,TRUE,TRUE
"Co",480,TRUE,30.2767106842737,306.428234857851,0.507072770744366,3.07544820305907,TRUE,FALSE
"Co",481,TRUE,30.0540216086435,312.843513930774,0.514601607152391,-0.97510167656727,TRUE,FALSE
"Co",482,TRUE,30.3403361344538,287.096616531841,0.490782493862397,2.48545758998962,TRUE,FALSE
"Co",483,TRUE,30.1812725090036,281.479222192152,0.48649595349906,-2.22781463020035,TRUE,FALSE
"Co",484,TRUE,30.2767106842737,322.430375338834,0.522109677886971,3.08049391918665,TRUE,FALSE
"Co",485,TRUE,30.3085234093637,260.628856372192,0.466711995005675,2.77871821214681,TRUE,FALSE
"Co",486,TRUE,30.3403361344538,324.654457742569,0.522899092950155,2.43820289405611,TRUE,FALSE
"Co",487,TRUE,30.2448979591837,350.324270703149,0.546008432079279,-2.85890648474015,TRUE,TRUE
"Co",488,TRUE,30.3085234093637,374.987305291766,0.564104037294429,2.77940740586378,TRUE,TRUE
"Co",489,TRUE,30.2130852340936,329.648177220978,0.527901977952639,-2.52169403618635,TRUE,TRUE
"Co",490,TRUE,30.2767106842737,299.447739216725,0.502122888987056,3.05104679454102,TRUE,FALSE
"Co",491,TRUE,30.4039615846339,324.647670569389,0.522828343214351,1.75645188034798,TRUE,FALSE
"Co",492,TRUE,30.1812725090036,347.2645990043,0.54233564570527,-2.15709086939673,TRUE,TRUE
"Co",493,TRUE,30.3403361344538,304.616466814598,0.505914521054206,2.42171808594128,TRUE,FALSE
"Co",494,TRUE,30.3085234093637,312.004726357294,0.511613231615024,2.73772438016439,TRUE,FALSE
"Co",495,TRUE,30.2767106842737,340.647184283678,0.535829673581167,-3.13956243098543,TRUE,TRUE
"Co",496,TRUE,30.499399759904,312.369688099783,0.511537100492303,0.942043972142649,TRUE,FALSE
"Co",497,TRUE,30.2130852340936,335.533157872355,0.531987219618482,-2.46203713618319,TRUE,TRUE
"Co",498,TRUE,30.3085234093637,301.443481732147,0.503660557723877,2.76081868658371,TRUE,FALSE
"Co",499,TRUE,30.2130852340936,314.229918590104,0.514809331046549,-2.57095380390793,TRUE,FALSE
"Co",500,TRUE,30.2767106842737,360.482982169414,0.55376568261576,-3.11347116760913,TRUE,TRUE
"Co",501,TRUE,30.2448979591837,325.734988587613,0.523893889387245,-2.84564473800405,TRUE,FALSE
"Co",502,TRUE,30.1812725090036,317.965337893717,0.518989699549154,-2.22635921835833,TRUE,FALSE
"Co",503,TRUE,30.0858343337335,320.329942699817,0.521596087029273,-1.26596355037271,TRUE,FALSE
"Co",504,TRUE,30.3085234093637,321.20456354942,0.521151505664222,2.78988640078489,TRUE,FALSE
"Co",505,TRUE,30.4039615846339,327.872626097174,0.525155303141513,1.74378510730441,TRUE,TRUE
"Co",506,TRUE,30.3085234093637,295.053002641693,0.49798873549268,2.66321756225799,TRUE,FALSE
"Co",507,TRUE,30.1176470588235,264.536631633016,0.469931950976259,-1.39254569175291,TRUE,FALSE
"Co",508,TRUE,30.2767106842737,274.985579588126,0.479878181199305,-3.13713439113949,TRUE,FALSE
"Co",509,TRUE,30.1812725090036,375.279631882916,0.56698010278281,-2.31169234411368,TRUE,TRUE
"Co",510,TRUE,30.1812725090036,350.475486017751,0.545944458638511,-2.28631307313936,TRUE,TRUE
"Co",511,TRUE,30.2448979591837,362.504301649877,0.55608423245767,-2.87400505318807,TRUE,TRUE
"Co",512,TRUE,30.2448979591837,316.911378912358,0.516770366028323,-2.83510855077532,TRUE,FALSE
"Co",513,TRUE,30.0222088835534,332.428654374986,0.533914268732358,-0.777645793240264,TRUE,TRUE
"Co",514,TRUE,30.3085234093637,328.191320574085,0.526223901599409,2.74889445658071,TRUE,TRUE
"Co",515,TRUE,30.2448979591837,359.821651072891,0.553751798774361,-2.94433838128643,TRUE,TRUE
"Co",516,TRUE,30.2767106842737,291.869377607839,0.494790151345034,3.00253020974637,TRUE,FALSE
"Co",517,TRUE,30.1812725090036,308.382120842597,0.510338039020364,-2.16981822320316,TRUE,FALSE
"Co",518,TRUE,30.1176470588235,300.58898834909,0.503776344584697,-1.58314128137638,TRUE,FALSE
"Co",519,TRUE,30.2767106842737,303.546876482403,0.505827776090056,2.96824693195012,TRUE,FALSE
"Co",520,TRUE,30.3721488595438,318.109964729409,0.51790168686838,2.13610146254914,TRUE,FALSE
"Co",521,TRUE,30.2767106842737,312.617061988665,0.512947714389967,-3.07598913653565,TRUE,FALSE
"Co",522,TRUE,30.2130852340936,301.896416909366,0.505344767433775,-2.56043942604746,TRUE,FALSE
"Co",523,TRUE,30.4357743097239,276.964696343845,0.480552904809337,1.48924685126949,TRUE,FALSE
"Co",524,TRUE,30.1812725090036,314.50223475233,0.515347162919367,-2.17782161800888,TRUE,FALSE
"Co",525,TRUE,30.2448979591837,295.516465823066,0.499415786552812,-2.87392187418075,TRUE,FALSE
"Co",526,TRUE,30.2767106842737,376.240867832985,0.566714223390992,3.05535848732,TRUE,TRUE
"Co",527,TRUE,30.2130852340936,319.505633057139,0.519915443635101,-2.50105993380067,TRUE,FALSE
"Co",528,TRUE,30.1494597839136,349.467207605437,0.545667351979888,-1.90958875726542,TRUE,TRUE
"Co",529,TRUE,30.2130852340936,304.960207157308,0.506907826018331,-2.57458696967548,TRUE,FALSE
"Co",530,TRUE,30.2130852340936,289.7520649161,0.494874857503576,-2.62751697455363,TRUE,FALSE
"Co",531,TRUE,30.2767106842737,349.985098334765,0.54614964908387,3.0752871710865,TRUE,TRUE
"Co",532,TRUE,30.2767106842737,293.325033206356,0.496186649097963,-3.09597750315008,TRUE,FALSE
"Co",533,TRUE,30.2448979591837,273.281452111695,0.478897009167647,-2.84959534947307,TRUE,FALSE
"Co",534,TRUE,30.2767106842737,338.278087215634,0.535122936522197,3.13528337033021,TRUE,TRUE
"Co",535,TRUE,30.2767106842737,308.705405267175,0.50974005632175,3.12284434945139,TRUE,FALSE
"Co",536,TRUE,30.1494597839136,264.640243426417,0.471148873900094,-1.9649214189113,TRUE,FALSE
"Co",537,TRUE,30.1812725090036,322.100507314167,0.524105798827288,-2.30114852077012,TRUE,FALSE
"Co",538,TRUE,30.0540216086435,294.691301710873,0.499938543101381,-0.995045401648869,TRUE,FALSE
"Co",539,TRUE,30.2448979591837,276.808527028155,0.482542427584875,-2.91674740886731,TRUE,FALSE
"Co",540,TRUE,30.2448979591837,324.72683601551,0.523876791557521,-2.89410614127794,TRUE,FALSE
"Co",541,TRUE,30.3085234093637,358.628341472021,0.551796737322269,2.79373662269525,TRUE,TRUE
"Co",542,TRUE,30.1812725090036,309.505450384203,0.511890254353577,-2.25061369862653,TRUE,FALSE
"Co",543,TRUE,30.3403361344538,300.236054510481,0.501652756269628,2.52025814032321,TRUE,FALSE
"Co",544,TRUE,30.2130852340936,380.378825031831,0.570416037829924,-2.56478136503732,TRUE,TRUE
"Co",545,TRUE,30.2130852340936,353.004129181518,0.54792012931001,-2.60655852205118,TRUE,TRUE
"Co",546,TRUE,30.3403361344538,335.968434538654,0.532304331668035,2.51655362269978,TRUE,TRUE
"Co",547,TRUE,30.3085234093637,291.247926341199,0.494405897757835,2.83630836519933,TRUE,FALSE
"Co",548,TRUE,30.1176470588235,322.375774427516,0.523480648320002,-1.62921548631773,TRUE,FALSE
"Co",549,TRUE,30.3085234093637,352.206955734401,0.546010855784219,2.78645815749861,TRUE,TRUE
"Co",550,TRUE,30.0858343337335,349.154584205088,0.546212527120274,-1.27888475602392,TRUE,TRUE
"Co",551,TRUE,30.2448979591837,323.102111450588,0.523510993437857,-2.84698781098542,TRUE,FALSE
"Co",552,TRUE,30.1176470588235,325.092892977656,0.524753802900546,-1.55158080432009,TRUE,FALSE
"Co",553,TRUE,30.1494597839136,332.911444928538,0.531946289368403,-1.94393600027595,TRUE,TRUE
"Co",554,TRUE,30.2448979591837,321.50301519457,0.521171058018696,-2.86920637651572,TRUE,FALSE
"Co",555,TRUE,30.2130852340936,341.659782885246,0.540013822521755,-2.63046290534674,TRUE,TRUE
"Co",556,TRUE,30.2130852340936,321.480468708945,0.522444434328336,-2.58667318107739,TRUE,FALSE
"Co",557,TRUE,30.2448979591837,328.671225760545,0.52690294260756,-2.78445818065033,TRUE,TRUE
"Co",558,TRUE,30.1176470588235,332.163391779132,0.530787154211353,-1.61451498163661,TRUE,TRUE
"Co",559,TRUE,30.3403361344538,339.905080903204,0.535600195257523,2.39086642970629,TRUE,TRUE
"Co",560,TRUE,30.3085234093637,362.906916736593,0.555019432586748,2.78301301161077,TRUE,TRUE
"Co",561,TRUE,30.0858343337335,260.630058707521,0.468306196256899,-1.27098749383418,TRUE,FALSE
"Co",562,TRUE,30.1812725090036,336.140934176507,0.533392654441727,-2.18894370280184,TRUE,TRUE
"Co",563,TRUE,30.4039615846339,282.744755110206,0.486115551423805,1.71308529844214,TRUE,FALSE
"Co",564,TRUE,30.3721488595438,333.343960495432,0.530979783382958,2.06678189028042,TRUE,TRUE
"Co",565,TRUE,30.1812725090036,341.660701141818,0.539476127162096,-2.19004102948148,TRUE,TRUE
"Co",566,TRUE,30.3085234093637,378.985599010851,0.567615626186016,2.73882234753748,TRUE,TRUE
"Co",567,TRUE,30.1812725090036,371.424028373027,0.563064744541216,-2.134927713076,TRUE,TRUE
"Co",568,TRUE,30.2448979591837,276.270432244562,0.481056638171002,-2.79954247778822,TRUE,FALSE
"Co",569,TRUE,30.2767106842737,298.74365374807,0.501369713252958,2.97297229929637,TRUE,FALSE
"Co",570,TRUE,30.4039615846339,355.77861593176,0.549494798001386,1.79381881238896,TRUE,TRUE
"Co",571,TRUE,30.2448979591837,357.31828026149,0.551907126921849,-2.94169746740987,TRUE,TRUE
"Co",572,TRUE,30.2767106842737,367.363417288188,0.5588636192457,3.04610751607154,TRUE,TRUE
"Co",573,TRUE,30.3403361344538,307.80247562724,0.507932613232627,2.40056311551782,TRUE,FALSE
"Co",574,TRUE,30.2130852340936,288.801825140084,0.492774745226923,-2.41844096523895,TRUE,FALSE
"Co",575,TRUE,30.1812725090036,358.540291624541,0.553258914483308,-2.21394024165314,TRUE,TRUE
"Co",576,TRUE,30.1494597839136,314.136377888498,0.51621407202391,-1.96989654088656,TRUE,FALSE
"Co",577,TRUE,30.2130852340936,346.264749242687,0.541585990340646,-2.5223946001766,TRUE,TRUE
"Co",578,TRUE,30.2448979591837,355.706892404432,0.549470922381555,-2.92869308554161,TRUE,TRUE
"Co",579,TRUE,30.2767106842737,339.823984710407,0.536140336558676,3.14051677160173,TRUE,TRUE
"Co",580,TRUE,30.3403361344538,395.833408004806,0.582427111127687,2.43853085554904,TRUE,TRUE
"Co",581,TRUE,30.1812725090036,360.0322724481,0.554549990888089,-2.27428736463707,TRUE,TRUE
"Co",582,TRUE,30.1812725090036,315.66345082418,0.516119349961915,-2.2185367703623,TRUE,FALSE
"Co",583,TRUE,30.3085234093637,392.494912624791,0.57830383824978,2.77471189901085,TRUE,TRUE
"Co",584,TRUE,30.3403361344538,297.209653553799,0.499391912741194,2.50008113626384,TRUE,FALSE
"Co",585,TRUE,30.1494597839136,389.711595584686,0.577411249555492,-1.88895640455644,TRUE,TRUE
"Co",586,TRUE,30.3085234093637,359.521956628719,0.552194800195783,2.85712099648248,TRUE,TRUE
"Co",587,TRUE,30.1812725090036,297.83822286015,0.501450146329965,-2.23504387692263,TRUE,FALSE
"Co",588,TRUE,30.2767106842737,317.558830046718,0.518684909605382,3.09624325781753,TRUE,FALSE
"Co",589,TRUE,30.2448979591837,305.136558749409,0.507909200074123,-2.86702606796672,TRUE,FALSE
"Co",590,TRUE,30.2130852340936,331.28647008749,0.52991237449376,-2.54305333786264,TRUE,TRUE
"Co",591,TRUE,30.2130852340936,288.949428446855,0.494476757535746,-2.6271528141584,TRUE,FALSE
"Co",592,TRUE,30.1494597839136,320.066454912614,0.519581863039444,-1.85277896503384,TRUE,FALSE
"Co",593,TRUE,30.2767106842737,395.934977085902,0.580520248292409,3.06266905286446,TRUE,TRUE
"Co",594,TRUE,30.1176470588235,365.371971475359,0.558293970917564,-1.6099806429908,TRUE,TRUE
"Co",595,TRUE,30.3085234093637,305.684549869041,0.506380762764523,2.80359835850725,TRUE,FALSE
"Co",596,TRUE,30.1812725090036,352.394474431406,0.548457966117696,-2.25958987972315,TRUE,TRUE
"Co",597,TRUE,30.3085234093637,338.19554919091,0.534193524032091,2.81397497634076,TRUE,TRUE
"Co",598,TRUE,30.2130852340936,300.14156903999,0.50300185243165,-2.54293135349977,TRUE,FALSE
"Co",599,TRUE,30.2130852340936,289.362992641333,0.493654841351882,-2.54626058842875,TRUE,FALSE
"Co",600,TRUE,30.2130852340936,345.379220869893,0.541128316636037,-2.47501811635273,TRUE,TRUE
"Co",601,TRUE,30.1812725090036,329.926740352581,0.528273090906476,-2.16029590896912,TRUE,TRUE
"Co",602,TRUE,30.3085234093637,390.957523538217,0.576583309113028,2.71481614829058,TRUE,TRUE
"Co",603,TRUE,30.2448979591837,322.170126803773,0.521590937123875,-2.85001954469832,TRUE,FALSE
"Co",604,TRUE,30.2767106842737,339.314795391629,0.53522409098636,3.11458515966872,TRUE,TRUE
"Co",605,TRUE,30.3085234093637,288.822635717338,0.493028589702236,2.8813458699633,TRUE,FALSE
"Co",606,TRUE,30.3721488595438,390.683569633585,0.577928343698302,2.11278389952957,TRUE,TRUE
"Co",607,TRUE,30.1494597839136,315.732879564088,0.517250546601101,-1.9866608321199,TRUE,FALSE
"Co",608,TRUE,30.3403361344538,302.457596503513,0.503716210330129,2.392457231804,TRUE,FALSE
"Co",609,TRUE,30.3085234093637,281.110571007683,0.485241429482486,2.6538082545534,TRUE,FALSE
"Co",610,TRUE,30.1494597839136,281.98299953271,0.48767979013948,-1.90138713052058,TRUE,FALSE
"Co",611,TRUE,30.2767106842737,325.858609832212,0.524749610499639,3.07011513262927,TRUE,FALSE
"Co",612,TRUE,30.4357743097239,331.065506541171,0.528503039417055,1.47754953116351,TRUE,TRUE
"Co",613,TRUE,30.2448979591837,381.731577110579,0.570231555012599,-2.857991564512,TRUE,TRUE
"Co",614,TRUE,30.3721488595438,395.046104617074,0.579761021346794,2.15334819512544,TRUE,TRUE
"Co",615,TRUE,30.2767106842737,321.884725523698,0.522011407504493,3.06518074893293,TRUE,FALSE
"Co",616,TRUE,30.3085234093637,278.87538554086,0.483552679010994,2.78367112110323,TRUE,FALSE
"Co",617,TRUE,30.2767106842737,254.781241038884,0.461261648125053,3.13253472572877,TRUE,FALSE
"Co",618,TRUE,30.1176470588235,332.117153483885,0.530944718372988,-1.60041784201977,TRUE,TRUE
"Co",619,TRUE,30.2767106842737,305.597363774863,0.506788750887759,3.0640114466369,TRUE,FALSE
"Co",620,TRUE,30.3721488595438,329.777850152424,0.527612483519708,2.1074187441902,TRUE,TRUE
"Co",621,TRUE,30.1176470588235,323.686153360063,0.522861372686659,-1.43157685116053,TRUE,FALSE
"Co",622,TRUE,30.2130852340936,335.293284992229,0.533947837510009,-2.54060206410328,TRUE,TRUE
"Co",623,TRUE,30.2130852340936,303.493985559877,0.507350768841969,-2.71127461245854,TRUE,FALSE
"Co",624,TRUE,30.1812725090036,357.445059378164,0.550763103780432,-2.14446896466828,TRUE,TRUE
"Co",625,TRUE,30.2448979591837,348.370890575534,0.543558463135238,-2.8892534342722,TRUE,TRUE
"Co",626,TRUE,30.2130852340936,365.888684576455,0.559345665543956,-2.56803552657588,TRUE,TRUE
"Co",627,TRUE,30.2767106842737,341.49654918529,0.537846032393342,3.12718011526808,TRUE,TRUE
"Co",628,TRUE,30.3721488595438,330.990453215472,0.528424489371942,2.01579538908988,TRUE,TRUE
"Co",629,TRUE,30.3085234093637,357.144205325558,0.550820641010722,2.7883787799862,TRUE,TRUE
"Co",630,TRUE,30.3403361344538,304.676693109041,0.505477873225688,2.505529812596,TRUE,FALSE
"Co",631,TRUE,30.3085234093637,323.401762617906,0.519938436342234,2.77617114812081,TRUE,FALSE
"Co",632,TRUE,30.1812725090036,318.220913417277,0.518662752454534,-2.21652930239772,TRUE,FALSE
"Co",633,TRUE,30.2767106842737,362.595033579768,0.555647810848304,3.02147340928412,TRUE,TRUE
"Co",634,TRUE,30.2130852340936,337.446812791213,0.535361825776739,-2.4886943817022,TRUE,TRUE
"Co",635,TRUE,30.2448979591837,365.179581068365,0.557583853048113,-2.86109128318717,TRUE,TRUE
"Co",636,TRUE,30.3085234093637,330.288199875305,0.529018032700398,2.75013079730638,TRUE,TRUE
"Co",637,TRUE,30.2767106842737,294.606852932998,0.49694730305368,3.10017819786398,TRUE,FALSE
"Co",638,TRUE,30.1494597839136,343.660723173063,0.541554095078421,-1.99181068313025,TRUE,TRUE
"Co",639,TRUE,30.2448979591837,293.737396417951,0.497371049737998,-2.90159382938338,TRUE,FALSE
"Co",640,TRUE,30.3085234093637,341.957934092275,0.53638426553649,2.834855258966,TRUE,TRUE
"Co",641,TRUE,30.2448979591837,288.905357402399,0.493191626340153,-2.88654845373539,TRUE,FALSE
"Co",642,TRUE,30.3403361344538,415.824528995419,0.598018524015199,2.40838797506922,TRUE,TRUE
"Co",643,TRUE,30.2130852340936,394.522275726298,0.582089450705906,-2.49334757970128,TRUE,TRUE
"Co",644,TRUE,30.1494597839136,301.571448528759,0.503225771752839,-1.90141238102312,TRUE,FALSE
"Co",645,TRUE,30.3085234093637,360.706830607749,0.555594519468,2.6860203979125,TRUE,TRUE
"Co",646,TRUE,30.1812725090036,348.429387203581,0.545066821411496,-2.19800842736227,TRUE,TRUE
"Co",647,TRUE,30.2448979591837,318.463615202475,0.518858397248742,-2.90564210520482,TRUE,FALSE
"Co",648,TRUE,30.1812725090036,334.538086498125,0.533902132698932,-2.28336187923789,TRUE,TRUE
"Co",649,TRUE,30.2130852340936,328.463877724366,0.526676309297845,-2.52833137328586,TRUE,TRUE
"Co",650,TRUE,30.2130852340936,322.10992049716,0.52293131874674,-2.65642669786397,TRUE,FALSE
"Co",651,TRUE,30.3721488595438,297.298641074876,0.499503896391543,2.18251385629805,TRUE,FALSE
"Co",652,TRUE,30.2767106842737,301.442609575159,0.502890020183171,3.13979034797036,TRUE,FALSE
"Co",653,TRUE,30.4357743097239,323.600088671708,0.521463508340048,1.42157201129837,TRUE,FALSE
"Co",654,TRUE,30.3403361344538,364.260732237775,0.557393564582277,2.43072991680293,TRUE,TRUE
"Co",655,TRUE,30.2767106842737,381.23661342634,0.569020800731568,3.113825777079,TRUE,TRUE
"Co",656,TRUE,30.2767106842737,331.043078424037,0.529021320799942,3.07098616540044,TRUE,TRUE
"Co",657,TRUE,30.1176470588235,331.179931006529,0.531675469309015,-1.6064874608025,TRUE,TRUE
"Co",658,TRUE,30.2130852340936,358.044806049958,0.553261991624923,-2.6107764775472,TRUE,TRUE
"Co",659,TRUE,30.1176470588235,327.996646749462,0.527189725642415,-1.55472409526662,TRUE,TRUE
"Co",660,TRUE,30.2130852340936,263.42503231675,0.470048064898975,-2.61168735843159,TRUE,FALSE
"Co",661,TRUE,30.499399759904,318.991054404742,0.517943176835308,0.837182523980087,TRUE,FALSE
"Co",662,TRUE,30.3085234093637,353.268758411575,0.547825006586505,2.75093427649818,TRUE,TRUE
"Co",663,TRUE,30.1812725090036,375.853003066649,0.566346847117412,-2.23427898206109,TRUE,TRUE
"Co",664,TRUE,30.3403361344538,346.22309237627,0.541642800965879,2.56596559383124,TRUE,TRUE
"Co",665,TRUE,30.0540216086435,314.015348748738,0.517490465984399,-0.978667022998043,TRUE,FALSE
"Co",666,TRUE,30.2448979591837,336.48673947654,0.533531572096291,-2.79182262649248,TRUE,TRUE
"Co",667,TRUE,30.2448979591837,331.872508729744,0.530269755027404,-2.84048175195304,TRUE,TRUE
"Co",668,TRUE,30.2130852340936,299.19440444588,0.502609643353519,-2.58340221187505,TRUE,FALSE
"Co",669,TRUE,30.3403361344538,423.207665696047,0.602439587462262,2.47967769824994,TRUE,TRUE
"Co",670,TRUE,30.2767106842737,363.168068073698,0.555145814625616,3.06964940996809,TRUE,TRUE
"Co",671,TRUE,30.4357743097239,299.897020389701,0.501372076156571,1.53818906976677,TRUE,FALSE
"Co",672,TRUE,30.2130852340936,317.287191266853,0.518649799602845,-2.60567024398362,TRUE,FALSE
"Co",673,TRUE,30.2767106842737,327.816516015581,0.527028847314006,3.07713332017809,TRUE,TRUE
"Co",674,TRUE,30.0858343337335,265.8024672776,0.472401726143183,-1.22443806568011,TRUE,FALSE
"Co",675,TRUE,30.4039615846339,293.90609114353,0.496395285139024,1.87622570037867,TRUE,FALSE
"Co",676,TRUE,30.2767106842737,283.814479459272,0.48763350453722,3.11797126399123,TRUE,FALSE
"Co",677,TRUE,30.2767106842737,334.24689492975,0.532650836047515,3.06543524476791,TRUE,TRUE
"Co",678,TRUE,30.2448979591837,309.781854472889,0.510885559301882,-2.92681600148356,TRUE,FALSE
"Co",679,TRUE,30.1176470588235,297.521433987014,0.502292910055699,-1.61965432814467,TRUE,FALSE
"Co",680,TRUE,30.1176470588235,305.962445201564,0.509212473786443,-1.65353258735938,TRUE,FALSE
"Co",681,TRUE,30.1176470588235,295.12121159518,0.499069752271159,-1.57698860560018,TRUE,FALSE
"Co",682,TRUE,30.3403361344538,311.877838248039,0.513004365360235,2.45254348612919,TRUE,FALSE
"Co",683,TRUE,30.2130852340936,338.87026561843,0.536625599391592,-2.57854454643534,TRUE,TRUE
"Co",684,TRUE,30.2130852340936,312.384540609522,0.51333729057903,-2.51167686302885,TRUE,FALSE
"Co",685,TRUE,30.0858343337335,358.576240864231,0.553974464583565,-1.24853297761531,TRUE,TRUE
"Co",686,TRUE,30.2448979591837,351.755610956105,0.547551130830977,-2.89394421581725,TRUE,TRUE
"Co",687,TRUE,30.2130852340936,382.793123950198,0.57132661784183,-2.55478516812799,TRUE,TRUE
"Co",688,TRUE,30.2448979591837,300.238035371141,0.502978817335876,-2.89048846510593,TRUE,FALSE
"Co",689,TRUE,30.2448979591837,376.022301077655,0.567319049913043,-2.87029716126178,TRUE,TRUE
"Co",690,TRUE,30.2130852340936,371.999270735298,0.562088453011197,-2.55349167489221,TRUE,TRUE
"Co",691,TRUE,30.1812725090036,351.084913296771,0.545725965509342,-2.06843970386278,TRUE,TRUE
"Co",692,TRUE,30.2130852340936,380.413429842659,0.571063149337681,-2.62027346855922,TRUE,TRUE
"Co",693,TRUE,30.2130852340936,347.155321326719,0.542303063531754,-2.58823784916678,TRUE,TRUE
"Co",694,TRUE,30.2767106842737,373.368693119508,0.563081936798689,3.0810107519451,TRUE,TRUE
"Co",695,TRUE,30.2767106842737,286.976815237691,0.490384457219512,3.13652233336743,TRUE,FALSE
"Co",696,TRUE,30.3403361344538,383.770754700032,0.572224714730863,2.51085612121484,TRUE,TRUE
"Co",697,TRUE,30.2448979591837,325.227427079319,0.525378255111471,-2.89646875524274,TRUE,FALSE
"Co",698,TRUE,30.2130852340936,334.180046314095,0.531654297866386,-2.5684454927177,TRUE,TRUE
"Co",699,TRUE,30.3721488595438,326.052923978498,0.524496829603884,2.1633626429613,TRUE,FALSE
"Co",700,TRUE,30.2448979591837,351.886173991277,0.54743455613716,-2.87289195308238,TRUE,TRUE
"Co",701,TRUE,30.2130852340936,323.675274819654,0.523281857146405,-2.6017107572853,TRUE,FALSE
"Co",702,TRUE,30.3403361344538,330.063065107518,0.527681776478985,2.31623827851,TRUE,TRUE
"Co",703,TRUE,30.2448979591837,314.085909645603,0.514448370996638,-2.95880726538769,TRUE,FALSE
"Co",704,TRUE,30.2130852340936,308.317372661504,0.510990718217725,-2.58931875841627,TRUE,FALSE
"Co",705,TRUE,30.2448979591837,371.267324912533,0.562211578316009,-2.82045904317024,TRUE,TRUE
"Co",706,TRUE,30.2767106842737,310.447246225167,0.51180222609625,3.11230258737835,TRUE,FALSE
"Co",707,TRUE,30.0858343337335,315.347331857144,0.516192772964246,-1.23357023885443,TRUE,FALSE
"Co",708,TRUE,30.3085234093637,310.50621400567,0.511395311986181,2.76271129464358,TRUE,FALSE
"Co",709,TRUE,30.2130852340936,309.779757584782,0.510714332783478,-2.49231114465895,TRUE,FALSE
"Co",710,TRUE,30.2767106842737,314.485027762879,0.514254559645285,-3.08783305111365,TRUE,FALSE
"Co",711,TRUE,30.2448979591837,337.17107722598,0.535965435798743,-2.83203353960988,TRUE,TRUE
"Co",712,TRUE,30.2448979591837,364.535572410836,0.557357710626098,-2.94426375188644,TRUE,TRUE
"Co",713,TRUE,30.1176470588235,355.948190148936,0.551141671565821,-1.59827111110964,TRUE,TRUE
"Co",714,TRUE,30.3085234093637,305.299539678664,0.507045188860931,2.71889716401717,TRUE,FALSE
"Co",715,TRUE,30.1176470588235,359.275156944571,0.553668602139441,-1.59169250039649,TRUE,TRUE
"Co",716,TRUE,30.3403361344538,356.331316785575,0.550132114157995,2.51105113951066,TRUE,TRUE
"Co",717,TRUE,30.4039615846339,348.262875688321,0.542116085547131,1.7901651636766,TRUE,TRUE
"Co",718,TRUE,30.2448979591837,314.297771683903,0.514723841693257,-2.79770766328137,TRUE,FALSE
"Co",719,TRUE,30.3085234093637,295.552852937507,0.498375198162811,2.75257663115871,TRUE,FALSE
"Co",720,TRUE,30.2448979591837,278.205407409569,0.482537965479628,-2.85037949238138,TRUE,FALSE
"Co",721,TRUE,30.2448979591837,307.972324725859,0.50930699533307,-2.88174985803846,TRUE,FALSE
"Co",722,TRUE,30.2130852340936,275.425299322108,0.480987292302056,-2.5454655378334,TRUE,FALSE
"Co",723,TRUE,30.2448979591837,313.304304510474,0.514312194048221,-2.9460962922053,TRUE,FALSE
"Co",724,TRUE,30.3721488595438,320.332340347102,0.519513679925739,2.04137368160341,TRUE,FALSE
"Co",725,TRUE,30.4357743097239,328.953848412955,0.526595797133119,1.48367982389703,TRUE,TRUE
"Co",726,TRUE,30.2767106842737,338.157021181694,0.534781328648042,3.0875049416863,TRUE,TRUE
"Co",727,TRUE,30.1812725090036,340.489436285582,0.537635174538534,-2.2452086359701,TRUE,TRUE
"Co",728,TRUE,30.2767106842737,345.003658791306,0.539740835552194,3.10814835833749,TRUE,TRUE
"Co",729,TRUE,30.2448979591837,352.120064369542,0.546679860708864,-2.92079131599494,TRUE,TRUE
"Co",730,TRUE,30.2448979591837,311.828237035907,0.513159513705347,-2.8827399734686,TRUE,FALSE
"Co",731,TRUE,30.1494597839136,376.439399447217,0.567798603610552,-1.93754372637268,TRUE,TRUE
"Co",732,TRUE,30.2448979591837,343.625702468854,0.539406646621686,-2.85946415120675,TRUE,TRUE
"Co",733,TRUE,30.2448979591837,306.74153786344,0.508607196228073,-2.90504763794883,TRUE,FALSE
"Co",734,TRUE,30.1494597839136,289.122020954385,0.492874082196493,-1.84867232221129,TRUE,FALSE
"Co",735,TRUE,30.2130852340936,329.01588081702,0.525829872226578,-2.52276124990789,TRUE,TRUE
"Co",736,TRUE,30.2448979591837,358.578611807995,0.551628309378206,-2.80427670461922,TRUE,TRUE
"Co",737,TRUE,30.4357743097239,332.049221387107,0.528807479233799,1.51062382274482,TRUE,TRUE
"Co",738,TRUE,30.3085234093637,383.102555717486,0.571018499480783,2.70511800071949,TRUE,TRUE
"Co",739,TRUE,30.4039615846339,273.258621002223,0.477751427066695,1.76779502862379,TRUE,FALSE
"Co",740,TRUE,30.2448979591837,344.1440552616,0.538937623918088,-2.73479951274396,TRUE,TRUE
"Co",741,TRUE,30.2767106842737,338.154876573097,0.5347757864997,3.14035085207049,TRUE,TRUE
"Co",742,TRUE,30.1494597839136,358.932986228028,0.552592916502934,-1.96206785179083,TRUE,TRUE
"Co",743,TRUE,30.3403361344538,337.523673271418,0.534586298601191,2.47278842814554,TRUE,TRUE
"Co",744,TRUE,30.2130852340936,316.103498031191,0.517527757551197,-2.58143409082847,TRUE,FALSE
"Co",745,TRUE,30.3085234093637,349.827320923898,0.545662463123293,2.66248288785568,TRUE,TRUE
"Co",746,TRUE,30.3403361344538,345.151921398083,0.541200010574359,2.4737563658329,TRUE,TRUE
"Co",747,TRUE,30.4039615846339,355.222854642803,0.549293711533864,1.77660423575418,TRUE,TRUE
"Co",748,TRUE,30.2130852340936,326.121295644493,0.525418508191804,-2.44175559754569,TRUE,FALSE
"Co",749,TRUE,30.2448979591837,345.908489637386,0.54173846770726,-2.887967550804,TRUE,TRUE
"Co",750,TRUE,30.1812725090036,331.850401043581,0.530808695978205,-2.25006698687596,TRUE,TRUE
"Co",751,TRUE,30.2130852340936,403.215350938572,0.587789702371085,-2.55512484075642,TRUE,TRUE
"Co",752,TRUE,30.1812725090036,290.153041928273,0.494281615979096,-2.29330299439361,TRUE,FALSE
"Co",753,TRUE,30.1812725090036,310.560925150295,0.512199691226212,-2.24267483040921,TRUE,FALSE
"Co",754,TRUE,30.4039615846339,337.162731999582,0.533869392943358,1.83054892017306,TRUE,TRUE
"Co",755,TRUE,30.2130852340936,310.771482923151,0.510678380209273,-2.46075861375983,TRUE,FALSE
"Co",756,TRUE,30.3403361344538,322.298936331694,0.522544056080972,2.38430645767475,TRUE,FALSE
"Co",757,TRUE,30.1176470588235,333.379787598076,0.533702805081332,-1.64412317578106,TRUE,TRUE
"Co",758,TRUE,30.3721488595438,365.625840542715,0.557563123114141,2.1393365134478,TRUE,TRUE
"Co",759,TRUE,30.3085234093637,345.748294753962,0.540623243942937,2.8259203745421,TRUE,TRUE
"Co",760,TRUE,30.3403361344538,340.344713561303,0.535316997235511,2.47930963588368,TRUE,TRUE
"Co",761,TRUE,30.1812725090036,305.641024998991,0.509339871765,-2.30289197406161,TRUE,FALSE
"Co",762,TRUE,30.531212484994,333.937950993643,0.530388533940773,0.549497734099183,TRUE,TRUE
"Co",763,TRUE,30.2767106842737,309.902527831892,0.511920399742069,3.12244602270808,TRUE,FALSE
"Co",764,TRUE,30.2767106842737,329.089485578752,0.528071927714541,3.06284115635432,TRUE,TRUE
"Co",765,TRUE,30.2767106842737,329.998856836984,0.528002047754796,-3.11160529235553,TRUE,TRUE
"Co",766,TRUE,30.2130852340936,322.611290976814,0.522013646844014,-2.55075955476754,TRUE,FALSE
"Co",767,TRUE,30.3403361344538,374.01192742585,0.564002469605538,2.43324430324304,TRUE,TRUE
"Co",768,TRUE,30.2448979591837,323.430168825702,0.522726185344984,-2.81547245547653,TRUE,FALSE
"Co",769,TRUE,30.2448979591837,294.717379545985,0.498267251918306,-2.90396011585218,TRUE,FALSE
"Co",770,TRUE,30.4675870348139,333.604688197704,0.530691793310478,1.25933562670857,TRUE,TRUE
"Co",771,TRUE,30.4039615846339,326.016141387797,0.524503301149808,1.81905310216764,TRUE,FALSE
"Co",772,TRUE,30.2767106842737,378.884038595949,0.567787600641513,3.05275925230211,TRUE,TRUE
"Co",773,TRUE,30.1812725090036,271.260381202049,0.47806903315852,-2.23203246829845,TRUE,FALSE
"Co",774,TRUE,30.2767106842737,274.543243722854,0.477937745821094,3.11771963171395,TRUE,FALSE
"Co",775,TRUE,30.2130852340936,287.103834659505,0.490330778980424,-2.50680575450953,TRUE,FALSE
"Co",776,TRUE,30.1812725090036,326.331960273064,0.525816821737007,-2.34385664783738,TRUE,FALSE
"Co",777,TRUE,30.3085234093637,319.113789292388,0.519083151742449,2.858254362402,TRUE,FALSE
"Co",778,TRUE,30.2448979591837,359.326731547502,0.552547739825949,-2.83783557000611,TRUE,TRUE
"Co",779,TRUE,30.2767106842737,277.359322300428,0.482339567724006,-3.10909106709757,TRUE,FALSE
"Co",780,TRUE,30.3403361344538,374.106258251561,0.565693195840544,2.36321749364467,TRUE,TRUE
"Co",781,TRUE,30.1812725090036,300.828394132833,0.503416465652013,-2.2131891838256,TRUE,FALSE
"Co",782,TRUE,30.1812725090036,283.961225987554,0.489328199356458,-2.28308062844164,TRUE,FALSE
"Co",783,TRUE,30.1812725090036,334.228215050995,0.532487072679915,-2.24983606238855,TRUE,TRUE
"Co",784,TRUE,30.2767106842737,313.907617344511,0.514876507944304,2.95557218805,TRUE,FALSE
"Co",785,TRUE,30.2767106842737,351.199826947576,0.546583729161222,3.12349391441584,TRUE,TRUE
"Co",786,TRUE,30.2130852340936,295.58935099639,0.498132112486797,-2.4216045588739,TRUE,FALSE
"Co",787,TRUE,30.2767106842737,356.146596706293,0.549667469486352,3.06517789836938,TRUE,TRUE
"Co",788,TRUE,30.2448979591837,328.373788722303,0.525755626101253,-2.81286381891938,TRUE,TRUE
"Co",789,TRUE,30.1494597839136,290.38247522987,0.494344963503068,-1.96152605114497,TRUE,FALSE
"Co",790,TRUE,30.2448979591837,330.334112563409,0.529962633765943,-2.92093126389266,TRUE,TRUE
"Co",791,TRUE,30.1176470588235,331.397250944063,0.530069484097556,-1.61277773376684,TRUE,TRUE
"Co",792,TRUE,30.2767106842737,304.844598706378,0.506813080581589,3.11579996034969,TRUE,FALSE
"Co",793,TRUE,30.2448979591837,358.289618654831,0.551317405685524,-2.86846775250312,TRUE,TRUE
"Co",794,TRUE,30.3085234093637,362.192689892411,0.554702585716118,2.70716515859777,TRUE,TRUE
"Co",795,TRUE,30.1812725090036,283.313849195891,0.488226141165404,-2.24834998432885,TRUE,FALSE
"Co",796,TRUE,30.2767106842737,317.307117935557,0.517669839838746,3.0717693169871,TRUE,FALSE
"Co",797,TRUE,30.2448979591837,302.859513808076,0.505088934099658,-2.89400997679963,TRUE,FALSE
"Co",798,TRUE,30.2767106842737,324.243775201286,0.523783911005527,3.10872275574203,TRUE,FALSE
"Co",799,TRUE,30.3085234093637,350.308408562024,0.54428888748336,2.76264460224588,TRUE,TRUE
"Co",800,TRUE,30.2767106842737,321.209275375301,0.521450525507276,3.06628003893887,TRUE,FALSE
"Co",801,TRUE,30.2448979591837,338.675994761415,0.535397622974581,-2.83480921106521,TRUE,TRUE
"Co",802,TRUE,30.1494597839136,357.963250049716,0.551995348194768,-1.91497006828848,TRUE,TRUE
"Co",803,TRUE,30.3721488595438,273.032612527345,0.476737242272016,2.11947123140691,TRUE,FALSE
"Co",804,TRUE,30.1176470588235,369.843042891897,0.561166321765822,-1.55276144846414,TRUE,TRUE
"Co",805,TRUE,30.3085234093637,360.807587169338,0.554119783412829,2.77678610365776,TRUE,TRUE
"Co",806,TRUE,30.1812725090036,286.471032206719,0.492662673719014,-2.34421780867903,TRUE,FALSE
"Co",807,TRUE,30.3085234093637,286.465572487698,0.49011948074019,2.7334755402474,TRUE,FALSE
"Co",808,TRUE,30.2130852340936,375.52529972332,0.567119088277912,-2.58559908411667,TRUE,TRUE
"Co",809,TRUE,30.3085234093637,307.3027381754,0.509586215876198,2.73852382385742,TRUE,FALSE
"Co",810,TRUE,30.2767106842737,265.585604548447,0.471304782808361,3.06954080464931,TRUE,FALSE
"Co",811,TRUE,30.2130852340936,304.653223452558,0.506823674331764,-2.53926890241437,TRUE,FALSE
"Co",812,TRUE,30.2448979591837,338.04424748335,0.536238232578379,-3.06577538372784,TRUE,TRUE
"Co",813,TRUE,30.2130852340936,309.300191248714,0.511755877874347,-2.48962835122728,TRUE,FALSE
"Co",814,TRUE,30.2767106842737,397.12813104489,0.582270529540364,3.0719770286025,TRUE,TRUE
"Co",815,TRUE,30.3085234093637,303.247210077254,0.50422953650413,2.77807308229974,TRUE,FALSE
"Co",816,TRUE,30.1812725090036,375.486922966782,0.56571128468306,-2.19353855117515,TRUE,TRUE
"Co",817,TRUE,30.1812725090036,308.21609159382,0.510434969560018,-2.34278893190053,TRUE,FALSE
"Co",818,TRUE,30.3085234093637,281.111466798322,0.48521369009657,2.76683620729359,TRUE,FALSE
"Co",819,TRUE,30.2130852340936,333.437929326179,0.531741450967033,-2.53774787578283,TRUE,TRUE
"Co",820,TRUE,30.2130852340936,372.813182561211,0.563157267851597,-2.56002137130981,TRUE,TRUE
"Co",821,TRUE,30.2767106842737,279.10367383312,0.48356678564268,3.05778348114395,TRUE,FALSE
"Co",822,TRUE,30.3403361344538,329.302275682696,0.5269732562703,2.49036258077779,TRUE,TRUE
"Co",823,TRUE,30.1176470588235,333.92255475939,0.531456194948822,-1.54210906139157,TRUE,TRUE
"Co",824,TRUE,30.1494597839136,379.388793595396,0.570527591219067,-1.93295295897006,TRUE,TRUE
"Co",825,TRUE,30.2448979591837,319.226095852073,0.51920047552835,-2.80135586056891,TRUE,FALSE
"Co",826,TRUE,30.1494597839136,360.15605672093,0.553451214366829,-1.92169063691875,TRUE,TRUE
"Co",827,TRUE,30.3085234093637,309.100348773199,0.509828353588365,2.86234323441425,TRUE,FALSE
"Co",828,TRUE,30.3403361344538,314.695617015684,0.514464995019379,2.44070610162881,TRUE,FALSE
"Co",829,TRUE,30.2448979591837,336.558832103568,0.533567480536525,-2.82004359547493,TRUE,TRUE
"Co",830,TRUE,30.1176470588235,402.446712058082,0.588210776681103,-1.59377315690603,TRUE,TRUE
"Co",831,TRUE,30.2448979591837,307.447473451268,0.50982165000394,-3.00718158464847,TRUE,FALSE
"Co",832,TRUE,30.4039615846339,294.82445646422,0.498525940214199,1.70630361990182,TRUE,FALSE
"Co",833,TRUE,30.3085234093637,274.638720750742,0.479343657090581,2.65266397767778,TRUE,FALSE
"Co",834,TRUE,30.1812725090036,338.67774470858,0.537526185860876,-2.29997924301575,TRUE,TRUE
"Co",835,TRUE,30.2448979591837,283.013631487765,0.488033060385231,-2.93228156318247,TRUE,FALSE
"Co",836,TRUE,30.2130852340936,322.382208849606,0.521867104645304,-2.45193120733953,TRUE,FALSE
"Co",837,TRUE,30.2448979591837,306.653271033031,0.508567943372339,-2.81160781252018,TRUE,FALSE
"Co",838,TRUE,30.3721488595438,341.626820305578,0.537807495600746,2.15360029520869,TRUE,TRUE
"Co",839,TRUE,30.4039615846339,373.665798432993,0.563655325049901,1.82299211966832,TRUE,TRUE
"Co",840,TRUE,30.1494597839136,412.090352995683,0.594737065113641,-1.93099230568061,TRUE,TRUE
"Co",841,TRUE,30.3085234093637,324.184030175429,0.522588789552169,2.77225168886912,TRUE,FALSE
"Co",842,TRUE,30.3085234093637,318.735338682705,0.518978942507774,2.67713165190947,TRUE,FALSE
"Co",843,TRUE,30.3085234093637,290.014670068643,0.492736424575063,2.77121661144267,TRUE,FALSE
"Co",844,TRUE,30.3085234093637,276.721670299198,0.481355737084474,2.77759507960919,TRUE,FALSE
"Co",845,TRUE,30.2130852340936,317.622842707843,0.519228436251529,-2.53808105993957,TRUE,FALSE
"Co",846,TRUE,30.1812725090036,333.146992286516,0.530672456978503,-2.17858540389933,TRUE,TRUE
"Co",847,TRUE,30.3085234093637,319.728853850601,0.518619925015158,2.78920840306184,TRUE,FALSE
"Co",848,TRUE,30.2448979591837,303.395843369424,0.505755937182456,-2.86948002014343,TRUE,FALSE
"Co",849,TRUE,30.3721488595438,331.952644499621,0.529752979881592,2.15230888057794,TRUE,TRUE
"Co",850,TRUE,30.2448979591837,339.544734534145,0.537495384068173,-2.97815368501884,TRUE,TRUE
"Co",851,TRUE,30.2448979591837,329.04456564089,0.528031412928125,-2.93515371608738,TRUE,TRUE
"Co",852,TRUE,30.3085234093637,366.602356961077,0.558203047947458,2.79862555888697,TRUE,TRUE
"Co",853,TRUE,30.2130852340936,361.520853094945,0.554190554804932,-2.49512924746309,TRUE,TRUE
"Co",854,TRUE,30.2767106842737,325.395629300477,0.523490783050231,3.07886836380648,TRUE,FALSE
"Co",855,TRUE,30.2130852340936,332.991049770047,0.531196784757103,-2.59668730442014,TRUE,TRUE
"Co",856,TRUE,30.4039615846339,348.214611025471,0.542751505797243,1.71966580586758,TRUE,TRUE
"Co",857,TRUE,30.3085234093637,323.684313736972,0.522708092127315,2.78708545752787,TRUE,FALSE
"Co",858,TRUE,30.1812725090036,297.952812576151,0.501151902023366,-2.28599827536419,TRUE,FALSE
"Co",859,TRUE,30.1812725090036,361.428307357528,0.554449900510291,-2.20315575173167,TRUE,TRUE
"Co",860,TRUE,30.3085234093637,308.947710577993,0.509795130517144,2.71849926678821,TRUE,FALSE
"Co",861,TRUE,30.2767106842737,354.336454050751,0.548786927003618,-3.06742374827788,TRUE,TRUE
"Co",862,TRUE,30.1176470588235,377.127490262029,0.567461634938092,-1.58378316439776,TRUE,TRUE
"Co",863,TRUE,30.4039615846339,428.881701278055,0.604688200165481,1.84824681546158,TRUE,TRUE
"Co",864,TRUE,30.2448979591837,318.062352924688,0.517793865571649,-2.79849309125965,TRUE,FALSE
"Co",865,TRUE,30.3403361344538,369.720210775041,0.5605602163572,2.38630091581837,TRUE,TRUE
"Co",866,TRUE,30.3085234093637,288.162207141902,0.491742610822901,2.74668384896877,TRUE,FALSE
"Co",867,TRUE,30.2130852340936,373.813065374768,0.564953936174417,-2.55408541806278,TRUE,TRUE
"Co",868,TRUE,30.2448979591837,367.874063273585,0.560236049650114,-2.77943445578237,TRUE,TRUE
"Co",869,TRUE,30.3085234093637,332.049094030779,0.529882722038467,2.7837805001447,TRUE,TRUE
"Co",870,TRUE,30.2130852340936,385.166744401174,0.573882154943896,-2.46636248090038,TRUE,TRUE
"Co",871,TRUE,30.2448979591837,356.9454864672,0.5509532167146,-2.82174419381158,TRUE,TRUE
"Co",872,TRUE,30.3085234093637,345.298711594581,0.540917996423068,2.77581230320373,TRUE,TRUE
"Co",873,TRUE,30.4039615846339,346.917438061269,0.541686065027906,1.85590412370823,TRUE,TRUE
"Co",874,TRUE,30.3403361344538,363.670894292502,0.556504245141441,2.41792583220299,TRUE,TRUE
"Co",875,TRUE,30.2130852340936,273.169224279614,0.478313310723666,-2.5395372727096,TRUE,FALSE
"Co",876,TRUE,30.3085234093637,358.768301724489,0.552001074659202,2.73709057405757,TRUE,TRUE
"Co",877,TRUE,30.1494597839136,332.385814089861,0.531485979111703,-1.88806020030364,TRUE,TRUE
"Co",878,TRUE,30.3403361344538,292.251587235855,0.494766928044843,2.47672521691214,TRUE,FALSE
"Co",879,TRUE,30.4039615846339,381.493387986774,0.569368565745287,1.83654874361016,TRUE,TRUE
"Co",880,TRUE,30.2130852340936,303.165544956188,0.50673911748556,-2.56429463650623,TRUE,FALSE
"Co",881,TRUE,30.2767106842737,317.04998576264,0.517588044636559,3.05399023012428,TRUE,FALSE
"Co",882,TRUE,30.2130852340936,319.248830861529,0.520027655728093,-2.57185710965125,TRUE,FALSE
"Co",883,TRUE,30.2130852340936,393.037165696545,0.578829315189628,-2.51248846206337,TRUE,TRUE
"Co",884,TRUE,30.3085234093637,285.29501350269,0.489359542503818,2.74445171755285,TRUE,FALSE
"Co",885,TRUE,30.2767106842737,266.373381597319,0.472699760843562,3.02726663760826,TRUE,FALSE
"Co",886,TRUE,30.2130852340936,314.080592011267,0.514371593074697,-2.52102659597321,TRUE,FALSE
"Co",887,TRUE,30.2448979591837,341.625684507361,0.537515243039319,-2.81326394410313,TRUE,TRUE
"Co",888,TRUE,30.1176470588235,269.341380367214,0.474567859904319,-1.51818214169004,TRUE,FALSE
"Co",889,TRUE,30.3721488595438,308.967970228312,0.508653085893194,2.15070429350993,TRUE,FALSE
"Co",890,TRUE,30.4039615846339,304.904085003226,0.505768340480985,1.93798895611104,TRUE,FALSE
"Co",891,TRUE,30.2448979591837,352.545084977528,0.547674903103067,-2.89683667238112,TRUE,TRUE
"Co",892,TRUE,30.2448979591837,308.372953711368,0.509827177940367,-2.85567941934326,TRUE,FALSE
"Co",893,TRUE,30.2130852340936,294.071149044187,0.497414322045315,-2.5347653388179,TRUE,FALSE
"Co",894,TRUE,30.3085234093637,300.616410560754,0.502442552892393,2.79182802702709,TRUE,FALSE
"Co",895,TRUE,30.4039615846339,353.510069333822,0.546833266255064,1.81387503717438,TRUE,TRUE
"Co",896,TRUE,30.1176470588235,298.698574037917,0.502408682312687,-1.53867116272104,TRUE,FALSE
"Co",897,TRUE,30.2767106842737,334.377058452532,0.532114612074647,3.09335996932222,TRUE,TRUE
"Co",898,TRUE,30.1176470588235,294.498347762677,0.499945641946867,-1.67544588023453,TRUE,FALSE
"Co",899,TRUE,30.1494597839136,352.071209121038,0.547898114853963,-1.94908867163723,TRUE,TRUE
"Co",900,TRUE,30.2448979591837,332.038446588312,0.530487884337165,-2.91010918810453,TRUE,TRUE
"Co",901,TRUE,30.2130852340936,325.969751104738,0.526081366205868,-2.50933420401726,TRUE,FALSE
"Co",902,TRUE,30.2130852340936,357.422447379295,0.55111394645852,-2.55784806533777,TRUE,TRUE
"Co",903,TRUE,30.0858343337335,340.593062271763,0.538855644800505,-1.29693121589703,TRUE,TRUE
"Co",904,TRUE,30.2130852340936,356.868432966126,0.551523866932981,-2.56652109479839,TRUE,TRUE
"Co",905,TRUE,30.1812725090036,330.760793266288,0.529835839130271,-2.27607249536805,TRUE,TRUE
"Co",906,TRUE,30.1812725090036,312.58903742598,0.512900631384464,-2.21378910510103,TRUE,FALSE
"Co",907,TRUE,30.1494597839136,350.616088300578,0.546051291687529,-1.92881644587535,TRUE,TRUE
"Co",908,TRUE,30.2448979591837,246.835786866315,0.453635160927168,-2.86305814558619,TRUE,FALSE
"Co",909,TRUE,30.3403361344538,377.400301319594,0.567117878495702,2.436828147855,TRUE,TRUE
"Co",910,TRUE,30.1812725090036,258.824830332405,0.464701046986858,-2.12188011706991,TRUE,FALSE
"Co",911,TRUE,30.3085234093637,371.005497511237,0.562961003403973,2.72010836960711,TRUE,TRUE
"Co",912,TRUE,30.4039615846339,312.403412000931,0.512512530306539,1.72244785129663,TRUE,FALSE
"Co",913,TRUE,29.9903961584634,341.372016093728,0.540670718110636,-0.415841663883881,TRUE,TRUE
"Co",914,TRUE,30.3085234093637,359.345778002285,0.552057864979103,2.8093349906762,TRUE,TRUE
"Co",915,TRUE,30.2767106842737,376.242155292802,0.567083899569724,3.06612302952282,TRUE,TRUE
"Co",916,TRUE,30.1812725090036,313.497338952367,0.514499204202676,-2.16287891063443,TRUE,FALSE
"Co",917,TRUE,30.3085234093637,358.37795237316,0.551058941884651,2.7657640242745,TRUE,TRUE
"Co",918,TRUE,30.2767106842737,302.226229088571,0.503657180811411,3.11846885181408,TRUE,FALSE
"Co",919,TRUE,30.2448979591837,286.107135306215,0.491129286222595,-2.87529941744387,TRUE,FALSE
"Co",920,TRUE,30.1494597839136,286.789454323782,0.491234718294203,-1.86816259855815,TRUE,FALSE
"Co",921,TRUE,30.2448979591837,373.619897320243,0.565558647903975,-2.88017842701261,TRUE,TRUE
"Co",922,TRUE,30.2767106842737,324.32124300645,0.52315093134382,3.0654961991611,TRUE,FALSE
"Co",923,TRUE,30.3085234093637,355.406336735175,0.549993868173672,2.79328242048149,TRUE,TRUE
"Co",924,TRUE,30.1494597839136,309.804633431581,0.510983425368434,-1.85157292147039,TRUE,FALSE
"Co",925,TRUE,30.2448979591837,325.111513425082,0.52455567651577,-2.89064940961503,TRUE,FALSE
"Co",926,TRUE,30.2130852340936,337.27204416954,0.534923925686534,-2.60535220928004,TRUE,TRUE
"Co",927,TRUE,30.2130852340936,311.576028413802,0.514713743368308,-2.57241869280266,TRUE,FALSE
"Co",928,TRUE,30.1494597839136,356.713701828891,0.551236936049407,-1.93361495677752,TRUE,TRUE
"Co",929,TRUE,30.2130852340936,318.698403830484,0.519286876863767,-2.52465213357603,TRUE,FALSE
"Co",930,TRUE,30.2767106842737,331.851151127012,0.52943888695843,3.0595931655047,TRUE,TRUE
"Co",931,TRUE,30.2130852340936,314.708437175258,0.515068418144218,-2.57218149762356,TRUE,FALSE
"Co",932,TRUE,30.1494597839136,310.474366044994,0.514190196163079,-2.01726607395123,TRUE,FALSE
"Co",933,TRUE,30.1812725090036,347.105110695121,0.544419948056758,-2.24568641305864,TRUE,TRUE
"Co",934,TRUE,30.3085234093637,374.959760683118,0.565608381955318,2.6980197616789,TRUE,TRUE
"Co",935,TRUE,30.3403361344538,282.99754498196,0.486197505329063,2.43825391686799,TRUE,FALSE
"Co",936,TRUE,30.2130852340936,309.064119623815,0.510902166753039,-2.4998285336442,TRUE,FALSE
"Co",937,TRUE,30.2130852340936,301.511559040667,0.505045580870204,-2.61649009735805,TRUE,FALSE
"Co",938,TRUE,30.3403361344538,354.704007718011,0.547321548542111,2.4147575888772,TRUE,TRUE
"Co",939,TRUE,30.0222088835534,347.651371316727,0.546666793305822,-0.696579149614706,TRUE,TRUE
"Co",940,TRUE,30.1494597839136,304.773734264684,0.505527448821238,-1.84295412376244,TRUE,FALSE
"Co",941,TRUE,30.0858343337335,366.316387713008,0.559528836934261,-1.20327025078401,TRUE,TRUE
"Co",942,TRUE,30.1176470588235,267.816566101338,0.473523672243824,-1.5595532777302,TRUE,FALSE
"Co",943,TRUE,30.1812725090036,317.810586536443,0.518775646846303,-2.28088218393698,TRUE,FALSE
"Co",944,TRUE,30.4675870348139,318.859826168652,0.517273367346789,1.07221837535787,TRUE,FALSE
"Co",945,TRUE,30.4039615846339,357.586199954226,0.549928635148879,1.79302142537643,TRUE,TRUE
"Co",946,TRUE,30.2130852340936,336.258909055579,0.533587277764236,-2.50835752710575,TRUE,TRUE
"Co",947,TRUE,30.1812725090036,352.485724520396,0.547074415717199,-2.25395627201094,TRUE,TRUE
"Co",948,TRUE,30.2767106842737,334.498646647777,0.533473681226501,3.05495883016216,TRUE,TRUE
"Co",949,TRUE,30.3403361344538,319.465663112459,0.519474656254009,2.43966846106477,TRUE,FALSE
"Co",950,TRUE,30.4039615846339,295.03753090839,0.497207868708194,1.71702043756659,TRUE,FALSE
"Co",951,TRUE,30.4039615846339,365.825750456977,0.556635239828114,1.82593137110167,TRUE,TRUE
"Co",952,TRUE,30.3085234093637,304.910361273633,0.505900801047651,2.77345258830574,TRUE,FALSE
"Co",953,TRUE,30.1812725090036,282.058246800134,0.487508201580363,-2.18654714161409,TRUE,FALSE
"Co",954,TRUE,30.2767106842737,340.248955838258,0.535900684165569,3.12872994491675,TRUE,TRUE
"Co",955,TRUE,30.3721488595438,327.179394673754,0.525090679275409,2.1543497919151,TRUE,TRUE
"Co",956,TRUE,30.2767106842737,310.955646121882,0.512532523903227,3.05258012353247,TRUE,FALSE
"Co",957,TRUE,30.0858343337335,319.793923622147,0.521458673338461,-1.36941012880961,TRUE,FALSE
"Co",958,TRUE,30.2130852340936,366.38196115009,0.557119858474956,-2.46243175370153,TRUE,TRUE
"Co",959,TRUE,30.3085234093637,348.201543656796,0.542896914223647,2.76721879156014,TRUE,TRUE
"Co",960,TRUE,30.2767106842737,341.870388846852,0.538363349496206,3.08079501009592,TRUE,TRUE
"Co",961,TRUE,30.3085234093637,362.01214411878,0.554951714244216,2.80532058652442,TRUE,TRUE
"Co",962,TRUE,30.2767106842737,317.797552893147,0.518259486424965,3.08315865034196,TRUE,FALSE
"Co",963,TRUE,30.2130852340936,340.213857059179,0.537230527437714,-2.52673671640021,TRUE,TRUE
"Co",964,TRUE,30.3403361344538,400.154560671132,0.58386018361017,2.49766413330991,TRUE,TRUE
"Co",965,TRUE,30.4357743097239,318.61818520765,0.517378531798242,1.47283650866475,TRUE,FALSE
"Co",966,TRUE,30.2448979591837,338.975582486931,0.535194372169013,-2.91711885060171,TRUE,TRUE
"Co",967,TRUE,30.2767106842737,279.815507920131,0.483769584184958,3.08416668738458,TRUE,FALSE
"Co",968,TRUE,30.2130852340936,366.297839399483,0.558534694548315,-2.50110373757717,TRUE,TRUE
"Co",969,TRUE,30.1812725090036,297.432380187053,0.500618908421747,-2.23094728757901,TRUE,FALSE
"Co",970,TRUE,30.1812725090036,348.780122795463,0.544490798353225,-2.28417215923752,TRUE,TRUE
"Co",971,TRUE,30.2130852340936,354.536419496156,0.548460074971706,-2.48990433076391,TRUE,TRUE
"Co",972,TRUE,30.2448979591837,279.78954040453,0.484899120966398,-2.853338016163,TRUE,FALSE
"Co",973,TRUE,30.3403361344538,336.967619131237,0.532478619794311,2.41660123522168,TRUE,TRUE
"Co",974,TRUE,30.3721488595438,371.330757769637,0.561660179205139,2.0301099670685,TRUE,TRUE
"Co",975,TRUE,30.2767106842737,352.925479564017,0.547399240645433,3.02491524252676,TRUE,TRUE
"Co",976,TRUE,30.2448979591837,319.840436712356,0.519909336914878,-2.89644933613413,TRUE,FALSE
"Co",977,TRUE,30.1176470588235,269.4392527139,0.476708412005063,-1.63207363848135,TRUE,FALSE
"Co",978,TRUE,30.3085234093637,318.433650668503,0.518408231362238,2.73447601096176,TRUE,FALSE
"Co",979,TRUE,30.2130852340936,369.437889439186,0.560805938594254,-2.52790851857089,TRUE,TRUE
"Co",980,TRUE,30.1494597839136,322.439981062453,0.524391089914497,-1.95139123531763,TRUE,FALSE
"Co",981,TRUE,30.1176470588235,341.740817258291,0.540147584645195,-1.57206885823138,TRUE,TRUE
"Co",982,TRUE,30.2448979591837,267.709641710266,0.473680847486105,-2.81176398255441,TRUE,FALSE
"Co",983,TRUE,30.2767106842737,315.556251518796,0.515918548816809,-3.09216039170031,TRUE,FALSE
"Co",984,TRUE,30.2448979591837,345.337744800385,0.541078983929459,-2.84998968012419,TRUE,TRUE
"Co",985,TRUE,30.2767106842737,339.478692256449,0.536072817473885,3.1023268918995,TRUE,TRUE
"Co",986,TRUE,30.2130852340936,340.49730397972,0.538386918715116,-2.58948898381098,TRUE,TRUE
"Co",987,TRUE,30.3721488595438,336.583712796744,0.532145684014678,2.20167095464493,TRUE,TRUE
"Co",988,TRUE,30.2130852340936,347.351086833594,0.542618005019612,-2.52794445357656,TRUE,TRUE
"Co",989,TRUE,30.1812725090036,336.865009171622,0.534633512289931,-2.24415696655828,TRUE,TRUE
"Co",990,TRUE,30.1812725090036,337.184773563246,0.535479132084025,-2.23933532382355,TRUE,TRUE
"Co",991,TRUE,30.2130852340936,376.429039048567,0.566837589362846,-2.617165216695,TRUE,TRUE
"Co",992,TRUE,30.3085234093637,307.731304808074,0.510628372871304,2.63865974792388,TRUE,FALSE
"Co",993,TRUE,30.1812725090036,292.171332732755,0.497860199962673,-2.3089622416962,TRUE,FALSE
"Co",994,TRUE,30.2130852340936,340.740980321675,0.53799527646898,-2.55995892021268,TRUE,TRUE
"Co",995,TRUE,30.2130852340936,394.168714522628,0.582424574505964,-2.56921941100861,TRUE,TRUE
"Co",996,TRUE,30.1812725090036,316.01249392375,0.516661059065284,-2.30132887912529,TRUE,FALSE
"Co",997,TRUE,30.2767106842737,281.097721376929,0.485694313763249,-3.1179965933372,TRUE,FALSE
"Co",998,TRUE,30.2767106842737,276.274028593701,0.481432917217355,3.09436781627815,TRUE,FALSE
"Co",999,TRUE,30.0858343337335,284.225598477289,0.491095607223766,-1.32871397690235,TRUE,FALSE
"Co",1000,TRUE,30.3403361344538,372.555947737614,0.561852362689479,2.43396950406737,TRUE,TRUE
"Co",1001,TRUE,30.2130852340936,341.855721109954,0.537850907462712,-2.48031039550596,TRUE,TRUE
"Co",1002,TRUE,30.1494597839136,323.38892750246,0.524361552964605,-2.00552029396022,TRUE,FALSE
"Co",1003,TRUE,30.3085234093637,381.954550695401,0.570790839356575,2.82843747413397,TRUE,TRUE
"Co",1004,TRUE,30.2130852340936,321.290073314388,0.521433919433352,-2.51354237224593,TRUE,FALSE
"Co",1005,TRUE,30.1494597839136,356.929454320011,0.553036893335794,-1.99600296029763,TRUE,TRUE
"Co",1006,TRUE,30.1494597839136,319.556872463277,0.52087433491195,-1.92934880276842,TRUE,FALSE
"Co",1007,TRUE,30.2767106842737,380.450337012057,0.568910872250959,3.11844575426788,TRUE,TRUE
"Co",1008,TRUE,30.3403361344538,333.161923142752,0.530057341642649,2.48827257272373,TRUE,TRUE
"Co",1009,TRUE,30.4039615846339,303.794627569745,0.504099394021123,1.84737260973684,TRUE,FALSE
"Co",1010,TRUE,30.2130852340936,356.210233663504,0.551348370655811,-2.61423604810726,TRUE,TRUE
"Co",1011,TRUE,30.2448979591837,381.538436747063,0.570590075690286,-2.84829596552691,TRUE,TRUE
"Co",1012,TRUE,30.3085234093637,369.931774873056,0.560297459552858,2.85302039428843,TRUE,TRUE
"Co",1013,TRUE,30.2448979591837,306.351466891997,0.507919679852254,-2.86010067506799,TRUE,FALSE
"Co",1014,TRUE,30.2130852340936,303.051798748565,0.505417871023765,-2.59161749331367,TRUE,FALSE
"Co",1015,TRUE,30.3085234093637,391.901356426437,0.576933777405,2.82310796225623,TRUE,TRUE
"Co",1016,TRUE,30.1812725090036,268.855068960997,0.475576951679998,-2.24162781041019,TRUE,FALSE
"Co",1017,TRUE,30.3721488595438,399.893179275312,0.584199294764005,2.15147356796384,TRUE,TRUE
"Co",1018,TRUE,30.2130852340936,388.419221091816,0.576121407028087,-2.54404941383493,TRUE,TRUE
"Co",1019,TRUE,30.2767106842737,355.295193001292,0.549222818643223,3.06043124595349,TRUE,TRUE
"Co",1020,TRUE,30.3085234093637,350.933670637882,0.545666636540714,2.69319294810005,TRUE,TRUE
"Co",1021,TRUE,30.2767106842737,260.632187453909,0.466802494592226,3.06792798330719,TRUE,FALSE
"Co",1022,TRUE,30.2130852340936,316.985072198169,0.517275244898789,-2.52842203647848,TRUE,FALSE
"Co",1023,TRUE,30.3403361344538,365.266275494341,0.556623159659421,2.44848076561358,TRUE,TRUE
"Co",1024,TRUE,30.2130852340936,327.810896651849,0.526392658472924,-2.50557189209598,TRUE,TRUE
"Co",1025,TRUE,30.2767106842737,339.87581138179,0.537039396431994,3.01965631209682,TRUE,TRUE
"Co",1026,TRUE,30.4357743097239,334.308692689931,0.53139963850388,1.48417676924237,TRUE,TRUE
"Co",1027,TRUE,30.3403361344538,292.749639168397,0.49656888001021,2.44620720693461,TRUE,FALSE
"Co",1028,TRUE,30.1812725090036,325.746813351992,0.525193256187041,-2.21634553357498,TRUE,FALSE
"Co",1029,TRUE,30.3085234093637,317.777479143305,0.517617659137628,2.71172770103671,TRUE,FALSE
"Co",1030,TRUE,30.4675870348139,282.081143801607,0.485244550425718,1.12494088927655,TRUE,FALSE
"Co",1031,TRUE,30.2767106842737,319.385922662667,0.518588250820528,3.1374026221894,TRUE,FALSE
"Co",1032,TRUE,30.2448979591837,339.749069005525,0.53761877181121,-2.96378753059331,TRUE,TRUE
"Co",1033,TRUE,30.2767106842737,288.851544573859,0.492911170029981,3.08961104993492,TRUE,FALSE
"Co",1034,TRUE,30.2767106842737,329.877056316511,0.528722086064648,3.10359677300484,TRUE,TRUE
"Co",1035,TRUE,30.3403361344538,354.210836379931,0.54764148478826,2.46386191459738,TRUE,TRUE
"Co",1036,TRUE,30.2448979591837,390.578238681793,0.578421155371345,-2.86004695214566,TRUE,TRUE
"Co",1037,TRUE,30.3403361344538,311.319422612826,0.512253403886565,2.39504210746416,TRUE,FALSE
"Co",1038,TRUE,30.3085234093637,310.362381157719,0.511918580241899,2.77440947574305,TRUE,FALSE
"Co",1039,TRUE,30.3085234093637,324.319395394263,0.522088170645901,2.82132893192313,TRUE,FALSE
"Co",1040,TRUE,30.3403361344538,322.247990217738,0.521294685653173,2.48961658467047,TRUE,FALSE
"Co",1041,TRUE,30.1494597839136,305.882658784248,0.507170307396109,-1.89103304453009,TRUE,FALSE
"Co",1042,TRUE,30.1812725090036,365.265161271561,0.557382545268056,-2.16001557670854,TRUE,TRUE
"Co",1043,TRUE,30.1494597839136,271.85167855545,0.478175514825946,-1.99750508814721,TRUE,FALSE
"Co",1044,TRUE,30.3085234093637,264.701618593348,0.470843303917718,2.72778247527603,TRUE,FALSE
"Co",1045,TRUE,30.2767106842737,307.371189103953,0.508537691031107,-3.14129857128085,TRUE,FALSE
"Co",1046,TRUE,30.0540216086435,295.248135654803,0.500592386218399,-1.02619696678681,TRUE,FALSE
"Co",1047,TRUE,30.2130852340936,374.772577475177,0.564272867936748,-2.46805150095196,TRUE,TRUE
"Co",1048,TRUE,30.2448979591837,336.815949532441,0.533691535635845,-2.74064445627394,TRUE,TRUE
"Co",1049,TRUE,30.1812725090036,345.793321793679,0.542243874503203,-2.27694337187223,TRUE,TRUE
"Co",1050,TRUE,30.3403361344538,334.067277730422,0.531276844914735,2.36495465408925,TRUE,TRUE
"Co",1051,TRUE,30.2448979591837,309.778223798966,0.509920536333246,-2.87130384768527,TRUE,FALSE
"Co",1052,TRUE,30.2448979591837,385.847449938863,0.574843879557081,-2.83805903151207,TRUE,TRUE
"Co",1053,TRUE,30.1812725090036,316.086377402597,0.51727565949285,-2.25152960868246,TRUE,FALSE
"Co",1054,TRUE,30.3721488595438,328.406804144718,0.526294477243429,2.13820883435173,TRUE,TRUE
"Co",1055,TRUE,30.3085234093637,280.33319774642,0.484531886450513,2.85823510521468,TRUE,FALSE
"Co",1056,TRUE,30.2448979591837,287.026895773906,0.490505115818185,-2.91819177335987,TRUE,FALSE
"Co",1057,TRUE,30.3403361344538,295.792706716054,0.498781785033705,2.43968305355114,TRUE,FALSE
"Co",1058,TRUE,30.1494597839136,340.803822146771,0.53818103975779,-1.88641782323019,TRUE,TRUE
"Co",1059,TRUE,30.1812725090036,330.09258830222,0.530075932327263,-2.19049717154649,TRUE,TRUE
"Co",1060,TRUE,30.0858343337335,416.559841121293,0.598376315890731,-1.22529278646098,TRUE,TRUE
"Co",1061,TRUE,30.2448979591837,356.028535041386,0.550347256271044,-2.89774541665439,TRUE,TRUE
"Co",1062,TRUE,30.3721488595438,335.678504554608,0.530627441717466,2.17411724401061,TRUE,TRUE
"Co",1063,TRUE,30.2130852340936,334.122372664063,0.532523960846059,-2.58972657467955,TRUE,TRUE
"Co",1064,TRUE,30.2767106842737,299.9332259333,0.501404397511206,-2.99749725848451,TRUE,FALSE
"Co",1065,TRUE,30.1812725090036,338.614782506252,0.535870877745847,-2.2367940148124,TRUE,TRUE
"Co",1066,TRUE,30.1812725090036,379.897946586585,0.571067647679945,-2.26688539470777,TRUE,TRUE
"Co",1067,TRUE,30.2448979591837,281.89633827505,0.487060509158876,-2.87034088408596,TRUE,FALSE
"Co",1068,TRUE,30.2448979591837,293.064121737482,0.497598072083273,-2.95379695390697,TRUE,FALSE
"Co",1069,TRUE,30.2448979591837,309.785781948281,0.511475585847788,-2.87046409262824,TRUE,FALSE
"Co",1070,TRUE,30.2767106842737,326.801209703939,0.526605035907037,3.04160484038193,TRUE,FALSE
"Co",1071,TRUE,30.1494597839136,345.264013992437,0.542616532981956,-1.9990632639653,TRUE,TRUE
"Co",1072,TRUE,30.2448979591837,312.625386368937,0.512599166898717,-2.8652496518753,TRUE,FALSE
"Co",1073,TRUE,30.1812725090036,304.353957233239,0.506357932703394,-2.22591990134308,TRUE,FALSE
"Co",1074,TRUE,30.2130852340936,290.627549194268,0.494395794280192,-2.64000893164287,TRUE,FALSE
"Co",1075,TRUE,30.1494597839136,309.852494028382,0.510675523500515,-1.84796466041156,TRUE,FALSE
"Co",1076,TRUE,30.499399759904,353.576116693923,0.546240812021681,0.78840875004462,TRUE,TRUE
"Co",1077,TRUE,30.2130852340936,311.272641849073,0.512643276648087,-2.53876671188131,TRUE,FALSE
"Co",1078,TRUE,30.1494597839136,317.653450955392,0.519282323891101,-1.95793689470267,TRUE,FALSE
"Co",1079,TRUE,30.2448979591837,280.174664503545,0.484550970126214,-2.90970150841755,TRUE,FALSE
"Co",1080,TRUE,30.0858343337335,339.382672508377,0.539094180102537,-1.31053077694695,TRUE,TRUE
"Co",1081,TRUE,30.3085234093637,276.652592106371,0.481491086982816,2.7651065458571,TRUE,FALSE
"Co",1082,TRUE,30.2130852340936,318.079341023105,0.517383330439906,-2.54916178365527,TRUE,FALSE
"Co",1083,TRUE,30.1812725090036,357.556564959172,0.551353704845098,-2.13877395544097,TRUE,TRUE
"Co",1084,TRUE,30.1494597839136,347.433165565634,0.543825198634016,-1.86696961323225,TRUE,TRUE
"Co",1085,TRUE,30.3085234093637,342.644990631492,0.537579342515747,2.75780076145747,TRUE,TRUE
"Co",1086,TRUE,30.2767106842737,313.104766650394,0.514269565800884,3.08932355279585,TRUE,FALSE
"Co",1087,TRUE,30.4357743097239,315.511181315573,0.514760194652332,1.39990695977508,TRUE,FALSE
"Co",1088,TRUE,30.2767106842737,293.3015172057,0.496946190427098,3.1391648084511,TRUE,FALSE
"Co",1089,TRUE,30.3085234093637,328.63349315102,0.52693728806175,2.78545387342186,TRUE,TRUE
"Co",1090,TRUE,30.3721488595438,301.93548485067,0.504210160486272,2.13665992594071,TRUE,FALSE
"Co",1091,TRUE,30.2130852340936,251.846397353415,0.459720156710318,-2.5957617733484,TRUE,FALSE
"Co",1092,TRUE,30.3721488595438,375.783089885616,0.564916725378046,2.15731921084021,TRUE,TRUE
"Co",1093,TRUE,30.3085234093637,341.259169857446,0.537263179801268,2.80107903224466,TRUE,TRUE
"Co",1094,TRUE,30.3721488595438,298.345600784567,0.500258937974365,2.06723385226783,TRUE,FALSE
"Co",1095,TRUE,30.2130852340936,309.7644130094,0.511683112316893,-2.58543226387004,TRUE,FALSE
"Co",1096,TRUE,30.2130852340936,336.941735315566,0.533227564873449,-2.50707237437784,TRUE,TRUE
"Co",1097,TRUE,30.3085234093637,304.489091764553,0.506540150000115,2.84042913011819,TRUE,FALSE
"Co",1098,TRUE,30.4039615846339,358.77969262387,0.550591602089854,1.83327492264139,TRUE,TRUE
"Co",1099,TRUE,30.2448979591837,356.611097121841,0.55060852327123,-2.81057980143494,TRUE,TRUE
"Co",1100,TRUE,30.3085234093637,338.393699323736,0.535401487648572,2.72785452447748,TRUE,TRUE
"Co",1101,TRUE,30.2130852340936,276.669781480063,0.482353985791725,-2.51759141034058,TRUE,FALSE
"Co",1102,TRUE,30.4039615846339,337.35614784799,0.533389499324502,1.65732298924291,TRUE,TRUE
"Co",1103,TRUE,30.2448979591837,318.168991819388,0.518822012024391,-2.8294711782705,TRUE,FALSE
"Co",1104,TRUE,30.2448979591837,376.8710478484,0.565653609847464,-2.79760664041107,TRUE,TRUE
"Co",1105,TRUE,30.2767106842737,346.574140574383,0.542383028940037,-3.11579979857879,TRUE,TRUE
"Co",1106,TRUE,30.2767106842737,382.259998073818,0.570335813342635,3.11886628042851,TRUE,TRUE
"Co",1107,TRUE,30.1176470588235,338.020630544817,0.536360804569576,-1.56824274676374,TRUE,TRUE
"Co",1108,TRUE,30.3403361344538,369.198279786273,0.560563201474468,2.45103975946404,TRUE,TRUE
"Co",1109,TRUE,30.2767106842737,339.955906079549,0.536676314732115,3.10684350781553,TRUE,TRUE
"Co",1110,TRUE,30.2767106842737,352.13007623908,0.545839142551244,-3.13891268320734,TRUE,TRUE
"Co",1111,TRUE,30.3085234093637,269.685993558384,0.474704091026138,2.77026991239087,TRUE,FALSE
"Co",1112,TRUE,30.2767106842737,305.364377285553,0.507494911230705,2.94855806696767,TRUE,FALSE
"Co",1113,TRUE,30.1812725090036,366.225498562487,0.560034310351513,-2.20255886975117,TRUE,TRUE
"Co",1114,TRUE,30.2130852340936,344.134313639478,0.540690818868487,-2.44320226072018,TRUE,TRUE
"Co",1115,TRUE,30.2130852340936,283.947994948571,0.488784181009302,-2.48803055580211,TRUE,FALSE
"Co",1116,TRUE,30.2448979591837,327.451122363948,0.526985012217012,-2.90875541131999,TRUE,TRUE
"Co",1117,TRUE,30.2448979591837,362.376994204059,0.555084407049408,-2.85898178165055,TRUE,TRUE
"Co",1118,TRUE,30.2767106842737,275.65190789181,0.482073766090221,3.02255758943001,TRUE,FALSE
"Co",1119,TRUE,30.1812725090036,367.708633130666,0.562149036845876,-2.25012293092202,TRUE,TRUE
"Co",1120,TRUE,30.1812725090036,289.470185003752,0.494236913133169,-2.26722257449357,TRUE,FALSE
"Co",1121,TRUE,30.1176470588235,281.969437220789,0.486346584866592,-1.5237310919189,TRUE,FALSE
"Co",1122,TRUE,30.3085234093637,382.927978651262,0.570515497408995,2.79175180972367,TRUE,TRUE
"Co",1123,TRUE,30.3403361344538,292.118629432187,0.495413933357006,2.38521524343369,TRUE,FALSE
"Co",1124,TRUE,30.2767106842737,304.439118745322,0.50624164973069,2.98056020580407,TRUE,FALSE
"Co",1125,TRUE,30.3403361344538,360.175167550301,0.551198394948134,2.48133354825402,TRUE,TRUE
"Co",1126,TRUE,30.2448979591837,372.662895803497,0.56403244792931,-2.88872212284239,TRUE,TRUE
"Co",1127,TRUE,30.0858343337335,311.198400913111,0.513923038507814,-1.2383939560518,TRUE,FALSE
"Co",1128,TRUE,30.4675870348139,331.629174606015,0.528387285272205,1.19749427930712,TRUE,TRUE
"Co",1129,TRUE,30.2767106842737,312.945780793514,0.513150828598288,3.10771559241586,TRUE,FALSE
"Co",1130,TRUE,30.1812725090036,254.281052741121,0.460317647822498,-2.18207999071774,TRUE,FALSE
"Co",1131,TRUE,30.2767106842737,365.062744963849,0.55681137586065,-3.08352500153957,TRUE,TRUE
"Co",1132,TRUE,30.3403361344538,297.729227716331,0.500456620792582,2.47672774371861,TRUE,FALSE
"Co",1133,TRUE,30.2130852340936,326.24158279144,0.52549573865589,-2.59536819603025,TRUE,FALSE
"Co",1134,TRUE,30.3085234093637,323.814862691407,0.523911244100081,2.81021742647801,TRUE,FALSE
"Co",1135,TRUE,30.3721488595438,310.303413829872,0.510743041456012,2.04152868566126,TRUE,FALSE
"Co",1136,TRUE,30.2130852340936,394.957903309992,0.581406397319816,-2.55718915164166,TRUE,TRUE
"Co",1137,TRUE,30.2130852340936,368.119615623786,0.561180139445057,-2.60804415437135,TRUE,TRUE
"Co",1138,TRUE,30.1812725090036,250.74291643476,0.457034478180108,-2.18968047322568,TRUE,FALSE
"Co",1139,TRUE,30.3403361344538,348.778286575079,0.542837033269986,2.45599731054744,TRUE,TRUE
"Co",1140,TRUE,30.1812725090036,246.695803228583,0.454299430419506,-2.29552766603391,TRUE,FALSE
"Co",1141,TRUE,30.2767106842737,353.709317398635,0.547319004444522,-3.11642229525184,TRUE,TRUE
"Co",1142,TRUE,30.4039615846339,365.629426621191,0.55709042332854,1.75068807966255,TRUE,TRUE
"Co",1143,TRUE,30.3085234093637,307.494010739489,0.508987587070919,2.76873144954753,TRUE,FALSE
"Co",1144,TRUE,30.3403361344538,375.071808795699,0.564892310617355,2.49702944517844,TRUE,TRUE
"Co",1145,TRUE,30.1812725090036,363.513185926867,0.557777582616871,-2.22878819545077,TRUE,TRUE
"Co",1146,TRUE,30.3721488595438,297.921897762763,0.499250281871242,2.09777370885726,TRUE,FALSE
"Co",1147,TRUE,30.2448979591837,344.220555898438,0.540494285282548,-2.89462468982268,TRUE,TRUE
"Co",1148,TRUE,30.0858343337335,285.769398681896,0.490491326176347,-1.29012686396998,TRUE,FALSE
"Co",1149,TRUE,30.1494597839136,404.752435730113,0.589548098341631,-1.88795422522255,TRUE,TRUE
"Co",1150,TRUE,30.2130852340936,346.142976614622,0.54179765333993,-2.52419164690056,TRUE,TRUE
"Co",1151,TRUE,30.2767106842737,269.25561785019,0.474715879429163,3.05236612235225,TRUE,FALSE
"Co",1152,TRUE,30.3085234093637,342.15972167206,0.538977962297702,2.69625145837292,TRUE,TRUE
"Co",1153,TRUE,30.1812725090036,321.408127808257,0.521106855578045,-2.21546110395526,TRUE,FALSE
"Co",1154,TRUE,30.3085234093637,406.334290611838,0.588441435799132,2.85962745862802,TRUE,TRUE
"Co",1155,TRUE,30.3085234093637,292.706073826227,0.496765954664537,2.61411619408284,TRUE,FALSE
"Co",1156,TRUE,30.3403361344538,337.126254866973,0.532813823267086,2.4019708885635,TRUE,TRUE
"Co",1157,TRUE,30.2448979591837,269.502347957189,0.475293496926994,-2.83154003309297,TRUE,FALSE
"Co",1158,TRUE,30.2767106842737,286.900887469426,0.491514957306927,3.0425439149269,TRUE,FALSE
"Co",1159,TRUE,30.3403361344538,280.805336346151,0.484333968183684,2.53070836500991,TRUE,FALSE
"Co",1160,TRUE,30.2448979591837,344.716041862444,0.541494589034748,-2.95750068170023,TRUE,TRUE
"Co",1161,TRUE,30.2130852340936,379.188032894001,0.568706598661093,-2.53979805916554,TRUE,TRUE
"Co",1162,TRUE,30.2448979591837,409.258920932751,0.592282172081524,-2.82246810207636,TRUE,TRUE
"Co",1163,TRUE,30.3403361344538,303.990761737492,0.504450668801537,2.41369139341647,TRUE,FALSE
"Co",1164,TRUE,30.2130852340936,392.698713397617,0.579709175873182,-2.49077136400183,TRUE,TRUE
"Co",1165,TRUE,30.1812725090036,345.90517063737,0.541823096092038,-2.25755644425261,TRUE,TRUE
"Co",1166,TRUE,30.2448979591837,324.295353766271,0.522515190645777,-2.86517581565495,TRUE,FALSE
"Co",1167,TRUE,30.2767106842737,293.830759291525,0.498448487266697,2.92122237772807,TRUE,FALSE
"Co",1168,TRUE,30.2767106842737,360.507067375006,0.554188650785101,3.05577800697113,TRUE,TRUE
"Co",1169,TRUE,30.2767106842737,325.227259570964,0.524705176339305,3.10627529559474,TRUE,FALSE
"Co",1170,TRUE,30.2448979591837,352.902997833771,0.546598676411035,-2.82297317388099,TRUE,TRUE
"Co",1171,TRUE,30.2448979591837,318.919700435517,0.519122046680037,-2.92666388204762,TRUE,FALSE
"Co",1172,TRUE,30.1812725090036,317.878438226942,0.518376985799359,-2.15337133156337,TRUE,FALSE
"Co",1173,TRUE,30.3403361344538,364.472695973678,0.555823207837832,2.47336994952374,TRUE,TRUE
"Co",1174,TRUE,30.2767106842737,329.45044787456,0.52762258636275,3.13446254160239,TRUE,TRUE
"Co",1175,TRUE,30.3721488595438,260.465110845091,0.465959080024316,2.15967888214366,TRUE,FALSE
"Co",1176,TRUE,30.2767106842737,328.025871068673,0.525042112208959,-3.09788414556403,TRUE,TRUE
"Co",1177,TRUE,30.2448979591837,273.823760201826,0.480390685329353,-2.99514284290875,TRUE,FALSE
"Co",1178,TRUE,30.3085234093637,365.115199940349,0.556423765417902,2.77968703859647,TRUE,TRUE
"Co",1179,TRUE,30.2767106842737,333.048505944667,0.530376641417568,3.03791276839013,TRUE,TRUE
"Co",1180,TRUE,30.3721488595438,299.976383592031,0.50123297719026,2.19084350752263,TRUE,FALSE
"Co",1181,TRUE,30.1494597839136,396.108251719926,0.584160981591035,-1.89411406701902,TRUE,TRUE
"Co",1182,TRUE,30.4039615846339,267.291070009015,0.471937440970735,1.77810602311738,TRUE,FALSE
"Co",1183,TRUE,30.2130852340936,357.563794292939,0.552307017515715,-2.66805512805767,TRUE,TRUE
"Co",1184,TRUE,30.3721488595438,348.248867469073,0.541831969460949,2.11012541803298,TRUE,TRUE
"Co",1185,TRUE,30.3403361344538,311.013530530019,0.510784910816405,2.45301896230063,TRUE,FALSE
"Co",1186,TRUE,30.3403361344538,305.729034004482,0.507302498091957,2.59174709561155,TRUE,FALSE
"Co",1187,TRUE,30.1176470588235,314.346289201363,0.5165150765727,-1.65921425921317,TRUE,FALSE
"Co",1188,TRUE,30.3403361344538,342.773987484787,0.537896917120466,2.41040975458468,TRUE,TRUE
"Co",1189,TRUE,30.2767106842737,291.963565253251,0.494752288363461,3.03118493010186,TRUE,FALSE
"Co",1190,TRUE,30.2130852340936,342.721194954743,0.539559087949804,-2.52886631458285,TRUE,TRUE
"Co",1191,TRUE,30.2448979591837,314.677144170922,0.515647642835175,-2.88035930022506,TRUE,FALSE
"Co",1192,TRUE,30.2130852340936,339.859482625367,0.537389261954609,-2.61640554515314,TRUE,TRUE
"Co",1193,TRUE,30.2130852340936,312.598603527467,0.515833614854423,-2.67036014539443,TRUE,FALSE
"Co",1194,TRUE,30.2767106842737,363.963209756421,0.555417453000126,3.08739427971437,TRUE,TRUE
"Co",1195,TRUE,30.2767106842737,350.575873117607,0.54493351483341,3.08957379535035,TRUE,TRUE
"Co",1196,TRUE,30.3721488595438,289.343295097115,0.493099369326476,2.07509051969617,TRUE,FALSE
"Co",1197,TRUE,30.3085234093637,284.240371195172,0.488206923692006,2.79712065784136,TRUE,FALSE
"Co",1198,TRUE,30.1812725090036,345.743335823368,0.542101824017486,-2.31569650618347,TRUE,TRUE
"Co",1199,TRUE,30.1812725090036,351.216162418715,0.54650426145676,-2.18861801469514,TRUE,TRUE
"Co",1200,TRUE,30.2448979591837,379.799384263202,0.56953140770095,-2.86969657496499,TRUE,TRUE
"Co",1201,TRUE,30.3085234093637,347.829955553327,0.542899548396142,2.79069976975818,TRUE,TRUE
"Co",1202,TRUE,30.2448979591837,337.983116224301,0.535666698418541,-2.95153736236602,TRUE,TRUE
"Co",1203,TRUE,30.2130852340936,342.88851656345,0.539729272467533,-2.6127061779216,TRUE,TRUE
"Co",1204,TRUE,30.2448979591837,329.865402215677,0.529362354417548,-2.87598001881464,TRUE,TRUE
"Co",1205,TRUE,30.2130852340936,265.870774419803,0.472877527218486,-2.59665427837753,TRUE,FALSE
"Co",1206,TRUE,30.2130852340936,354.162107114167,0.548363097849834,-2.54993957616036,TRUE,TRUE
"Co",1207,TRUE,30.3403361344538,348.063167453292,0.541582538422743,2.54029905426326,TRUE,TRUE
"Co",1208,TRUE,30.3721488595438,309.012131401315,0.509941774263587,2.10600562239772,TRUE,FALSE
"Co",1209,TRUE,30.4357743097239,293.783638856435,0.495274773052405,1.51483717542127,TRUE,FALSE
"Co",1210,TRUE,30.1494597839136,314.059053168227,0.516675215233475,-1.93583723782571,TRUE,FALSE
"Co",1211,TRUE,30.3085234093637,331.531855936741,0.529487595858813,2.81741730683543,TRUE,TRUE
"Co",1212,TRUE,30.2448979591837,388.411164994485,0.57819371541448,-2.98684268121707,TRUE,TRUE
"Co",1213,TRUE,30.4039615846339,315.301097361103,0.514236825167147,1.81089857566422,TRUE,FALSE
"Co",1214,TRUE,30.2130852340936,310.757578557677,0.512328205509385,-2.57059662722269,TRUE,FALSE
"Co",1215,TRUE,30.2448979591837,313.036999567322,0.51360130460822,-2.86082212015808,TRUE,FALSE
"Co",1216,TRUE,30.4039615846339,359.846233266714,0.551616311078015,1.84352042306075,TRUE,TRUE
"Co",1217,TRUE,30.1176470588235,333.809129621427,0.534606631160611,-1.66458152496149,TRUE,TRUE
"Co",1218,TRUE,30.4039615846339,335.906452904367,0.531281232028118,1.78075451912752,TRUE,TRUE
"Co",1219,TRUE,30.1812725090036,330.403943501645,0.528906775845989,-2.20558197072414,TRUE,TRUE
"Co",1220,TRUE,30.2130852340936,366.625743472726,0.558956247594724,-2.52689658537755,TRUE,TRUE
"Co",1221,TRUE,30.2767106842737,342.848792514634,0.539271206739057,-3.14023236393442,TRUE,TRUE
"Co",1222,TRUE,30.2448979591837,316.85269314517,0.517194997370542,-2.81459232712557,TRUE,FALSE
"Co",1223,TRUE,30.2767106842737,306.544097208627,0.507155782202098,3.09601336197929,TRUE,FALSE
"Co",1224,TRUE,30.2767106842737,276.170798917939,0.481540545061929,3.10405486476932,TRUE,FALSE
"Co",1225,TRUE,30.2448979591837,348.122649728105,0.545108277141161,-2.95102789024718,TRUE,TRUE
"Co",1226,TRUE,30.3085234093637,292.42255511257,0.495663300328543,2.72972338609639,TRUE,FALSE
"Co",1227,TRUE,30.2448979591837,271.237843001534,0.477239693868224,-2.83525768066737,TRUE,FALSE
"Co",1228,TRUE,30.2130852340936,339.830064030834,0.538160154124888,-2.62904246763923,TRUE,TRUE
"Co",1229,TRUE,30.2130852340936,324.851671647936,0.52411971086456,-2.48304956937691,TRUE,FALSE
"Co",1230,TRUE,30.1812725090036,327.859883354731,0.527280576218114,-2.23977553465157,TRUE,TRUE
"Co",1231,TRUE,30.2767106842737,305.297194293471,0.507723147350581,3.0189899123477,TRUE,FALSE
"Co",1232,TRUE,30.2130852340936,351.555888129159,0.546597788726429,-2.63364904253949,TRUE,TRUE
"Co",1233,TRUE,30.2767106842737,332.853051686609,0.530477332775367,3.13864234234397,TRUE,TRUE
"Co",1234,TRUE,30.1812725090036,284.059612537847,0.489070936646514,-2.31429247065573,TRUE,FALSE
"Co",1235,TRUE,30.2130852340936,336.689215113279,0.535118065509611,-2.52986233682845,TRUE,TRUE
"Co",1236,TRUE,30.3085234093637,347.881469141944,0.542084099023012,2.78009347698836,TRUE,TRUE
"Co",1237,TRUE,30.3085234093637,342.209781179949,0.538534317109478,2.74461205270913,TRUE,TRUE
"Co",1238,TRUE,30.2448979591837,322.201993330667,0.521415797091833,-2.86061404759059,TRUE,FALSE
"Co",1239,TRUE,30.1812725090036,338.668207569771,0.536893529111027,-2.28531746276844,TRUE,TRUE
"Co",1240,TRUE,30.2767106842737,315.440743544488,0.516580981526154,2.99285956220352,TRUE,FALSE
"Co",1241,TRUE,30.2130852340936,288.011279527933,0.493543838324233,-2.60028070571689,TRUE,FALSE
"Co",1242,TRUE,30.2767106842737,326.774867069066,0.525873694780569,3.06946065676706,TRUE,FALSE
"Co",1243,TRUE,30.2130852340936,325.713209194227,0.525658422879352,-2.63957997856058,TRUE,FALSE
"Co",1244,TRUE,30.2448979591837,336.666307391079,0.533826619845767,-2.8779294986132,TRUE,TRUE
"Co",1245,TRUE,30.3085234093637,348.580487070026,0.54340520797692,2.80670386517187,TRUE,TRUE
"Co",1246,TRUE,30.2130852340936,319.883710471881,0.519068037234349,-2.52238113234178,TRUE,FALSE
"Co",1247,TRUE,30.3721488595438,324.603074582679,0.523132181532204,2.16664400028855,TRUE,FALSE
"Co",1248,TRUE,30.3085234093637,333.862904616,0.531288599102318,2.81835903727979,TRUE,TRUE
"Co",1249,TRUE,30.1494597839136,350.798826234307,0.546180340283019,-1.84302590057072,TRUE,TRUE
"Co",1250,TRUE,30.2767106842737,361.021833875213,0.553647738754423,3.07926096675002,TRUE,TRUE
"Co",1251,TRUE,30.2448979591837,278.849121088184,0.483702058279513,-2.92759526065588,TRUE,FALSE
"Co",1252,TRUE,30.1494597839136,305.479999900619,0.507686418221124,-1.81718434392267,TRUE,FALSE
"Co",1253,TRUE,30.2448979591837,360.988200965641,0.554387729989842,-2.85156345015038,TRUE,TRUE
"Co",1254,TRUE,30.2130852340936,265.400098425677,0.471287997857511,-2.49323420676595,TRUE,FALSE
"Co",1255,TRUE,30.1812725090036,352.576779602295,0.548392237061956,-2.19960789929095,TRUE,TRUE
"Co",1256,TRUE,30.4039615846339,340.517643813226,0.536782151288424,1.76717324157969,TRUE,TRUE
"Co",1257,TRUE,30.3085234093637,297.748392653137,0.499774310430257,2.76810985181115,TRUE,FALSE
"Co",1258,TRUE,30.2767106842737,327.280694341698,0.525029194061008,-3.12636933972293,TRUE,TRUE
"Co",1259,TRUE,30.2130852340936,364.613250693491,0.557419277063641,-2.56186897542466,TRUE,TRUE
"Co",1260,TRUE,30.1812725090036,360.651371863571,0.554512054845211,-2.24779567706244,TRUE,TRUE
"Co",1261,TRUE,30.2448979591837,341.829926251814,0.538032404960783,-2.76830188519357,TRUE,TRUE
"Co",1262,TRUE,30.3403361344538,332.550784584169,0.529497829737276,2.48420904602156,TRUE,TRUE
"Co",1263,TRUE,30.2767106842737,379.237745791917,0.567138433778013,-3.1303373138146,TRUE,TRUE
"Co",1264,TRUE,30.3403361344538,303.411436669146,0.504891928856645,2.45977523961555,TRUE,FALSE
"Co",1265,TRUE,30.2767106842737,337.58498716688,0.534091312052259,3.13265081095363,TRUE,TRUE
"Co",1266,TRUE,30.3721488595438,396.585671806482,0.581017805769563,2.16265082602919,TRUE,TRUE
"Co",1267,TRUE,30.1812725090036,271.18473427226,0.47621423435881,-2.21219061498718,TRUE,FALSE
"Co",1268,TRUE,30.2448979591837,348.729820243038,0.543818466742666,-2.82462223764836,TRUE,TRUE
"Co",1269,TRUE,30.2130852340936,312.481949368665,0.514650105257188,-2.54377815950624,TRUE,FALSE
"Co",1270,TRUE,30.2767106842737,335.871632510452,0.533408297980714,3.06162339928883,TRUE,TRUE
"Co",1271,TRUE,30.1494597839136,322.1229562647,0.522371376557464,-1.83710172809815,TRUE,FALSE
"Co",1272,TRUE,30.2767106842737,352.412663908395,0.546973260001181,2.9969178817857,TRUE,TRUE
"Co",1273,TRUE,30.2767106842737,382.170554733838,0.570858362136881,3.09707962952751,TRUE,TRUE
"Co",1274,TRUE,30.1494597839136,305.645533166017,0.507776616731716,-1.90876205231727,TRUE,FALSE
"Co",1275,TRUE,30.1812725090036,351.888811454033,0.547946705127433,-2.27375112428549,TRUE,TRUE
"Co",1276,TRUE,30.2130852340936,341.640231892174,0.536847440781013,-2.49423742526003,TRUE,TRUE
"Co",1277,TRUE,30.2767106842737,314.719204619837,0.515796644462038,3.09513034214377,TRUE,FALSE
"Co",1278,TRUE,30.2130852340936,330.949334299288,0.529164419201061,-2.48980903230771,TRUE,TRUE
"Co",1279,TRUE,30.2130852340936,308.911364833689,0.509612182896152,-2.52645188548621,TRUE,FALSE
"Co",1280,TRUE,30.2130852340936,301.17186002412,0.504699737300379,-2.59195779545867,TRUE,FALSE
"Co",1281,TRUE,30.3085234093637,342.130712942718,0.538716746954334,2.77735585215008,TRUE,TRUE
"Co",1282,TRUE,30.2448979591837,347.795496705532,0.543250952866258,-2.87503754466887,TRUE,TRUE
"Co",1283,TRUE,30.2130852340936,328.565302790229,0.526958332781329,-2.58397100082775,TRUE,TRUE
"Co",1284,TRUE,30.4357743097239,306.930560617862,0.508187814652371,1.45648821376778,TRUE,FALSE
"Co",1285,TRUE,30.3085234093637,289.284360280351,0.492581179799675,2.80189179754749,TRUE,FALSE
"Co",1286,TRUE,30.2767106842737,369.954135113943,0.56165541927399,3.12502664210013,TRUE,TRUE
"Co",1287,TRUE,30.1812725090036,311.132551628828,0.513194642348423,-2.2596719801289,TRUE,FALSE
"Co",1288,TRUE,30.2130852340936,286.555885300149,0.491446549216874,-2.55449507640454,TRUE,FALSE
"Co",1289,TRUE,30.1494597839136,398.464951853976,0.584329084178941,-1.90289635003695,TRUE,TRUE
"Co",1290,TRUE,30.2767106842737,345.388537623027,0.541426939325338,3.05285655875213,TRUE,TRUE
"Co",1291,TRUE,30.2130852340936,321.872677859896,0.5209396362635,-2.52232150563944,TRUE,FALSE
"Co",1292,TRUE,30.1812725090036,277.500676823426,0.483311624205654,-2.29002710489634,TRUE,FALSE
"Co",1293,TRUE,30.3085234093637,327.63283312972,0.52617777279607,2.7442348656967,TRUE,TRUE
"Co",1294,TRUE,30.1494597839136,304.901730145119,0.507481907307213,-1.94543413634054,TRUE,FALSE
"Co",1295,TRUE,30.2130852340936,324.165268464336,0.522054594725914,-2.51418475602717,TRUE,FALSE
"Co",1296,TRUE,30.3085234093637,327.393958186639,0.526071706587211,2.77687872464267,TRUE,TRUE
"Co",1297,TRUE,30.3085234093637,325.204583599125,0.524721924968688,2.73287748234478,TRUE,FALSE
"Co",1298,TRUE,30.1494597839136,349.538967622048,0.545406754174078,-1.84150071583916,TRUE,TRUE
"Co",1299,TRUE,30.2448979591837,353.121131356455,0.548087413520813,-2.78461481777324,TRUE,TRUE
"Co",1300,TRUE,30.4039615846339,371.312561102504,0.560289090033801,1.88133558639075,TRUE,TRUE
"Co",1301,TRUE,30.1494597839136,257.427295392471,0.465739905163238,-1.94086948715472,TRUE,FALSE
"Co",1302,TRUE,30.3403361344538,308.242317575446,0.509993519511009,2.43100519678296,TRUE,FALSE
"Co",1303,TRUE,30.2767106842737,343.074278520686,0.538554784440928,3.1003436099865,TRUE,TRUE
"Co",1304,TRUE,30.2767106842737,330.513048047991,0.529288183832708,3.04524309522955,TRUE,TRUE
"Co",1305,TRUE,30.1812725090036,300.393614083107,0.503084596733283,-2.2152709431453,TRUE,FALSE
"Co",1306,TRUE,30.2767106842737,294.446672142098,0.499236376612894,3.06052951267834,TRUE,FALSE
"Co",1307,TRUE,30.4039615846339,291.08867069762,0.494150934848161,1.7059548625955,TRUE,FALSE
"Co",1308,TRUE,30.1812725090036,312.083840062415,0.512324972498677,-2.09766090956746,TRUE,FALSE
"Co",1309,TRUE,30.2767106842737,321.772887375405,0.521246117752791,3.10629641786855,TRUE,FALSE
"Co",1310,TRUE,30.3721488595438,295.011798047229,0.497400080770332,2.14889771390889,TRUE,FALSE
"Co",1311,TRUE,30.3085234093637,268.629961350941,0.474680118048743,2.6532836022419,TRUE,FALSE
"Co",1312,TRUE,30.1812725090036,374.126868078239,0.564351527891587,-2.30497215425127,TRUE,TRUE
"Co",1313,TRUE,30.2130852340936,275.475816585729,0.481541155708265,-2.59712947506761,TRUE,FALSE
"Co",1314,TRUE,30.3403361344538,313.053700731645,0.513521606304517,2.32243958524616,TRUE,FALSE
"Co",1315,TRUE,30.2767106842737,310.298026386844,0.511425768068164,3.05476946088749,TRUE,FALSE
"Co",1316,TRUE,30.3721488595438,366.44716271176,0.558265249866757,2.13326530612659,TRUE,TRUE
"Co",1317,TRUE,30.2448979591837,368.521212214212,0.560513311815442,-2.85505297677948,TRUE,TRUE
"Co",1318,TRUE,30.2448979591837,322.013943861671,0.521989391284548,-2.82478757804831,TRUE,FALSE
"Co",1319,TRUE,30.2767106842737,296.045768202251,0.499149240656178,3.01414027952037,TRUE,FALSE
"Co",1320,TRUE,30.1812725090036,311.788316714583,0.51328994021479,-2.22604913277789,TRUE,FALSE
"Co",1321,TRUE,30.2448979591837,340.253986192305,0.536593700768589,-2.94879629439286,TRUE,TRUE
"Co",1322,TRUE,30.2448979591837,303.221479016124,0.504984969692547,-2.79819823031155,TRUE,FALSE
"Co",1323,TRUE,30.1812725090036,283.970014755006,0.488405027694093,-2.23728808075028,TRUE,FALSE
"Co",1324,TRUE,30.3085234093637,323.767312070902,0.521762169520905,2.82678817303382,TRUE,FALSE
"Co",1325,TRUE,30.1812725090036,363.344836553548,0.557672642529623,-2.28575775235998,TRUE,TRUE
"Co",1326,TRUE,30.1812725090036,358.349862758487,0.55288322317546,-2.18790069330294,TRUE,TRUE
"Co",1327,TRUE,30.3721488595438,264.536544542947,0.470206774789571,2.14362638197603,TRUE,FALSE
"Co",1328,TRUE,30.2130852340936,333.921430775053,0.531989965627346,-2.50486883768289,TRUE,TRUE
"Co",1329,TRUE,30.3085234093637,354.542517191186,0.548751635545255,2.70002142339561,TRUE,TRUE
"Co",1330,TRUE,30.4357743097239,360.658099620288,0.552932041579514,1.45435155128635,TRUE,TRUE
"Co",1331,TRUE,30.1812725090036,341.051873554296,0.538686271253071,-2.23235097199158,TRUE,TRUE
"Co",1332,TRUE,30.3085234093637,372.829398259966,0.564757778952193,2.75044833914419,TRUE,TRUE
"Co",1333,TRUE,30.2130852340936,302.665910530278,0.505625380722981,-2.53660651235865,TRUE,FALSE
"Co",1334,TRUE,30.3721488595438,375.211218406521,0.563349408695021,2.15473065343643,TRUE,TRUE
"Co",1335,TRUE,30.1812725090036,315.616976115872,0.516692483577881,-2.2523896657682,TRUE,FALSE
"Co",1336,TRUE,30.2448979591837,364.005585090435,0.555552124682483,-2.82753557225775,TRUE,TRUE
"Co",1337,TRUE,30.4357743097239,343.249307251464,0.53798387825437,1.51460652665399,TRUE,TRUE
"Co",1338,TRUE,30.3085234093637,316.961175509445,0.517898556460859,2.61446626563251,TRUE,FALSE
"Co",1339,TRUE,30.2767106842737,386.672795289841,0.574886185178508,3.11717338602221,TRUE,TRUE
"Co",1340,TRUE,30.2767106842737,272.362701565826,0.478015133502871,3.07112070218819,TRUE,FALSE
"Co",1341,TRUE,30.2130852340936,383.538396354891,0.574657294425218,-2.58804409366082,TRUE,TRUE
"Co",1342,TRUE,30.2767106842737,319.866087712154,0.51875880791675,3.13871727521966,TRUE,FALSE
"Co",1343,TRUE,30.3085234093637,345.095358800725,0.540730709674359,2.71529933111901,TRUE,TRUE
"Co",1344,TRUE,30.1176470588235,364.417338145288,0.557604904702692,-1.54958286084751,TRUE,TRUE
"Co",1345,TRUE,30.2448979591837,384.03430307652,0.572730992601906,-2.87680135902855,TRUE,TRUE
"Co",1346,TRUE,30.4357743097239,359.157023417423,0.551428248216084,1.42171026991748,TRUE,TRUE
"Co",1347,TRUE,30.2767106842737,302.207871998821,0.503755530303649,-3.13882610244919,TRUE,FALSE
"Co",1348,TRUE,30.3085234093637,313.125946451191,0.515237216131847,2.77792826127543,TRUE,FALSE
"Co",1349,TRUE,30.2130852340936,286.538095514196,0.488669292800836,-2.46455950785276,TRUE,FALSE
"Co",1350,TRUE,30.3085234093637,319.18104339119,0.518948219682238,2.89582071544388,TRUE,FALSE
"Co",1351,TRUE,30.1494597839136,316.208868326602,0.517293466993329,-1.92390327079585,TRUE,FALSE
"Co",1352,TRUE,30.2448979591837,255.81610208435,0.463119254299605,-2.85865267780884,TRUE,FALSE
"Co",1353,TRUE,30.1812725090036,310.940713194329,0.512213271681582,-2.19042460379213,TRUE,FALSE
"Co",1354,TRUE,30.2767106842737,294.39736672054,0.49723109790244,3.03161433577798,TRUE,FALSE
"Co",1355,TRUE,30.3085234093637,323.824787612173,0.524524297105038,2.58669738365333,TRUE,FALSE
"Co",1356,TRUE,30.4039615846339,310.563314183411,0.511449516628691,1.7500033277295,TRUE,FALSE
"Co",1357,TRUE,30.2767106842737,252.350599827498,0.459597463881377,3.05302191487264,TRUE,FALSE
"Co",1358,TRUE,30.2448979591837,264.785580544042,0.470547284200714,-2.93168955442399,TRUE,FALSE
"Co",1359,TRUE,30.2130852340936,353.593915701988,0.549368865970817,-2.5634466211037,TRUE,TRUE
"Co",1360,TRUE,30.4039615846339,265.103226847977,0.470712715739599,1.81068497858496,TRUE,FALSE
"Co",1361,TRUE,30.1812725090036,352.620054564809,0.548791045130568,-2.29470594640365,TRUE,TRUE
"Co",1362,TRUE,30.1176470588235,281.357544592705,0.486585903973002,-1.53408109916006,TRUE,FALSE
"Co",1363,TRUE,30.1176470588235,309.586529565689,0.512087689060284,-1.63101843861707,TRUE,FALSE
"Co",1364,TRUE,30.2130852340936,260.316231965703,0.467266879652749,-2.60076823137152,TRUE,FALSE
"Co",1365,TRUE,30.2767106842737,341.543290701294,0.538257811561811,3.10235072435572,TRUE,TRUE
"Co",1366,TRUE,30.2767106842737,253.899566783428,0.460833995825715,3.09576118491448,TRUE,FALSE
"Co",1367,TRUE,30.2767106842737,413.035694433921,0.594823757504044,3.07969293313966,TRUE,TRUE
"Co",1368,TRUE,30.1494597839136,310.151145500451,0.512187545035008,-1.94335929803258,TRUE,FALSE
"Co",1369,TRUE,30.2767106842737,299.268658076617,0.501284845900005,3.09781491983428,TRUE,FALSE
"Co",1370,TRUE,30.1812725090036,354.537984237519,0.548595442883311,-2.26092783656517,TRUE,TRUE
"Co",1371,TRUE,30.3721488595438,308.006704569258,0.509107023165177,2.18050773971679,TRUE,FALSE
"Co",1372,TRUE,30.3085234093637,321.265455811559,0.52087666052431,2.80627280270274,TRUE,FALSE
"Co",1373,TRUE,30.2130852340936,323.398364563224,0.523070241914816,-2.55325988611944,TRUE,FALSE
"Co",1374,TRUE,30.3403361344538,330.133819090355,0.528102854310271,2.4220226545154,TRUE,TRUE
"Co",1375,TRUE,30.1812725090036,342.21775496693,0.53951625330191,-2.26537947900219,TRUE,TRUE
"Co",1376,TRUE,30.1812725090036,340.329344171884,0.537169687213489,-2.17143266632896,TRUE,TRUE
"Co",1377,TRUE,30.3721488595438,400.246796043384,0.584648809817379,2.10659588545124,TRUE,TRUE
"Co",1378,TRUE,30.2130852340936,323.064162484343,0.522889326033079,-2.52732183295975,TRUE,FALSE
"Co",1379,TRUE,30.1494597839136,335.547474694232,0.532905215706993,-1.89676867567623,TRUE,TRUE
"Co",1380,TRUE,30.3085234093637,381.928356309281,0.570087546837936,2.82707937430308,TRUE,TRUE
"Co",1381,TRUE,30.3721488595438,303.496102006011,0.504723572372876,2.1786749289388,TRUE,FALSE
"Co",1382,TRUE,30.3721488595438,335.107030807641,0.531011859856523,2.11130480773336,TRUE,TRUE
"Co",1383,TRUE,30.3085234093637,313.065383731325,0.513803187803492,2.69423210319384,TRUE,FALSE
"Co",1384,TRUE,30.4039615846339,330.367575890809,0.528477616363854,1.82516911611398,TRUE,TRUE
"Co",1385,TRUE,30.2130852340936,340.034069986514,0.5366706111362,-2.49290712018024,TRUE,TRUE
"Co",1386,TRUE,30.2130852340936,317.990071095556,0.518205628327128,-2.63063654696159,TRUE,FALSE
"Co",1387,TRUE,30.2767106842737,365.968551400797,0.557842812271584,3.08707597661827,TRUE,TRUE
"Co",1388,TRUE,30.4357743097239,351.498726552195,0.545348568739195,1.43673219419932,TRUE,TRUE
"Co",1389,TRUE,30.499399759904,420.270586372691,0.599321140893303,0.772377874477446,TRUE,TRUE
"Co",1390,TRUE,30.3085234093637,338.615045037985,0.534955096621983,2.84651769276916,TRUE,TRUE
"Co",1391,TRUE,30.2130852340936,277.111529358222,0.483262520074138,-2.56693979604165,TRUE,FALSE
"Co",1392,TRUE,30.3403361344538,354.456488313369,0.547221975024032,2.51743354396965,TRUE,TRUE
"Co",1393,TRUE,30.0540216086435,276.920223302713,0.485251695062949,-1.08326198353441,TRUE,FALSE
"Co",1394,TRUE,30.3085234093637,319.017037096601,0.518542385196286,2.7145778547335,TRUE,FALSE
"Co",1395,TRUE,30.2767106842737,334.319658341226,0.532892938013037,3.0274076689323,TRUE,TRUE
"Co",1396,TRUE,30.2130852340936,360.186802252923,0.553709355442773,-2.5906416980176,TRUE,TRUE
"Co",1397,TRUE,30.3721488595438,305.884341863059,0.507269629580281,2.10577951069703,TRUE,FALSE
"Co",1398,TRUE,30.1494597839136,337.675564022559,0.536255273519903,-1.86554101402225,TRUE,TRUE
"Co",1399,TRUE,30.3403361344538,341.175525825037,0.536522074615804,2.44316947792466,TRUE,TRUE
"Co",1400,TRUE,30.2767106842737,322.906445549723,0.523623453525782,3.04984089724223,TRUE,FALSE
"Co",1401,TRUE,30.2130852340936,300.138672810319,0.50226352948926,-2.51427591655315,TRUE,FALSE
"Co",1402,TRUE,30.3403361344538,340.082496709057,0.535684304830546,2.42471313822974,TRUE,TRUE
"Co",1403,TRUE,30.1812725090036,353.824875585954,0.549012444019774,-2.18704070247013,TRUE,TRUE
"Co",1404,TRUE,30.2767106842737,275.649136297812,0.480388397461487,3.12626872800429,TRUE,FALSE
"Co",1405,TRUE,30.3085234093637,311.514540896724,0.511888696791559,2.82617169102609,TRUE,FALSE
"Co",1406,TRUE,30.2448979591837,340.550417916327,0.537448635676289,-2.91925935797179,TRUE,TRUE
"Co",1407,TRUE,30.2448979591837,383.873611816628,0.572251780900037,-2.83053024310032,TRUE,TRUE
"Co",1408,TRUE,30.1176470588235,364.416855780991,0.557931113490659,-1.56451148468932,TRUE,TRUE
"Co",1409,TRUE,30.1812725090036,317.165904629186,0.516765111999357,-2.21199867558814,TRUE,FALSE
"Co",1410,TRUE,30.1494597839136,310.809481744431,0.51413556940787,-2.02758304964939,TRUE,FALSE
"Co",1411,TRUE,30.4039615846339,389.272745707364,0.575497871214425,1.78256678059096,TRUE,TRUE
"Co",1412,TRUE,30.2767106842737,335.924812829765,0.533805141213274,3.06869859341279,TRUE,TRUE
"Co",1413,TRUE,30.3085234093637,350.218593570386,0.544199111870272,2.78782379687778,TRUE,TRUE
"Co",1414,TRUE,30.2130852340936,320.926005211205,0.52178168032276,-2.55530008284325,TRUE,FALSE
"Co",1415,TRUE,30.3085234093637,380.597360284163,0.56970675206937,2.71669907459772,TRUE,TRUE
"Co",1416,TRUE,30.2130852340936,360.78829821602,0.552906990029396,-2.52097251747699,TRUE,TRUE
"Co",1417,TRUE,30.1812725090036,367.233500172887,0.560378099154972,-2.29442133376397,TRUE,TRUE
"Co",1418,TRUE,30.0858343337335,387.090797292368,0.57753504953216,-1.36031259030624,TRUE,TRUE
"Co",1419,TRUE,30.2448979591837,408.830466763746,0.591117251490053,-2.84533900561665,TRUE,TRUE
"Co",1420,TRUE,30.3403361344538,288.609636159539,0.491825960090326,2.4382443864086,TRUE,FALSE
"Co",1421,TRUE,30.4039615846339,354.067979225018,0.547184862404163,1.74046037062382,TRUE,TRUE
"Co",1422,TRUE,30.2448979591837,335.533033832887,0.533246383631898,-2.83644559623432,TRUE,TRUE
"Co",1423,TRUE,30.1812725090036,264.191008014638,0.46961560789149,-2.19621484173681,TRUE,FALSE
"Co",1424,TRUE,30.2448979591837,291.740641088658,0.49490144127268,-2.86643589874854,TRUE,FALSE
"Co",1425,TRUE,30.3403361344538,287.212619391315,0.490317440381862,2.44484893930509,TRUE,FALSE
"Co",1426,TRUE,30.2448979591837,382.808758399339,0.570383071992704,-2.89877276991884,TRUE,TRUE
"Co",1427,TRUE,30.4675870348139,305.991704077533,0.506731003449356,1.19838405137555,TRUE,FALSE
"Co",1428,TRUE,30.3085234093637,294.31780613074,0.49755642788442,2.77864331478979,TRUE,FALSE
"Co",1429,TRUE,30.2130852340936,328.504417228591,0.527206967452437,-2.51389901806961,TRUE,TRUE
"Co",1430,TRUE,30.0858343337335,284.048968810407,0.489693430403894,-1.26350561205825,TRUE,FALSE
"Co",1431,TRUE,30.3085234093637,355.642809090296,0.547927832532225,2.81123610496468,TRUE,TRUE
"Co",1432,TRUE,30.2767106842737,313.723121456988,0.513947051312784,3.06722234149815,TRUE,FALSE
"Co",1433,TRUE,30.1812725090036,277.78496162396,0.483061480916759,-2.17587085404231,TRUE,FALSE
"Co",1434,TRUE,30.2448979591837,286.851033396511,0.490816170842244,-2.83184316930191,TRUE,FALSE
"Co",1435,TRUE,30.2448979591837,418.134180728594,0.598793980802112,-2.80814748905613,TRUE,TRUE
"Co",1436,TRUE,30.2130852340936,351.963290006398,0.546743455518114,-2.46759361406946,TRUE,TRUE
"Co",1437,TRUE,30.2130852340936,378.962588827323,0.569965217298916,-2.62956807687483,TRUE,TRUE
"Co",1438,TRUE,30.2767106842737,324.876090133709,0.525066466007933,3.04974010405796,TRUE,FALSE
"Co",1439,TRUE,30.2448979591837,342.124176841655,0.53783021801572,-2.8592674264519,TRUE,TRUE
"Co",1440,TRUE,30.1494597839136,322.436508697601,0.523076940758404,-1.90049070398658,TRUE,FALSE
"Co",1441,TRUE,30.1494597839136,341.239893847915,0.538794437468794,-1.92186745384734,TRUE,TRUE
"Co",1442,TRUE,30.2130852340936,335.977876512295,0.53397613929661,-2.56029404084126,TRUE,TRUE
"Co",1443,TRUE,30.3085234093637,388.389260227099,0.574807019207374,2.78779164559778,TRUE,TRUE
"Co",1444,TRUE,30.3085234093637,347.42714164022,0.54295490820833,2.76746287689295,TRUE,TRUE
"Co",1445,TRUE,30.4039615846339,309.730836157267,0.51052219454904,1.72446757832701,TRUE,FALSE
"Co",1446,TRUE,30.4039615846339,357.123705651463,0.550360632897155,1.7279011008713,TRUE,TRUE
"Co",1447,TRUE,30.2767106842737,292.041783582167,0.494488274392578,-3.1398194181801,TRUE,FALSE
"Co",1448,TRUE,30.1812725090036,332.696405063242,0.531984629499205,-2.29022193874103,TRUE,TRUE
"Co",1449,TRUE,30.2767106842737,307.319405522382,0.509768239157084,2.95914523080513,TRUE,FALSE
"Co",1450,TRUE,30.1494597839136,312.23870891525,0.513695782599737,-1.8972326071941,TRUE,FALSE
"Co",1451,TRUE,30.1812725090036,277.954366232653,0.483144845292314,-2.18062426138263,TRUE,FALSE
"Co",1452,TRUE,30.2448979591837,316.400874305354,0.516267406660008,-2.81838080951528,TRUE,FALSE
"Co",1453,TRUE,30.1494597839136,297.059698892611,0.499866055691914,-1.93365983869006,TRUE,FALSE
"Co",1454,TRUE,30.2767106842737,280.222205575626,0.484155613768633,3.06802233964807,TRUE,FALSE
"Co",1455,TRUE,30.3721488595438,411.201474740873,0.592043887769969,2.17371673379887,TRUE,TRUE
"Co",1456,TRUE,30.2130852340936,363.147344976818,0.556152369908651,-2.5853542052322,TRUE,TRUE
"Co",1457,TRUE,30.2448979591837,312.56178345972,0.514034535477164,-2.88872090133342,TRUE,FALSE
"Co",1458,TRUE,30.3085234093637,365.961378253137,0.558241628857731,2.77768465030931,TRUE,TRUE
"Co",1459,TRUE,30.2448979591837,328.279308312445,0.528037319485805,-2.9528398416037,TRUE,TRUE
"Co",1460,TRUE,30.2767106842737,349.48108001531,0.544570936145163,3.00140964347527,TRUE,TRUE
"Co",1461,TRUE,30.1176470588235,316.862062489067,0.517867228027905,-1.59315797201809,TRUE,FALSE
"Co",1462,TRUE,30.1812725090036,322.598115312306,0.522152514364803,-2.20815516758554,TRUE,FALSE
"Co",1463,TRUE,30.1812725090036,293.388467198403,0.495989989674832,-2.14765149935316,TRUE,FALSE
"Co",1464,TRUE,30.2448979591837,293.305557457751,0.497623414002808,-2.91816814020539,TRUE,FALSE
"Co",1465,TRUE,30.1176470588235,360.044646111287,0.5545591256691,-1.65501161268563,TRUE,TRUE
"Co",1466,TRUE,30.2130852340936,329.030297013739,0.527676087211028,-2.51373674008161,TRUE,TRUE
"Co",1467,TRUE,30.2448979591837,357.192279822264,0.55059519645724,-2.93111994079445,TRUE,TRUE
"Co",1468,TRUE,30.3085234093637,312.694519507316,0.512822682261347,2.71200703772028,TRUE,FALSE
"Co",1469,TRUE,30.1812725090036,305.764424164768,0.507008527562239,-2.16741154778696,TRUE,FALSE
"Co",1470,TRUE,30.2130852340936,289.528860662085,0.493550629270655,-2.61896570414531,TRUE,FALSE
"Co",1471,TRUE,30.3085234093637,310.142290489251,0.509795061645557,2.81108502316132,TRUE,FALSE
"Co",1472,TRUE,30.2130852340936,349.132420485705,0.544817668028521,-2.52096785556039,TRUE,TRUE
"Co",1473,TRUE,30.3085234093637,303.3734916628,0.504075398196025,2.72655854682831,TRUE,FALSE
"Co",1474,TRUE,30.1812725090036,331.470567206999,0.530800411645204,-2.23292506402806,TRUE,TRUE
"Co",1475,TRUE,30.3403361344538,298.908205893497,0.500333038936348,2.45187811224683,TRUE,FALSE
"Co",1476,TRUE,30.1494597839136,330.832293844843,0.528647459671459,-1.82602134369307,TRUE,TRUE
"Co",1477,TRUE,30.0540216086435,347.472193639768,0.54416620389495,-0.938582283557042,TRUE,TRUE
"Co",1478,TRUE,30.3085234093637,369.674122886466,0.561794194592309,2.62653881182507,TRUE,TRUE
"Co",1479,TRUE,30.1812725090036,355.007569109606,0.549900461884202,-2.22982914499118,TRUE,TRUE
"Co",1480,TRUE,30.2767106842737,350.773170628596,0.544983579295507,-3.13926893712292,TRUE,TRUE
"Co",1481,TRUE,30.1494597839136,318.430876006226,0.518414156232539,-1.84456052969525,TRUE,FALSE
"Co",1482,TRUE,30.3721488595438,313.121227287811,0.513225432724112,2.07547559568604,TRUE,FALSE
"Co",1483,TRUE,30.2767106842737,302.766583503379,0.504446761752747,3.03687172082606,TRUE,FALSE
"Co",1484,TRUE,30.2448979591837,346.669051968001,0.542179454228158,-2.98310439085955,TRUE,TRUE
"Co",1485,TRUE,30.2767106842737,309.734436115326,0.511803378323554,3.05958696607064,TRUE,FALSE
"Co",1486,TRUE,30.2767106842737,350.483266952323,0.544868643680273,3.07240446077052,TRUE,TRUE
"Co",1487,TRUE,30.2767106842737,297.289416212268,0.501131986706778,3.13576802235458,TRUE,FALSE
"Co",1488,TRUE,30.2130852340936,263.307276962586,0.471171071913062,-2.6749489161297,TRUE,FALSE
"Co",1489,TRUE,30.3403361344538,328.467182819353,0.526457547563933,2.43199789184967,TRUE,TRUE
"Co",1490,TRUE,30.2448979591837,324.87444769176,0.523646770912933,-2.87124349858901,TRUE,FALSE
"Co",1491,TRUE,30.0540216086435,313.978040385403,0.516829421626255,-0.979565231519576,TRUE,FALSE
"Co",1492,TRUE,30.4675870348139,326.152285339583,0.523561897127896,1.15409934276299,TRUE,FALSE
"Co",1493,TRUE,30.2767106842737,321.224474170452,0.520329208904054,3.08923437841193,TRUE,FALSE
"Co",1494,TRUE,30.2130852340936,291.611543728137,0.495498314640448,-2.51597621117328,TRUE,FALSE
"Co",1495,TRUE,30.2767106842737,266.943734604289,0.473217408437243,3.0942719593076,TRUE,FALSE
"Co",1496,TRUE,30.2448979591837,256.178803537456,0.463215305538999,-3.01056275525789,TRUE,FALSE
"Co",1497,TRUE,30.2130852340936,348.026542342921,0.543669247337606,-2.51519661294163,TRUE,TRUE
"Co",1498,TRUE,30.3721488595438,312.631641247842,0.512587053767204,2.08293976861255,TRUE,FALSE
"Co",1499,TRUE,30.2767106842737,315.725834336802,0.515872490057837,3.02849358066577,TRUE,FALSE
"Co",1500,TRUE,30.2448979591837,286.226406552273,0.490122701990399,-2.83238043873486,TRUE,FALSE
"Co",1501,TRUE,30.2767106842737,340.487121398071,0.536561765708117,3.12194706357135,TRUE,TRUE
"Co",1502,TRUE,30.3403361344538,340.239668400829,0.536516492398511,2.52550730237072,TRUE,TRUE
"Co",1503,TRUE,30.1494597839136,333.120331209293,0.532127976630159,-1.91231818619426,TRUE,TRUE
"Co",1504,TRUE,30.1176470588235,337.161161758971,0.535787520738536,-1.64163734342713,TRUE,TRUE
"Co",1505,TRUE,30.2130852340936,346.743107713712,0.542649882071547,-2.53589435187563,TRUE,TRUE
"Co",1506,TRUE,30.3085234093637,321.11476400344,0.520749916259884,2.8577643584711,TRUE,FALSE
"Co",1507,TRUE,30.2448979591837,291.300056931505,0.494529466200628,-2.8051497036058,TRUE,FALSE
"Co",1508,TRUE,30.2448979591837,317.588771279497,0.518062461141587,-2.89923792234065,TRUE,FALSE
"Co",1509,TRUE,30.4039615846339,310.500539813587,0.51158796965513,1.77330709891623,TRUE,FALSE
"Co",1510,TRUE,30.1812725090036,271.696527634321,0.477173853283904,-2.20404553054731,TRUE,FALSE
"Co",1511,TRUE,30.2767106842737,352.184135880704,0.546189684474481,3.12248844648979,TRUE,TRUE
"Co",1512,TRUE,30.2767106842737,276.575150023145,0.481419902605517,3.06398511446316,TRUE,FALSE
"Co",1513,TRUE,30.2767106842737,288.113662029455,0.493418874118775,2.98649619325208,TRUE,FALSE
"Co",1514,TRUE,30.2448979591837,323.118140814521,0.522774954654172,-2.81696771569671,TRUE,FALSE
"Co",1515,TRUE,30.1812725090036,356.800784265295,0.550300229156811,-2.17208779082842,TRUE,TRUE
"Co",1516,TRUE,30.2130852340936,284.419287964662,0.489234679895423,-2.70646893772702,TRUE,FALSE
"Co",1517,TRUE,30.3721488595438,335.386990769679,0.532492039498986,2.166784819346,TRUE,TRUE
"Co",1518,TRUE,30.0858343337335,409.684761077868,0.595507289052656,-1.33644727993072,TRUE,TRUE
"Co",1519,TRUE,30.3721488595438,285.015437414992,0.489177236653551,2.12854287806904,TRUE,FALSE
"Co",1520,TRUE,30.2767106842737,288.83520446949,0.492036298036698,3.12164085659595,TRUE,FALSE
"Co",1521,TRUE,30.2767106842737,358.567794780797,0.55225923980426,3.01963845811272,TRUE,TRUE
"Co",1522,TRUE,30.3085234093637,344.222768514255,0.539928383369633,2.84662937884284,TRUE,TRUE
"Co",1523,TRUE,30.2448979591837,336.729523269615,0.534011595485355,-2.83421617902774,TRUE,TRUE
"Co",1524,TRUE,30.1812725090036,309.907352257118,0.512445577773942,-2.24052000678178,TRUE,FALSE
"Co",1525,TRUE,30.1494597839136,320.368558887728,0.520343716019646,-1.82363963324011,TRUE,FALSE
"Co",1526,TRUE,30.3085234093637,282.569690959359,0.486566083933248,2.71208762162907,TRUE,FALSE
"Co",1527,TRUE,30.3085234093637,336.611857276901,0.533942874450788,2.79214971004442,TRUE,TRUE
"Co",1528,TRUE,30.2130852340936,349.458346585268,0.545622199874485,-2.59197260422762,TRUE,TRUE
"Co",1529,TRUE,30.3085234093637,293.894176535889,0.495881723291582,2.76517134376665,TRUE,FALSE
"Co",1530,TRUE,30.2448979591837,376.592858097214,0.566369963824466,-2.82502068286782,TRUE,TRUE
"Co",1531,TRUE,30.1812725090036,307.36648386278,0.510221849349047,-2.21942349167191,TRUE,FALSE
"Co",1532,TRUE,30.2448979591837,321.163955656816,0.521238456787945,-2.9393709361517,TRUE,FALSE
"Co",1533,TRUE,30.3403361344538,287.626008165897,0.491335629566712,2.36111833701489,TRUE,FALSE
"Co",1534,TRUE,30.1812725090036,300.071103525315,0.503437146677805,-2.22252250870736,TRUE,FALSE
"Co",1535,TRUE,30.1812725090036,363.508451943245,0.556009051687166,-2.19079580486071,TRUE,TRUE
"Co",1536,TRUE,30.1812725090036,322.393056857624,0.522246552826229,-2.25987115624057,TRUE,FALSE
"Co",1537,TRUE,30.2767106842737,306.641938677862,0.508936270793911,3.01490011994567,TRUE,FALSE
"Co",1538,TRUE,30.2130852340936,317.378439024885,0.516643540458763,-2.52875794194692,TRUE,FALSE
"Co",1539,TRUE,30.2130852340936,290.425685175471,0.49311185465782,-2.54217825792192,TRUE,FALSE
"Co",1540,TRUE,30.2767106842737,346.73336297354,0.540776312565974,-3.13195226374052,TRUE,TRUE
"Co",1541,TRUE,30.3085234093637,359.705926336405,0.553174899383101,2.710317180122,TRUE,TRUE
"Co",1542,TRUE,30.1176470588235,329.330383682469,0.530656673967951,-1.63717999013605,TRUE,TRUE
"Co",1543,TRUE,30.2448979591837,343.258380744837,0.5398770828102,-2.92737097851082,TRUE,TRUE
"Co",1544,TRUE,30.1812725090036,346.825762008256,0.543733751853764,-2.27005903233915,TRUE,TRUE
"Co",1545,TRUE,30.1494597839136,350.968454334998,0.546920335396932,-1.89910886661551,TRUE,TRUE
"Co",1546,TRUE,30.2767106842737,300.649198190304,0.502965001739665,3.00539406599602,TRUE,FALSE
"Co",1547,TRUE,30.1494597839136,327.340631409876,0.525858325708186,-1.86860009473392,TRUE,TRUE
"Co",1548,TRUE,30.4357743097239,322.571815982607,0.521783331821847,1.50259890340615,TRUE,FALSE
"Co",1549,TRUE,30.2130852340936,300.398417407799,0.502713352800072,-2.52976487231537,TRUE,FALSE
"Co",1550,TRUE,30.1812725090036,372.458637390918,0.563747273484537,-2.17659646788711,TRUE,TRUE
"Co",1551,TRUE,30.3403361344538,308.230918861474,0.510109102532864,2.34247927552718,TRUE,FALSE
"Co",1552,TRUE,30.1494597839136,341.040754964507,0.537576545930552,-1.87494095362956,TRUE,TRUE
"Co",1553,TRUE,30.3085234093637,293.64416158284,0.496960851115565,2.68696744332346,TRUE,FALSE
"Co",1554,TRUE,30.3085234093637,336.46563915282,0.534069611454943,2.72664796615977,TRUE,TRUE
"Co",1555,TRUE,30.2767106842737,386.26971203132,0.573231866946639,3.12319638025498,TRUE,TRUE
"Co",1556,TRUE,30.2448979591837,318.770698332016,0.518837417346787,-2.92056096753512,TRUE,FALSE
"Co",1557,TRUE,30.3085234093637,319.379373690322,0.518590900818269,2.81085436292713,TRUE,FALSE
"Co",1558,TRUE,30.1494597839136,298.256245835351,0.501732212704893,-1.9234351978988,TRUE,FALSE
"Co",1559,TRUE,30.3085234093637,352.130539926563,0.546223903481837,2.79037239812259,TRUE,TRUE
"Co",1560,TRUE,30.1812725090036,399.122326705684,0.586379422011886,-2.321268231311,TRUE,TRUE
"Co",1561,TRUE,30.1812725090036,331.552807988962,0.53128087089345,-2.20479496651008,TRUE,TRUE
"Co",1562,TRUE,30.1494597839136,295.498296107193,0.500930370949276,-1.99840895476736,TRUE,FALSE
"Co",1563,TRUE,30.3721488595438,294.620858952512,0.496161350231378,2.09899236163747,TRUE,FALSE
"Co",1564,TRUE,30.1494597839136,334.399431873764,0.53268381692924,-1.92579835938106,TRUE,TRUE
"Co",1565,TRUE,30.0540216086435,322.13708770185,0.522821886654182,-0.934230604125238,TRUE,FALSE
"Co",1566,TRUE,30.3085234093637,313.594233090333,0.514039507870986,2.7445368680473,TRUE,FALSE
"Co",1567,TRUE,30.0858343337335,348.623689101796,0.545332450551639,-1.25843931630417,TRUE,TRUE
"Co",1568,TRUE,30.2448979591837,312.212701215522,0.51307348822777,-2.87679215070973,TRUE,FALSE
"Co",1569,TRUE,30.4039615846339,326.626306778916,0.524910826009614,1.83420878955439,TRUE,FALSE
"Co",1570,TRUE,30.2767106842737,365.803411258022,0.556402064802022,3.12270797826464,TRUE,TRUE
"Co",1571,TRUE,30.3403361344538,306.123409473526,0.507378550769385,2.38437342217749,TRUE,FALSE
"Co",1572,TRUE,30.3085234093637,331.948197422913,0.529290901696987,2.84056480323112,TRUE,TRUE
"Co",1573,TRUE,30.1494597839136,273.273996397897,0.480390111833351,-2.00721397657841,TRUE,FALSE
"Co",1574,TRUE,30.2130852340936,295.898505857724,0.498304886749649,-2.59090356276923,TRUE,FALSE
"Co",1575,TRUE,30.1812725090036,301.621795753714,0.505458230283755,-2.30729036815963,TRUE,FALSE
"Co",1576,TRUE,30.2130852340936,352.412205429769,0.547433809905303,-2.5858368910699,TRUE,TRUE
"Co",1577,TRUE,30.3085234093637,350.294452289064,0.545921561314209,2.80440113911521,TRUE,TRUE
"Co",1578,TRUE,30.2767106842737,298.960419932405,0.502314354988947,3.03087235867191,TRUE,FALSE
"Co",1579,TRUE,30.2767106842737,329.707110017687,0.527726825571986,3.09563211569959,TRUE,TRUE
"Co",1580,TRUE,30.2767106842737,381.106797200201,0.570640204176324,3.13046143683212,TRUE,TRUE
"Co",1581,TRUE,30.1176470588235,313.672817657723,0.515079040636915,-1.61213031109446,TRUE,FALSE
"Co",1582,TRUE,30.3403361344538,328.308580279193,0.526945925969589,2.30013103482403,TRUE,TRUE
"Co",1583,TRUE,30.1812725090036,274.450707319672,0.479828953638991,-2.25829239648628,TRUE,FALSE
"Co",1584,TRUE,30.2130852340936,355.104142792823,0.549419580331942,-2.53246575391073,TRUE,TRUE
"Co",1585,TRUE,30.2448979591837,349.679257651472,0.544487985059277,-2.83483826993783,TRUE,TRUE
"Co",1586,TRUE,30.2767106842737,344.275102553983,0.540535421608063,3.06345483741142,TRUE,TRUE
"Co",1587,TRUE,30.1812725090036,337.50451349376,0.534335648288026,-2.21930019472443,TRUE,TRUE
"Co",1588,TRUE,30.3403361344538,333.620864486188,0.53098036192484,2.42998762706232,TRUE,TRUE
"Co",1589,TRUE,30.0858343337335,355.71072768524,0.550434964222563,-1.16651702407205,TRUE,TRUE
"Co",1590,TRUE,30.1494597839136,364.751485867826,0.558183571131708,-1.93770887216589,TRUE,TRUE
"Co",1591,TRUE,30.3721488595438,290.969278707875,0.493386004005155,2.13985520563996,TRUE,FALSE
"Co",1592,TRUE,30.2767106842737,327.085390130776,0.526757695946744,3.08579028474734,TRUE,FALSE
"Co",1593,TRUE,30.2448979591837,347.657903724839,0.543862498774671,-2.92910527468099,TRUE,TRUE
"Co",1594,TRUE,30.1812725090036,286.270708077002,0.490132906960154,-2.16009095200046,TRUE,FALSE
"Co",1595,TRUE,30.3403361344538,387.645619448022,0.574757615978498,2.42060121491852,TRUE,TRUE
"Co",1596,TRUE,30.2130852340936,296.72824611094,0.500589823311248,-2.54390302320829,TRUE,FALSE
"Co",1597,TRUE,30.2448979591837,304.59393013314,0.507861577346846,-2.99262264575845,TRUE,FALSE
"Co",1598,TRUE,30.2130852340936,352.218302658375,0.54801178085938,-2.53840250572271,TRUE,TRUE
"Co",1599,TRUE,30.1494597839136,395.42039340211,0.582319880554521,-1.88479554916494,TRUE,TRUE
"Co",1600,TRUE,30.2448979591837,359.034505134504,0.552209262150959,-2.86315849397393,TRUE,TRUE
"Co",1601,TRUE,30.2448979591837,397.3382592716,0.583488558221776,-2.9148026105475,TRUE,TRUE
"Co",1602,TRUE,30.3721488595438,336.322796721671,0.533029206701145,2.06300090799499,TRUE,TRUE
"Co",1603,TRUE,30.3721488595438,376.603912128048,0.566319120382498,2.09400491327135,TRUE,TRUE
"Co",1604,TRUE,30.3721488595438,317.784051998596,0.51761514422037,2.07525971387014,TRUE,FALSE
"Co",1605,TRUE,30.0858343337335,375.007472332321,0.567183616642578,-1.28534669444736,TRUE,TRUE
"Co",1606,TRUE,30.3403361344538,264.526895542367,0.469487617849155,2.51277888680723,TRUE,FALSE
"Co",1607,TRUE,30.2767106842737,386.167851516878,0.574590407630382,3.01320052468992,TRUE,TRUE
"Co",1608,TRUE,30.2448979591837,290.291002422807,0.492477679887358,-2.75667908322888,TRUE,FALSE
"Co",1609,TRUE,30.3403361344538,325.304615912928,0.524086150901746,2.41216373584378,TRUE,FALSE
"Co",1610,TRUE,30.0858343337335,252.709689995968,0.460597620135655,-1.30178359978748,TRUE,FALSE
"Co",1611,TRUE,30.0858343337335,273.270238295508,0.479807654531315,-1.2731172073495,TRUE,FALSE
"Co",1612,TRUE,30.4039615846339,355.654695645115,0.548660830646611,1.74547900906308,TRUE,TRUE
"Co",1613,TRUE,30.3403361344538,285.851601620809,0.488643021197505,2.4622271927375,TRUE,FALSE
"Co",1614,TRUE,30.1812725090036,368.786510804571,0.562204537646628,-2.33257035917491,TRUE,TRUE
"Co",1615,TRUE,30.1812725090036,391.618572264508,0.578996571893842,-2.25461484464651,TRUE,TRUE
"Co",1616,TRUE,30.2767106842737,299.184227155198,0.501350228458724,-3.06704744577892,TRUE,FALSE
"Co",1617,TRUE,30.4357743097239,328.235879081427,0.525656758056762,1.46562883298233,TRUE,TRUE
"Co",1618,TRUE,30.1812725090036,347.347919081865,0.54405042438059,-2.20915534267699,TRUE,TRUE
"Co",1619,TRUE,30.1812725090036,353.365900850617,0.548086952790646,-2.21768721160144,TRUE,TRUE
"Co",1620,TRUE,30.2448979591837,382.330183402987,0.572160258131338,-2.85072772173305,TRUE,TRUE
"Co",1621,TRUE,30.2130852340936,289.867811678131,0.493416242372709,-2.47855368393438,TRUE,FALSE
"Co",1622,TRUE,30.2448979591837,313.638598126047,0.513706648827958,-2.84093113674194,TRUE,FALSE
"Co",1623,TRUE,30.3085234093637,368.535348276897,0.560003418997472,2.7712701878787,TRUE,TRUE
"Co",1624,TRUE,30.2448979591837,368.029224675503,0.558696327396989,-2.76677197775896,TRUE,TRUE
"Co",1625,TRUE,30.2767106842737,305.335019331262,0.507285568864465,3.12004183187326,TRUE,FALSE
"Co",1626,TRUE,30.2767106842737,353.127089734284,0.547134395107069,3.12867994810349,TRUE,TRUE
"Co",1627,TRUE,30.2767106842737,283.002334801135,0.487404292679195,-3.07876716104209,TRUE,FALSE
"Co",1628,TRUE,30.3721488595438,270.796132009404,0.474876440620783,2.19030524848665,TRUE,FALSE
"Co",1629,TRUE,30.2130852340936,315.782548775338,0.516803300889703,-2.52401172292986,TRUE,FALSE
"Co",1630,TRUE,30.2767106842737,295.20578398091,0.498768648464104,3.07047919652904,TRUE,FALSE
"Co",1631,TRUE,30.1494597839136,302.114790080522,0.504341447849105,-1.81270166151809,TRUE,FALSE
"Co",1632,TRUE,30.3403361344538,362.105197717456,0.555343509357678,2.49342555085806,TRUE,TRUE
"Co",1633,TRUE,30.1494597839136,320.163648357193,0.519892416973645,-1.90745585758512,TRUE,FALSE
"Co",1634,TRUE,30.2130852340936,365.701213143112,0.557942653418075,-2.48694402539156,TRUE,TRUE
"Co",1635,TRUE,30.1812725090036,318.372784694801,0.51881032594779,-2.16178531297949,TRUE,FALSE
"Co",1636,TRUE,30.0222088835534,357.935492684387,0.553567258793015,-0.609438312299825,TRUE,TRUE
"Co",1637,TRUE,30.2448979591837,320.244032160072,0.521556758954851,-2.92593362191378,TRUE,FALSE
"Co",1638,TRUE,30.1494597839136,352.701473835786,0.548244750584388,-1.92809701681192,TRUE,TRUE
"Co",1639,TRUE,30.2767106842737,346.871829194774,0.543141163654038,3.07548332338866,TRUE,TRUE
"Co",1640,TRUE,30.3085234093637,324.016621398435,0.523332421434945,2.87749230718464,TRUE,FALSE
"Co",1641,TRUE,30.3721488595438,312.818102552144,0.513144296426275,2.08776854024105,TRUE,FALSE
"Co",1642,TRUE,30.3721488595438,366.444755842306,0.557985502784748,2.06113260535976,TRUE,TRUE
"Co",1643,TRUE,30.1812725090036,293.886988786997,0.497282850103036,-2.1904001729937,TRUE,FALSE
"Co",1644,TRUE,30.2448979591837,349.76862697479,0.546516779181457,-2.9320767974134,TRUE,TRUE
"Co",1645,TRUE,30.1494597839136,336.158516517382,0.534152511192674,-1.8614909300467,TRUE,TRUE
"Co",1646,TRUE,30.2130852340936,352.380650570041,0.547343221347633,-2.55406449903423,TRUE,TRUE
"Co",1647,TRUE,30.2130852340936,374.825741120106,0.564051174518686,-2.53994340924841,TRUE,TRUE
"Co",1648,TRUE,30.2448979591837,308.504967795071,0.509683405834629,-2.80748789054266,TRUE,FALSE
"Co",1649,TRUE,30.4675870348139,342.010178018427,0.535420319076084,1.13722296200372,TRUE,TRUE
"Co",1650,TRUE,30.2130852340936,309.797017407292,0.511845045454917,-2.61759555762451,TRUE,FALSE
"Co",1651,TRUE,30.3085234093637,304.571847440095,0.506808336740362,2.73501448438977,TRUE,FALSE
"Co",1652,TRUE,30.2130852340936,370.986738597248,0.562358018590093,-2.51444202378639,TRUE,TRUE
"Co",1653,TRUE,30.2767106842737,296.99838351785,0.500075022786342,3.05048879713998,TRUE,FALSE
"Co",1654,TRUE,30.1812725090036,337.901662524133,0.535824821261761,-2.21047625356938,TRUE,TRUE
"Co",1655,TRUE,30.1812725090036,318.49806114608,0.518935727645063,-2.24330547220271,TRUE,FALSE
"Co",1656,TRUE,30.3403361344538,318.770679614473,0.518549783096697,2.44662432435917,TRUE,FALSE
"Co",1657,TRUE,30.2767106842737,344.401990149467,0.539293070383217,3.14011100135234,TRUE,TRUE
"Co",1658,TRUE,30.2130852340936,244.536229389117,0.451950586625642,-2.65461798895692,TRUE,FALSE
"Co",1659,TRUE,30.2767106842737,270.357101579052,0.476617321088405,3.0583733805587,TRUE,FALSE
"Co",1660,TRUE,30.3085234093637,277.005663698824,0.481942921427705,2.77051193451958,TRUE,FALSE
"Co",1661,TRUE,30.2130852340936,364.450945330935,0.556621891578799,-2.53653894401253,TRUE,TRUE
"Co",1662,TRUE,30.1494597839136,321.236345990896,0.521029598982078,-1.91170700635691,TRUE,FALSE
"Co",1663,TRUE,30.2448979591837,316.762692501269,0.517775166726172,-2.87710762538802,TRUE,FALSE
"Co",1664,TRUE,30.1494597839136,301.239466513421,0.503673261606251,-1.85904870305675,TRUE,FALSE
"Co",1665,TRUE,30.1176470588235,338.419560472548,0.536637298900794,-1.52262722526714,TRUE,TRUE
"Co",1666,TRUE,30.3085234093637,338.524541897109,0.536498279156919,2.74453742920745,TRUE,TRUE
"Co",1667,TRUE,30.1812725090036,276.212590248451,0.481556067154725,-2.17065645575009,TRUE,FALSE
"Co",1668,TRUE,30.1494597839136,330.40411415953,0.529455248998515,-1.90709524358203,TRUE,TRUE
"Co",1669,TRUE,30.2767106842737,256.175431145393,0.463738734493885,3.05978958253934,TRUE,FALSE
"Co",1670,TRUE,30.2767106842737,309.376717057081,0.510432445326553,3.03047004136147,TRUE,FALSE
"Co",1671,TRUE,30.1176470588235,261.589456784732,0.469265925914935,-1.61611046591727,TRUE,FALSE
"Co",1672,TRUE,30.2448979591837,298.77271327707,0.501205027851547,-2.85534213254151,TRUE,FALSE
"Co",1673,TRUE,30.0858343337335,307.514659313262,0.508871763116147,-1.25012992070321,TRUE,FALSE
"Co",1674,TRUE,30.2448979591837,274.580214670887,0.480318179926505,-3.032989431246,TRUE,FALSE
"Co",1675,TRUE,30.1812725090036,341.426899834365,0.538218022957549,-2.28926378719963,TRUE,TRUE
"Co",1676,TRUE,30.3403361344538,271.192807893752,0.47662941710003,2.45044792511856,TRUE,FALSE
"Co",1677,TRUE,30.4039615846339,343.49581228892,0.539685668120733,1.77441327826276,TRUE,TRUE
"Co",1678,TRUE,30.1812725090036,353.427170432462,0.548170624343042,-2.2705606093852,TRUE,TRUE
"Co",1679,TRUE,30.2767106842737,345.480912616302,0.540734564528377,3.11623985687115,TRUE,TRUE
"Co",1680,TRUE,30.4039615846339,344.772070765366,0.53964891141013,1.76779853895849,TRUE,TRUE
"Co",1681,TRUE,30.2130852340936,326.829648969043,0.524612903972893,-2.51646790978661,TRUE,FALSE
"Co",1682,TRUE,30.2448979591837,372.033380928637,0.561590273128519,-2.78224188904522,TRUE,TRUE
"Co",1683,TRUE,30.2448979591837,354.565522393231,0.548934672776294,-2.91277367112005,TRUE,TRUE
"Co",1684,TRUE,30.1494597839136,292.768083163059,0.497429363953582,-1.92008925581906,TRUE,FALSE
"Co",1685,TRUE,30.3085234093637,365.916557378936,0.557696279135426,2.74739077116802,TRUE,TRUE
"Co",1686,TRUE,30.1812725090036,322.712804881771,0.52330742569618,-2.220291569432,TRUE,FALSE
"Co",1687,TRUE,30.1812725090036,338.306630897325,0.535854896860844,-2.25627890486111,TRUE,TRUE
"Co",1688,TRUE,30.1176470588235,319.866536887999,0.519810834792764,-1.58166497290421,TRUE,FALSE
"Co",1689,TRUE,30.4357743097239,280.837730132228,0.484790946743319,1.40737282659244,TRUE,FALSE
"Co",1690,TRUE,30.1812725090036,332.734396387301,0.53051727550478,-2.25024384218556,TRUE,TRUE
"Co",1691,TRUE,30.2767106842737,298.352947746049,0.501854644454092,3.12389686039125,TRUE,FALSE
"Co",1692,TRUE,30.2130852340936,304.58804358291,0.506747000837292,-2.52191535808354,TRUE,FALSE
"Co",1693,TRUE,30.2448979591837,326.355061489986,0.523983043149378,-2.85673049956989,TRUE,FALSE
"Co",1694,TRUE,30.2130852340936,312.961605475086,0.514906105897199,-2.59674558833052,TRUE,FALSE
"Co",1695,TRUE,30.2767106842737,336.078072647225,0.533160996178474,3.09258104274365,TRUE,TRUE
"Co",1696,TRUE,30.1812725090036,356.932361603924,0.552258075576137,-2.24387095906545,TRUE,TRUE
"Co",1697,TRUE,30.2767106842737,327.649730774287,0.525809867147125,3.09176131094991,TRUE,TRUE
"Co",1698,TRUE,30.3085234093637,301.01990364454,0.502367793502967,2.80666949497562,TRUE,FALSE
"Co",1699,TRUE,30.3403361344538,334.920366835918,0.533366574311474,2.3586930685987,TRUE,TRUE
"Co",1700,TRUE,30.3403361344538,328.62503249575,0.527757530578904,2.36483951872107,TRUE,TRUE
"Co",1701,TRUE,30.2130852340936,262.835743687387,0.469041498493655,-2.50793174400764,TRUE,FALSE
"Co",1702,TRUE,30.3085234093637,336.555955086119,0.534510714869874,2.68825691162734,TRUE,TRUE
"Co",1703,TRUE,30.1812725090036,357.263230973807,0.552615777356372,-2.2889998357088,TRUE,TRUE
"Co",1704,TRUE,30.3721488595438,332.672352729928,0.529287693070908,2.21458237175734,TRUE,TRUE
"Co",1705,TRUE,30.2130852340936,336.632367430358,0.532841654577438,-2.46995662892779,TRUE,TRUE
"Co",1706,TRUE,30.2767106842737,406.281551584158,0.590096692012534,3.1303307955259,TRUE,TRUE
"Co",1707,TRUE,30.2448979591837,354.668203305515,0.548729274119529,-2.89051968127215,TRUE,TRUE
"Co",1708,TRUE,30.2767106842737,352.017776397877,0.547254989009956,-3.10603484035295,TRUE,TRUE
"Co",1709,TRUE,30.1494597839136,308.73745964809,0.510327207125376,-1.85190883772632,TRUE,FALSE
"Co",1710,TRUE,30.3085234093637,303.432153654237,0.504979474423088,2.82710795316678,TRUE,FALSE
"Co",1711,TRUE,30.1812725090036,411.372577529543,0.594634476900478,-2.23692123733929,TRUE,TRUE
"Co",1712,TRUE,30.4039615846339,360.189886687823,0.551954949344135,1.72184537992618,TRUE,TRUE
"Co",1713,TRUE,30.2130852340936,255.980636710139,0.462626192338548,-2.58894231159908,TRUE,FALSE
"Co",1714,TRUE,30.3085234093637,337.735830097775,0.53456300567874,2.75936507524817,TRUE,TRUE
"Co",1715,TRUE,30.2767106842737,283.924898837999,0.48808769220057,3.07411649167059,TRUE,FALSE
"Co",1716,TRUE,30.2448979591837,418.970728780417,0.599329039097949,-2.86027491392033,TRUE,TRUE
"Co",1717,TRUE,30.2767106842737,283.952259149626,0.488863334394272,3.12772367637794,TRUE,FALSE
"Co",1718,TRUE,30.2767106842737,330.809734115396,0.529390332383856,3.1326264309282,TRUE,TRUE
"Co",1719,TRUE,30.2130852340936,328.734076095904,0.526864856636715,-2.50560119194792,TRUE,TRUE
"Co",1720,TRUE,30.2130852340936,324.782566774959,0.523923673617902,-2.54417018679724,TRUE,FALSE
"Co",1721,TRUE,30.2448979591837,332.616802638113,0.530917783133052,-2.90718734621437,TRUE,TRUE
"Co",1722,TRUE,30.2130852340936,352.808695934882,0.54765228704571,-2.58391799598731,TRUE,TRUE
"Co",1723,TRUE,30.2767106842737,331.117732591314,0.528920348119631,3.09675284456529,TRUE,TRUE
"Co",1724,TRUE,30.1494597839136,330.465474889221,0.52949002934663,-1.88639802157117,TRUE,TRUE
"Co",1725,TRUE,30.3085234093637,369.528446993004,0.558817937588827,2.77607324959833,TRUE,TRUE
"Co",1726,TRUE,30.0858343337335,350.791366859733,0.546961310414059,-1.23762156126797,TRUE,TRUE
"Co",1727,TRUE,30.3085234093637,364.073374270105,0.556285455624567,2.79623291447677,TRUE,TRUE
"Co",1728,TRUE,30.0858343337335,279.722239375288,0.487201939505091,-1.32565137974686,TRUE,FALSE
"Co",1729,TRUE,30.2448979591837,302.684844292483,0.50546731878043,-2.9148124170351,TRUE,FALSE
"Co",1730,TRUE,30.1176470588235,305.909294118918,0.508810231096661,-1.54771854687553,TRUE,FALSE
"Co",1731,TRUE,30.2448979591837,399.025195631687,0.584038972816477,-2.85342889727159,TRUE,TRUE
"Co",1732,TRUE,30.2767106842737,348.254386053481,0.543257740528588,-3.11917242103133,TRUE,TRUE
"Co",1733,TRUE,30.3085234093637,277.33051211202,0.482606435173357,2.82689664442659,TRUE,FALSE
"Co",1734,TRUE,30.1494597839136,398.047547746935,0.584973964707053,-1.95750184752113,TRUE,TRUE
"Co",1735,TRUE,30.1176470588235,360.458350232414,0.552878359504945,-1.60134119602875,TRUE,TRUE
"Co",1736,TRUE,30.2767106842737,320.697443259873,0.520303622690764,3.1216921803715,TRUE,FALSE
"Co",1737,TRUE,30.2767106842737,389.735532072455,0.577710114884065,3.09449460753937,TRUE,TRUE
"Co",1738,TRUE,30.1176470588235,309.420341267274,0.511695519332419,-1.67132518646393,TRUE,FALSE
"Co",1739,TRUE,30.2448979591837,289.576086682893,0.493368423158591,-2.90386630007356,TRUE,FALSE
"Co",1740,TRUE,30.1494597839136,392.242858231357,0.580183243981015,-1.92966177803554,TRUE,TRUE
"Co",1741,TRUE,30.2130852340936,351.390088198489,0.548212075489191,-2.67736773274619,TRUE,TRUE
"Co",1742,TRUE,30.3085234093637,331.866013977594,0.530867768565742,2.71276003007131,TRUE,TRUE
"Co",1743,TRUE,30.2767106842737,297.795684871205,0.501109513407709,-3.11842515490186,TRUE,FALSE
"Co",1744,TRUE,30.3085234093637,351.536623109226,0.547028325434711,2.76709414403382,TRUE,TRUE
"Co",1745,TRUE,30.1494597839136,324.228044604352,0.524413819751141,-1.89151770308576,TRUE,FALSE
"Co",1746,TRUE,30.3403361344538,325.149346488801,0.524232561590283,2.56446759892692,TRUE,FALSE
"Co",1747,TRUE,30.1176470588235,375.277194462318,0.56562995327291,-1.54018568701336,TRUE,TRUE
"Co",1748,TRUE,30.2130852340936,329.646174536783,0.526662072364668,-2.54980744280848,TRUE,TRUE
"Co",1749,TRUE,30.2767106842737,377.732989759974,0.566885669791434,3.10504991895595,TRUE,TRUE
"Co",1750,TRUE,30.4357743097239,300.298143197491,0.502402504602226,1.44335568713221,TRUE,FALSE
"Co",1751,TRUE,30.2130852340936,322.04639203583,0.522860208188386,-2.51258642550174,TRUE,FALSE
"Co",1752,TRUE,30.2448979591837,334.543641355388,0.532467136755749,-2.77756203410788,TRUE,TRUE
"Co",1753,TRUE,30.1812725090036,291.878245753713,0.494654709532121,-2.19961279664557,TRUE,FALSE
"Co",1754,TRUE,30.2130852340936,293.03566845163,0.497251883326141,-2.58046232698429,TRUE,FALSE
"Co",1755,TRUE,30.2130852340936,354.060975399356,0.548421185256737,-2.48582802920035,TRUE,TRUE
"Co",1756,TRUE,30.2767106842737,337.704109575268,0.535460726799477,3.10398454556697,TRUE,TRUE
"Co",1757,TRUE,30.2448979591837,381.432913559157,0.569644273443059,-2.92654709823491,TRUE,TRUE
"Co",1758,TRUE,30.1812725090036,321.149160886909,0.521834429986873,-2.30609513049868,TRUE,FALSE
"Co",1759,TRUE,30.3403361344538,305.332620864061,0.507548202333301,2.38233643092652,TRUE,FALSE
"Co",1760,TRUE,30.1812725090036,330.545249085997,0.52865203143472,-2.20208933135412,TRUE,TRUE
"Co",1761,TRUE,30.2130852340936,382.157725215621,0.570085501364939,-2.49352700314479,TRUE,TRUE
"Co",1762,TRUE,30.1494597839136,281.608674803426,0.48696999715767,-1.96826970064957,TRUE,FALSE
"Co",1763,TRUE,30.3721488595438,316.70365147349,0.516286172968242,2.09461977067398,TRUE,FALSE
"Co",1764,TRUE,30.4357743097239,337.58150673623,0.533726072083846,1.48156279611037,TRUE,TRUE
"Co",1765,TRUE,30.1494597839136,296.699581017177,0.501642597662514,-1.91996770401477,TRUE,FALSE
"Co",1766,TRUE,30.1494597839136,370.979898400637,0.563003410122295,-1.89887628841523,TRUE,TRUE
"Co",1767,TRUE,30.1812725090036,323.158775041084,0.522292389963371,-2.13415661587958,TRUE,FALSE
"Co",1768,TRUE,30.1494597839136,328.660954081404,0.527787400485792,-1.96025160269473,TRUE,TRUE
"Co",1769,TRUE,30.3085234093637,279.558269040554,0.483897674922101,2.76826699148926,TRUE,FALSE
"Co",1770,TRUE,30.2767106842737,325.767511124678,0.524686606598165,3.09391653699909,TRUE,FALSE
"Co",1771,TRUE,30.1812725090036,448.592047769124,0.62321247955168,-2.16186842964232,TRUE,TRUE
"Co",1772,TRUE,30.3085234093637,329.1512037621,0.527627383025222,2.74487739345304,TRUE,TRUE
"Co",1773,TRUE,30.1494597839136,327.536068270727,0.526124240260149,-1.85039106946961,TRUE,TRUE
"Co",1774,TRUE,30.2130852340936,292.122940525528,0.495526747280878,-2.56872038649292,TRUE,FALSE
"Co",1775,TRUE,30.2448979591837,313.703278403393,0.515048939068467,-2.91472357113282,TRUE,FALSE
"Co",1776,TRUE,30.2130852340936,324.492535218929,0.524452512334611,-2.50078634314521,TRUE,FALSE
"Co",1777,TRUE,30.3721488595438,320.180682879747,0.518868989207728,2.20660690708078,TRUE,FALSE
"Co",1778,TRUE,30.2767106842737,290.411137580098,0.493798119283,3.03716959623518,TRUE,FALSE
"Co",1779,TRUE,30.1176470588235,396.476960834325,0.583198194573699,-1.55467687859466,TRUE,TRUE
"Co",1780,TRUE,30.3085234093637,324.201912765755,0.523597328690196,2.72093377545417,TRUE,FALSE
"Co",1781,TRUE,30.2448979591837,343.647182244379,0.540898526579447,-2.86871720624334,TRUE,TRUE
"Co",1782,TRUE,30.2448979591837,279.266492704447,0.484778730663435,-2.95116119508867,TRUE,FALSE
"Co",1783,TRUE,30.2130852340936,368.682210034398,0.561556246548595,-2.53825260896192,TRUE,TRUE
"Co",1784,TRUE,30.3085234093637,318.691494391783,0.518656335344,2.74448498053607,TRUE,FALSE
"Co",1785,TRUE,30.1494597839136,367.158370626748,0.560741427775682,-1.91432618667354,TRUE,TRUE
"Co",1786,TRUE,30.3721488595438,346.678114471634,0.542001731412338,2.06177544944074,TRUE,TRUE
"Co",1787,TRUE,30.3403361344538,305.904614730294,0.506087755957885,2.45593256793281,TRUE,FALSE
"Co",1788,TRUE,30.2767106842737,326.740252078664,0.52507333595568,3.10461165565371,TRUE,FALSE
"Co",1789,TRUE,30.2767106842737,287.367025380466,0.492235511474535,3.12013342066698,TRUE,FALSE
"Co",1790,TRUE,30.2767106842737,359.464484672915,0.552837877347273,3.07327251442948,TRUE,TRUE
"Co",1791,TRUE,30.2448979591837,359.164163470879,0.55194159683502,-2.8801175150731,TRUE,TRUE
"Co",1792,TRUE,30.2767106842737,354.050710935051,0.547882703538236,3.05119308198824,TRUE,TRUE
"Co",1793,TRUE,30.2448979591837,344.473053335921,0.540354911418948,-2.79327580549676,TRUE,TRUE
"Co",1794,TRUE,30.1812725090036,330.282961591173,0.529939936273338,-2.30964816385771,TRUE,TRUE
"Co",1795,TRUE,30.2767106842737,318.540886758776,0.518752251168145,3.11429721282688,TRUE,FALSE
"Co",1796,TRUE,30.1812725090036,340.215837986449,0.537439422876356,-2.25786802656713,TRUE,TRUE
"Co",1797,TRUE,30.3085234093637,337.972153352016,0.535864372775862,2.70967718950623,TRUE,TRUE
"Co",1798,TRUE,30.2767106842737,379.486685145665,0.569214693639974,3.08473714841811,TRUE,TRUE
"Co",1799,TRUE,30.1812725090036,340.735224825266,0.537930276790217,-2.15756281266123,TRUE,TRUE
"Co",1800,TRUE,30.2767106842737,336.372291225989,0.533788220126988,3.07827475677045,TRUE,TRUE
"Co",1801,TRUE,30.1812725090036,381.409558521542,0.571617589668561,-2.1856656170535,TRUE,TRUE
"Co",1802,TRUE,30.2767106842737,352.800132172077,0.547810077169768,-3.08633510637531,TRUE,TRUE
"Co",1803,TRUE,30.3403361344538,268.360861175795,0.473488391764542,2.46924695647507,TRUE,FALSE
"Co",1804,TRUE,30.1812725090036,352.027155802263,0.545796617478285,-2.1924514498033,TRUE,TRUE
"Co",1805,TRUE,30.2767106842737,312.731568100389,0.512829587336958,3.12614051401637,TRUE,FALSE
"Co",1806,TRUE,30.1494597839136,289.921122104451,0.493227029048288,-1.74585656432353,TRUE,FALSE
"Co",1807,TRUE,30.1812725090036,291.194943322243,0.496760841430898,-2.25177593890383,TRUE,FALSE
"Co",1808,TRUE,30.2130852340936,357.728020831105,0.551085710647535,-2.48052903495635,TRUE,TRUE
"Co",1809,TRUE,30.3403361344538,335.262890320234,0.532798842920577,2.37044185503191,TRUE,TRUE
"Co",1810,TRUE,30.1812725090036,411.364216000935,0.593997939947594,-2.24915316369098,TRUE,TRUE
"Co",1811,TRUE,30.2130852340936,348.203411819264,0.544094495183007,-2.55152389083357,TRUE,TRUE
"Co",1812,TRUE,30.2767106842737,316.111151058807,0.51603565570429,3.08560916700696,TRUE,FALSE
"Co",1813,TRUE,30.1812725090036,365.708518826872,0.558224273171829,-2.19215746838263,TRUE,TRUE
"Co",1814,TRUE,30.3085234093637,354.45890441387,0.548337513086884,2.74769820775146,TRUE,TRUE
"Co",1815,TRUE,30.3721488595438,374.115966058553,0.565091300472626,2.06744970929664,TRUE,TRUE
"Co",1816,TRUE,30.4039615846339,402.475882068131,0.585915551985923,1.77782061473107,TRUE,TRUE
"Co",1817,TRUE,30.2130852340936,402.734041561866,0.588004803314282,-2.4822546017415,TRUE,TRUE
"Co",1818,TRUE,30.1812725090036,345.285410094195,0.541615383669467,-2.23687459437158,TRUE,TRUE
"Co",1819,TRUE,30.2130852340936,328.768379749349,0.526303564347591,-2.50721941837592,TRUE,TRUE
"Co",1820,TRUE,30.3403361344538,302.375061798756,0.503538897410274,2.48220083007558,TRUE,FALSE
"Co",1821,TRUE,30.2130852340936,344.469867141433,0.538996183789352,-2.51165450863747,TRUE,TRUE
"Co",1822,TRUE,30.1494597839136,327.681870415881,0.528018375974436,-1.93527765534683,TRUE,TRUE
"Co",1823,TRUE,30.1812725090036,313.970904107693,0.515416248641686,-2.33682676054864,TRUE,FALSE
"Co",1824,TRUE,30.3721488595438,333.723436657058,0.530241204583196,2.1626050292684,TRUE,TRUE
"Co",1825,TRUE,30.3085234093637,298.420283514566,0.50089338174608,2.7616457529032,TRUE,FALSE
"Co",1826,TRUE,30.1176470588235,306.838541146357,0.509978459885807,-1.6409520906027,TRUE,FALSE
"Co",1827,TRUE,30.3721488595438,327.709276073854,0.525377841924633,2.11125771651347,TRUE,TRUE
"Co",1828,TRUE,30.3085234093637,355.883834463633,0.549022400420128,2.83868513449475,TRUE,TRUE
"Co",1829,TRUE,30.0540216086435,299.350831915859,0.504130924066477,-1.04523210779994,TRUE,FALSE
"Co",1830,TRUE,30.3085234093637,330.521525645321,0.528062641445179,2.79389384271014,TRUE,TRUE
"Co",1831,TRUE,30.2448979591837,347.533125355095,0.542671822698787,-2.82846400670481,TRUE,TRUE
"Co",1832,TRUE,30.2448979591837,321.401170728233,0.520926878189489,-2.89778313427159,TRUE,FALSE
"Co",1833,TRUE,30.1812725090036,346.571923165772,0.542998863778554,-2.20461519499423,TRUE,TRUE
"Co",1834,TRUE,30.2448979591837,352.41661082278,0.548078558416213,-2.94004329373106,TRUE,TRUE
"Co",1835,TRUE,30.2767106842737,318.516099331295,0.518530061274592,3.0951691081238,TRUE,FALSE
"Co",1836,TRUE,30.3403361344538,304.966106215691,0.506884475756786,2.43121740994769,TRUE,FALSE
"Co",1837,TRUE,30.2448979591837,295.037891446214,0.498289700255276,-2.80293804485184,TRUE,FALSE
"Co",1838,TRUE,30.4039615846339,313.596381868944,0.513212392069688,1.6850884155262,TRUE,FALSE
"Co",1839,TRUE,30.3085234093637,331.380473837858,0.527873184795855,2.81704620618679,TRUE,TRUE
"Co",1840,TRUE,30.0858343337335,281.058777940176,0.486218229382977,-1.16859909033357,TRUE,FALSE
"Co",1841,TRUE,30.1812725090036,339.226399981329,0.535746159220577,-2.19634287773224,TRUE,TRUE
"Co",1842,TRUE,30.2448979591837,336.024011450719,0.533364402865755,-2.91849997165344,TRUE,TRUE
"Co",1843,TRUE,30.2448979591837,276.273789209275,0.480931205426181,-2.79315402622147,TRUE,FALSE
"Co",1844,TRUE,30.2130852340936,360.162455733801,0.553907007256201,-2.60751017940597,TRUE,TRUE
"Co",1845,TRUE,30.0858343337335,324.586907395038,0.525122906291812,-1.32467025531235,TRUE,FALSE
"Co",1846,TRUE,30.2448979591837,341.006832137364,0.537628023676845,-2.86263588133126,TRUE,TRUE
"Co",1847,TRUE,30.4357743097239,307.274669276035,0.507689779842318,1.54753846978784,TRUE,FALSE
"Co",1848,TRUE,30.3085234093637,287.70361635825,0.49199827886432,2.73391698901029,TRUE,FALSE
"Co",1849,TRUE,30.2130852340936,375.561665415742,0.565783096650001,-2.53735694205431,TRUE,TRUE
"Co",1850,TRUE,30.2767106842737,303.571556825855,0.505429999420178,-3.10945744880045,TRUE,FALSE
"Co",1851,TRUE,30.1812725090036,318.08777942013,0.518322493923126,-2.24246676762838,TRUE,FALSE
"Co",1852,TRUE,30.2767106842737,302.539400115932,0.505677223064451,3.09178627599,TRUE,FALSE
"Co",1853,TRUE,30.2448979591837,281.791794861103,0.486549619007756,-2.91706340166657,TRUE,FALSE
"Co",1854,TRUE,30.2448979591837,347.687185367797,0.54507159165755,-2.89803374428232,TRUE,TRUE
"Co",1855,TRUE,30.3085234093637,390.695211053197,0.578578439860335,2.6635060463236,TRUE,TRUE
"Co",1856,TRUE,30.2767106842737,300.867889634603,0.503378282525754,3.100503476622,TRUE,FALSE
"Co",1857,TRUE,30.1494597839136,293.196826339574,0.495340539342298,-1.83941777167504,TRUE,FALSE
"Co",1858,TRUE,30.4039615846339,265.949721965207,0.471196444585943,1.79292858388423,TRUE,FALSE
"Co",1859,TRUE,30.2767106842737,331.013506467434,0.528193962446661,3.04675124072292,TRUE,TRUE
"Co",1860,TRUE,30.2767106842737,247.294354656297,0.453573897361863,-3.136126740103,TRUE,FALSE
"Co",1861,TRUE,30.2448979591837,280.460564315762,0.485697776042767,-2.80304074474703,TRUE,FALSE
"Co",1862,TRUE,30.3085234093637,321.137329603859,0.519412947247439,2.76091566318062,TRUE,FALSE
"Co",1863,TRUE,30.2448979591837,302.789406747229,0.505373145238032,-2.8608267898756,TRUE,FALSE
"Co",1864,TRUE,30.3403361344538,331.00636242192,0.528634031522977,2.4604368612163,TRUE,TRUE
"Co",1865,TRUE,30.2448979591837,311.572389744389,0.512202100536551,-2.88298480967169,TRUE,FALSE
"Co",1866,TRUE,30.3403361344538,285.354414580239,0.489046804489152,2.47635311385613,TRUE,FALSE
"Co",1867,TRUE,30.1812725090036,276.544256004679,0.48255389719479,-2.21686255827681,TRUE,FALSE
"Co",1868,TRUE,30.2130852340936,383.111913888916,0.571884913556382,-2.56527614687143,TRUE,TRUE
"Co",1869,TRUE,30.2767106842737,312.342336132395,0.51411239889766,2.99154130889715,TRUE,FALSE
"Co",1870,TRUE,30.2448979591837,398.994188892966,0.585140222594918,-2.96925734016535,TRUE,TRUE
"Co",1871,TRUE,30.3403361344538,294.391896035511,0.496985071373485,2.36818194227544,TRUE,FALSE
"Co",1872,TRUE,30.4039615846339,328.572921430851,0.526381277930461,1.78952164857578,TRUE,TRUE
"Co",1873,TRUE,30.2130852340936,344.639252584073,0.541071721302507,-2.51941209368893,TRUE,TRUE
"Co",1874,TRUE,30.2130852340936,313.044993980393,0.513782178834514,-2.57488605228205,TRUE,FALSE
"Co",1875,TRUE,30.3085234093637,286.214689275839,0.490361793250389,2.78295888365783,TRUE,FALSE
"Co",1876,TRUE,30.4357743097239,311.214288616019,0.510880791162951,1.45723103006516,TRUE,FALSE
"Co",1877,TRUE,30.2767106842737,341.581258552353,0.538281625311315,-3.12827597506251,TRUE,TRUE
"Co",1878,TRUE,30.2448979591837,347.294898699843,0.54265176632285,-2.7133615266411,TRUE,TRUE
"Co",1879,TRUE,30.2448979591837,318.218108998392,0.519018940083615,-2.98707030223294,TRUE,FALSE
"Co",1880,TRUE,30.3403361344538,328.225536158871,0.525934861548206,2.43458778843989,TRUE,TRUE
"Co",1881,TRUE,30.1494597839136,280.45372202891,0.485407748204129,-1.87182027386276,TRUE,FALSE
"Co",1882,TRUE,30.2130852340936,314.902880194729,0.516068051425697,-2.580939098679,TRUE,FALSE
"Co",1883,TRUE,30.2130852340936,329.155361892773,0.52664121731039,-2.44720417839643,TRUE,TRUE
"Co",1884,TRUE,30.2448979591837,255.643883521328,0.462605529825826,-2.86294053745508,TRUE,FALSE
"Co",1885,TRUE,30.1812725090036,418.755356103118,0.601451707826053,-2.21813036371989,TRUE,TRUE
"Co",1886,TRUE,30.2448979591837,221.324658856732,0.428569291461685,-2.77572229347005,TRUE,FALSE
"Co",1887,TRUE,30.2767106842737,281.852339420248,0.485505089883832,-3.14044575515549,TRUE,FALSE
"Co",1888,TRUE,30.3403361344538,390.581253269286,0.577400568460462,2.38863668955092,TRUE,TRUE
"Co",1889,TRUE,30.2448979591837,322.123800617289,0.521639801129229,-2.90633914692544,TRUE,FALSE
"Co",1890,TRUE,30.1812725090036,314.98332020174,0.515675383326275,-2.17906069232044,TRUE,FALSE
"Co",1891,TRUE,30.2767106842737,330.114292153556,0.528485474554919,3.11175082989739,TRUE,TRUE
"Co",1892,TRUE,30.3403361344538,305.644723657227,0.506302943355559,2.52773074911763,TRUE,FALSE
"Co",1893,TRUE,30.1494597839136,311.96225455578,0.513624112105971,-1.8256360018533,TRUE,FALSE
"Co",1894,TRUE,30.2767106842737,346.399955168209,0.540531379433538,3.10938851584056,TRUE,TRUE
"Co",1895,TRUE,30.0222088835534,313.387817850756,0.516296535282856,-0.696197348070236,TRUE,FALSE
"Co",1896,TRUE,30.3403361344538,349.370096611383,0.542266067206437,2.52999769085393,TRUE,TRUE
"Co",1897,TRUE,30.2767106842737,288.961026928832,0.492524791433151,3.0623169488424,TRUE,FALSE
"Co",1898,TRUE,30.2767106842737,344.848839805952,0.541091708268183,3.10256075162544,TRUE,TRUE
"Co",1899,TRUE,30.2130852340936,294.271002138066,0.497281584132086,-2.57738917875838,TRUE,FALSE
"Co",1900,TRUE,30.3403361344538,269.827364491361,0.475411749771086,2.56613973566363,TRUE,FALSE
"Co",1901,TRUE,30.2130852340936,353.900708691658,0.5489446749957,-2.55232693933697,TRUE,TRUE
"Co",1902,TRUE,30.2130852340936,320.039881508474,0.520197402223123,-2.54984158464707,TRUE,FALSE
"Co",1903,TRUE,30.2130852340936,310.159187440484,0.512188303839721,-2.63834114173643,TRUE,FALSE
"Co",1904,TRUE,30.2448979591837,318.47187633109,0.517784593092538,-2.89954227039308,TRUE,FALSE
"Co",1905,TRUE,30.2767106842737,315.537580288713,0.514321300360084,-3.03674427442823,TRUE,FALSE
"Co",1906,TRUE,30.1812725090036,350.103926384662,0.544680135134079,-2.25383855566527,TRUE,TRUE
"Co",1907,TRUE,30.3403361344538,315.053842551901,0.515006184506835,2.50239753950823,TRUE,FALSE
"Co",1908,TRUE,30.3721488595438,291.656737900663,0.495106768720624,2.02944757698642,TRUE,FALSE
"Co",1909,TRUE,30.3085234093637,270.711579178506,0.475563982583122,2.82675737304592,TRUE,FALSE
"Co",1910,TRUE,30.3085234093637,306.042314072384,0.506587550318691,2.78669249111991,TRUE,FALSE
"Co",1911,TRUE,30.1176470588235,359.184473759037,0.55467444341788,-1.65230867501236,TRUE,TRUE
"Co",1912,TRUE,30.2130852340936,321.940384162149,0.521862022779714,-2.49913290922173,TRUE,FALSE
"Co",1913,TRUE,30.2448979591837,298.439370479801,0.500928500746012,-2.8509596852087,TRUE,FALSE
"Co",1914,TRUE,30.3403361344538,364.989581663001,0.556351570380582,2.42012215066133,TRUE,TRUE
"Co",1915,TRUE,30.3085234093637,307.078252775476,0.507224277521218,2.75656374583766,TRUE,FALSE
"Co",1916,TRUE,30.1812725090036,325.048333569343,0.52506694861245,-2.25093983144095,TRUE,FALSE
"Co",1917,TRUE,30.4039615846339,307.696887651039,0.508840100021033,1.78214771374334,TRUE,FALSE
"Co",1918,TRUE,30.2767106842737,366.666973071046,0.557795222209094,3.08814470508066,TRUE,TRUE
"Co",1919,TRUE,30.2448979591837,316.381140049867,0.516476092224208,-2.86002309857064,TRUE,FALSE
"Co",1920,TRUE,30.2448979591837,270.562213255124,0.476105794581268,-2.85379594192024,TRUE,FALSE
"Co",1921,TRUE,30.3085234093637,308.087383036626,0.508499553403025,2.74329461575125,TRUE,FALSE
"Co",1922,TRUE,30.3085234093637,323.844483463053,0.522987907217312,2.80636723184447,TRUE,FALSE
"Co",1923,TRUE,30.3085234093637,358.575168754187,0.551320280968353,2.80881681114818,TRUE,TRUE
"Co",1924,TRUE,30.3085234093637,301.853575290547,0.502662441856019,2.82788696056763,TRUE,FALSE
"Co",1925,TRUE,30.3403361344538,347.159123182807,0.541363345382234,2.50089380326883,TRUE,TRUE
"Co",1926,TRUE,30.2767106842737,377.170411851796,0.567317405957037,3.0795971944003,TRUE,TRUE
"Co",1927,TRUE,30.2448979591837,365.737483721739,0.557656915443777,-2.82701531184244,TRUE,TRUE
"Co",1928,TRUE,30.1812725090036,390.767490235153,0.578619606926803,-2.30036027497482,TRUE,TRUE
"Co",1929,TRUE,30.1812725090036,303.604046620652,0.505783882315083,-2.14886482411036,TRUE,FALSE
"Co",1930,TRUE,30.3085234093637,308.983548922728,0.508973233430357,2.88823133920115,TRUE,FALSE
"Co",1931,TRUE,30.1812725090036,368.999461782823,0.561287776978523,-2.19470852273517,TRUE,TRUE
"Co",1932,TRUE,30.2448979591837,325.917434492652,0.524805238776117,-2.85025378473095,TRUE,FALSE
"Co",1933,TRUE,30.1812725090036,286.375824825257,0.490818198756488,-2.29492175962692,TRUE,FALSE
"Co",1934,TRUE,30.2130852340936,329.006747432226,0.529170982620322,-2.58065919046027,TRUE,TRUE
"Co",1935,TRUE,30.1812725090036,353.468680139152,0.549907823970195,-2.2081452863712,TRUE,TRUE
"Co",1936,TRUE,30.2448979591837,354.530689537618,0.547136653521986,-2.72551557776523,TRUE,TRUE
"Co",1937,TRUE,30.3085234093637,279.733418084592,0.483887140477261,2.84255915257071,TRUE,FALSE
"Co",1938,TRUE,30.2130852340936,371.001535965838,0.562572583954904,-2.58606980734037,TRUE,TRUE
"Co",1939,TRUE,30.2448979591837,393.944242220778,0.580689583476783,-2.86691456632127,TRUE,TRUE
"Co",1940,TRUE,30.2767106842737,361.170157523965,0.554875570981893,3.02748900849176,TRUE,TRUE
"Co",1941,TRUE,30.1176470588235,290.557716948785,0.495052627317785,-1.50462996960354,TRUE,FALSE
"Co",1942,TRUE,30.2448979591837,358.545691125102,0.552236398434332,-2.96494445106419,TRUE,TRUE
"Co",1943,TRUE,30.2767106842737,323.465904573742,0.522516619582781,3.03955024586519,TRUE,FALSE
"Co",1944,TRUE,30.0858343337335,297.673443846933,0.501703072447846,-1.2782318420197,TRUE,FALSE
"Co",1945,TRUE,30.1812725090036,316.546331308236,0.517107262209866,-2.17869253207574,TRUE,FALSE
"Co",1946,TRUE,30.2130852340936,317.607163404955,0.517842642158186,-2.58867331630719,TRUE,FALSE
"Co",1947,TRUE,30.2448979591837,271.081448570143,0.476903097626747,-2.812404393967,TRUE,FALSE
"Co",1948,TRUE,30.1812725090036,329.21596901149,0.528920380402704,-2.27830310760007,TRUE,TRUE
"Co",1949,TRUE,30.1812725090036,327.201340853463,0.526961500083917,-2.2678771962469,TRUE,TRUE
"Co",1950,TRUE,30.4039615846339,325.401990536803,0.523910963417595,1.82309200411925,TRUE,FALSE
"Co",1951,TRUE,30.1812725090036,348.847161299159,0.544629257041649,-2.23457747320205,TRUE,TRUE
"Co",1952,TRUE,30.3085234093637,379.495906803011,0.568855746143444,2.79883353602473,TRUE,TRUE
"Co",1953,TRUE,30.1812725090036,378.606418998684,0.569383763001057,-2.19872599119666,TRUE,TRUE
"Co",1954,TRUE,30.1494597839136,271.77716550126,0.477670395060483,-1.94218318258264,TRUE,FALSE
"Co",1955,TRUE,30.4675870348139,274.078234455377,0.477870547241682,1.1150040564296,TRUE,FALSE
"Co",1956,TRUE,30.3085234093637,257.801737388284,0.464814538204439,2.64368460015864,TRUE,FALSE
"Co",1957,TRUE,30.1812725090036,300.322793674439,0.503768349880599,-2.23491157004483,TRUE,FALSE
"Co",1958,TRUE,30.0858343337335,328.796024074556,0.527251508653978,-1.25335106080362,TRUE,TRUE
"Co",1959,TRUE,30.3721488595438,297.338089693915,0.499318591819975,2.15583194778217,TRUE,FALSE
"Co",1960,TRUE,30.1494597839136,266.366293741077,0.473234898206288,-1.90783664976197,TRUE,FALSE
"Co",1961,TRUE,30.4039615846339,314.389536045666,0.514794511662334,1.69569304953858,TRUE,FALSE
"Co",1962,TRUE,30.1176470588235,300.202264086081,0.503279464556989,-1.61945520741062,TRUE,FALSE
"Co",1963,TRUE,30.2767106842737,390.07756978922,0.578964590222777,3.06249958746374,TRUE,TRUE
"Co",1964,TRUE,30.2130852340936,339.956289320116,0.537556098245685,-2.52664131035259,TRUE,TRUE
"Co",1965,TRUE,30.3403361344538,374.986528303679,0.564534676697171,2.51134698672343,TRUE,TRUE
"Co",1966,TRUE,30.2448979591837,394.523570792521,0.581562614521705,-2.86582702172141,TRUE,TRUE
"Co",1967,TRUE,30.3403361344538,301.612262674671,0.502912841533122,2.3803907591989,TRUE,FALSE
"Co",1968,TRUE,30.1812725090036,299.778994123428,0.50318504857146,-2.24752777570979,TRUE,FALSE
"Co",1969,TRUE,30.3085234093637,305.192458098538,0.507237275379721,2.74620706232228,TRUE,FALSE
"Co",1970,TRUE,30.2448979591837,292.215250086261,0.496455361419642,-2.94714921915608,TRUE,FALSE
"Co",1971,TRUE,30.2130852340936,288.044560463029,0.491971637905323,-2.51553639557273,TRUE,FALSE
"Co",1972,TRUE,30.2130852340936,349.215519835066,0.545664408857788,-2.64868830899572,TRUE,TRUE
"Co",1973,TRUE,30.2130852340936,402.40759765697,0.587241137848428,-2.52097988128736,TRUE,TRUE
"Co",1974,TRUE,30.2448979591837,293.265265175798,0.496636131314668,-2.88884361833016,TRUE,FALSE
"Co",1975,TRUE,30.3721488595438,382.869441041995,0.571723729756579,2.14370786558882,TRUE,TRUE
"Co",1976,TRUE,30.2448979591837,269.7020243255,0.47483182528202,-2.95089129722328,TRUE,FALSE
"Co",1977,TRUE,30.1494597839136,303.560654659326,0.506678320276719,-1.97844924080778,TRUE,FALSE
"Co",1978,TRUE,30.2448979591837,351.085438425744,0.547633745869781,-2.94788797183228,TRUE,TRUE
"Co",1979,TRUE,30.4039615846339,312.506994343668,0.512489324301404,1.70864398850028,TRUE,FALSE
"Co",1980,TRUE,30.2130852340936,345.775790368583,0.543217647660917,-2.54494345030175,TRUE,TRUE
"Co",1981,TRUE,30.3721488595438,360.436004132393,0.551974277314809,2.10514988376099,TRUE,TRUE
"Co",1982,TRUE,30.1494597839136,307.139461533053,0.510888759630796,-1.98210640685158,TRUE,FALSE
"Co",1983,TRUE,30.3085234093637,377.588350845563,0.567052454870956,2.81636297375091,TRUE,TRUE
"Co",1984,TRUE,30.2448979591837,361.878768744254,0.554992769826298,-2.91341664910177,TRUE,TRUE
"Co",1985,TRUE,30.1176470588235,270.424645991572,0.47671838242503,-1.55533125854297,TRUE,FALSE
"Co",1986,TRUE,30.3403361344538,344.96494388332,0.540546926918912,2.41565302850514,TRUE,TRUE
"Co",1987,TRUE,30.2130852340936,303.201787653295,0.506149512876072,-2.55467994196337,TRUE,FALSE
"Co",1988,TRUE,30.3085234093637,303.27930292618,0.504079937725804,2.74324867976067,TRUE,FALSE
"Co",1989,TRUE,30.3721488595438,287.493547389157,0.490274652085954,2.07882532122972,TRUE,FALSE
"Co",1990,TRUE,30.2767106842737,296.948112715908,0.500350084182862,3.07973810907955,TRUE,FALSE
"Co",1991,TRUE,30.2448979591837,384.938749241474,0.573627108894025,-2.864304888862,TRUE,TRUE
"Co",1992,TRUE,30.2130852340936,298.10370923225,0.501042976111391,-2.54918267042851,TRUE,FALSE
"Co",1993,TRUE,30.2767106842737,267.922216750392,0.473232368704489,3.09990097466072,TRUE,FALSE
"Co",1994,TRUE,30.1494597839136,294.334466552154,0.498945895258079,-1.95931503073552,TRUE,FALSE
"Co",1995,TRUE,30.1176470588235,336.630169180544,0.534580507144943,-1.58754882041611,TRUE,TRUE
"Co",1996,TRUE,30.2130852340936,294.789563565756,0.498265494491881,-2.51024354515117,TRUE,FALSE
"Co",1997,TRUE,30.1176470588235,294.930169307319,0.498990226125038,-1.56804927219107,TRUE,FALSE
"Co",1998,TRUE,30.2448979591837,333.011193451749,0.531493414443162,-2.91865756144294,TRUE,TRUE
"Co",1999,TRUE,30.1494597839136,279.932102536563,0.485284462776812,-1.8528311029302,TRUE,FALSE
"Co",2000,TRUE,30.1812725090036,290.056511327928,0.493995208459857,-2.23626473066193,TRUE,FALSE
"Co",2001,TRUE,30.2448979591837,315.915731971767,0.517093302960751,-2.93699625685744,TRUE,FALSE
"Co",2002,TRUE,30.2767106842737,348.55281065298,0.544117116195833,3.10262288261371,TRUE,TRUE
"Co",2003,TRUE,30.1812725090036,310.063735779732,0.510728428565642,-2.1912739921613,TRUE,FALSE
"Co",2004,TRUE,30.2448979591837,319.496704642506,0.518821686966556,-2.83855889160807,TRUE,FALSE
"Co",2005,TRUE,30.0858343337335,316.698236627129,0.517589061478961,-1.26717606749565,TRUE,FALSE
"Co",2006,TRUE,30.2448979591837,294.232239627643,0.497239517243113,-2.84096536095867,TRUE,FALSE
"Co",2007,TRUE,30.2767106842737,354.167698639974,0.547444489950542,-3.12571065915687,TRUE,TRUE
"Co",2008,TRUE,30.3721488595438,358.514344815264,0.55073627580582,2.08710200827335,TRUE,TRUE
"Co",2009,TRUE,30.1812725090036,322.844146856007,0.521761235227545,-2.18179690131311,TRUE,FALSE
"Co",2010,TRUE,30.2448979591837,296.003313800045,0.498567594449251,-2.90040825112206,TRUE,FALSE
"Co",2011,TRUE,30.2767106842737,357.722671650443,0.54984998452851,3.11737557504216,TRUE,TRUE
"Co",2012,TRUE,30.2448979591837,325.963224006984,0.525931160116813,-2.91437334124058,TRUE,FALSE
"Co",2013,TRUE,30.2130852340936,368.398042902822,0.56082066902294,-2.52647753519117,TRUE,TRUE
"Co",2014,TRUE,30.3085234093637,333.854589865698,0.530135434218716,2.79040655853925,TRUE,TRUE
"Co",2015,TRUE,30.1812725090036,399.465205934797,0.585396963612871,-2.28739359573719,TRUE,TRUE
"Co",2016,TRUE,30.3085234093637,318.62942629275,0.519418021695062,2.7289524546841,TRUE,FALSE
"Co",2017,TRUE,30.2130852340936,303.292507719351,0.505161001855919,-2.54413845530486,TRUE,FALSE
"Co",2018,TRUE,30.3085234093637,276.191331832473,0.480887535354121,2.79671310548522,TRUE,FALSE
"Co",2019,TRUE,30.2448979591837,299.102435200091,0.501656600082304,-2.95513253515832,TRUE,FALSE
"Co",2020,TRUE,30.3085234093637,313.826404992198,0.515167793400062,2.72235899042157,TRUE,FALSE
"Co",2021,TRUE,30.2130852340936,354.865262507059,0.549936585909871,-2.53837225141438,TRUE,TRUE
"Co",2022,TRUE,30.2130852340936,376.78618870409,0.566561488160417,-2.51385154999719,TRUE,TRUE
"Co",2023,TRUE,30.2130852340936,322.868946491422,0.522969790409752,-2.55488389355371,TRUE,FALSE
"Co",2024,TRUE,30.1812725090036,258.438492972383,0.466044347403871,-2.27836694727484,TRUE,FALSE
"Co",2025,TRUE,30.2448979591837,291.779578875086,0.495836890712073,-2.87635566388682,TRUE,FALSE
"Co",2026,TRUE,30.2767106842737,362.405213228013,0.555978656660431,3.03084875216523,TRUE,TRUE
"Co",2027,TRUE,30.3085234093637,341.633671538179,0.538188042369262,2.76676205215442,TRUE,TRUE
"Co",2028,TRUE,30.2767106842737,330.34217790393,0.529398208503844,3.01595259406451,TRUE,TRUE
"Co",2029,TRUE,30.2448979591837,297.916090001079,0.50048354737008,-2.87958937213833,TRUE,FALSE
"Co",2030,TRUE,30.2448979591837,352.314043273917,0.547015227218019,-2.83349426226637,TRUE,TRUE
"Co",2031,TRUE,30.2130852340936,305.078310316665,0.506573752239353,-2.54763720720768,TRUE,FALSE
"Co",2032,TRUE,30.3403361344538,297.638433423284,0.500107028702035,2.46503943846858,TRUE,FALSE
"Co",2033,TRUE,30.1812725090036,340.68332774305,0.538157064382988,-2.28760162307776,TRUE,TRUE
"Co",2034,TRUE,30.2448979591837,281.080961845202,0.485426879493049,-2.8546840882718,TRUE,FALSE
"Co",2035,TRUE,30.2767106842737,287.82043122129,0.492192199950351,3.1205504917108,TRUE,FALSE
"Co",2036,TRUE,30.3721488595438,360.647717139539,0.5524955165234,2.17274517532074,TRUE,TRUE
"Co",2037,TRUE,30.2767106842737,289.146670825306,0.492260736044015,3.11285880011133,TRUE,FALSE
"Co",2038,TRUE,30.1812725090036,289.74700104586,0.494914737191461,-2.29642120269811,TRUE,FALSE
"Co",2039,TRUE,30.2130852340936,309.727079557257,0.51218719736469,-2.52485855992444,TRUE,FALSE
"Co",2040,TRUE,30.1494597839136,326.745529253361,0.526773684390435,-1.96347333398133,TRUE,FALSE
"Co",2041,TRUE,30.2130852340936,319.849503955698,0.518861466312159,-2.47174730133657,TRUE,FALSE
"Co",2042,TRUE,30.1812725090036,328.797669008945,0.527308932051893,-2.2505404253221,TRUE,TRUE
"Co",2043,TRUE,30.0540216086435,334.105593972774,0.534499570188358,-1.03267426541332,TRUE,TRUE
"Co",2044,TRUE,30.2767106842737,306.226889931461,0.50752246710542,3.10701167991873,TRUE,FALSE
"Co",2045,TRUE,30.3085234093637,312.222182123828,0.513550739904693,2.71104923074991,TRUE,FALSE
"Co",2046,TRUE,30.1494597839136,287.69706414955,0.492782634964913,-1.9346776651221,TRUE,FALSE
"Co",2047,TRUE,30.1494597839136,284.678928751623,0.489794698289725,-1.87596097243454,TRUE,FALSE
"Co",2048,TRUE,30.2130852340936,294.455049957832,0.498794016742836,-2.60669232647534,TRUE,FALSE
"Co",2049,TRUE,30.1494597839136,333.579224491199,0.532439992116312,-1.90251648616023,TRUE,TRUE
"Co",2050,TRUE,30.1812725090036,357.150499903206,0.553053299110575,-2.31787275803166,TRUE,TRUE
"Co",2051,TRUE,30.2448979591837,366.084733217856,0.558369324863991,-2.82866646084071,TRUE,TRUE
"Co",2052,TRUE,30.2767106842737,312.635141861662,0.514175402463048,3.04707947083254,TRUE,FALSE
"Co",2053,TRUE,30.1812725090036,298.354449102754,0.501896554762156,-2.24162789699854,TRUE,FALSE
"Co",2054,TRUE,30.3085234093637,271.620013229131,0.47640046896058,2.72042532350074,TRUE,FALSE
"Co",2055,TRUE,30.3403361344538,302.355610177924,0.505219923916373,2.38042712795076,TRUE,FALSE
"Co",2056,TRUE,30.2767106842737,278.78377232108,0.482914665332764,3.12718809119229,TRUE,FALSE
"Co",2057,TRUE,30.2767106842737,311.167796516115,0.51225579748613,3.10896430472427,TRUE,FALSE
"Co",2058,TRUE,30.1494597839136,352.534916074811,0.547936482614346,-1.85035502864093,TRUE,TRUE
"Co",2059,TRUE,30.1494597839136,387.52856466061,0.576485203581943,-1.88490587594065,TRUE,TRUE
"Co",2060,TRUE,30.3403361344538,338.139618595664,0.534393580440069,2.47624880317705,TRUE,TRUE
"Co",2061,TRUE,30.2130852340936,290.75810535378,0.495089498726779,-2.62075681144,TRUE,FALSE
"Co",2062,TRUE,30.2767106842737,349.450938472281,0.544383339884834,3.05897789069045,TRUE,TRUE
"Co",2063,TRUE,30.2448979591837,366.507240375693,0.558591819834452,-2.84265849441307,TRUE,TRUE
"Co",2064,TRUE,30.1176470588235,329.461861556268,0.530024229211243,-1.59850928909276,TRUE,TRUE
"Co",2065,TRUE,30.2767106842737,281.095227115171,0.485378904386211,-3.05092507967827,TRUE,FALSE
"Co",2066,TRUE,30.2130852340936,264.611225744321,0.470275864090588,-2.58797298973543,TRUE,FALSE
"Co",2067,TRUE,30.2767106842737,251.659848914708,0.458493766292654,3.0925087280382,TRUE,FALSE
"Co",2068,TRUE,30.1812725090036,293.823763695508,0.498111535660012,-2.24718411466545,TRUE,FALSE
"Co",2069,TRUE,30.3085234093637,418.903869370775,0.598491631769256,2.74283686762629,TRUE,TRUE
"Co",2070,TRUE,30.2130852340936,339.133751362967,0.536033482819458,-2.46482838328331,TRUE,TRUE
"Co",2071,TRUE,30.1812725090036,313.950166142812,0.514912507216061,-2.20278258252247,TRUE,FALSE
"Co",2072,TRUE,30.4039615846339,370.856287612177,0.561134423996277,1.78116266820677,TRUE,TRUE
"Co",2073,TRUE,30.3085234093637,343.017138914537,0.539235301840163,2.80028137445882,TRUE,TRUE
"Co",2074,TRUE,30.2767106842737,305.214683374732,0.506239601832132,3.07961390908599,TRUE,FALSE
"Co",2075,TRUE,30.1812725090036,383.165061241018,0.572326762419583,-2.22488120983614,TRUE,TRUE
"Co",2076,TRUE,30.3721488595438,311.906363531948,0.512188451492844,2.0409597196667,TRUE,FALSE
"Co",2077,TRUE,30.2767106842737,364.438876296178,0.556424347109743,3.07726401353254,TRUE,TRUE
"Co",2078,TRUE,30.2767106842737,375.551377262212,0.565038321700905,3.13292551324603,TRUE,TRUE
"Co",2079,TRUE,30.2130852340936,370.771934005663,0.563417069457737,-2.57748707870292,TRUE,TRUE
"Co",2080,TRUE,30.1494597839136,299.846376097621,0.502501827889045,-1.89340422484811,TRUE,FALSE
"Co",2081,TRUE,30.1176470588235,345.154628900518,0.542431097527569,-1.62284813570216,TRUE,TRUE
"Co",2082,TRUE,30.2130852340936,370.976672326145,0.561588296175929,-2.48590173035124,TRUE,TRUE
"Co",2083,TRUE,30.3721488595438,325.172348296918,0.523477709077159,2.18958733630156,TRUE,FALSE
"Co",2084,TRUE,30.2767106842737,295.349468335239,0.49846695324029,3.08834410135496,TRUE,FALSE
"Co",2085,TRUE,30.2448979591837,289.600458932158,0.492926212914376,-2.83413232968752,TRUE,FALSE
"Co",2086,TRUE,30.3085234093637,341.198158868714,0.53685234657832,2.77174109961415,TRUE,TRUE
"Co",2087,TRUE,30.1812725090036,364.872607497275,0.558738675545662,-2.26844640314656,TRUE,TRUE
"Co",2088,TRUE,30.1494597839136,320.91753624381,0.521153573781089,-1.95223958968201,TRUE,FALSE
"Co",2089,TRUE,30.1176470588235,301.755875956077,0.505250919710366,-1.56901683978242,TRUE,FALSE
"Co",2090,TRUE,30.2448979591837,311.379906331996,0.512561639506918,-2.92029616438325,TRUE,FALSE
"Co",2091,TRUE,30.1812725090036,367.253679496039,0.559400643904979,-2.24490181573646,TRUE,TRUE
"Co",2092,TRUE,30.2130852340936,386.68439384271,0.574418870876786,-2.49623995084143,TRUE,TRUE
"Co",2093,TRUE,30.2767106842737,378.247153515049,0.566748734355863,3.10261740417567,TRUE,TRUE
"Co",2094,TRUE,30.3403361344538,298.927720819113,0.500026923473105,2.48474142553175,TRUE,FALSE
"Co",2095,TRUE,30.2448979591837,351.515408436887,0.545965664980562,-2.79413130278585,TRUE,TRUE
"Co",2096,TRUE,30.2130852340936,305.201247348079,0.50670842722174,-2.4707462842238,TRUE,FALSE
"Co",2097,TRUE,30.2767106842737,321.017859726243,0.519981602032525,3.13319803235814,TRUE,FALSE
"Co",2098,TRUE,30.4039615846339,257.706569513161,0.463295100404917,1.75115757591686,TRUE,FALSE
"Co",2099,TRUE,30.1812725090036,406.193387279964,0.589661014236726,-2.21363494288752,TRUE,TRUE
"Co",2100,TRUE,30.2130852340936,319.269286345534,0.519246387609771,-2.51104202301162,TRUE,FALSE
"Co",2101,TRUE,30.1494597839136,292.971392769764,0.498119510250679,-1.95975113686379,TRUE,FALSE
"Co",2102,TRUE,30.3085234093637,335.102609728295,0.53131130335963,2.79516062621615,TRUE,TRUE
"Co",2103,TRUE,30.1812725090036,270.132755677083,0.476140221229175,-2.24370716074112,TRUE,FALSE
"Co",2104,TRUE,30.2767106842737,336.931022583758,0.533394792493831,-3.13789746240365,TRUE,TRUE
"Co",2105,TRUE,30.3403361344538,331.929160152398,0.529235754784804,2.45034204951105,TRUE,TRUE
"Co",2106,TRUE,30.2130852340936,323.669653383679,0.52252571523631,-2.488771282239,TRUE,FALSE
"Co",2107,TRUE,30.2130852340936,310.823775710581,0.513333467387285,-2.59184872961777,TRUE,FALSE
"Co",2108,TRUE,30.3085234093637,249.625110607698,0.456041155033541,2.77255475870617,TRUE,FALSE
"Co",2109,TRUE,30.4357743097239,279.173547939823,0.48319048656279,1.52750391623751,TRUE,FALSE
"Co",2110,TRUE,30.2130852340936,327.727531183636,0.527339292751442,-2.4980038486508,TRUE,TRUE
"Co",2111,TRUE,30.2130852340936,343.120167861155,0.5379905447513,-2.55843349569485,TRUE,TRUE
"Co",2112,TRUE,30.3085234093637,345.390468441916,0.540603678812604,2.72914822893343,TRUE,TRUE
"Co",2113,TRUE,30.1494597839136,397.730473834099,0.583362983794493,-1.87960704638732,TRUE,TRUE
"Co",2114,TRUE,30.1812725090036,305.481860417758,0.50869043274516,-2.27203152637962,TRUE,FALSE
"Co",2115,TRUE,30.2767106842737,286.388093625658,0.490533748468804,3.06723088846008,TRUE,FALSE
"Co",2116,TRUE,30.2767106842737,345.412414803107,0.540895514289968,3.01807931343377,TRUE,TRUE
"Co",2117,TRUE,30.2767106842737,256.043094546279,0.462879213347796,3.08074787173618,TRUE,FALSE
"Co",2118,TRUE,30.0858343337335,400.926817629851,0.588719100786312,-1.28619071660854,TRUE,TRUE
"Co",2119,TRUE,30.0540216086435,318.437766931277,0.521407122859134,-1.08148487118704,TRUE,FALSE
"Co",2120,TRUE,30.2130852340936,335.058456569218,0.533143576457817,-2.55234460867626,TRUE,TRUE
"Co",2121,TRUE,30.2130852340936,317.089838064157,0.517975342949069,-2.53003462347718,TRUE,FALSE
"Co",2122,TRUE,30.1176470588235,380.172412752481,0.569376739934658,-1.50197167639793,TRUE,TRUE
"Co",2123,TRUE,30.3085234093637,301.441737665881,0.503329854389937,2.85942034247626,TRUE,FALSE
"Co",2124,TRUE,30.3085234093637,418.028159225964,0.597351843959971,2.84497648424887,TRUE,TRUE
"Co",2125,TRUE,30.1176470588235,348.693532694158,0.545475643784922,-1.59446646924532,TRUE,TRUE
"Co",2126,TRUE,30.2448979591837,290.757804800909,0.496113263831372,-2.90208175399955,TRUE,FALSE
"Co",2127,TRUE,30.1812725090036,317.434264076614,0.517760471198506,-2.19277133631709,TRUE,FALSE
"Co",2128,TRUE,30.3403361344538,341.190470653497,0.538273473361422,2.50376157812403,TRUE,TRUE
"Co",2129,TRUE,30.2767106842737,370.993519548826,0.561273183922677,3.13838381360402,TRUE,TRUE
"Co",2130,TRUE,30.2767106842737,310.511133174509,0.511088468406374,-3.14079041853663,TRUE,FALSE
"Co",2131,TRUE,30.2130852340936,294.995444037224,0.498913322885081,-2.55052223981286,TRUE,FALSE
"Co",2132,TRUE,30.3085234093637,323.514509807323,0.522202339950846,2.84857497573542,TRUE,FALSE
"Co",2133,TRUE,30.3085234093637,310.655853648014,0.512191939566526,2.74120884181712,TRUE,FALSE
"Co",2134,TRUE,30.2767106842737,264.483110268881,0.470844501128589,3.02779522851549,TRUE,FALSE
"Co",2135,TRUE,30.2130852340936,312.158603023079,0.512466496380743,-2.40392710567226,TRUE,FALSE
"Co",2136,TRUE,30.0858343337335,303.537536371208,0.507069647227355,-1.33177186106176,TRUE,FALSE
"Co",2137,TRUE,30.3085234093637,288.523803126237,0.491171463254874,2.73770588180442,TRUE,FALSE
"Co",2138,TRUE,30.2448979591837,355.80927408976,0.549548025538496,-2.94017654460874,TRUE,TRUE
"Co",2139,TRUE,30.3085234093637,376.834520040633,0.566009106023599,2.82399961782,TRUE,TRUE
"Co",2140,TRUE,30.0858343337335,411.340375660632,0.593431908379984,-1.224388302043,TRUE,TRUE
"Co",2141,TRUE,30.3721488595438,274.425362007738,0.479237940023265,2.12857621696944,TRUE,FALSE
"Co",2142,TRUE,30.2130852340936,347.55720354647,0.54359061111627,-2.53153782545304,TRUE,TRUE
"Co",2143,TRUE,30.0540216086435,310.016547015533,0.512921029670473,-1.01473242728365,TRUE,FALSE
"Co",2144,TRUE,30.2448979591837,298.551973115298,0.500960939046637,-2.80494379825559,TRUE,FALSE
"Co",2145,TRUE,30.1812725090036,327.508661292571,0.527423496960266,-2.28383058469684,TRUE,TRUE
"Co",2146,TRUE,30.1494597839136,301.615279741828,0.50473835899565,-1.94079778596569,TRUE,FALSE
"Co",2147,TRUE,30.3085234093637,291.578520577771,0.493950929412915,2.89514451608962,TRUE,FALSE
"Co",2148,TRUE,30.3085234093637,378.833680207753,0.567764974529999,2.90477179645968,TRUE,TRUE
"Co",2149,TRUE,30.0858343337335,337.423467484545,0.536414636554327,-1.30126681614931,TRUE,TRUE
"Co",2150,TRUE,30.2448979591837,299.513355531649,0.50282928056602,-2.90338016699909,TRUE,FALSE
"Co",2151,TRUE,30.2130852340936,406.768836511101,0.591230066969898,-2.50938982704593,TRUE,TRUE
"Co",2152,TRUE,30.3085234093637,332.735835169554,0.529981518397392,2.7444583711021,TRUE,TRUE
"Co",2153,TRUE,30.3085234093637,376.483639715353,0.565057533697512,2.80000910850815,TRUE,TRUE
"Co",2154,TRUE,30.2130852340936,303.194303286422,0.505520179181832,-2.52549576434925,TRUE,FALSE
"Co",2155,TRUE,30.2130852340936,333.912374784775,0.532026108252929,-2.55185940837406,TRUE,TRUE
"Co",2156,TRUE,30.2448979591837,319.717854976582,0.519324528845027,-2.82345384596577,TRUE,FALSE
"Co",2157,TRUE,30.0858343337335,346.020493153302,0.543958530386862,-1.30684632705464,TRUE,TRUE
"Co",2158,TRUE,30.1494597839136,313.056730950529,0.516007596217971,-1.97790736764161,TRUE,FALSE
"Co",2159,TRUE,30.1494597839136,283.52697921893,0.488690490279074,-1.95199697111678,TRUE,FALSE
"Co",2160,TRUE,30.3085234093637,388.6362407498,0.575534867622433,2.85390766943121,TRUE,TRUE
"Co",2161,TRUE,30.1812725090036,346.045944064415,0.542198358345918,-2.26043782530796,TRUE,TRUE
"Co",2162,TRUE,30.2130852340936,308.354412007706,0.509830035312476,-2.61960947828711,TRUE,FALSE
"Co",2163,TRUE,30.2130852340936,310.165817886903,0.511008879050359,-2.58575733313248,TRUE,FALSE
"Co",2164,TRUE,30.1812725090036,314.907426925757,0.515343987346938,-2.23487548950985,TRUE,FALSE
"Co",2165,TRUE,30.2448979591837,320.39738353885,0.519716247890491,-2.888478734667,TRUE,FALSE
"Co",2166,TRUE,30.1812725090036,275.258540948347,0.480854400339783,-2.18906486244386,TRUE,FALSE
"Co",2167,TRUE,30.1812725090036,380.610425040997,0.570016566122299,-2.26402804811524,TRUE,TRUE
"Co",2168,TRUE,30.2448979591837,308.109278835758,0.509522827714431,-2.87040022928349,TRUE,FALSE
"Co",2169,TRUE,30.3085234093637,373.255557333256,0.562357386923718,2.77615564530096,TRUE,TRUE
"Co",2170,TRUE,30.3721488595438,368.170578861495,0.559306761898054,2.12328304879828,TRUE,TRUE
"Co",2171,TRUE,30.1812725090036,298.232385776197,0.500619402186046,-2.09985390452375,TRUE,FALSE
"Co",2172,TRUE,30.2767106842737,386.385158945654,0.574146293299929,3.06579391216987,TRUE,TRUE
"Co",2173,TRUE,30.1812725090036,339.654092661003,0.537819612185743,-2.26086581984009,TRUE,TRUE
"Co",2174,TRUE,30.1812725090036,293.793765589432,0.496293077432509,-2.09233885963759,TRUE,FALSE
"Co",2175,TRUE,30.3403361344538,298.89744839193,0.500166290267962,2.50101676401399,TRUE,FALSE
"Co",2176,TRUE,30.1812725090036,352.248433818282,0.548566187280252,-2.33532314636402,TRUE,TRUE
"Co",2177,TRUE,30.1812725090036,324.828865845071,0.524538714299161,-2.16034677992212,TRUE,FALSE
"Co",2178,TRUE,30.0858343337335,367.183592286099,0.561628028382623,-1.27010827930764,TRUE,TRUE
"Co",2179,TRUE,30.1176470588235,298.994212885469,0.502981880021683,-1.66398984172582,TRUE,FALSE
"Co",2180,TRUE,30.3085234093637,328.810565685151,0.527709429162238,2.67549252563631,TRUE,TRUE
"Co",2181,TRUE,30.3403361344538,290.136011716313,0.492900110885906,2.41447545324345,TRUE,FALSE
"Co",2182,TRUE,30.1812725090036,367.648087262725,0.559382282282129,-2.18032106214395,TRUE,TRUE
"Co",2183,TRUE,30.2130852340936,307.093659743955,0.508783432860223,-2.5619211557123,TRUE,FALSE
"Co",2184,TRUE,30.0222088835534,366.902535334808,0.56060929532022,-0.626513129437109,TRUE,TRUE
"Co",2185,TRUE,30.1812725090036,399.214641397298,0.584299474619034,-2.16829858971287,TRUE,TRUE
"Co",2186,TRUE,30.3085234093637,310.607181357757,0.510583076948332,2.77430374708459,TRUE,FALSE
"Co",2187,TRUE,30.1812725090036,312.053406856677,0.514228142204868,-2.23304154076391,TRUE,FALSE
"Co",2188,TRUE,30.2767106842737,295.236888317474,0.497806941645646,3.114301477915,TRUE,FALSE
"Co",2189,TRUE,30.2130852340936,309.906180323467,0.513028303069505,-2.64986895303175,TRUE,FALSE
"Co",2190,TRUE,30.3085234093637,338.277397521618,0.535207962148439,2.69930501079454,TRUE,TRUE
"Co",2191,TRUE,30.2767106842737,300.733089038864,0.50332852443421,-3.06693083059825,TRUE,FALSE
"Co",2192,TRUE,30.2130852340936,279.675421499809,0.484132261805049,-2.53510146664668,TRUE,FALSE
"Co",2193,TRUE,30.2767106842737,321.960664155665,0.521594159195873,3.10416009693863,TRUE,FALSE
"Co",2194,TRUE,30.2448979591837,333.880979857238,0.532159208657075,-2.88097313486398,TRUE,TRUE
"Co",2195,TRUE,30.3403361344538,350.252415061831,0.545633121655846,2.34556729186247,TRUE,TRUE
"Co",2196,TRUE,30.2767106842737,325.183197216681,0.524452826497775,2.98359197400252,TRUE,FALSE
"Co",2197,TRUE,30.2767106842737,345.068778288129,0.54185545407209,3.12825768643734,TRUE,TRUE
"Co",2198,TRUE,30.4039615846339,316.709500811521,0.515836397280519,1.65579495448438,TRUE,FALSE
"Co",2199,TRUE,30.2448979591837,345.512602168909,0.541142209380782,-2.87513653117443,TRUE,TRUE
"Co",2200,TRUE,30.1494597839136,289.914727439865,0.493908971733164,-1.90759118149429,TRUE,FALSE
"Co",2201,TRUE,30.1176470588235,327.683969214813,0.527260450966687,-1.60282511913839,TRUE,TRUE
"Co",2202,TRUE,30.1812725090036,325.661657830697,0.524570998596306,-2.21001453545839,TRUE,FALSE
"Co",2203,TRUE,30.2130852340936,326.211989736197,0.525489483129684,-2.6010554299089,TRUE,FALSE
"Co",2204,TRUE,30.3085234093637,305.760903266757,0.506962539245705,2.78469249071243,TRUE,FALSE
"Co",2205,TRUE,30.1494597839136,326.816098827866,0.526918178518338,-1.94350484948198,TRUE,FALSE
"Co",2206,TRUE,30.2448979591837,421.437927121646,0.600726750197126,-2.88206630722833,TRUE,TRUE
"Co",2207,TRUE,30.2448979591837,344.859932956723,0.540787973873253,-2.89449699375091,TRUE,TRUE
"Co",2208,TRUE,30.2448979591837,318.631048616264,0.519451096995439,-2.84487275688764,TRUE,FALSE
"Co",2209,TRUE,30.2767106842737,360.602588590392,0.554330933008208,3.11468422462242,TRUE,TRUE
"Co",2210,TRUE,30.2767106842737,292.598630545188,0.495832922027676,-3.09373532888321,TRUE,FALSE
"Co",2211,TRUE,30.1494597839136,291.059991110494,0.495416134927957,-1.95668190589819,TRUE,FALSE
"Co",2212,TRUE,30.4357743097239,324.449559490886,0.522400429909114,1.48598367067666,TRUE,FALSE
"Co",2213,TRUE,30.1812725090036,304.637070066391,0.507451481572675,-2.23545400899458,TRUE,FALSE
"Co",2214,TRUE,30.2130852340936,333.642238181207,0.532749574751646,-2.58532003815827,TRUE,TRUE
"Co",2215,TRUE,30.1176470588235,382.065718711264,0.57323390116397,-1.59342295850944,TRUE,TRUE
"Co",2216,TRUE,30.2448979591837,414.301245747555,0.597179305367636,-3.02058756348963,TRUE,TRUE
"Co",2217,TRUE,30.2767106842737,337.195945731322,0.534596437620067,3.08379257913066,TRUE,TRUE
"Co",2218,TRUE,30.3721488595438,291.439417525761,0.493093319408599,2.10486886400153,TRUE,FALSE
"Co",2219,TRUE,30.0222088835534,292.106716195752,0.497578986247447,-0.613641742892187,TRUE,FALSE
"Co",2220,TRUE,30.2448979591837,321.433806304642,0.520381350505022,-2.8022449433875,TRUE,FALSE
"Co",2221,TRUE,30.2767106842737,306.050107572506,0.508577502058849,3.11355970581643,TRUE,FALSE
"Co",2222,TRUE,30.1176470588235,355.014412289933,0.54934222513993,-1.53116749369092,TRUE,TRUE
"Co",2223,TRUE,30.2448979591837,342.189426982281,0.5384900326739,-2.95490367229213,TRUE,TRUE
"Co",2224,TRUE,30.3085234093637,314.523479887432,0.514999855286895,2.81443043188732,TRUE,FALSE
"Co",2225,TRUE,30.2130852340936,366.27891865403,0.557705237939783,-2.52203079435919,TRUE,TRUE
"Co",2226,TRUE,30.1494597839136,348.948682655504,0.545386079388386,-1.88098855084212,TRUE,TRUE
"Co",2227,TRUE,30.1812725090036,289.356693734558,0.493146575471106,-2.24686456593262,TRUE,FALSE
"Co",2228,TRUE,30.1812725090036,294.428723128499,0.497963929725096,-2.11425864472119,TRUE,FALSE
"Co",2229,TRUE,30.4039615846339,396.637541447139,0.581249234663909,1.81554766832898,TRUE,TRUE
"Co",2230,TRUE,30.1812725090036,314.704642488283,0.514246890658881,-2.15629139960696,TRUE,FALSE
"Co",2231,TRUE,30.2130852340936,326.787466248084,0.525503698407936,-2.5097041118131,TRUE,FALSE
"Co",2232,TRUE,30.1494597839136,286.475653765163,0.491399531082535,-1.93766213735423,TRUE,FALSE
"Co",2233,TRUE,30.2767106842737,355.162619905515,0.548521599809495,3.07248650485705,TRUE,TRUE
"Co",2234,TRUE,30.2448979591837,325.153048936415,0.524611793315458,-2.8981918245449,TRUE,FALSE
"Co",2235,TRUE,30.3403361344538,311.020964049333,0.513038676081291,2.38651209323465,TRUE,FALSE
"Co",2236,TRUE,30.2448979591837,336.24470536219,0.533457500479285,-2.83611756808643,TRUE,TRUE
"Co",2237,TRUE,30.1176470588235,297.590073966664,0.501002572330242,-1.5906087809174,TRUE,FALSE
"Co",2238,TRUE,30.3403361344538,273.974040519786,0.4775069286009,2.53181536881778,TRUE,FALSE
"Co",2239,TRUE,30.2767106842737,340.152574648196,0.538046749062805,3.10089085408752,TRUE,TRUE
"Co",2240,TRUE,30.3403361344538,374.121722887774,0.563737795643668,2.46154528033975,TRUE,TRUE
"Co",2241,TRUE,30.2130852340936,355.981612784471,0.551073200965488,-2.58569347861836,TRUE,TRUE
"Co",2242,TRUE,30.3721488595438,326.153744461648,0.524800286526723,2.11064933524081,TRUE,FALSE
"Co",2243,TRUE,30.1494597839136,352.94004234797,0.548987378220402,-1.92891791733183,TRUE,TRUE
"Co",2244,TRUE,30.3085234093637,312.977063121952,0.513926807410105,2.79254706247836,TRUE,FALSE
"Co",2245,TRUE,30.2448979591837,365.253340189813,0.557310432570341,-2.82277364875049,TRUE,TRUE
"Co",2246,TRUE,30.1812725090036,322.967316178042,0.523527117346903,-2.20672808330848,TRUE,FALSE
"Co",2247,TRUE,30.1812725090036,356.28236571009,0.552278451106116,-2.22833224336971,TRUE,TRUE
"Co",2248,TRUE,30.1494597839136,401.117662865371,0.587667868264457,-1.90561714595178,TRUE,TRUE
"Co",2249,TRUE,30.2448979591837,356.223819775051,0.55040065350065,-2.90922294949984,TRUE,TRUE
"Co",2250,TRUE,30.1812725090036,298.89037097079,0.501718862143584,-2.21317327073597,TRUE,FALSE
"Co",2251,TRUE,30.2767106842737,278.207015720413,0.48197451261175,3.07120420750928,TRUE,FALSE
"Co",2252,TRUE,30.3403361344538,336.900343082071,0.533896996982644,2.4364217094278,TRUE,TRUE
"Co",2253,TRUE,30.2767106842737,341.752036466274,0.53938163654242,3.01315532337399,TRUE,TRUE
"Co",2254,TRUE,30.3085234093637,329.480615198184,0.527557525131312,2.80521823119931,TRUE,TRUE
"Co",2255,TRUE,30.3403361344538,283.100181059136,0.487245798545734,2.50434842341099,TRUE,FALSE
"Co",2256,TRUE,30.2448979591837,344.586206808842,0.541341303623022,-2.90697580137562,TRUE,TRUE
"Co",2257,TRUE,30.1176470588235,386.960814483201,0.575924641505649,-1.55896296358671,TRUE,TRUE
"Co",2258,TRUE,30.1812725090036,319.123495277086,0.519214988003149,-2.16499013335059,TRUE,FALSE
"Co",2259,TRUE,30.2130852340936,311.573381791627,0.513367894997407,-2.55755631027448,TRUE,FALSE
"Co",2260,TRUE,30.2767106842737,323.355503861151,0.524077574755969,3.0748520556861,TRUE,FALSE
"Co",2261,TRUE,30.1812725090036,333.222676630461,0.532132345400618,-2.32223085858826,TRUE,TRUE
"Co",2262,TRUE,30.3403361344538,361.665430104109,0.554271400942512,2.40651436143731,TRUE,TRUE
"Co",2263,TRUE,30.3085234093637,300.223224622416,0.502746235599005,2.71113250160148,TRUE,FALSE
"Co",2264,TRUE,30.4357743097239,352.887863845526,0.546348234052495,1.42279990088228,TRUE,TRUE
"Co",2265,TRUE,30.2767106842737,270.559355195576,0.477155886938133,3.05913895899776,TRUE,FALSE
"Co",2266,TRUE,30.2767106842737,361.912762991368,0.554585889119405,3.03794327441443,TRUE,TRUE
"Co",2267,TRUE,30.2767106842737,324.000166046631,0.523761913701964,3.10187133763011,TRUE,FALSE
"Co",2268,TRUE,30.2448979591837,276.933097607408,0.483581603835372,-3.02443707945032,TRUE,FALSE
"Co",2269,TRUE,30.2130852340936,348.226114224126,0.544330406735836,-2.62767591618728,TRUE,TRUE
"Co",2270,TRUE,30.1812725090036,382.697115874005,0.572621041104985,-2.20895538305482,TRUE,TRUE
"Co",2271,TRUE,30.2448979591837,330.730415776061,0.528092887261247,-2.83992411500042,TRUE,TRUE
"Co",2272,TRUE,30.1812725090036,286.390648614648,0.491009478014698,-2.26613552851958,TRUE,FALSE
"Co",2273,TRUE,30.3085234093637,355.612846869203,0.549064877621391,2.77977272142604,TRUE,TRUE
"Co",2274,TRUE,30.3721488595438,308.114803408969,0.508584768275635,2.11438990964486,TRUE,FALSE
"Co",2275,TRUE,30.3085234093637,379.902774389774,0.569944797144319,2.7618226490611,TRUE,TRUE
"Co",2276,TRUE,30.2448979591837,337.027877570356,0.533930531400744,-2.86784104874663,TRUE,TRUE
"Co",2277,TRUE,30.2448979591837,306.423492923285,0.50864727216184,-2.96023145448421,TRUE,FALSE
"Co",2278,TRUE,30.2130852340936,250.061113891962,0.45758680729849,-2.54207500085951,TRUE,FALSE
"Co",2279,TRUE,30.2130852340936,350.495224948496,0.546623315505761,-2.60857893777846,TRUE,TRUE
"Co",2280,TRUE,30.1494597839136,264.021105368648,0.47025427039601,-1.86650570054099,TRUE,FALSE
"Co",2281,TRUE,30.2448979591837,394.212292308079,0.581143507550591,-2.88136290320292,TRUE,TRUE
"Co",2282,TRUE,30.1176470588235,330.613033316997,0.530816791139705,-1.65221626363252,TRUE,TRUE
"Co",2283,TRUE,30.2130852340936,368.481471917681,0.559781965223849,-2.5378009996794,TRUE,TRUE
"Co",2284,TRUE,30.1494597839136,300.579023821078,0.503667148398763,-1.93686305465807,TRUE,FALSE
"Co",2285,TRUE,30.2130852340936,338.39813098258,0.534901303148141,-2.55331070157379,TRUE,TRUE
"Co",2286,TRUE,30.2448979591837,356.974814835637,0.550976261843177,-2.87749448622914,TRUE,TRUE
"Co",2287,TRUE,30.1812725090036,282.383082747354,0.487147490830132,-2.28041154251353,TRUE,FALSE
"Co",2288,TRUE,30.2767106842737,275.594912252845,0.480255093686042,3.12783586713983,TRUE,FALSE
"Co",2289,TRUE,30.3085234093637,319.123306483713,0.518961544084046,2.76646125724737,TRUE,FALSE
"Co",2290,TRUE,30.1812725090036,317.074087124197,0.518419971967909,-2.24484716981958,TRUE,FALSE
"Co",2291,TRUE,30.1176470588235,342.426367396461,0.54173177711461,-1.60169803881196,TRUE,TRUE
"Co",2292,TRUE,30.3403361344538,287.350600959608,0.490922670400964,2.45309983473956,TRUE,FALSE
"Co",2293,TRUE,30.1494597839136,313.697774199227,0.515205896568667,-1.89283970544236,TRUE,FALSE
"Co",2294,TRUE,30.1812725090036,407.80137618748,0.593151024460789,-2.20064600324622,TRUE,TRUE
"Co",2295,TRUE,30.1812725090036,303.609203185392,0.506160925626378,-2.19999523026982,TRUE,FALSE
"Co",2296,TRUE,30.1812725090036,263.903819099035,0.470759057036674,-2.29859845679053,TRUE,FALSE
"Co",2297,TRUE,30.0858343337335,356.427290292013,0.553677200109738,-1.35307481663895,TRUE,TRUE
"Co",2298,TRUE,30.2130852340936,338.740881040564,0.535654144976692,-2.56141877335193,TRUE,TRUE
"Co",2299,TRUE,30.3085234093637,261.486597294689,0.467418675237899,2.68435672674946,TRUE,FALSE
"Co",2300,TRUE,30.2448979591837,349.437915642814,0.545704618241242,-3.0651221138921,TRUE,TRUE
"Co",2301,TRUE,30.2767106842737,291.580839210081,0.495064587649446,3.03455785786068,TRUE,FALSE
"Co",2302,TRUE,30.2130852340936,351.164838416136,0.546995444785638,-2.54426444364912,TRUE,TRUE
"Co",2303,TRUE,30.3085234093637,389.689923500307,0.575525309297,2.76244339747506,TRUE,TRUE
"Co",2304,TRUE,30.3085234093637,302.484451399038,0.505218611959405,2.78820056589369,TRUE,FALSE
"Co",2305,TRUE,30.2767106842737,341.772692030788,0.537073438423097,-3.12517605291592,TRUE,TRUE
"Co",2306,TRUE,30.1812725090036,408.194831367005,0.592240956481104,-2.32953361742054,TRUE,TRUE
"Co",2307,TRUE,30.1176470588235,301.892451485402,0.505539001515911,-1.55818174432137,TRUE,FALSE
"Co",2308,TRUE,30.3085234093637,325.094013876297,0.523515541375203,2.81642116797802,TRUE,FALSE
"Co",2309,TRUE,30.2448979591837,336.870520993581,0.534184932093235,-2.8766012205168,TRUE,TRUE
"Co",2310,TRUE,30.1812725090036,251.314202131771,0.458625098157781,-2.25433062025593,TRUE,FALSE
"Co",2311,TRUE,30.4357743097239,314.937269307716,0.514783023879883,1.43828006702958,TRUE,FALSE
"Co",2312,TRUE,30.3403361344538,315.686118613901,0.515586945863459,2.45485120368528,TRUE,FALSE
"Co",2313,TRUE,30.1494597839136,320.674865746068,0.522917736221156,-2.00827817072506,TRUE,FALSE
"Co",2314,TRUE,30.2767106842737,320.899406975709,0.519168759686701,3.1168632551448,TRUE,FALSE
"Co",2315,TRUE,30.2448979591837,354.483125361767,0.54931485159296,-2.81627070864228,TRUE,TRUE
"Co",2316,TRUE,30.2448979591837,271.375765602815,0.476618270173794,-2.94695913628012,TRUE,FALSE
"Co",2317,TRUE,30.2767106842737,270.629200922035,0.475692506698614,3.11074112334516,TRUE,FALSE
"Co",2318,TRUE,30.2130852340936,376.488306383225,0.56681547948684,-2.53742342484762,TRUE,TRUE
"Co",2319,TRUE,30.3403361344538,260.105907483103,0.466171681194159,2.45704434365946,TRUE,FALSE
"Co",2320,TRUE,30.4357743097239,344.976966020764,0.539430154135335,1.51640449178972,TRUE,TRUE
"Co",2321,TRUE,30.2130852340936,281.79718680749,0.486988100651962,-2.59367478330464,TRUE,FALSE
"Co",2322,TRUE,30.4357743097239,330.619991707683,0.528027881614497,1.40848915481855,TRUE,TRUE
"Co",2323,TRUE,30.1176470588235,317.873210680306,0.519444720703106,-1.59123774753132,TRUE,FALSE
"Co",2324,TRUE,30.1494597839136,286.024498032241,0.489654943134353,-1.86969148284235,TRUE,FALSE
"Co",2325,TRUE,30.3721488595438,284.837613293205,0.487887268679713,2.12177006286465,TRUE,FALSE
"Co",2326,TRUE,30.2130852340936,274.8698984083,0.478955720497216,-2.52456043588085,TRUE,FALSE
"Co",2327,TRUE,30.1812725090036,342.248174358758,0.538603208106905,-2.224601509955,TRUE,TRUE
"Co",2328,TRUE,30.499399759904,311.487815709936,0.510742536119864,0.72454022006011,TRUE,FALSE
"Co",2329,TRUE,30.2130852340936,348.440848567618,0.543825782672552,-2.49757690659921,TRUE,TRUE
"Co",2330,TRUE,30.2448979591837,301.168074372854,0.502957322231538,-2.9206136829333,TRUE,FALSE
"Co",2331,TRUE,30.1176470588235,285.612337889577,0.490474408515585,-1.58590528267299,TRUE,FALSE
"Co",2332,TRUE,30.2130852340936,337.947759175464,0.535254650397414,-2.50366894672615,TRUE,TRUE
"Co",2333,TRUE,30.3721488595438,339.355148102131,0.535614918142216,2.13976853026558,TRUE,TRUE
"Co",2334,TRUE,30.3721488595438,347.756968497094,0.542033695408778,2.08662793081914,TRUE,TRUE
"Co",2335,TRUE,30.0858343337335,332.24167437595,0.529709000169201,-1.18926577714969,TRUE,TRUE
"Co",2336,TRUE,30.3721488595438,335.681557474454,0.532414891015592,2.09053347864586,TRUE,TRUE
"Co",2337,TRUE,30.3721488595438,336.125279729454,0.532718258569503,2.11873696807783,TRUE,TRUE
"Co",2338,TRUE,30.1494597839136,269.401828727826,0.476077765270348,-1.89919592150168,TRUE,FALSE
"Co",2339,TRUE,30.2130852340936,338.70037495109,0.536046906272164,-2.51445387683637,TRUE,TRUE
"Co",2340,TRUE,30.2130852340936,342.095014762329,0.538119949210098,-2.52493785260361,TRUE,TRUE
"Co",2341,TRUE,30.3721488595438,299.869871056899,0.502440387671709,2.06361970245241,TRUE,FALSE
"Co",2342,TRUE,30.2130852340936,360.133092837,0.552894785252012,-2.5629483395474,TRUE,TRUE
"Co",2343,TRUE,30.2130852340936,396.689511387728,0.583713068486279,-2.56712493804422,TRUE,TRUE
"Co",2344,TRUE,30.3085234093637,329.984662778564,0.528056570930331,2.70973155565347,TRUE,TRUE
"Co",2345,TRUE,30.2130852340936,412.687859979955,0.594655179807725,-2.52936860384021,TRUE,TRUE
"Co",2346,TRUE,30.2767106842737,350.62520031215,0.545056291712969,3.10283666039605,TRUE,TRUE
"Co",2347,TRUE,30.2448979591837,295.20976005703,0.498969068063388,-2.81874580731871,TRUE,FALSE
"Co",2348,TRUE,30.2448979591837,353.993524836271,0.547677972850609,-2.91008990216596,TRUE,TRUE
"Co",2349,TRUE,30.1494597839136,320.513084459281,0.521340538723799,-1.92123811429677,TRUE,FALSE
"Co",2350,TRUE,30.2767106842737,317.565640780248,0.518147371348222,3.04346073378288,TRUE,FALSE
"Co",2351,TRUE,30.1494597839136,326.778547182824,0.525862650531658,-1.84800985958646,TRUE,FALSE
"Co",2352,TRUE,30.2130852340936,268.613679108509,0.474028756406485,-2.58869905372699,TRUE,FALSE
"Co",2353,TRUE,30.1494597839136,352.966889692705,0.54698600554769,-1.82299973054881,TRUE,TRUE
"Co",2354,TRUE,30.4039615846339,266.250588325765,0.470920484139481,1.75627370115113,TRUE,FALSE
"Co",2355,TRUE,30.3721488595438,298.595912760907,0.500774547084038,2.0976440609883,TRUE,FALSE
"Co",2356,TRUE,30.2130852340936,312.423353602539,0.514639236059661,-2.57077174774115,TRUE,FALSE
"Co",2357,TRUE,30.2767106842737,390.162547499977,0.576230944646264,3.10994351674637,TRUE,TRUE
"Co",2358,TRUE,30.2448979591837,343.234687188734,0.539814662298092,-2.93529125483574,TRUE,TRUE
"Co",2359,TRUE,30.2130852340936,242.242340397537,0.449148889972486,-2.48516401905062,TRUE,FALSE
"Co",2360,TRUE,30.2448979591837,279.343960069373,0.484407074061086,-2.80762026381075,TRUE,FALSE
"Co",2361,TRUE,30.3403361344538,297.01786360079,0.499830827337347,2.39638581017302,TRUE,FALSE
"Co",2362,TRUE,30.1494597839136,350.755592350641,0.54568393992774,-1.89949928969593,TRUE,TRUE
"Co",2363,TRUE,30.3721488595438,296.639111558642,0.49829410204671,2.04632397867992,TRUE,FALSE
"Co",2364,TRUE,30.4357743097239,306.631217302408,0.507792899340832,1.47727312929187,TRUE,FALSE
"Co",2365,TRUE,30.3403361344538,352.727672039651,0.54607343182518,2.55232727461937,TRUE,TRUE
"Co",2366,TRUE,30.2448979591837,351.258857979907,0.546178773544789,-2.85673995063887,TRUE,TRUE
"Co",2367,TRUE,30.2767106842737,322.625656283711,0.522127578692641,3.01888244078119,TRUE,FALSE
"Co",2368,TRUE,30.0540216086435,292.490986351287,0.498241842380745,-0.965977596136208,TRUE,FALSE
"Co",2369,TRUE,30.3721488595438,253.465676850253,0.460340995310337,2.08390574040841,TRUE,FALSE
"Co",2370,TRUE,30.3085234093637,305.38866675652,0.50715259359683,2.79115571463315,TRUE,FALSE
"Co",2371,TRUE,30.2448979591837,405.743943732645,0.590493538630459,-2.88925327423298,TRUE,TRUE
"Co",2372,TRUE,30.1812725090036,318.064554420187,0.518174940083598,-2.24470039961157,TRUE,FALSE
"Co",2373,TRUE,30.1812725090036,302.233511634523,0.505011845443147,-2.17754057308229,TRUE,FALSE
"Co",2374,TRUE,30.3403361344538,346.688524822077,0.540462360868116,2.50960539050968,TRUE,TRUE
"Co",2375,TRUE,30.1812725090036,354.158942256896,0.548598178776458,-2.21123368002251,TRUE,TRUE
"Co",2376,TRUE,30.3085234093637,312.552714629948,0.511526028825218,2.76875517793357,TRUE,FALSE
"Co",2377,TRUE,30.3403361344538,343.966149835148,0.53847785428472,2.51361373730813,TRUE,TRUE
"Co",2378,TRUE,30.3085234093637,305.220916326634,0.507166896924419,2.79002414794842,TRUE,FALSE
"Co",2379,TRUE,30.3721488595438,404.981371783999,0.588445329527608,2.14816582566664,TRUE,TRUE
"Co",2380,TRUE,30.2767106842737,348.858112625999,0.543900437862829,3.14004489369396,TRUE,TRUE
"Co",2381,TRUE,30.3721488595438,285.739643124364,0.489266642656136,2.07601893913118,TRUE,FALSE
"Co",2382,TRUE,30.2767106842737,280.191410396374,0.484312705905392,-3.12060208639219,TRUE,FALSE
"Co",2383,TRUE,30.0858343337335,291.937221702572,0.497368532152563,-1.37471207429431,TRUE,FALSE
"Co",2384,TRUE,38.5480192076831,275.414814970575,0.483484935362329,2.50441879715067,FALSE,FALSE
"Co",2385,TRUE,30.4039615846339,350.646330653494,0.54371275669104,1.88310318103824,TRUE,TRUE
"Co",2386,TRUE,30.1494597839136,336.007237200116,0.533477435181469,-1.87919202839265,TRUE,TRUE
"Co",2387,TRUE,30.0540216086435,299.077539862445,0.503875218896349,-0.961717783031289,TRUE,FALSE
"Co",2388,TRUE,30.0858343337335,340.06867011348,0.537909187221618,-1.24884837899944,TRUE,TRUE
"Co",2389,TRUE,30.4039615846339,263.21184960957,0.469517741694156,1.76093580538601,TRUE,FALSE
"Co",2390,TRUE,30.2767106842737,297.252873775243,0.500741981269018,3.04040179929925,TRUE,FALSE
"Co",2391,TRUE,30.2448979591837,270.162560729322,0.475960632280385,-2.91048885374197,TRUE,FALSE
"Co",2392,TRUE,30.2130852340936,327.560125419947,0.526280432770993,-2.53399258906198,TRUE,TRUE
"Co",2393,TRUE,30.2448979591837,374.599410003398,0.564612174955173,-2.88119191862706,TRUE,TRUE
"Co",2394,TRUE,30.2767106842737,310.614488801958,0.51340529450289,2.99306928422497,TRUE,FALSE
"Co",2395,TRUE,30.3085234093637,337.646047758379,0.534410047342518,2.69816957690899,TRUE,TRUE
"Co",2396,TRUE,30.1812725090036,318.839804117662,0.518868815289887,-2.28484453260769,TRUE,FALSE
"Co",2397,TRUE,30.2448979591837,324.788504607435,0.523657078177361,-2.81808611915638,TRUE,FALSE
"Co",2398,TRUE,30.3085234093637,338.413669843822,0.53587265489334,2.77622361742903,TRUE,TRUE
"Co",2399,TRUE,30.3721488595438,359.15561489694,0.55067308456543,2.15150488581822,TRUE,TRUE
"Co",2400,TRUE,30.3403361344538,360.421708182136,0.553054050258596,2.47718107635919,TRUE,TRUE
"Co",2401,TRUE,30.3085234093637,342.328160755059,0.538900968948082,2.68886028304959,TRUE,TRUE
"Co",2402,TRUE,30.2767106842737,368.20412931287,0.559912681073269,3.09273377433365,TRUE,TRUE
"Co",2403,TRUE,30.3085234093637,324.637422978669,0.522967676316031,2.74067804549631,TRUE,FALSE
"Co",2404,TRUE,30.1812725090036,314.535359526443,0.515919281384347,-2.29785652435424,TRUE,FALSE
"Co",2405,TRUE,30.2767106842737,364.705171327974,0.555424306621742,3.11789651668891,TRUE,TRUE
"Co",2406,TRUE,30.2767106842737,365.77689782632,0.557506484333691,3.1202488564571,TRUE,TRUE
"Co",2407,TRUE,30.2767106842737,293.193796417477,0.496436681667247,3.0437121463891,TRUE,FALSE
"Co",2408,TRUE,30.3721488595438,316.755566270353,0.516003837085035,2.15334439350788,TRUE,FALSE
"Co",2409,TRUE,30.2767106842737,301.591172842612,0.504151546136691,3.10302918163957,TRUE,FALSE
"Co",2410,TRUE,30.2767106842737,302.368185275393,0.504642088430875,3.10933192792575,TRUE,FALSE
"Co",2411,TRUE,30.1494597839136,357.19773750999,0.552471142988629,-1.94754208005258,TRUE,TRUE
"Co",2412,TRUE,30.2767106842737,279.733585380635,0.48532629440368,2.96461521573458,TRUE,FALSE
"Co",2413,TRUE,30.1812725090036,301.428210953915,0.503749991249405,-2.1287561154363,TRUE,FALSE
"Co",2414,TRUE,30.2448979591837,314.386871332627,0.515231297523245,-2.87393002930406,TRUE,FALSE
"Co",2415,TRUE,30.3085234093637,346.682112246539,0.541719126800639,2.81286505409545,TRUE,TRUE
"Co",2416,TRUE,30.2448979591837,332.209408495052,0.532367826093164,-2.90399996606204,TRUE,TRUE
"Co",2417,TRUE,30.4357743097239,287.562343304819,0.4904455445855,1.49652166697366,TRUE,FALSE
"Co",2418,TRUE,30.2767106842737,362.806930939256,0.554319183652364,3.10027189168758,TRUE,TRUE
"Co",2419,TRUE,30.1812725090036,365.601145737738,0.559067752019055,-2.24767889333069,TRUE,TRUE
"Co",2420,TRUE,30.1494597839136,280.816826506081,0.48594360054259,-1.90759102859459,TRUE,FALSE
"Co",2421,TRUE,30.1494597839136,393.469059650324,0.581119770494221,-1.91062228250585,TRUE,TRUE
"Co",2422,TRUE,30.2130852340936,286.983001881851,0.490629731258154,-2.51073009482812,TRUE,FALSE
"Co",2423,TRUE,30.2448979591837,346.530847534368,0.542402612816235,-2.85518910978661,TRUE,TRUE
"Co",2424,TRUE,30.1494597839136,265.722169656726,0.472562571069839,-1.91243521116713,TRUE,FALSE
"Co",2425,TRUE,30.1812725090036,346.370745230416,0.542583063980302,-2.21709522909857,TRUE,TRUE
"Co",2426,TRUE,30.1494597839136,269.566353724427,0.476317699948491,-1.91736109304004,TRUE,FALSE
"Co",2427,TRUE,30.0540216086435,327.108179976207,0.527024533679916,-0.920116578301104,TRUE,FALSE
"Co",2428,TRUE,30.2767106842737,349.028480006908,0.545113651478676,3.08051694805483,TRUE,TRUE
"Co",2429,TRUE,30.2767106842737,331.279486365138,0.529033680628443,3.11669428395898,TRUE,TRUE
"Co",2430,TRUE,30.2767106842737,358.7301796365,0.55201947657607,3.13817348890012,TRUE,TRUE
"Co",2431,TRUE,30.2448979591837,301.680722048998,0.503911673599332,-2.90647033102026,TRUE,FALSE
"Co",2432,TRUE,30.2448979591837,386.912158371824,0.574597944648762,-2.7480745310768,TRUE,TRUE
"Co",2433,TRUE,30.2448979591837,352.197464566749,0.547465508651822,-2.96182163344104,TRUE,TRUE
"Co",2434,TRUE,30.2130852340936,274.899948593561,0.479838868026847,-2.54484191935463,TRUE,FALSE
"Co",2435,TRUE,30.1812725090036,336.172515700737,0.53392120271281,-2.19107496865269,TRUE,TRUE
"Co",2436,TRUE,30.3085234093637,325.805192831708,0.524990380695445,2.73851572349711,TRUE,FALSE
"Co",2437,TRUE,30.1812725090036,325.537133204534,0.52524161877143,-2.2302914098516,TRUE,FALSE
"Co",2438,TRUE,30.2448979591837,353.29502037837,0.548562401909779,-2.80334263039095,TRUE,TRUE
"Co",2439,TRUE,30.3085234093637,319.178540914744,0.518819590914906,2.78223429325259,TRUE,FALSE
"Co",2440,TRUE,30.2448979591837,349.232529670154,0.544303313288041,-2.80441178342931,TRUE,TRUE
"Co",2441,TRUE,30.3085234093637,389.539365318672,0.575906245929144,2.75075519275155,TRUE,TRUE
"Co",2442,TRUE,30.1494597839136,353.941748186283,0.549021059125087,-1.95978207467073,TRUE,TRUE
"Co",2443,TRUE,30.1812725090036,345.151875560003,0.542073092452257,-2.26213920072879,TRUE,TRUE
"Co",2444,TRUE,30.3085234093637,315.173719188437,0.516337813263008,2.72914147863094,TRUE,FALSE
"Co",2445,TRUE,30.2767106842737,311.497507469127,0.512087538776962,3.07928797166501,TRUE,FALSE
"Co",2446,TRUE,30.4039615846339,321.205776242692,0.519475217676661,1.74691793151192,TRUE,FALSE
"Co",2447,TRUE,30.2767106842737,308.839384885609,0.509824753591443,3.02342554620947,TRUE,FALSE
"Co",2448,TRUE,30.2130852340936,320.703240025402,0.5209483502798,-2.52518892244589,TRUE,FALSE
"Co",2449,TRUE,30.3085234093637,392.724349898475,0.578297141975344,2.81556939792306,TRUE,TRUE
"Co",2450,TRUE,30.1812725090036,295.599832519019,0.50019847112758,-2.27036031859593,TRUE,FALSE
"Co",2451,TRUE,30.3085234093637,310.282979994483,0.51078650428164,2.81211451364471,TRUE,FALSE
"Co",2452,TRUE,30.3085234093637,329.681717818378,0.528875510109835,2.72346834082272,TRUE,TRUE
"Co",2453,TRUE,30.2448979591837,310.844317371779,0.512278280113778,-2.8683605538603,TRUE,FALSE
"Co",2454,TRUE,30.2130852340936,328.712041486954,0.527345349057595,-2.51691101054961,TRUE,TRUE
"Co",2455,TRUE,30.4039615846339,275.284429065481,0.479444753472476,1.74327537946455,TRUE,FALSE
"Co",2456,TRUE,30.1812725090036,302.757889447009,0.505899941235647,-2.29846242538229,TRUE,FALSE
"Co",2457,TRUE,30.3085234093637,377.179803593408,0.566541515702333,2.72808282242693,TRUE,TRUE
"Co",2458,TRUE,30.3403361344538,332.09995883878,0.529111796087045,2.45358592588721,TRUE,TRUE
"Co",2459,TRUE,30.1812725090036,281.413740791346,0.48683055727422,-2.25380400013098,TRUE,FALSE
"Co",2460,TRUE,30.1494597839136,322.798515659858,0.521960191782789,-1.86596352087548,TRUE,FALSE
"Co",2461,TRUE,30.2130852340936,383.142615015498,0.572616014428956,-2.54197969441532,TRUE,TRUE
"Co",2462,TRUE,30.2130852340936,363.389478165894,0.556641475472912,-2.56176799754833,TRUE,TRUE
"Co",2463,TRUE,30.3085234093637,282.061671192115,0.486052906248186,2.82956615880914,TRUE,FALSE
"Co",2464,TRUE,30.1812725090036,270.570240757649,0.475925465418531,-2.18924268869569,TRUE,FALSE
"Co",2465,TRUE,30.1176470588235,307.853233577875,0.509174177918491,-1.61264954807858,TRUE,FALSE
"Co",2466,TRUE,30.3403361344538,273.095558243364,0.47782559817902,2.41633514881015,TRUE,FALSE
"Co",2467,TRUE,30.1812725090036,322.225469751226,0.522539173897799,-2.19690339214187,TRUE,FALSE
"Co",2468,TRUE,30.2767106842737,271.368062374461,0.475951454254657,-3.13927212615027,TRUE,FALSE
"Co",2469,TRUE,30.2130852340936,282.371190120795,0.487052877858968,-2.60317822519643,TRUE,FALSE
"Co",2470,TRUE,30.3403361344538,354.065490305205,0.547557947535049,2.45124607897982,TRUE,TRUE
"Co",2471,TRUE,30.2448979591837,326.302462139137,0.525949353736031,-2.90730088711823,TRUE,FALSE
"Co",2472,TRUE,30.1812725090036,341.177465496762,0.537934795531121,-2.24253689967674,TRUE,TRUE
"Co",2473,TRUE,30.3403361344538,288.940937231172,0.491633715096738,2.45885856531563,TRUE,FALSE
"Co",2474,TRUE,30.2130852340936,356.589659233945,0.55173636849912,-2.6736336955592,TRUE,TRUE
"Co",2475,TRUE,30.3085234093637,286.096160818526,0.489573160231836,2.75371102073184,TRUE,FALSE
"Co",2476,TRUE,30.3085234093637,323.216879761078,0.521984175214308,2.71282073741535,TRUE,FALSE
"Co",2477,TRUE,30.2130852340936,324.216766343822,0.523782457682006,-2.51963809797981,TRUE,FALSE
"Co",2478,TRUE,30.2130852340936,286.627602504025,0.49218025550453,-2.56000489845525,TRUE,FALSE
"Co",2479,TRUE,30.1494597839136,304.829899723919,0.50754492285117,-1.96452363175865,TRUE,FALSE
"Co",2480,TRUE,30.3721488595438,323.674004828953,0.521101345247461,2.12065695735238,TRUE,FALSE
"Co",2481,TRUE,30.4039615846339,318.771524415309,0.517897365945681,1.82051927250146,TRUE,FALSE
"Co",2482,TRUE,30.2448979591837,354.56649320818,0.548927193768199,-2.90808751870255,TRUE,TRUE
"Co",2483,TRUE,30.1176470588235,341.210803224622,0.538174057042714,-1.54201526668586,TRUE,TRUE
"Co",2484,TRUE,30.2767106842737,362.642267350875,0.554568935738132,3.05358968164111,TRUE,TRUE
"Co",2485,TRUE,30.2448979591837,364.687499444876,0.557542540710465,-2.88190927248165,TRUE,TRUE
"Co",2486,TRUE,30.2130852340936,311.526436198213,0.511995283090833,-2.46665638464505,TRUE,FALSE
"Co",2487,TRUE,30.1494597839136,369.235587710738,0.561365239744102,-1.93684363767218,TRUE,TRUE
"Co",2488,TRUE,30.2448979591837,357.995368646369,0.552502580152807,-2.8711809959178,TRUE,TRUE
"Co",2489,TRUE,30.2130852340936,320.471042633805,0.519657482988266,-2.4653663266818,TRUE,FALSE
"Co",2490,TRUE,30.3403361344538,269.242958364483,0.474691329647021,2.40445182920527,TRUE,FALSE
"Co",2491,TRUE,30.1494597839136,299.796537804386,0.503429907960369,-1.91186451413231,TRUE,FALSE
"Co",2492,TRUE,30.2448979591837,301.533644619996,0.503877135881369,-2.88625484412832,TRUE,FALSE
"Co",2493,TRUE,30.3721488595438,299.063264535189,0.501438472972974,2.16481524686199,TRUE,FALSE
"Co",2494,TRUE,30.2767106842737,303.462356846444,0.505359797565354,3.01636153527172,TRUE,FALSE
"Co",2495,TRUE,30.2130852340936,308.411870249382,0.511136533726781,-2.59554720439972,TRUE,FALSE
"Co",2496,TRUE,30.1176470588235,287.430689011304,0.492275546295923,-1.63971476115261,TRUE,FALSE
"Co",2497,TRUE,30.1812725090036,390.934758319036,0.579620997378051,-2.2897638909502,TRUE,TRUE
"Co",2498,TRUE,30.3085234093637,325.895850999817,0.524459882084948,2.71535999314688,TRUE,FALSE
"Co",2499,TRUE,30.2448979591837,274.592947339923,0.480528510121638,-2.8599140041669,TRUE,FALSE
"Co",2500,TRUE,30.2767106842737,300.874210873892,0.503268628727107,3.10867353204105,TRUE,FALSE
"Co",2501,TRUE,30.1176470588235,334.627484661608,0.53362853678584,-1.69019136169023,TRUE,TRUE
"Co",2502,TRUE,30.2767106842737,293.295598720089,0.497428795275529,3.07941907576436,TRUE,FALSE
"Co",2503,TRUE,30.0858343337335,345.221687421859,0.542369513256873,-1.24605281826901,TRUE,TRUE
"Co",2504,TRUE,30.3085234093637,321.358730110707,0.520511568250763,2.81398789507556,TRUE,FALSE
"Co",2505,TRUE,30.1812725090036,333.436474390356,0.532143509223014,-2.24478896708086,TRUE,TRUE
"Co",2506,TRUE,30.2130852340936,307.489918482729,0.509934807158223,-2.6302274752575,TRUE,FALSE
"Co",2507,TRUE,30.3085234093637,351.233045936565,0.544853381255388,2.83192641029481,TRUE,TRUE
"Co",2508,TRUE,30.2448979591837,405.786103393297,0.589769737030606,-2.82423207014588,TRUE,TRUE
"Co",2509,TRUE,30.3085234093637,326.957252988363,0.525016580265635,2.80316079902955,TRUE,FALSE
"Co",2510,TRUE,30.3721488595438,293.803073336594,0.495830254608465,2.02248766427316,TRUE,FALSE
"Co",2511,TRUE,30.2767106842737,343.399060154665,0.539630291002681,3.09782079349219,TRUE,TRUE
"Co",2512,TRUE,30.2448979591837,359.969376741742,0.554077553652242,-3.00265900628364,TRUE,TRUE
"Co",2513,TRUE,30.2448979591837,281.776687288462,0.486947642392604,-2.89075011375899,TRUE,FALSE
"Co",2514,TRUE,30.3403361344538,360.948913941333,0.554083791434625,2.44870323738165,TRUE,TRUE
"Co",2515,TRUE,30.1494597839136,313.360413052043,0.514744881244325,-1.93952109837658,TRUE,FALSE
"Co",2516,TRUE,30.3721488595438,321.996361814937,0.520432082883151,2.05898553757258,TRUE,FALSE
"Co",2517,TRUE,30.1494597839136,267.667631910905,0.474122557473694,-1.82365550229175,TRUE,FALSE
"Co",2518,TRUE,30.2767106842737,350.788586580077,0.545057209793103,3.11392557377714,TRUE,TRUE
"Co",2519,TRUE,30.3085234093637,284.639755784994,0.489153497641952,2.62146779927316,TRUE,FALSE
"Co",2520,TRUE,30.3085234093637,319.008183894425,0.519868115636925,2.75552363752249,TRUE,FALSE
"Co",2521,TRUE,30.2767106842737,381.117137431106,0.572005453647817,2.93258002894163,TRUE,TRUE
"Co",2522,TRUE,30.2448979591837,320.85614042575,0.521131183192845,-2.80132369804808,TRUE,FALSE
"Co",2523,TRUE,30.2130852340936,292.817476117659,0.496051744697868,-2.5441163174069,TRUE,FALSE
"Co",2524,TRUE,30.2767106842737,294.111755392082,0.496389874784044,-3.11996985725158,TRUE,FALSE
"Co",2525,TRUE,30.2130852340936,323.248339492301,0.523403088338352,-2.53632962517716,TRUE,FALSE
"Co",2526,TRUE,30.2767106842737,329.373523947147,0.528314950130994,3.04882449062474,TRUE,TRUE
"Co",2527,TRUE,30.2130852340936,310.171030283183,0.511367008557955,-2.60687000054354,TRUE,FALSE
"Co",2528,TRUE,30.2448979591837,330.879354233134,0.529148069069536,-2.84798894377424,TRUE,TRUE
"Co",2529,TRUE,30.2767106842737,364.937664474642,0.556747780413195,-3.12832020912957,TRUE,TRUE
"Co",2530,TRUE,30.3085234093637,370.483357833839,0.561854698315104,2.7355827437107,TRUE,TRUE
"Co",2531,TRUE,30.2767106842737,322.258663839395,0.521823044567097,3.11451175719091,TRUE,FALSE
"Co",2532,TRUE,30.2448979591837,313.21699852344,0.514646246635743,-2.81134760897781,TRUE,FALSE
"Co",2533,TRUE,30.3085234093637,320.136779081077,0.519408856743396,2.79853897035479,TRUE,FALSE
"Co",2534,TRUE,30.2130852340936,310.60784801214,0.511064753305779,-2.4703163530184,TRUE,FALSE
"Co",2535,TRUE,30.3085234093637,327.843288619044,0.52550926450583,2.81974575252282,TRUE,TRUE
"Co",2536,TRUE,30.1494597839136,362.305849454784,0.555903581340362,-1.96011365587741,TRUE,TRUE
"Co",2537,TRUE,30.2130852340936,320.726417837327,0.520040764200544,-2.48342598449772,TRUE,FALSE
"Co",2538,TRUE,30.3721488595438,267.114363607826,0.471834592328403,2.02856212046517,TRUE,FALSE
"Co",2539,TRUE,30.2130852340936,300.841105963082,0.50454075808347,-2.50684133864263,TRUE,FALSE
"Co",2540,TRUE,30.2448979591837,339.581534997829,0.535985842603368,-2.74447291658898,TRUE,TRUE
"Co",2541,TRUE,30.1494597839136,341.963366314311,0.539320225716166,-1.92404949309901,TRUE,TRUE
"Co",2542,TRUE,30.2130852340936,308.477854120384,0.510906356572526,-2.57529108533046,TRUE,FALSE
"Co",2543,TRUE,30.1494597839136,305.979260832288,0.508063693434501,-1.91894361839041,TRUE,FALSE
"Co",2544,TRUE,30.0858343337335,282.486978109325,0.487691484714264,-1.28879211114581,TRUE,FALSE
"Co",2545,TRUE,30.1812725090036,294.187253238825,0.498728875396943,-2.2385487714564,TRUE,FALSE
"Co",2546,TRUE,30.2130852340936,374.523508079553,0.56607651912856,-2.55194804869695,TRUE,TRUE
"Co",2547,TRUE,30.2767106842737,367.270909086973,0.557417691347622,3.13563960525131,TRUE,TRUE
"Co",2548,TRUE,30.3403361344538,273.790399391617,0.479414109271686,2.38573684334764,TRUE,FALSE
"Co",2549,TRUE,30.3085234093637,298.466747808623,0.499925524292397,2.72783151766358,TRUE,FALSE
"Co",2550,TRUE,30.1494597839136,337.528697674226,0.535543067588006,-1.94755223345676,TRUE,TRUE
"Co",2551,TRUE,30.2448979591837,350.022832354009,0.545590685879596,-2.90223181818912,TRUE,TRUE
"Co",2552,TRUE,30.2767106842737,280.740719618812,0.485319904586395,-3.07582603508124,TRUE,FALSE
"Co",2553,TRUE,30.3085234093637,383.900625395385,0.571356439492293,2.75545180514823,TRUE,TRUE
"Co",2554,TRUE,30.2130852340936,371.329728945094,0.561927764249496,-2.51711914684429,TRUE,TRUE
"Co",2555,TRUE,30.0858343337335,330.971661338728,0.52989787262265,-1.22056063009272,TRUE,TRUE
"Co",2556,TRUE,30.1494597839136,312.226229843214,0.512637968885063,-1.78172309614294,TRUE,FALSE
"Co",2557,TRUE,30.1176470588235,226.038434416547,0.435012655691951,-1.63004346656122,TRUE,FALSE
"Co",2558,TRUE,30.1812725090036,311.104689192377,0.512494320882948,-2.2431605447812,TRUE,FALSE
"Co",2559,TRUE,30.2130852340936,379.342865740841,0.567597676846255,-2.57704195698068,TRUE,TRUE
"Co",2560,TRUE,30.1812725090036,324.554384209208,0.523946260816049,-2.1939840442374,TRUE,FALSE
"Co",2561,TRUE,30.3403361344538,260.284953046793,0.466024844590031,2.43493174805894,TRUE,FALSE
"Co",2562,TRUE,30.0858343337335,236.894425202757,0.445070413650781,-1.28123248903116,TRUE,FALSE
"Co",2563,TRUE,30.4039615846339,313.367195486514,0.514793093713756,1.7644630240948,TRUE,FALSE
"Co",2564,TRUE,30.4039615846339,371.292241900759,0.561267708387557,1.79291910511659,TRUE,TRUE
"Co",2565,TRUE,30.2130852340936,362.852693308708,0.556393233065996,-2.63886096800121,TRUE,TRUE
"Co",2566,TRUE,30.1494597839136,362.650924965197,0.553854253038701,-1.88649768008287,TRUE,TRUE
"Co",2567,TRUE,30.3403361344538,310.159319391431,0.511491019899361,2.3260241128464,TRUE,FALSE
"Co",2568,TRUE,30.2767106842737,341.374657903109,0.537456891713312,3.0759392680318,TRUE,TRUE
"Co",2569,TRUE,30.2130852340936,336.708820742255,0.534577576498985,-2.55309794007978,TRUE,TRUE
"Co",2570,TRUE,30.2767106842737,366.440272142724,0.558804130957252,3.10398154330133,TRUE,TRUE
"Co",2571,TRUE,30.1494597839136,328.794606950035,0.526466919839327,-1.84570944289757,TRUE,TRUE
"Co",2572,TRUE,30.1812725090036,321.703683401834,0.522438603713274,-2.25048727259655,TRUE,FALSE
"Co",2573,TRUE,30.2448979591837,254.777256146969,0.461255478006423,-2.84614137965421,TRUE,FALSE
"Co",2574,TRUE,30.1494597839136,340.335862261617,0.536809235897698,-1.89363331269739,TRUE,TRUE
"Co",2575,TRUE,30.3085234093637,319.552266231803,0.519194685150798,2.75330120972445,TRUE,FALSE
"Co",2576,TRUE,30.0858343337335,310.321645073074,0.513653304953121,-1.38152469646908,TRUE,FALSE
"Co",2577,TRUE,30.2448979591837,343.591806603555,0.539882262845555,-2.8114080287505,TRUE,TRUE
"Co",2578,TRUE,30.1494597839136,385.303764265198,0.574583103514629,-1.93803533633304,TRUE,TRUE
"Co",2579,TRUE,30.3085234093637,326.898311570435,0.525209838701587,2.79252639826103,TRUE,FALSE
"Co",2580,TRUE,30.2767106842737,307.070165422687,0.507805391238173,3.1098422287959,TRUE,FALSE
"Co",2581,TRUE,30.1176470588235,357.734171543307,0.555625811850633,-1.65564168403531,TRUE,TRUE
"Co",2582,TRUE,30.2130852340936,277.288358924937,0.482940114899656,-2.61727947874054,TRUE,FALSE
"Co",2583,TRUE,30.0858343337335,322.383102114936,0.524494521424225,-1.32612619746458,TRUE,FALSE
"Co",2584,TRUE,30.2448979591837,313.868265883994,0.512904936218483,-2.83461903660623,TRUE,FALSE
"Co",2585,TRUE,30.4675870348139,319.079637414812,0.518074768242323,1.11503474592531,TRUE,FALSE
"Co",2586,TRUE,30.3721488595438,334.682289485175,0.530864552628668,2.19010639615684,TRUE,TRUE
"Co",2587,TRUE,30.1812725090036,365.612401900085,0.558908545744002,-2.2801090183391,TRUE,TRUE
"Co",2588,TRUE,30.2767106842737,297.066082500204,0.499818222430139,3.12387259290413,TRUE,FALSE
"Co",2589,TRUE,30.3721488595438,354.98348379092,0.548686782205628,2.11457250647473,TRUE,TRUE
"Co",2590,TRUE,30.0858343337335,299.056561127255,0.503579383641477,-1.32293500236789,TRUE,FALSE
"Co",2591,TRUE,30.2448979591837,371.217839883254,0.562036139170495,-2.87299448010731,TRUE,TRUE
"Co",2592,TRUE,30.1812725090036,335.623067868968,0.534694540277032,-2.23190169495411,TRUE,TRUE
"Co",2593,TRUE,30.2448979591837,350.863932430435,0.545895554158529,-2.8366498142507,TRUE,TRUE
"Co",2594,TRUE,30.2130852340936,362.601767444094,0.556435969224325,-2.5085967567482,TRUE,TRUE
"Co",2595,TRUE,30.3403361344538,317.406498864295,0.517618003334936,2.36714517931805,TRUE,FALSE
"Co",2596,TRUE,30.1812725090036,282.271305207835,0.487458017214889,-2.26201715449761,TRUE,FALSE
"Co",2597,TRUE,30.2448979591837,324.879774538965,0.523165632045633,-2.84664158864991,TRUE,FALSE
"Co",2598,TRUE,30.3085234093637,291.410875129078,0.494590916287592,2.76672099912815,TRUE,FALSE
"Co",2599,TRUE,30.2130852340936,316.153292096094,0.515913600320932,-2.42509663810184,TRUE,FALSE
"Co",2600,TRUE,30.2767106842737,280.42745296543,0.485553601038953,3.1401246126621,TRUE,FALSE
"Co",2601,TRUE,30.0858343337335,347.315351757374,0.54495091793755,-1.32604368309328,TRUE,TRUE
"Co",2602,TRUE,30.1812725090036,293.527773273265,0.496930418921438,-2.19050717757183,TRUE,FALSE
"Co",2603,TRUE,30.2130852340936,307.174364841555,0.509018801826188,-2.6138485729488,TRUE,FALSE
"Co",2604,TRUE,30.2448979591837,363.6787310311,0.55632488147721,-2.81547597637101,TRUE,TRUE
"Co",2605,TRUE,30.1812725090036,278.580064279174,0.484450196579212,-2.25724840245378,TRUE,FALSE
"Co",2606,TRUE,30.1812725090036,350.931437538032,0.547887723923209,-2.30664944934183,TRUE,TRUE
"Co",2607,TRUE,30.2130852340936,292.70428676586,0.496457441476028,-2.55039662010645,TRUE,FALSE
"Co",2608,TRUE,30.3085234093637,373.41573429429,0.564043307710254,2.72671782553807,TRUE,TRUE
"Co",2609,TRUE,30.1494597839136,263.917357189475,0.470554021274187,-1.91215749572251,TRUE,FALSE
"Co",2610,TRUE,30.2448979591837,361.650835831095,0.554268724476094,-2.84351756655746,TRUE,TRUE
"Co",2611,TRUE,30.2130852340936,325.518902221683,0.526057760864398,-2.62674721657952,TRUE,FALSE
"Co",2612,TRUE,30.1812725090036,343.254412137068,0.54010766858984,-2.24582602866284,TRUE,TRUE
"Co",2613,TRUE,30.1494597839136,319.602442991697,0.520115469727748,-1.91703549410265,TRUE,FALSE
"Co",2614,TRUE,30.0540216086435,308.625228504288,0.510936681428723,-0.887456053492202,TRUE,FALSE
"Co",2615,TRUE,30.2130852340936,328.963748854625,0.527810358097166,-2.58477599145622,TRUE,TRUE
"Co",2616,TRUE,30.2448979591837,383.156312673969,0.572327239224267,-2.90146780889769,TRUE,TRUE
"Co",2617,TRUE,30.1494597839136,288.485480739364,0.493200742883321,-1.89313067088299,TRUE,FALSE
"Co",2618,TRUE,30.1494597839136,242.11019477368,0.450160761417316,-2.02451914144903,TRUE,FALSE
"Co",2619,TRUE,30.2448979591837,307.600021897038,0.508850052257417,-2.78672289251184,TRUE,FALSE
"Co",2620,TRUE,30.1812725090036,316.776143140599,0.518028476334089,-2.31131845519115,TRUE,FALSE
"Co",2621,TRUE,30.3403361344538,374.524699383204,0.564042600879665,2.49396901264176,TRUE,TRUE
"Co",2622,TRUE,30.2130852340936,331.86041964988,0.530251929767556,-2.50297966006242,TRUE,TRUE
"Co",2623,TRUE,30.2767106842737,324.056084304951,0.523714461303867,3.06102447835609,TRUE,FALSE
"Co",2624,TRUE,30.2448979591837,348.684798271393,0.544285858146248,-2.90091082205883,TRUE,TRUE
"Co",2625,TRUE,30.2130852340936,316.049253688753,0.517583641629177,-2.50346048198516,TRUE,FALSE
"Co",2626,TRUE,30.3085234093637,313.065308815136,0.513374959562321,2.81737241345391,TRUE,FALSE
"Co",2627,TRUE,30.2130852340936,277.75438845531,0.482544723874268,-2.58657183832013,TRUE,FALSE
"Co",2628,TRUE,30.2130852340936,312.382034215825,0.513324373844364,-2.57478662158714,TRUE,FALSE
"Co",2629,TRUE,30.2448979591837,351.753535093736,0.547679870670026,-2.92781117562657,TRUE,TRUE
"Co",2630,TRUE,30.1494597839136,337.658544399277,0.536106547788447,-1.88312643324204,TRUE,TRUE
"Co",2631,TRUE,30.2448979591837,318.449576884852,0.518388513999646,-2.83629038004451,TRUE,FALSE
"Co",2632,TRUE,30.2767106842737,370.31261718035,0.561975759163566,3.08074384197046,TRUE,TRUE
"Co",2633,TRUE,30.3403361344538,315.887662444753,0.514974335519434,2.42455444842635,TRUE,FALSE
"Co",2634,TRUE,30.1812725090036,319.165782561141,0.519117814522392,-2.27757684957661,TRUE,FALSE
"Co",2635,TRUE,30.1812725090036,285.995893988485,0.490796206767874,-2.24649192931633,TRUE,FALSE
"Co",2636,TRUE,30.3085234093637,276.269803777692,0.480542010315644,2.83875153375067,TRUE,FALSE
"Co",2637,TRUE,30.3403361344538,308.58277939514,0.511225859420982,2.37781342471351,TRUE,FALSE
"Co",2638,TRUE,30.0222088835534,421.464859892604,0.602977088729976,-0.622439675626503,TRUE,TRUE
"Co",2639,TRUE,30.2767106842737,298.855153075497,0.501155010338925,-3.10300044797207,TRUE,FALSE
"Co",2640,TRUE,30.2130852340936,335.18600409524,0.531114319416719,-2.50755751497516,TRUE,TRUE
"Co",2641,TRUE,30.3721488595438,344.050259215274,0.539210416718795,2.17929554393293,TRUE,TRUE
"Co",2642,TRUE,30.3721488595438,325.772622895784,0.523411750005171,2.23483639562411,TRUE,FALSE
"Co",2643,TRUE,30.1176470588235,310.221650992565,0.511436769253285,-1.56982816533338,TRUE,FALSE
"Co",2644,TRUE,30.1494597839136,326.89860633451,0.527487466370289,-1.88539601366588,TRUE,FALSE
"Co",2645,TRUE,30.3085234093637,291.263482464985,0.494702712874307,2.76737482571506,TRUE,FALSE
"Co",2646,TRUE,30.2767106842737,272.984080817951,0.478511936949982,3.10105744516399,TRUE,FALSE
"Co",2647,TRUE,30.2448979591837,330.668758778337,0.528963820254631,-2.90436034991062,TRUE,TRUE
"Co",2648,TRUE,30.1812725090036,370.747962760794,0.561558693502289,-2.19221074823396,TRUE,TRUE
"Co",2649,TRUE,30.3403361344538,307.450359528908,0.508313914015133,2.54364153355673,TRUE,FALSE
"Co",2650,TRUE,30.2448979591837,301.719316561013,0.5042272645247,-2.85097475548065,TRUE,FALSE
"Co",2651,TRUE,30.2767106842737,323.556649793627,0.522564573914385,3.09266416453258,TRUE,FALSE
"Co",2652,TRUE,30.2448979591837,341.760006357578,0.538251480008152,-2.87055758364283,TRUE,TRUE
"Co",2653,TRUE,30.1812725090036,395.411609095514,0.583006061253647,-2.30771018629681,TRUE,TRUE
"Co",2654,TRUE,30.1494597839136,350.015660566628,0.546381310869069,-1.97974690049762,TRUE,TRUE
"Co",2655,TRUE,30.2448979591837,258.480259006398,0.465226905206176,-2.87734106363621,TRUE,FALSE
"Co",2656,TRUE,30.2448979591837,337.692860384265,0.534223262836588,-2.85601164043284,TRUE,TRUE
"Co",2657,TRUE,30.2767106842737,388.610463647028,0.575865672141382,3.11533707779064,TRUE,TRUE
"Co",2658,TRUE,30.2130852340936,353.248409026743,0.54868282768724,-2.63340831621371,TRUE,TRUE
"Co",2659,TRUE,30.2767106842737,309.160907968986,0.509764160486584,-3.12967606607603,TRUE,FALSE
"Co",2660,TRUE,30.2130852340936,390.804972334016,0.57706151751944,-2.42055381331839,TRUE,TRUE
"Co",2661,TRUE,30.1494597839136,315.506554497037,0.51643776828742,-1.95738940236702,TRUE,FALSE
"Co",2662,TRUE,30.1494597839136,391.28988332781,0.578136178868487,-1.94403668881322,TRUE,TRUE
"Co",2663,TRUE,30.1812725090036,297.445697022339,0.500551516514723,-2.18051254893457,TRUE,FALSE
"Co",2664,TRUE,30.2448979591837,359.893453400539,0.553685970295753,-2.96677035563161,TRUE,TRUE
"Co",2665,TRUE,30.3403361344538,340.646241155815,0.536428603038457,2.5053776364892,TRUE,TRUE
"Co",2666,TRUE,30.1494597839136,311.273396578203,0.51271354893291,-1.88804553821502,TRUE,FALSE
"Co",2667,TRUE,30.4039615846339,332.197376538126,0.528183355286346,1.84143357029146,TRUE,TRUE
"Co",2668,TRUE,30.1494597839136,347.641985345023,0.543725465369793,-1.91023358316931,TRUE,TRUE
"Co",2669,TRUE,30.1812725090036,298.791919319091,0.501931500436971,-2.21492121261328,TRUE,FALSE
"Co",2670,TRUE,30.3403361344538,310.02442825565,0.511121881804946,2.41686769274629,TRUE,FALSE
"Co",2671,TRUE,30.2130852340936,358.022553198192,0.551100133004139,-2.54481742031892,TRUE,TRUE
"Co",2672,TRUE,30.2767106842737,346.61998686276,0.542171256353424,3.03458546454976,TRUE,TRUE
"Co",2673,TRUE,30.1176470588235,288.02757212517,0.492424678085585,-1.5765111823407,TRUE,FALSE
"Co",2674,TRUE,30.1176470588235,292.621553446771,0.497459351655694,-1.65114086096534,TRUE,FALSE
"Co",2675,TRUE,30.2448979591837,335.050215371445,0.533843334043719,-2.88740019834445,TRUE,TRUE
"Co",2676,TRUE,30.2448979591837,316.372315560281,0.516439724230409,-2.91275016766467,TRUE,FALSE
"Co",2677,TRUE,30.1494597839136,299.431600769931,0.502641419059256,-1.88904690708144,TRUE,FALSE
"Co",2678,TRUE,30.3403361344538,332.516923102984,0.529383711936006,2.48619386670288,TRUE,TRUE
"Co",2679,TRUE,30.1812725090036,373.579066493785,0.56587901184789,-2.16082309170118,TRUE,TRUE
"Co",2680,TRUE,30.1812725090036,364.448149935408,0.557491422573393,-2.21993162088429,TRUE,TRUE
"Co",2681,TRUE,30.1494597839136,389.2993167768,0.576037784376573,-1.76551192227807,TRUE,TRUE
"Co",2682,TRUE,30.1494597839136,339.777941863776,0.537715782508587,-1.85773521818722,TRUE,TRUE
"Co",2683,TRUE,30.2448979591837,300.77409605167,0.504276646023948,-2.85544031642889,TRUE,FALSE
"Co",2684,TRUE,30.0540216086435,388.957304076682,0.578150286586063,-0.996139187354909,TRUE,TRUE
"Co",2685,TRUE,30.2767106842737,296.233939159563,0.499430887359616,3.03479414108202,TRUE,FALSE
"Co",2686,TRUE,30.3721488595438,277.631439479606,0.482447415121502,2.15480902424327,TRUE,FALSE
"Co",2687,TRUE,30.3085234093637,345.86310598553,0.540427603671483,2.79926911917914,TRUE,TRUE
"Co",2688,TRUE,30.2767106842737,359.366222052186,0.553297264502323,3.07311416764803,TRUE,TRUE
"Co",2689,TRUE,30.1812725090036,363.74186532336,0.556300890624089,-2.22451974439908,TRUE,TRUE
"Co",2690,TRUE,30.2448979591837,383.629254273091,0.57206025319233,-2.83945807976178,TRUE,TRUE
"Co",2691,TRUE,30.3403361344538,331.684256058644,0.527834659958499,2.438386437606,TRUE,TRUE
"Co",2692,TRUE,30.1812725090036,315.156475209591,0.516723486229289,-2.26095367220309,TRUE,FALSE
"Co",2693,TRUE,30.0858343337335,301.992958043233,0.50579237500667,-1.30846845763328,TRUE,FALSE
"Co",2694,TRUE,30.2448979591837,356.174963561364,0.550645321881996,-2.87848858134359,TRUE,TRUE
"Co",2695,TRUE,30.1812725090036,341.262201747433,0.537372047017588,-2.20003547790517,TRUE,TRUE
"Co",2696,TRUE,30.2130852340936,324.019933887588,0.523784473920363,-2.48648062871228,TRUE,FALSE
"Co",2697,TRUE,30.3085234093637,286.591286515493,0.490460491476907,2.75850309674163,TRUE,FALSE
"Co",2698,TRUE,30.3403361344538,321.936010739137,0.520760221040985,2.46192176182397,TRUE,FALSE
"Co",2699,TRUE,30.2130852340936,302.432379257694,0.50500961158788,-2.56315551570732,TRUE,FALSE
"Co",2700,TRUE,30.1494597839136,343.049825582659,0.541116744559195,-1.96709158547433,TRUE,TRUE
"Co",2701,TRUE,30.3721488595438,346.602621781484,0.54152591234149,2.19104621496466,TRUE,TRUE
"Co",2702,TRUE,30.1176470588235,306.893025478953,0.509294661974899,-1.57411605859813,TRUE,FALSE
"Co",2703,TRUE,30.3403361344538,316.11050940883,0.515052550147792,2.42563484832368,TRUE,FALSE
"Co",2704,TRUE,30.1812725090036,343.277522949722,0.540597463551415,-2.23639272606629,TRUE,TRUE
"Co",2705,TRUE,30.2130852340936,289.924963641338,0.494191795052319,-2.47910376179551,TRUE,FALSE
"Co",2706,TRUE,30.1494597839136,315.936346023792,0.516874978570553,-1.9421326504051,TRUE,FALSE
"Co",2707,TRUE,30.1812725090036,411.070603146344,0.593529312113744,-2.21697890229391,TRUE,TRUE
"Co",2708,TRUE,30.2448979591837,251.026541849792,0.458203833346732,-2.8734742037575,TRUE,FALSE
"Co",2709,TRUE,30.1494597839136,308.347568983818,0.511842308835715,-1.9926243007366,TRUE,FALSE
"Co",2710,TRUE,30.2130852340936,321.694676534612,0.521413618430531,-2.48249221501909,TRUE,FALSE
"Co",2711,TRUE,30.2448979591837,383.000626832159,0.572319483555538,-2.86153615974718,TRUE,TRUE
"Co",2712,TRUE,30.1176470588235,389.585594685696,0.578627431813237,-1.58809878997354,TRUE,TRUE
"Co",2713,TRUE,30.3085234093637,309.97734423568,0.511293277082099,2.71765454708113,TRUE,FALSE
"Co",2714,TRUE,30.3085234093637,306.655406874952,0.508129425403027,2.72501774032729,TRUE,FALSE
"Co",2715,TRUE,30.3085234093637,305.024167116006,0.505734874865524,2.83221638871892,TRUE,FALSE
"Co",2716,TRUE,30.3721488595438,364.463257997973,0.556117465571233,2.12784698781486,TRUE,TRUE
"Co",2717,TRUE,30.2767106842737,334.692361312223,0.532297588935993,3.10555175464185,TRUE,TRUE
"Co",2718,TRUE,30.2448979591837,328.322641003968,0.526826038838482,-2.87730490225809,TRUE,TRUE
"Co",2719,TRUE,30.3721488595438,300.086096358435,0.503558903785397,1.99322173511694,TRUE,FALSE
"Co",2720,TRUE,30.3085234093637,329.141142275651,0.526251170040917,2.75208270961411,TRUE,TRUE
"Co",2721,TRUE,30.3085234093637,316.552327916276,0.517099526442986,2.7758094853138,TRUE,FALSE
"Co",2722,TRUE,30.2448979591837,296.73449787636,0.499112857746868,-2.82823223524533,TRUE,FALSE
"Co",2723,TRUE,30.3403361344538,294.341367506423,0.49748238314394,2.42496626430702,TRUE,FALSE
"Co",2724,TRUE,30.1176470588235,338.096577736448,0.536399225454031,-1.57259729902153,TRUE,TRUE
"Co",2725,TRUE,30.1494597839136,335.532113681751,0.535080689296055,-1.98340206399205,TRUE,TRUE
"Co",2726,TRUE,30.3085234093637,341.522527629913,0.537173398013574,2.82190214517542,TRUE,TRUE
"Co",2727,TRUE,30.1812725090036,345.159400804726,0.540346100992869,-2.18657332169867,TRUE,TRUE
"Co",2728,TRUE,30.2448979591837,348.728472686993,0.54556672631074,-2.9873690123273,TRUE,TRUE
"Co",2729,TRUE,30.1494597839136,300.952647756627,0.504099576103932,-1.89535387271381,TRUE,FALSE
"Co",2730,TRUE,30.4357743097239,306.217357573363,0.505302541846312,1.56925496072069,TRUE,FALSE
"Co",2731,TRUE,30.2130852340936,341.587802123015,0.538115691084155,-2.55846085492696,TRUE,TRUE
"Co",2732,TRUE,30.2767106842737,311.454437728935,0.512535997563761,3.07665221571773,TRUE,FALSE
"Co",2733,TRUE,30.3721488595438,289.775260057781,0.493148612624341,2.05600857091207,TRUE,FALSE
"Co",2734,TRUE,30.3085234093637,309.306452474472,0.510355816856708,2.77849221658622,TRUE,FALSE
"Co",2735,TRUE,30.0540216086435,323.406948813285,0.523825656454588,-0.969899396115175,TRUE,FALSE
"Co",2736,TRUE,30.1812725090036,292.180109801515,0.495696394871081,-2.17301334900954,TRUE,FALSE
"Co",2737,TRUE,30.2767106842737,312.159094156507,0.512631349561525,-3.13436153362195,TRUE,FALSE
"Co",2738,TRUE,30.3403361344538,273.267154260614,0.47861256586474,2.38225314315973,TRUE,FALSE
"Co",2739,TRUE,30.1494597839136,262.802990993804,0.469883992335755,-1.9315536270902,TRUE,FALSE
"Co",2740,TRUE,30.3085234093637,289.261747160241,0.492633701606532,2.7806078138847,TRUE,FALSE
"Co",2741,TRUE,30.1812725090036,314.114035379139,0.51462839962934,-2.20213446485198,TRUE,FALSE
"Co",2742,TRUE,30.2767106842737,327.162211060518,0.525314853182041,3.06937620864905,TRUE,TRUE
"Co",2743,TRUE,30.3721488595438,355.39803262482,0.547233890388736,2.15286762869601,TRUE,TRUE
"Co",2744,TRUE,30.3403361344538,371.643119564777,0.561583718486551,2.44707057938759,TRUE,TRUE
"Co",2745,TRUE,30.2448979591837,286.830865466477,0.490824950734237,-2.87760905120703,TRUE,FALSE
"Co",2746,TRUE,30.2767106842737,348.967158299904,0.542901612685544,-3.10711526503321,TRUE,TRUE
"Co",2747,TRUE,30.2130852340936,317.812018795466,0.517626994176451,-2.55692354077039,TRUE,FALSE
"Co",2748,TRUE,30.3085234093637,295.887289282258,0.497825705916631,2.7482280153657,TRUE,FALSE
"Co",2749,TRUE,30.1812725090036,337.94014972246,0.536622979250291,-2.28233899210093,TRUE,TRUE
"Co",2750,TRUE,30.2448979591837,276.897088463121,0.48114355032797,-2.78965657366448,TRUE,FALSE
"Co",2751,TRUE,30.3721488595438,368.785634012663,0.559383076468052,2.12155428345498,TRUE,TRUE
"Co",2752,TRUE,30.2130852340936,301.269488228244,0.504563394052213,-2.55497663751787,TRUE,FALSE
"Co",2753,TRUE,30.2130852340936,295.092980085419,0.499078274489774,-2.65117415047052,TRUE,FALSE
"Co",2754,TRUE,30.3085234093637,248.106483128388,0.455491970414742,2.73813430494443,TRUE,FALSE
"Co",2755,TRUE,30.3085234093637,273.430624772868,0.478614116594364,2.77692073118962,TRUE,FALSE
"Co",2756,TRUE,30.0540216086435,287.128493824226,0.492395048262315,-0.993516690566078,TRUE,FALSE
"Co",2757,TRUE,30.2448979591837,312.062022651776,0.514026986494667,-2.85396772541245,TRUE,FALSE
"Co",2758,TRUE,30.3085234093637,343.821880614045,0.539154644728928,2.83211677644007,TRUE,TRUE
"Co",2759,TRUE,30.2767106842737,402.112380622927,0.586127188073509,3.1187909912983,TRUE,TRUE
"Co",2760,TRUE,30.2130852340936,326.053937432994,0.525457493097498,-2.46268687887208,TRUE,FALSE
"Co",2761,TRUE,30.2448979591837,380.653527872928,0.571133638983049,-2.89214049665358,TRUE,TRUE
"Co",2762,TRUE,30.0858343337335,306.519949993919,0.509727880352658,-1.23303580441945,TRUE,FALSE
"Co",2763,TRUE,30.0858343337335,372.932487221475,0.564673410896834,-1.30356748791789,TRUE,TRUE
"Co",2764,TRUE,30.1494597839136,295.482804196266,0.497841976894976,-1.82478293527641,TRUE,FALSE
"Co",2765,TRUE,30.3403361344538,321.091473938199,0.519800335049197,2.49782616027842,TRUE,FALSE
"Co",2766,TRUE,30.0540216086435,337.486146932911,0.535497508081657,-0.966083091440607,TRUE,TRUE
"Co",2767,TRUE,30.2448979591837,332.384872105049,0.531117545859679,-2.90942045513015,TRUE,TRUE
"Co",2768,TRUE,30.3721488595438,366.045445443857,0.556608872901338,2.07022954635393,TRUE,TRUE
"Co",2769,TRUE,30.3403361344538,314.775377027742,0.515150150162548,2.392493259887,TRUE,FALSE
"Co",2770,TRUE,30.2130852340936,319.322355654093,0.518704987541391,-2.55462801835005,TRUE,FALSE
"Co",2771,TRUE,30.0858343337335,335.286420552771,0.533921018781087,-1.27376394460774,TRUE,TRUE
"Co",2772,TRUE,30.2130852340936,403.429503713396,0.588186271215739,-2.59484648789715,TRUE,TRUE
"Co",2773,TRUE,30.1812725090036,340.295698994237,0.537949962920949,-2.2783072906562,TRUE,TRUE
"Co",2774,TRUE,30.3721488595438,300.900412808514,0.502252982526548,2.21940486523315,TRUE,FALSE
"Co",2775,TRUE,30.2448979591837,296.750659313441,0.499036826527613,-2.83837323137284,TRUE,FALSE
"Co",2776,TRUE,30.1812725090036,352.374435694179,0.547164313417455,-2.19688749646879,TRUE,TRUE
"Co",2777,TRUE,30.2448979591837,316.320583245138,0.515708093011674,-2.82609197340674,TRUE,FALSE
"Co",2778,TRUE,30.2448979591837,328.963770466051,0.528931846900261,-2.94122648245784,TRUE,TRUE
"Co",2779,TRUE,30.2767106842737,338.641536776856,0.536400058518524,3.0920800700208,TRUE,TRUE
"Co",2780,TRUE,30.1812725090036,311.584532025454,0.512595486569666,-2.23191792691854,TRUE,FALSE
"Co",2781,TRUE,30.2130852340936,323.845132895385,0.523675824118623,-2.56603444805036,TRUE,FALSE
"Co",2782,TRUE,30.2130852340936,355.356914751369,0.550346696191047,-2.58976130062719,TRUE,TRUE
"Co",2783,TRUE,30.2448979591837,287.201350699719,0.492413089787476,-2.97381842908863,TRUE,FALSE
"Co",2784,TRUE,30.3403361344538,393.917897746474,0.580028562234806,2.39547558983999,TRUE,TRUE
"Co",2785,TRUE,30.3721488595438,316.636210113421,0.516439301779661,2.15654890234535,TRUE,FALSE
"Co",2786,TRUE,30.499399759904,272.873911775249,0.477420368744176,0.805150849738128,TRUE,FALSE
"Co",2787,TRUE,30.3085234093637,370.257539211481,0.562920437855119,2.77607387108747,TRUE,TRUE
"Co",2788,TRUE,30.2448979591837,305.171834613965,0.506506151308679,-2.82457428187097,TRUE,FALSE
"Co",2789,TRUE,30.1812725090036,370.65189589592,0.563884323379236,-2.29362658237934,TRUE,TRUE
"Co",2790,TRUE,30.2767106842737,321.391225175443,0.520065432129749,3.10869391998034,TRUE,FALSE
"Co",2791,TRUE,30.3085234093637,329.933537635212,0.52686068286633,2.83864335020914,TRUE,TRUE
"Co",2792,TRUE,30.1494597839136,349.765783153531,0.547373642825417,-1.95338132688888,TRUE,TRUE
"Co",2793,TRUE,30.3085234093637,331.315605040716,0.530362732295217,2.71103568934445,TRUE,TRUE
"Co",2794,TRUE,30.2130852340936,340.179375952255,0.536185962762723,-2.53611566992836,TRUE,TRUE
"Co",2795,TRUE,30.2767106842737,268.900216955949,0.474326378304874,3.07249054224259,TRUE,FALSE
"Co",2796,TRUE,30.1494597839136,369.412007046793,0.562163603254203,-1.9168403191293,TRUE,TRUE
"Co",2797,TRUE,30.3085234093637,362.104253960909,0.553821935751268,2.74523116686012,TRUE,TRUE
"Co",2798,TRUE,30.2130852340936,313.033846551184,0.513863279863267,-2.54433015815375,TRUE,FALSE
"Co",2799,TRUE,30.2448979591837,341.611405022347,0.538548376400147,-2.91999710139191,TRUE,TRUE
"Co",2800,TRUE,30.1176470588235,329.428637718081,0.52894054889124,-1.63039618669722,TRUE,TRUE
"Co",2801,TRUE,30.2767106842737,398.684414007206,0.581784249365333,-3.03630951565945,TRUE,TRUE
"Co",2802,TRUE,30.2767106842737,319.279898924152,0.518531287764168,3.03220096975038,TRUE,FALSE
"Co",2803,TRUE,30.2448979591837,326.285495960731,0.526209731158158,-2.89584128469441,TRUE,FALSE
"Co",2804,TRUE,30.1812725090036,395.974376531665,0.582050555855421,-2.27116921813095,TRUE,TRUE
"Co",2805,TRUE,30.2767106842737,332.626392163213,0.531107052988021,3.06950154194252,TRUE,TRUE
"Co",2806,TRUE,30.4357743097239,335.426895918914,0.532935630863476,1.50421018253696,TRUE,TRUE
"Co",2807,TRUE,30.1494597839136,333.584662813733,0.533126006714145,-1.9669036122871,TRUE,TRUE
"Co",2808,TRUE,30.3085234093637,313.367624198952,0.513064264022899,2.72936669043723,TRUE,FALSE
"Co",2809,TRUE,30.1176470588235,330.789969304104,0.530929679636547,-1.67079957815051,TRUE,TRUE
"Co",2810,TRUE,30.2767106842737,304.771018827024,0.506156535261206,3.07476349512002,TRUE,FALSE
"Co",2811,TRUE,30.2448979591837,345.020331141758,0.54159633267755,-2.92611611565671,TRUE,TRUE
"Co",2812,TRUE,30.3085234093637,355.969200785584,0.549833426057617,2.77482301795533,TRUE,TRUE
"Co",2813,TRUE,30.2130852340936,369.459220152754,0.562621974673748,-2.63124334086802,TRUE,TRUE
"Co",2814,TRUE,30.2767106842737,303.570207280725,0.505570042143635,3.07743921585745,TRUE,FALSE
"Co",2815,TRUE,30.3403361344538,301.631676727319,0.503816022854669,2.40633726968465,TRUE,FALSE
"Co",2816,TRUE,30.1494597839136,357.747694611128,0.553124805303503,-1.90463472068366,TRUE,TRUE
"Co",2817,TRUE,30.1812725090036,284.299150170222,0.488163743538275,-2.27667527657912,TRUE,FALSE
"Co",2818,TRUE,30.1812725090036,345.745544810109,0.541275151014151,-2.23421235402227,TRUE,TRUE
"Co",2819,TRUE,29.9903961584634,271.335997097468,0.479396949883577,-0.398155732419485,TRUE,FALSE
"Co",2820,TRUE,30.3403361344538,342.184351578426,0.537501949917452,2.49415846938557,TRUE,TRUE
"Co",2821,TRUE,30.3403361344538,315.220485461547,0.515395956310683,2.41953176124695,TRUE,FALSE
"Co",2822,TRUE,30.1812725090036,376.271006428095,0.568624972102417,-2.29431791253588,TRUE,TRUE
"Co",2823,TRUE,30.0540216086435,341.053364228216,0.539720927765238,-1.04555942960042,TRUE,TRUE
"Co",2824,TRUE,30.2767106842737,307.571541279071,0.508764138764685,3.09921956795348,TRUE,FALSE
"Co",2825,TRUE,30.2448979591837,277.103407948122,0.481538365043045,-2.83912485470989,TRUE,FALSE
"Co",2826,TRUE,30.3721488595438,336.51210902764,0.532734514144873,2.12176808420116,TRUE,TRUE
"Co",2827,TRUE,30.1812725090036,356.962769120115,0.55070640124603,-2.17339210123696,TRUE,TRUE
"Co",2828,TRUE,30.2448979591837,320.521392970293,0.519749300621915,-2.8261899825186,TRUE,FALSE
"Co",2829,TRUE,30.1812725090036,343.075734624869,0.539419104895576,-2.13945838525649,TRUE,TRUE
"Co",2830,TRUE,30.3085234093637,289.124026585311,0.494005540486057,2.7267734289408,TRUE,FALSE
"Co",2831,TRUE,30.2130852340936,377.710331213663,0.56771135914228,-2.4869396219259,TRUE,TRUE
"Co",2832,TRUE,30.2448979591837,321.733842281874,0.520960130458559,-2.81716152742725,TRUE,FALSE
"Co",2833,TRUE,30.3085234093637,320.706575434617,0.520341970903083,2.83754704159116,TRUE,FALSE
"Co",2834,TRUE,30.1812725090036,307.613477352023,0.509486388911111,-2.18202752105073,TRUE,FALSE
"Co",2835,TRUE,30.2130852340936,314.220429956497,0.515732712764037,-2.49534128246987,TRUE,FALSE
"Co",2836,TRUE,30.1494597839136,315.520847173086,0.515504491031577,-1.84386822502535,TRUE,FALSE
"Co",2837,TRUE,30.2130852340936,287.017735372048,0.492055336988916,-2.61561660194251,TRUE,FALSE
"Co",2838,TRUE,30.1494597839136,281.860679662254,0.488288274055656,-2.02818700612994,TRUE,FALSE
"Co",2839,TRUE,30.2767106842737,340.960273714724,0.538345963219412,2.9778260176753,TRUE,TRUE
"Co",2840,TRUE,30.4039615846339,344.797127867407,0.539549707989566,1.82417634378974,TRUE,TRUE
"Co",2841,TRUE,30.1494597839136,345.487159095217,0.541148606589386,-1.8917993390137,TRUE,TRUE
"Co",2842,TRUE,30.1812725090036,318.931466278471,0.519470148533463,-2.30813488963461,TRUE,FALSE
"Co",2843,TRUE,30.2448979591837,334.437187707008,0.531566978815736,-2.84966421523541,TRUE,TRUE
"Co",2844,TRUE,30.3085234093637,318.397654572065,0.518200607178815,2.73758919291871,TRUE,FALSE
"Co",2845,TRUE,30.2767106842737,338.203535934574,0.535761454008097,3.05425311971119,TRUE,TRUE
"Co",2846,TRUE,30.2448979591837,374.95064763918,0.564677467303987,-2.77545688094637,TRUE,TRUE
"Co",2847,TRUE,30.2130852340936,342.786336087655,0.540729601611335,-2.54903685701828,TRUE,TRUE
"Co",2848,TRUE,30.4039615846339,316.317001216555,0.516293259762819,1.74043229832501,TRUE,FALSE
"Co",2849,TRUE,30.2130852340936,301.054483744829,0.503494010732589,-2.5518826377936,TRUE,FALSE
"Co",2850,TRUE,30.3085234093637,322.437633456875,0.521234521086639,2.81750584026375,TRUE,FALSE
"Co",2851,TRUE,30.3403361344538,325.716806308405,0.523565011319482,2.43326426636836,TRUE,FALSE
"Co",2852,TRUE,30.2130852340936,323.696269169032,0.522887804093341,-2.46971065636829,TRUE,FALSE
"Co",2853,TRUE,30.3403361344538,336.939143614069,0.53374103654207,2.44855906859268,TRUE,TRUE
"Co",2854,TRUE,30.2767106842737,285.232840284502,0.488335478603944,-3.12321216132115,TRUE,FALSE
"Co",2855,TRUE,30.2448979591837,318.618870437346,0.518732862034198,-2.81616948204311,TRUE,FALSE
"Co",2856,TRUE,30.2767106842737,342.331019952838,0.538999746223494,3.11221459993597,TRUE,TRUE
"Co",2857,TRUE,30.2130852340936,364.308407069881,0.557348610885784,-2.53851579460772,TRUE,TRUE
"Co",2858,TRUE,30.3085234093637,324.695787674744,0.523465496411131,2.76601008831899,TRUE,FALSE
"Co",2859,TRUE,30.1812725090036,338.921523483109,0.536483173957824,-2.23594561014061,TRUE,TRUE
"Co",2860,TRUE,30.3085234093637,299.035536777265,0.502140740984929,2.69585880827738,TRUE,FALSE
"Co",2861,TRUE,30.1494597839136,380.365789633037,0.571084853878706,-1.95092734330206,TRUE,TRUE
"Co",2862,TRUE,30.2130852340936,270.408733503592,0.476509678175773,-2.51265963219461,TRUE,FALSE
"Co",2863,TRUE,30.1812725090036,348.712254850192,0.545209626648023,-2.33585492885406,TRUE,TRUE
"Co",2864,TRUE,30.1494597839136,389.776096016509,0.577482521287047,-1.91366246604347,TRUE,TRUE
"Co",2865,TRUE,30.0858343337335,328.402176108158,0.528984007953348,-1.28838438839327,TRUE,TRUE
"Co",2866,TRUE,30.2448979591837,308.263522681962,0.509450457590862,-2.75828789853505,TRUE,FALSE
"Co",2867,TRUE,30.2448979591837,309.159225375087,0.511403217655401,-2.92966570610225,TRUE,FALSE
"Co",2868,TRUE,30.2767106842737,310.197389890767,0.512346299831463,3.01581156416837,TRUE,FALSE
"Co",2869,TRUE,30.2130852340936,338.565182647471,0.536730437610049,-2.57051202085791,TRUE,TRUE
"Co",2870,TRUE,30.4357743097239,250.769457067128,0.457187826648411,1.43473813320957,TRUE,FALSE
"Co",2871,TRUE,30.3085234093637,316.838864299947,0.516902876213963,2.72881750876372,TRUE,FALSE
"Co",2872,TRUE,30.2448979591837,333.483897821479,0.529767824051746,-2.78397418743231,TRUE,TRUE
"Co",2873,TRUE,30.2448979591837,304.046097726994,0.506743965893122,-2.9318598879983,TRUE,FALSE
"Co",2874,TRUE,30.3085234093637,299.257230104652,0.501143988511909,2.76553646613666,TRUE,FALSE
"Co",2875,TRUE,30.2448979591837,322.16012596037,0.522167369547327,-2.84607876835855,TRUE,FALSE
"Co",2876,TRUE,30.4039615846339,326.341655467651,0.524183444975358,1.78540195758964,TRUE,FALSE
"Co",2877,TRUE,30.1494597839136,333.672635834632,0.530637064614271,-1.86850991392366,TRUE,TRUE
"Co",2878,TRUE,30.1812725090036,385.054330011385,0.573459245611054,-2.23640021346577,TRUE,TRUE
"Co",2879,TRUE,30.2448979591837,291.080258044486,0.493714095477561,-2.84422068967725,TRUE,FALSE
"Co",2880,TRUE,30.3403361344538,295.384010036302,0.498361891995643,2.4046541991831,TRUE,FALSE
"Co",2881,TRUE,30.2130852340936,333.476829102652,0.531635543972551,-2.66661176519647,TRUE,TRUE
"Co",2882,TRUE,30.3085234093637,282.515795393656,0.486784419953492,2.75974183293451,TRUE,FALSE
"Co",2883,TRUE,30.2130852340936,281.75982510528,0.4862191728746,-2.5153766408085,TRUE,FALSE
"Co",2884,TRUE,30.1812725090036,292.614207105395,0.496428645687795,-2.26740610096356,TRUE,FALSE
"Co",2885,TRUE,30.2767106842737,397.385636378611,0.582765379474288,3.03992469987319,TRUE,TRUE
"Co",2886,TRUE,30.1812725090036,352.292428252053,0.547221788935044,-2.22659813133604,TRUE,TRUE
"Co",2887,TRUE,30.3085234093637,373.955452403926,0.563868589808205,2.83245628677071,TRUE,TRUE
"Co",2888,TRUE,30.2448979591837,353.451667675478,0.548835016953803,-2.84320877684142,TRUE,TRUE
"Co",2889,TRUE,30.2767106842737,386.27383149806,0.573328253635475,3.12172536834029,TRUE,TRUE
"Co",2890,TRUE,30.1494597839136,379.944310929298,0.569851285496422,-1.91184724606475,TRUE,TRUE
"Co",2891,TRUE,30.3721488595438,341.563759025332,0.537757745877107,2.06313240628917,TRUE,TRUE
"Co",2892,TRUE,30.1494597839136,339.868226443975,0.537698768306859,-1.85964829598266,TRUE,TRUE
"Co",2893,TRUE,30.0858343337335,413.818907102343,0.598156377417179,-1.25644667302785,TRUE,TRUE
"Co",2894,TRUE,30.2130852340936,400.609783641234,0.585452714445757,-2.53910878636005,TRUE,TRUE
"Co",2895,TRUE,30.3085234093637,332.815124088685,0.530474667375093,2.82428406743785,TRUE,TRUE
"Co",2896,TRUE,30.3721488595438,265.88706261274,0.471975363981727,2.09011569852963,TRUE,FALSE
"Co",2897,TRUE,30.2767106842737,321.322894073067,0.52132883525497,3.05006470598692,TRUE,FALSE
"Co",2898,TRUE,30.2767106842737,330.900096662335,0.528934604889092,-3.13511697380961,TRUE,TRUE
"Co",2899,TRUE,30.4039615846339,297.995059841229,0.500139542684178,1.83663036463253,TRUE,FALSE
"Co",2900,TRUE,30.2130852340936,355.453001568235,0.549803236715917,-2.58986292508524,TRUE,TRUE
"Co",2901,TRUE,30.3721488595438,336.486260656373,0.533454713743653,2.11753016124428,TRUE,TRUE
"Co",2902,TRUE,30.3403361344538,275.642901642722,0.479942943226573,2.45101306649899,TRUE,FALSE
"Co",2903,TRUE,30.1494597839136,279.774607970031,0.485333169314646,-1.94089615291079,TRUE,FALSE
"Co",2904,TRUE,30.3403361344538,290.829007432438,0.493845855192948,2.44156606857884,TRUE,FALSE
"Co",2905,TRUE,30.2448979591837,308.026614931434,0.509846738697661,-2.79087934172425,TRUE,FALSE
"Co",2906,TRUE,30.2448979591837,342.338029093682,0.539059372750763,-2.88051933736015,TRUE,TRUE
"Co",2907,TRUE,30.2448979591837,326.396903955561,0.525825184558571,-2.90351308636404,TRUE,FALSE
"Co",2908,TRUE,30.1812725090036,295.419839658973,0.500136869759751,-2.28757588595151,TRUE,FALSE
"Co",2909,TRUE,30.2767106842737,337.556287832213,0.533851167281313,3.08922646825979,TRUE,TRUE
"Co",2910,TRUE,30.3085234093637,355.978768913364,0.548615291278438,2.79700852776979,TRUE,TRUE
"Co",2911,TRUE,30.0540216086435,309.514465933495,0.512088669912619,-0.878029700740869,TRUE,FALSE
"Co",2912,TRUE,30.4039615846339,315.414559455186,0.514962919416613,1.76513548221799,TRUE,FALSE
"Co",2913,TRUE,30.0858343337335,331.577858465356,0.530387309088398,-1.31654756835418,TRUE,TRUE
"Co",2914,TRUE,30.2448979591837,382.631267457332,0.571184040649701,-2.83154823439181,TRUE,TRUE
"Co",2915,TRUE,30.3085234093637,366.054487238658,0.559272215805072,2.721865630646,TRUE,TRUE
"Co",2916,TRUE,30.3085234093637,313.480709153374,0.514031724178941,2.74721791668066,TRUE,FALSE
"Co",2917,TRUE,30.2767106842737,335.99506270568,0.534220035126657,3.13202835827721,TRUE,TRUE
"Co",2918,TRUE,30.2767106842737,292.164184392008,0.495393172669396,3.08592416397536,TRUE,FALSE
"Co",2919,TRUE,30.3403361344538,303.464831633713,0.505670436058363,2.42558362839582,TRUE,FALSE
"Co",2920,TRUE,30.4039615846339,317.584072078646,0.517124509702929,1.79137790542019,TRUE,FALSE
"Co",2921,TRUE,30.2448979591837,337.083493027863,0.533285040874622,-2.86581171420034,TRUE,TRUE
"Co",2922,TRUE,30.1494597839136,351.229915630185,0.547939545042085,-1.98397700475557,TRUE,TRUE
"Co",2923,TRUE,30.3085234093637,310.666441097139,0.509921362320244,2.81432594101657,TRUE,FALSE
"Co",2924,TRUE,30.1812725090036,288.117926413781,0.493334472030321,-2.21715399735486,TRUE,FALSE
"Co",2925,TRUE,30.1176470588235,311.526850834085,0.513046749324165,-1.54461198026508,TRUE,FALSE
"Co",2926,TRUE,30.499399759904,290.264188827903,0.492396722039551,0.813345656842755,TRUE,FALSE
"Co",2927,TRUE,30.3403361344538,298.56708779987,0.501109867614758,2.35040781392028,TRUE,FALSE
"Co",2928,TRUE,30.4357743097239,293.831577231713,0.495737166145831,1.49169722883185,TRUE,FALSE
"Co",2929,TRUE,30.3085234093637,287.771480901989,0.491686370342494,2.77698766577602,TRUE,FALSE
"Co",2930,TRUE,30.3721488595438,313.248265031568,0.513278896745119,2.07220965915951,TRUE,FALSE
"Co",2931,TRUE,30.2130852340936,237.147973807509,0.445374375841066,-2.62347839564228,TRUE,FALSE
"Co",2932,TRUE,30.1812725090036,389.236456244394,0.576203485110949,-2.20171016102863,TRUE,TRUE
"Co",2933,TRUE,30.3403361344538,306.61599329442,0.507301398152844,2.50592483119323,TRUE,FALSE
"Co",2934,TRUE,30.3721488595438,329.567756179618,0.526762404776531,2.12354773127092,TRUE,TRUE
"Co",2935,TRUE,30.0222088835534,342.623047926413,0.542785255848442,-0.672383697688627,TRUE,TRUE
"Co",2936,TRUE,30.2767106842737,316.598888753149,0.516518991416274,3.11156047030914,TRUE,FALSE
"Co",2937,TRUE,30.2448979591837,297.178639647711,0.501939990038568,-2.9259775898838,TRUE,FALSE
"Co",2938,TRUE,30.2767106842737,358.927861030677,0.551830714210398,3.089349743146,TRUE,TRUE
"Co",2939,TRUE,30.3085234093637,353.771262671913,0.548130853087759,2.74986986904997,TRUE,TRUE
"Co",2940,TRUE,30.3085234093637,313.644497605828,0.514410536690449,2.75843102792129,TRUE,FALSE
"Co",2941,TRUE,30.1176470588235,365.869956834079,0.561698015414385,-1.65270920548653,TRUE,TRUE
"Co",2942,TRUE,30.2130852340936,354.75529979806,0.549210974362816,-2.49880879185836,TRUE,TRUE
"Co",2943,TRUE,30.2448979591837,311.237285788403,0.511754268375964,-2.83684444472074,TRUE,FALSE
"Co",2944,TRUE,30.2130852340936,316.516479133104,0.517038304207035,-2.58674870909277,TRUE,FALSE
"Co",2945,TRUE,30.1812725090036,359.444784800651,0.552870290095752,-2.21618093882951,TRUE,TRUE
"Co",2946,TRUE,30.2767106842737,342.671644843208,0.539550681757721,3.03581247011572,TRUE,TRUE
"Co",2947,TRUE,30.0540216086435,287.510216698433,0.492951693913111,-0.958279255911221,TRUE,FALSE
"Co",2948,TRUE,30.1494597839136,350.178224350551,0.546521115458456,-1.93872064575511,TRUE,TRUE
"Co",2949,TRUE,30.2767106842737,344.259854043658,0.539925872613789,3.06142956397205,TRUE,TRUE
"Co",2950,TRUE,30.2448979591837,378.308422556585,0.569020469094962,-2.932882505538,TRUE,TRUE
"Co",2951,TRUE,30.2130852340936,260.495265039098,0.465923433243848,-2.46059189455494,TRUE,FALSE
"Co",2952,TRUE,30.3085234093637,263.512685445117,0.469854225317346,2.70783703962306,TRUE,FALSE
"Co",2953,TRUE,30.1494597839136,267.736505297797,0.473483286580305,-1.85819820518615,TRUE,FALSE
"Co",2954,TRUE,30.2448979591837,276.671086220211,0.48228390669595,-2.85058503671547,TRUE,FALSE
"Co",2955,TRUE,30.1812725090036,366.52563907043,0.558485815052157,-2.20361451831536,TRUE,TRUE
"Co",2956,TRUE,30.2448979591837,282.522319511824,0.486194988991822,-2.91061406485303,TRUE,FALSE
"Co",2957,TRUE,30.3721488595438,369.559021650182,0.562104868738754,2.10679151437574,TRUE,TRUE
"Co",2958,TRUE,30.2448979591837,252.140196873784,0.459398947728537,-2.80225746117483,TRUE,FALSE
"Co",2959,TRUE,30.2130852340936,348.332346400673,0.543528473102758,-2.52378477099832,TRUE,TRUE
"Co",2960,TRUE,30.2448979591837,297.810287322291,0.500099694259154,-2.82835880942383,TRUE,FALSE
"Co",2961,TRUE,30.1812725090036,294.732284490533,0.500164307262868,-2.22770504998676,TRUE,FALSE
"Co",2962,TRUE,30.1812725090036,343.901211142573,0.540537912693616,-2.18351964958644,TRUE,TRUE
"Co",2963,TRUE,30.3403361344538,246.056837467592,0.452850997526326,2.3557535021941,TRUE,FALSE
"Co",2964,TRUE,30.2767106842737,318.827200995959,0.518134110464561,3.14006532017059,TRUE,FALSE
"Co",2965,TRUE,30.2130852340936,321.353317371908,0.521706961374372,-2.49460735717497,TRUE,FALSE
"Co",2966,TRUE,30.1176470588235,283.781424285665,0.488341976923007,-1.44753982522583,TRUE,FALSE
"Co",2967,TRUE,30.2130852340936,287.506937582466,0.49244797831987,-2.6259058506554,TRUE,FALSE
"Co",2968,TRUE,30.2130852340936,339.541054799359,0.537024498695923,-2.49278255161369,TRUE,TRUE
"Co",2969,TRUE,30.1494597839136,320.170906937805,0.519942241976124,-1.8923670194751,TRUE,FALSE
"Co",2970,TRUE,30.1176470588235,283.39300290817,0.488759879982107,-1.48732452034527,TRUE,FALSE
"Co",2971,TRUE,30.3403361344538,274.921892148924,0.479613761256869,2.44565959065451,TRUE,FALSE
"Co",2972,TRUE,30.0858343337335,293.880569673171,0.498480799686343,-1.35912202792971,TRUE,FALSE
"Co",2973,TRUE,30.1494597839136,411.319074664405,0.596465486103936,-2.00738441098061,TRUE,TRUE
"Co",2974,TRUE,30.2767106842737,266.453310457743,0.472318824923875,3.06881501798457,TRUE,FALSE
"Co",2975,TRUE,30.2448979591837,364.864091300324,0.555726106275293,-2.82370897120356,TRUE,TRUE
"Co",2976,TRUE,30.3085234093637,306.001176077006,0.507751416376045,2.75554422766746,TRUE,FALSE
"Co",2977,TRUE,30.1494597839136,293.955084884396,0.497841904947589,-1.89228544849109,TRUE,FALSE
"Co",2978,TRUE,30.1812725090036,350.169194776401,0.546304056656413,-2.23264539930208,TRUE,TRUE
"Co",2979,TRUE,30.2767106842737,297.704827984603,0.500370053728586,3.11194681946546,TRUE,FALSE
"Co",2980,TRUE,30.1812725090036,317.306323187905,0.517759160319843,-2.27784307458463,TRUE,FALSE
"Co",2981,TRUE,30.2767106842737,334.662787700098,0.533269852637346,3.05324539819581,TRUE,TRUE
"Co",2982,TRUE,30.2130852340936,294.117187833826,0.497774674987358,-2.52889298158577,TRUE,FALSE
"Co",2983,TRUE,30.3403361344538,360.545480737045,0.553440489034078,2.43204861705404,TRUE,TRUE
"Co",2984,TRUE,30.1812725090036,253.369606917699,0.461047295626273,-2.24838512415558,TRUE,FALSE
"Co",2985,TRUE,30.4039615846339,287.100349961344,0.490196909257433,1.81348049170901,TRUE,FALSE
"Co",2986,TRUE,30.3721488595438,337.825399308832,0.534548933452427,2.08907301360708,TRUE,TRUE
"Co",2987,TRUE,30.1812725090036,351.541979642198,0.547423895992304,-2.26114383935895,TRUE,TRUE
"Co",2988,TRUE,30.3085234093637,325.366860836666,0.524616993644084,2.77563886510972,TRUE,FALSE
"Co",2989,TRUE,30.1812725090036,262.434792897499,0.469293180079126,-2.28860256664959,TRUE,FALSE
"Co",2990,TRUE,30.1494597839136,367.507631905631,0.561004361329178,-1.98855179007582,TRUE,TRUE
"Co",2991,TRUE,30.3403361344538,375.351911098219,0.564428405065436,2.54107775893273,TRUE,TRUE
"Co",2992,TRUE,30.2767106842737,232.15567844921,0.439788618245286,3.09252366755541,TRUE,FALSE
"Co",2993,TRUE,30.2767106842737,321.947622896645,0.521167567100844,3.0650430056028,TRUE,FALSE
"Co",2994,TRUE,30.2448979591837,282.166741670725,0.48720713094707,-2.95189928202104,TRUE,FALSE
"Co",2995,TRUE,30.3403361344538,281.809945739212,0.485695396712838,2.48965096291228,TRUE,FALSE
"Co",2996,TRUE,30.1812725090036,313.791051744816,0.515596629279473,-2.23418711141407,TRUE,FALSE
"Co",2997,TRUE,30.2767106842737,313.403406084035,0.514131879793644,3.06956624602671,TRUE,FALSE
"Co",2998,TRUE,30.1812725090036,318.279011324377,0.518775454762969,-2.25942761907042,TRUE,FALSE
"Co",2999,TRUE,30.1812725090036,375.078955281334,0.567592674497226,-2.3336323253193,TRUE,TRUE
"Co",3000,TRUE,30.4039615846339,274.640978832866,0.478855197862281,1.85352905984506,TRUE,FALSE
"Co",3001,TRUE,30.3403361344538,375.748522316593,0.564755837916733,2.47905226286552,TRUE,TRUE
"Co",3002,TRUE,30.3721488595438,302.913102868965,0.504282410879916,2.14192266213029,TRUE,FALSE
"Co",3003,TRUE,30.1812725090036,364.484950238115,0.558541352705192,-2.31333389031901,TRUE,TRUE
"Co",3004,TRUE,30.3085234093637,298.912066983748,0.501858278230279,2.75086409120322,TRUE,FALSE
"Co",3005,TRUE,30.3085234093637,299.443348863976,0.501524961536874,2.76582712246834,TRUE,FALSE
"Co",3006,TRUE,30.3085234093637,267.769325176907,0.473715768874591,2.77939183674338,TRUE,FALSE
"Co",3007,TRUE,30.2448979591837,317.509419424222,0.518334924545128,-2.83947457984122,TRUE,FALSE
"Co",3008,TRUE,30.1812725090036,310.894636441915,0.511440267735683,-2.15394344052387,TRUE,FALSE
"Co",3009,TRUE,30.2448979591837,344.99075981239,0.541010143974176,-2.89540241144643,TRUE,TRUE
"Co",3010,TRUE,30.1176470588235,355.24529724341,0.549740108824206,-1.49562880720204,TRUE,TRUE
"Co",3011,TRUE,30.3721488595438,271.588012184915,0.475872887007859,2.18103642357505,TRUE,FALSE
"Co",3012,TRUE,30.3085234093637,331.553506460814,0.530077948512732,2.76094264636673,TRUE,TRUE
"Co",3013,TRUE,30.2130852340936,311.015023677691,0.512080717841733,-2.60556772270028,TRUE,FALSE
"Co",3014,TRUE,30.3403361344538,252.847641527184,0.459047609476111,2.52972029183897,TRUE,FALSE
"Co",3015,TRUE,30.2448979591837,275.927357762428,0.480788085444196,-2.76420991357148,TRUE,FALSE
"Co",3016,TRUE,30.1812725090036,319.958354827788,0.520998651321176,-2.2001888384487,TRUE,FALSE
"Co",3017,TRUE,30.3721488595438,335.580155597899,0.532529296011338,2.09190802085039,TRUE,TRUE
"Co",3018,TRUE,30.0858343337335,336.298826552983,0.534449733580731,-1.20335832130283,TRUE,TRUE
"Co",3019,TRUE,30.2448979591837,289.973665643345,0.493500150501887,-2.85837710618717,TRUE,FALSE
"Co",3020,TRUE,30.2767106842737,296.548058686744,0.4983160677018,-3.0955766327034,TRUE,FALSE
"Co",3021,TRUE,30.3085234093637,289.389278128691,0.492971086395616,2.85184876384901,TRUE,FALSE
"Co",3022,TRUE,30.3085234093637,313.738075542833,0.512877751379854,2.71999578626757,TRUE,FALSE
"Co",3023,TRUE,30.2130852340936,331.891241493925,0.530619493593894,-2.48921929871224,TRUE,TRUE
"Co",3024,TRUE,30.2130852340936,311.962327545212,0.512798058318711,-2.43792404548016,TRUE,FALSE
"Co",3025,TRUE,30.2130852340936,404.394804486833,0.589745658688213,-2.52764748715861,TRUE,TRUE
"Co",3026,TRUE,30.1812725090036,267.967503979583,0.475304316831279,-2.24422242764753,TRUE,FALSE
"Co",3027,TRUE,30.3085234093637,321.841687605212,0.519501408938568,2.79581982748868,TRUE,FALSE
"Co",3028,TRUE,30.2130852340936,336.299032944551,0.534042854765628,-2.51081816035879,TRUE,TRUE
"Co",3029,TRUE,30.2448979591837,331.710020185395,0.529304717400863,-2.79852032000548,TRUE,TRUE
"Co",3030,TRUE,30.1494597839136,438.762077155117,0.615810440871362,-1.88078384938016,TRUE,TRUE
"Co",3031,TRUE,30.2767106842737,358.468244977941,0.552932254594564,2.98971182702767,TRUE,TRUE
"Co",3032,TRUE,30.2767106842737,386.365786710331,0.573847834499376,3.10818678558966,TRUE,TRUE
"Co",3033,TRUE,30.3403361344538,355.873420005911,0.548917896627187,2.53410717686004,TRUE,TRUE
"Co",3034,TRUE,30.3085234093637,288.034538028023,0.492190136798369,2.71293396150772,TRUE,FALSE
"Co",3035,TRUE,30.3721488595438,300.892340641595,0.503609789909025,2.13323568203587,TRUE,FALSE
"Co",3036,TRUE,30.3085234093637,406.354742429327,0.590549954278974,2.74055176051014,TRUE,TRUE
"Co",3037,TRUE,30.2130852340936,316.4293212962,0.517983350837876,-2.59297540058776,TRUE,FALSE
"Co",3038,TRUE,30.2767106842737,314.315877377839,0.515337862162347,3.09081312395955,TRUE,FALSE
"Co",3039,TRUE,30.2448979591837,361.505494456922,0.554305071516554,-2.84605830340341,TRUE,TRUE
"Co",3040,TRUE,30.1812725090036,283.237535417542,0.488524839760176,-2.35212562372373,TRUE,FALSE
"Co",3041,TRUE,30.1494597839136,305.861402454053,0.509017367133173,-1.9459741577157,TRUE,FALSE
"Co",3042,TRUE,30.2448979591837,303.323384511503,0.505301585203671,-2.83147341845776,TRUE,FALSE
"Co",3043,TRUE,30.1494597839136,369.572177234219,0.561438782470574,-1.87858095181929,TRUE,TRUE
"Co",3044,TRUE,30.2448979591837,317.08598425773,0.517959984303894,-2.86495889348411,TRUE,FALSE
"Co",3045,TRUE,30.1812725090036,287.613967271882,0.492228149254221,-2.22001579510614,TRUE,FALSE
"Co",3046,TRUE,30.2130852340936,293.060125657192,0.497004250580874,-2.47835065680224,TRUE,FALSE
"Co",3047,TRUE,30.1812725090036,296.725003703094,0.500751902742,-2.25467774566551,TRUE,FALSE
"Co",3048,TRUE,30.2130852340936,350.53492798043,0.547162307451785,-2.67136705836273,TRUE,TRUE
"Co",3049,TRUE,30.2130852340936,303.413278478892,0.505041469948033,-2.52227242677183,TRUE,FALSE
"Co",3050,TRUE,30.2130852340936,323.142243628749,0.522923150437991,-2.46147407572202,TRUE,FALSE
"Co",3051,TRUE,30.2448979591837,374.175009086418,0.564265281132564,-2.82809508066106,TRUE,TRUE
"Co",3052,TRUE,30.2130852340936,293.220852631097,0.497057627429074,-2.62410687987329,TRUE,FALSE
"Co",3053,TRUE,30.1494597839136,314.201557812151,0.516568687008162,-1.95722909649484,TRUE,FALSE
"Co",3054,TRUE,30.2130852340936,334.350628124794,0.532573832669986,-2.55246269661314,TRUE,TRUE
"Co",3055,TRUE,30.0858343337335,267.27148037754,0.475074500851998,-1.28924269055238,TRUE,FALSE
"Co",3056,TRUE,30.2767106842737,318.927405316436,0.518682158910681,3.10731094923377,TRUE,FALSE
"Co",3057,TRUE,30.2130852340936,312.589627584542,0.513096136446834,-2.53446369712569,TRUE,FALSE
"Co",3058,TRUE,30.1812725090036,394.198629263186,0.581720733772595,-2.20039956679162,TRUE,TRUE
"Co",3059,TRUE,30.3721488595438,303.444041581963,0.505074908128082,2.16540327832272,TRUE,FALSE
"Co",3060,TRUE,30.1812725090036,312.9059377213,0.514571282025194,-2.22103385419609,TRUE,FALSE
"Co",3061,TRUE,30.4039615846339,347.019306982194,0.542288150808072,1.81114704560992,TRUE,TRUE
"Co",3062,TRUE,30.2448979591837,352.247227638252,0.54723564314846,-2.86054604398967,TRUE,TRUE
"Co",3063,TRUE,30.3085234093637,272.100422358682,0.477677484630854,2.79111556506461,TRUE,FALSE
"Co",3064,TRUE,30.3403361344538,328.946847600369,0.526419079250425,2.45597491412065,TRUE,TRUE
"Co",3065,TRUE,30.1494597839136,334.776287665564,0.533792185378176,-1.96281364716702,TRUE,TRUE
"Co",3066,TRUE,30.3721488595438,350.990337590881,0.543930087646613,2.29856003996062,TRUE,TRUE
"Co",3067,TRUE,30.3085234093637,299.632127546381,0.501300308895139,2.75553841836306,TRUE,FALSE
"Co",3068,TRUE,30.2767106842737,291.547028854303,0.495259624487294,3.09534569919234,TRUE,FALSE
"Co",3069,TRUE,30.2448979591837,377.174486204784,0.566999124512769,-2.83633193286345,TRUE,TRUE
"Co",3070,TRUE,30.2130852340936,384.811836044521,0.573059785261716,-2.50430821590445,TRUE,TRUE
"Co",3071,TRUE,30.1812725090036,283.345334666477,0.489351139522186,-2.33473556221706,TRUE,FALSE
"Co",3072,TRUE,30.2130852340936,335.905613790024,0.533638805233404,-2.55040754143251,TRUE,TRUE
"Co",3073,TRUE,30.3085234093637,307.967919121638,0.508660323497064,2.78830092454223,TRUE,FALSE
"Co",3074,TRUE,30.3403361344538,314.48949463377,0.515259504749825,2.42274497144562,TRUE,FALSE
"Co",3075,TRUE,30.2767106842737,303.000884148994,0.505413302780385,3.04562204211703,TRUE,FALSE
"Co",3076,TRUE,30.2130852340936,328.841517108639,0.528442220142357,-2.61018879456626,TRUE,TRUE
"Co",3077,TRUE,30.1812725090036,369.691035189942,0.563684917732945,-2.35796199152886,TRUE,TRUE
"Co",3078,TRUE,30.3085234093637,309.436016305064,0.510800969869166,2.80849577454718,TRUE,FALSE
"Co",3079,TRUE,30.3085234093637,343.959857594482,0.539858903326411,2.84775147249436,TRUE,TRUE
"Co",3080,TRUE,30.3403361344538,283.253856961948,0.487145112224016,2.39693042453261,TRUE,FALSE
"Co",3081,TRUE,30.1812725090036,233.197624919578,0.441204627107112,-2.25138977210807,TRUE,FALSE
"Co",3082,TRUE,30.1812725090036,294.885093934708,0.498347814396166,-2.24759528002623,TRUE,FALSE
"Co",3083,TRUE,30.2130852340936,335.23613424835,0.533619072076123,-2.56511156449521,TRUE,TRUE
"Co",3084,TRUE,30.3403361344538,330.325475930843,0.527715021776591,2.48544503301084,TRUE,TRUE
"Co",3085,TRUE,30.1494597839136,358.960035352066,0.55269135889224,-1.90752308267848,TRUE,TRUE
"Co",3086,TRUE,30.1494597839136,306.61488020163,0.510115342286425,-1.92999521801277,TRUE,FALSE
"Co",3087,TRUE,30.2448979591837,329.6506459016,0.528859770160384,-2.9399391007481,TRUE,TRUE
"Co",3088,TRUE,30.2130852340936,364.331721157334,0.556795263392027,-2.54422915579087,TRUE,TRUE
"Co",3089,TRUE,30.2767106842737,317.750689887722,0.519075641068101,2.9715479285704,TRUE,FALSE
"Co",3090,TRUE,30.3085234093637,364.210690654286,0.556339120176206,2.79521623182708,TRUE,TRUE
"Co",3091,TRUE,30.1494597839136,370.800647195944,0.562825040669286,-1.86089457127632,TRUE,TRUE
"Co",3092,TRUE,30.3721488595438,362.820551884538,0.554624752881248,2.12412936136207,TRUE,TRUE
"Co",3093,TRUE,30.1176470588235,322.911409592984,0.524302257088412,-1.64652222897356,TRUE,FALSE
"Co",3094,TRUE,30.3721488595438,313.486751997234,0.514047574418084,2.06268770549379,TRUE,FALSE
"Co",3095,TRUE,30.2448979591837,358.977867542987,0.552993726955491,-2.86758920942558,TRUE,TRUE
"Co",3096,TRUE,30.3403361344538,289.807271541458,0.492255155389906,2.402586097082,TRUE,FALSE
"Co",3097,TRUE,30.2767106842737,288.961988420757,0.491770062214649,3.13442365821657,TRUE,FALSE
"Co",3098,TRUE,30.1812725090036,348.453209887959,0.544799706670526,-2.25110161391892,TRUE,TRUE
"Co",3099,TRUE,30.3403361344538,337.277693701297,0.53370653969102,2.46290010914683,TRUE,TRUE
"Co",3100,TRUE,30.1812725090036,293.147734622456,0.498127526774383,-2.35672790043505,TRUE,FALSE
"Co",3101,TRUE,30.1494597839136,331.928436427111,0.531995775420532,-1.9700492768636,TRUE,TRUE
"Co",3102,TRUE,30.0858343337335,340.000398903972,0.538965348887157,-1.2143735384258,TRUE,TRUE
"Co",3103,TRUE,30.3403361344538,315.523612635262,0.514527905826817,2.4470847778526,TRUE,FALSE
"Co",3104,TRUE,30.4675870348139,325.123594639537,0.522230983202655,1.18279211268031,TRUE,FALSE
"Co",3105,TRUE,30.3085234093637,272.556058337665,0.477242839207368,2.79065082481412,TRUE,FALSE
"Co",3106,TRUE,30.3085234093637,303.825593096221,0.504702775026696,2.8345799415833,TRUE,FALSE
"Co",3107,TRUE,30.3085234093637,344.909676130691,0.539732415288881,2.87899396215205,TRUE,TRUE
"Co",3108,TRUE,30.1494597839136,404.499155767785,0.590007347463593,-1.94613107056046,TRUE,TRUE
"Co",3109,TRUE,30.1812725090036,346.306181201332,0.542277021742959,-2.23949123766046,TRUE,TRUE
"Co",3110,TRUE,30.3403361344538,415.582676944905,0.596489150966722,2.47367472398658,TRUE,TRUE
"Co",3111,TRUE,30.3403361344538,341.601921677748,0.537070820319453,2.49588362494419,TRUE,TRUE
"Co",3112,TRUE,30.1494597839136,343.64445365079,0.541477847589433,-2.01042238783431,TRUE,TRUE
"Co",3113,TRUE,30.2130852340936,361.344449020324,0.554850299238113,-2.58063915149904,TRUE,TRUE
"Co",3114,TRUE,30.2448979591837,249.265947000647,0.456861495590404,-2.88212726323185,TRUE,FALSE
"Co",3115,TRUE,30.1494597839136,330.09526089207,0.529994955414274,-1.93565228595913,TRUE,TRUE
"Co",3116,TRUE,30.2130852340936,332.026934683223,0.530867122171078,-2.55285482892297,TRUE,TRUE
"Co",3117,TRUE,30.1812725090036,322.733316522086,0.522176051355084,-2.1970687709484,TRUE,FALSE
"Co",3118,TRUE,30.2448979591837,319.929035565116,0.521315180139058,-2.92337952696886,TRUE,FALSE
"Co",3119,TRUE,30.2448979591837,320.273848079429,0.519961032876258,-2.87854581807051,TRUE,FALSE
"Co",3120,TRUE,30.1494597839136,371.78803278177,0.564334867837097,-1.9557031460357,TRUE,TRUE
"Co",3121,TRUE,30.1812725090036,359.317267283281,0.554711199957795,-2.3476702615845,TRUE,TRUE
"Co",3122,TRUE,30.2448979591837,313.641046785797,0.513894696372455,-2.83851141360911,TRUE,FALSE
"Co",3123,TRUE,30.3721488595438,319.861005867107,0.518943864355338,2.1015357651674,TRUE,FALSE
"Co",3124,TRUE,30.1494597839136,297.624417076649,0.501036390887318,-1.92158353494033,TRUE,FALSE
"Co",3125,TRUE,30.1176470588235,320.66559967865,0.521644797343071,-1.59287901870006,TRUE,FALSE
"Co",3126,TRUE,30.3721488595438,339.358617452746,0.534247882043078,2.18214019845025,TRUE,TRUE
"Co",3127,TRUE,30.1812725090036,302.46373346567,0.504612157292536,-2.20381388943637,TRUE,FALSE
"Co",3128,TRUE,30.1812725090036,362.593697646118,0.557512447063384,-2.33922972578277,TRUE,TRUE
"Co",3129,TRUE,30.2130852340936,379.737832687421,0.570002758869642,-2.52878769284029,TRUE,TRUE
"Co",3130,TRUE,30.3721488595438,306.829326040429,0.507928072211817,2.06326270129579,TRUE,FALSE
"Co",3131,TRUE,30.2448979591837,284.706520476221,0.489304760998669,-2.88256197184015,TRUE,FALSE
"Co",3132,TRUE,30.1494597839136,356.760726248958,0.55105493434104,-1.94311109009194,TRUE,TRUE
"Co",3133,TRUE,30.2448979591837,363.852882527031,0.557433020095543,-2.86047121473846,TRUE,TRUE
"Co",3134,TRUE,30.1812725090036,306.863132773134,0.508206169016278,-2.22237858248538,TRUE,FALSE
"Co",3135,TRUE,30.2767106842737,299.007130503785,0.500753900439507,-3.03397564958288,TRUE,FALSE
"Co",3136,TRUE,30.2130852340936,342.917272730961,0.54021880317965,-2.48779760941778,TRUE,TRUE
"Co",3137,TRUE,30.1494597839136,299.995398197042,0.502819789061171,-1.84817673019267,TRUE,FALSE
"Co",3138,TRUE,30.3085234093637,309.900246839909,0.511990842607491,2.73479239980427,TRUE,FALSE
"Co",3139,TRUE,30.2767106842737,395.03516154504,0.582121695722393,3.1018336849607,TRUE,TRUE
"Co",3140,TRUE,30.2448979591837,331.50893356763,0.529978628968699,-2.87741493592194,TRUE,TRUE
"Co",3141,TRUE,30.2130852340936,320.756023808151,0.521588383399801,-2.60724855204381,TRUE,FALSE
"Co",3142,TRUE,30.2130852340936,339.42621695678,0.537074224037328,-2.51484968377348,TRUE,TRUE
"Co",3143,TRUE,30.2448979591837,375.156319891507,0.565875058720665,-2.90445946736405,TRUE,TRUE
"Co",3144,TRUE,30.2448979591837,355.637468525103,0.548901174556366,-2.80182384155468,TRUE,TRUE
"Co",3145,TRUE,30.3721488595438,321.792237066637,0.520839732602587,2.08266678202984,TRUE,FALSE
"Co",3146,TRUE,30.1812725090036,298.093610164345,0.502934640612095,-2.40857260035487,TRUE,FALSE
"Co",3147,TRUE,30.1812725090036,335.86932545361,0.533510876051338,-2.25221957910955,TRUE,TRUE
"Co",3148,TRUE,30.1494597839136,379.912261968159,0.571470741605593,-1.92744272549612,TRUE,TRUE
"Co",3149,TRUE,30.2130852340936,330.696829165831,0.528843669473437,-2.4417849538658,TRUE,TRUE
"Co",3150,TRUE,30.1176470588235,397.027451627295,0.584487322708662,-1.60303653834186,TRUE,TRUE
"Co",3151,TRUE,30.1494597839136,362.338286809626,0.55590741007437,-1.94305926130356,TRUE,TRUE
"Co",3152,TRUE,29.9903961584634,367.511022875919,0.56151266511918,-0.316565331670221,TRUE,TRUE
"Co",3153,TRUE,30.2767106842737,344.224872273004,0.53986145174261,3.02416268355093,TRUE,TRUE
"Co",3154,TRUE,30.2767106842737,318.989164047265,0.518757535121788,3.11248960914106,TRUE,FALSE
"Co",3155,TRUE,30.2130852340936,332.003170808948,0.530401250316066,-2.60268138354282,TRUE,TRUE
"Co",3156,TRUE,30.1176470588235,337.201159892462,0.535037573202057,-1.56518259316542,TRUE,TRUE
"Co",3157,TRUE,30.2448979591837,329.722689002452,0.528634684489564,-2.89682884586489,TRUE,TRUE
"Co",3158,TRUE,30.1494597839136,391.884331149775,0.580556276084772,-1.94146545759409,TRUE,TRUE
"Co",3159,TRUE,30.2767106842737,279.038926575468,0.4835129778666,3.12157845909844,TRUE,FALSE
"Co",3160,TRUE,30.2767106842737,329.741644481701,0.527519191885806,3.13574204395358,TRUE,TRUE
"Co",3161,TRUE,30.2767106842737,363.457614857632,0.555232033750909,3.08821439058816,TRUE,TRUE
"Co",3162,TRUE,30.2448979591837,340.406892083857,0.537394614120927,-2.88579888987038,TRUE,TRUE
"Co",3163,TRUE,30.1494597839136,338.660881777151,0.535910887190384,-1.8941291556883,TRUE,TRUE
"Co",3164,TRUE,30.2130852340936,226.765860848938,0.433548583044837,-2.5044874946456,TRUE,FALSE
"Co",3165,TRUE,30.3403361344538,311.997601837527,0.513891355150488,2.38328679768209,TRUE,FALSE
"Co",3166,TRUE,30.4039615846339,311.931798220798,0.511441010109035,1.79037106309474,TRUE,FALSE
"Co",3167,TRUE,30.2448979591837,358.78387656049,0.551496477689616,-2.79440654657324,TRUE,TRUE
"Co",3168,TRUE,30.1494597839136,313.895757680491,0.515332625526744,-1.92736654086534,TRUE,FALSE
"Co",3169,TRUE,30.1812725090036,336.170307518021,0.533482119680189,-2.22442636679748,TRUE,TRUE
"Co",3170,TRUE,30.2767106842737,341.967155114547,0.537472230448169,3.1409509187138,TRUE,TRUE
"Co",3171,TRUE,30.2767106842737,345.684064302026,0.540561124563527,3.11702240717359,TRUE,TRUE
"Co",3172,TRUE,30.2130852340936,294.306652972734,0.498008391715435,-2.50856582327928,TRUE,FALSE
"Co",3173,TRUE,30.2448979591837,361.602520717644,0.555018925607595,-2.90078163085094,TRUE,TRUE
"Co",3174,TRUE,30.0222088835534,272.447440790476,0.480762125702632,-0.656295285162641,TRUE,FALSE
"Co",3175,TRUE,30.1176470588235,298.417985178116,0.502156162179413,-1.47429915658124,TRUE,FALSE
"Co",3176,TRUE,30.3085234093637,294.856427546026,0.496628638281608,2.73016432347469,TRUE,FALSE
"Co",3177,TRUE,30.2448979591837,331.986652637946,0.530413220971434,-2.88187930062545,TRUE,TRUE
"Co",3178,TRUE,30.1812725090036,416.808741904556,0.598787991546581,-2.20715540388083,TRUE,TRUE
"Co",3179,TRUE,30.1176470588235,287.116093015483,0.493531946099365,-1.67578847327753,TRUE,FALSE
"Co",3180,TRUE,30.1494597839136,303.410487732018,0.506331999923436,-1.97676134209062,TRUE,FALSE
"Co",3181,TRUE,30.2130852340936,326.504554325168,0.525674004582156,-2.55980776708122,TRUE,FALSE
"Co",3182,TRUE,30.3721488595438,339.32028948708,0.536320142725794,2.07937385485196,TRUE,TRUE
"Co",3183,TRUE,30.2767106842737,319.00879027014,0.519062894234732,-3.13232001826411,TRUE,FALSE
"Co",3184,TRUE,30.3085234093637,318.303142388845,0.518349263964125,2.82442200614908,TRUE,FALSE
"Co",3185,TRUE,30.2767106842737,356.926907993789,0.55026602589459,3.08516741826244,TRUE,TRUE
"Co",3186,TRUE,30.0858343337335,351.604064266473,0.547648662210564,-1.23729691393838,TRUE,TRUE
"Co",3187,TRUE,30.3085234093637,358.624716137304,0.55241234610908,2.71767611074506,TRUE,TRUE
"Co",3188,TRUE,30.0540216086435,328.457633621122,0.528865184704097,-0.953061446910817,TRUE,TRUE
"Co",3189,TRUE,30.2448979591837,353.73058713232,0.546962852138094,-2.79455481695571,TRUE,TRUE
"Co",3190,TRUE,30.3403361344538,298.717097291448,0.500614819979341,2.47915192596204,TRUE,FALSE
"Co",3191,TRUE,30.3085234093637,390.596963149044,0.577337857655282,2.80774300971323,TRUE,TRUE
"Co",3192,TRUE,30.4357743097239,291.734963475507,0.495663681729292,1.47858427676821,TRUE,FALSE
"Co",3193,TRUE,30.3085234093637,290.631446668756,0.493367687001051,2.78315118578701,TRUE,FALSE
"Co",3194,TRUE,30.2130852340936,347.021773770083,0.543092563376509,-2.5492891677046,TRUE,TRUE
"Co",3195,TRUE,30.2130852340936,290.351022422055,0.493297198789789,-2.47415714744415,TRUE,FALSE
"Co",3196,TRUE,30.3085234093637,326.050555851673,0.524876471229149,2.68508558891704,TRUE,FALSE
"Co",3197,TRUE,30.2448979591837,257.875712443124,0.463720567484716,-2.8493699399258,TRUE,FALSE
"Co",3198,TRUE,30.1812725090036,359.750538402224,0.553628875504024,-2.25313096011883,TRUE,TRUE
"Co",3199,TRUE,30.2448979591837,390.782508560438,0.577322425416004,-2.8447666422183,TRUE,TRUE
"Co",3200,TRUE,30.3403361344538,312.014051413012,0.513075561869239,2.39603938721271,TRUE,FALSE
"Co",3201,TRUE,30.3721488595438,315.730851091375,0.515188240561476,2.16972476590742,TRUE,FALSE
"Co",3202,TRUE,30.2448979591837,325.436298514593,0.524621003541229,-2.86269216980417,TRUE,FALSE
"Co",3203,TRUE,30.2130852340936,359.729482775575,0.552624528541345,-2.52757203306445,TRUE,TRUE
"Co",3204,TRUE,30.1812725090036,426.598873246913,0.606767837042218,-2.24850321206909,TRUE,TRUE
"Co",3205,TRUE,30.3721488595438,350.872131523201,0.544512582240925,2.05832735507712,TRUE,TRUE
"Co",3206,TRUE,30.1812725090036,343.230946444763,0.539350176058301,-2.23228829377591,TRUE,TRUE
"Co",3207,TRUE,30.2448979591837,289.962289210449,0.494123482732938,-2.89609552304802,TRUE,FALSE
"Co",3208,TRUE,30.2130852340936,342.771595406149,0.539003900621174,-2.52206138523219,TRUE,TRUE
"Co",3209,TRUE,30.3403361344538,316.870636767355,0.516728649786969,2.40535275581145,TRUE,FALSE
"Co",3210,TRUE,30.0540216086435,325.943978530622,0.528069121061338,-0.992251221010799,TRUE,FALSE
"Co",3211,TRUE,30.2767106842737,313.173594049242,0.513822052541741,3.05792088568845,TRUE,FALSE
"Co",3212,TRUE,30.4039615846339,404.096173760292,0.588044834733443,1.71944267009418,TRUE,TRUE
"Co",3213,TRUE,30.4039615846339,272.944314704087,0.477690458972932,1.79704940685701,TRUE,FALSE
"Co",3214,TRUE,30.4039615846339,293.503626783755,0.496603660083678,1.82782268315297,TRUE,FALSE
"Co",3215,TRUE,30.2130852340936,290.643115694853,0.494314448042079,-2.53997489957826,TRUE,FALSE
"Co",3216,TRUE,30.0858343337335,301.257136403462,0.503958764480035,-1.28215607293923,TRUE,FALSE
"Co",3217,TRUE,30.1812725090036,336.403444105718,0.53513740459259,-2.31359498264631,TRUE,TRUE
"Co",3218,TRUE,30.1812725090036,286.501920615495,0.490489049796492,-2.20414556473626,TRUE,FALSE
"Co",3219,TRUE,30.1494597839136,264.121957113013,0.470124172425748,-1.92079689382087,TRUE,FALSE
"Co",3220,TRUE,30.2448979591837,327.197035068215,0.526297113687245,-2.90029314313966,TRUE,TRUE
"Co",3221,TRUE,30.3721488595438,294.535372805266,0.49778404452768,2.17882563779226,TRUE,FALSE
"Co",3222,TRUE,30.2767106842737,277.979170871384,0.481004124375108,3.05453301594096,TRUE,FALSE
"Co",3223,TRUE,30.1494597839136,341.992749212386,0.540015081172904,-1.94342740074297,TRUE,TRUE
"Co",3224,TRUE,30.1812725090036,329.575687599352,0.529123149253448,-2.27838984452835,TRUE,TRUE
"Co",3225,TRUE,30.2767106842737,338.639115730448,0.535581744485728,3.08737486523225,TRUE,TRUE
"Co",3226,TRUE,30.2767106842737,365.587184366651,0.557663280820138,-3.13429185958005,TRUE,TRUE
"Co",3227,TRUE,30.1812725090036,291.463530363014,0.496447714565443,-2.2292142182998,TRUE,FALSE
"Co",3228,TRUE,30.3085234093637,273.750870248367,0.478379940433605,2.76993456579941,TRUE,FALSE
"Co",3229,TRUE,30.3403361344538,269.297426505348,0.474085732536119,2.45105416823097,TRUE,FALSE
"Co",3230,TRUE,30.2448979591837,254.586665916754,0.461278707708817,-2.82984316658744,TRUE,FALSE
"Co",3231,TRUE,30.2448979591837,278.263424581875,0.483331312428574,-2.87383476040388,TRUE,FALSE
"Co",3232,TRUE,30.3085234093637,375.914557068708,0.565225010730346,2.73587600748073,TRUE,TRUE
"Co",3233,TRUE,30.3085234093637,328.734740931065,0.526746945974404,2.8279650214369,TRUE,TRUE
"Co",3234,TRUE,30.3085234093637,262.349224648561,0.467445441926039,2.75856748405025,TRUE,FALSE
"Co",3235,TRUE,30.1812725090036,311.747194199816,0.51359137046236,-2.22303770004014,TRUE,FALSE
"Co",3236,TRUE,30.1812725090036,238.429114252045,0.446062749404231,-2.24118409583777,TRUE,FALSE
"Co",3237,TRUE,30.3085234093637,326.96874757547,0.525352853573035,2.82638999670272,TRUE,FALSE
"Co",3238,TRUE,30.2448979591837,280.226586990467,0.485066713723661,-2.94998222192576,TRUE,FALSE
"Co",3239,TRUE,30.3403361344538,295.96122331206,0.498412922737559,2.42486614860951,TRUE,FALSE
"Co",3240,TRUE,30.1176470588235,315.665826505034,0.517670386003386,-1.62321578133741,TRUE,FALSE
"Co",3241,TRUE,30.0858343337335,310.913611378897,0.513123701497366,-1.28012322007179,TRUE,FALSE
"Co",3242,TRUE,30.2767106842737,349.162320099913,0.544839063970859,3.13475460622756,TRUE,TRUE
"Co",3243,TRUE,30.3403361344538,350.474650358712,0.544726055244369,2.51280384385659,TRUE,TRUE
"Co",3244,TRUE,30.1812725090036,311.899762044353,0.514046095554541,-2.15870308115555,TRUE,FALSE
"Co",3245,TRUE,30.2130852340936,287.67147857125,0.491330408902032,-2.47044688821825,TRUE,FALSE
"Co",3246,TRUE,30.1494597839136,323.968745771606,0.52405920576546,-1.97491127873743,TRUE,FALSE
"Co",3247,TRUE,30.2130852340936,329.350436309812,0.528160988584673,-2.58150973538284,TRUE,TRUE
"Co",3248,TRUE,30.2448979591837,284.983497318584,0.488901529886152,-2.90356449323965,TRUE,FALSE
"Co",3249,TRUE,30.2448979591837,314.79686261596,0.516390145303399,-2.88534822523971,TRUE,FALSE
"Co",3250,TRUE,30.2448979591837,281.615474123253,0.48719435681939,-2.93123467683853,TRUE,FALSE
"Co",3251,TRUE,30.2130852340936,350.480898219892,0.544995141930912,-2.52993791881305,TRUE,TRUE
"Co",3252,TRUE,30.2130852340936,320.089998844039,0.52043854506845,-2.57233996762064,TRUE,FALSE
"Co",3253,TRUE,30.1494597839136,311.141631086629,0.513911101921274,-1.90515918466291,TRUE,FALSE
"Co",3254,TRUE,30.3403361344538,307.887315244417,0.508821051634374,2.52224603378861,TRUE,FALSE
"Co",3255,TRUE,30.1812725090036,310.823677563434,0.512979034728723,-2.23672628959803,TRUE,FALSE
"Co",3256,TRUE,30.3085234093637,331.57331841764,0.529129921221474,2.73427003204452,TRUE,TRUE
"Co",3257,TRUE,30.2130852340936,332.616869230474,0.531778749782605,-2.56767071077879,TRUE,TRUE
"Co",3258,TRUE,30.1812725090036,428.920040617679,0.608600794237499,-2.22507981791875,TRUE,TRUE
"Co",3259,TRUE,30.1812725090036,340.327206208591,0.537663243340169,-2.23183470335235,TRUE,TRUE
"Co",3260,TRUE,30.3403361344538,321.933277981038,0.519936224584113,2.49891382777878,TRUE,FALSE
"Co",3261,TRUE,30.2448979591837,327.345949506308,0.525318750281301,-2.80607715435749,TRUE,TRUE
"Co",3262,TRUE,30.1176470588235,346.870019193135,0.543787431219993,-1.58161530000319,TRUE,TRUE
"Co",3263,TRUE,30.2767106842737,394.814414468317,0.581502815078923,3.06570074300463,TRUE,TRUE
"Co",3264,TRUE,30.2130852340936,318.191911465985,0.517622777528684,-2.54396821913563,TRUE,FALSE
"Co",3265,TRUE,30.1494597839136,291.962043153946,0.497131822431691,-1.96354453501657,TRUE,FALSE
"Co",3266,TRUE,30.499399759904,325.37079643758,0.522816040609076,0.755744703897586,TRUE,FALSE
"Co",3267,TRUE,30.2130852340936,312.442727350006,0.513034995524675,-2.54835021692575,TRUE,FALSE
"Co",3268,TRUE,30.3085234093637,292.933574670799,0.495107562682558,2.78857960931799,TRUE,FALSE
"Co",3269,TRUE,30.1812725090036,319.806644636698,0.520198479035407,-2.23231551292287,TRUE,FALSE
"Co",3270,TRUE,30.3085234093637,308.504339669278,0.510467431081323,2.75458320462241,TRUE,FALSE
"Co",3271,TRUE,30.1812725090036,290.627620552975,0.496012812452774,-2.31353659779054,TRUE,FALSE
"Co",3272,TRUE,30.2130852340936,356.105169746792,0.550634930399691,-2.57963029864551,TRUE,TRUE
"Co",3273,TRUE,30.0858343337335,327.479778310297,0.527583643090409,-1.29309674170105,TRUE,TRUE
"Co",3274,TRUE,30.1812725090036,343.359966062049,0.540039834105689,-2.20291603994941,TRUE,TRUE
"Co",3275,TRUE,30.2448979591837,302.688299924074,0.506177434124111,-3.00226800598338,TRUE,FALSE
"Co",3276,TRUE,30.2448979591837,351.436226124891,0.546201582848011,-2.87588344349619,TRUE,TRUE
"Co",3277,TRUE,30.2448979591837,353.50586901738,0.548149826532539,-2.92231749854955,TRUE,TRUE
"Co",3278,TRUE,30.2448979591837,296.890195449845,0.499741761853909,-2.87276066012829,TRUE,FALSE
"Co",3279,TRUE,30.3085234093637,312.383469727504,0.512412635047548,2.80252067553952,TRUE,FALSE
"Co",3280,TRUE,30.2767106842737,264.325209501446,0.470235358533056,3.09993211783154,TRUE,FALSE
"Co",3281,TRUE,30.2130852340936,279.178738747823,0.48321316097461,-2.54298029033076,TRUE,FALSE
"Co",3282,TRUE,30.2767106842737,341.0063222727,0.5377461806583,3.03300592411928,TRUE,TRUE
"Co",3283,TRUE,30.1176470588235,303.587859975449,0.507274182648403,-1.63377517682244,TRUE,FALSE
"Co",3284,TRUE,30.1176470588235,360.76875123064,0.556111421319274,-1.64212723725537,TRUE,TRUE
"Co",3285,TRUE,30.3721488595438,286.984004451884,0.490876979290197,2.13721793508935,TRUE,FALSE
"Co",3286,TRUE,30.3085234093637,333.437851290938,0.532007231919698,2.7659052805264,TRUE,TRUE
"Co",3287,TRUE,30.2448979591837,306.213466728162,0.507255284785642,-2.83245781207646,TRUE,FALSE
"Co",3288,TRUE,30.3085234093637,346.089656184295,0.541378784025908,2.85805948523374,TRUE,TRUE
"Co",3289,TRUE,30.1812725090036,398.976293215749,0.585092048985403,-2.16639919117531,TRUE,TRUE
"Co",3290,TRUE,30.2130852340936,303.846712752365,0.50575406880382,-2.56165006298274,TRUE,FALSE
"Co",3291,TRUE,30.2130852340936,278.583353611798,0.482723183064691,-2.48938357264845,TRUE,FALSE
"Co",3292,TRUE,30.4039615846339,299.646799599864,0.502446558833326,1.78841316750866,TRUE,FALSE
"Co",3293,TRUE,30.1494597839136,346.259472506463,0.542246998746006,-1.87390546825406,TRUE,TRUE
"Co",3294,TRUE,30.2767106842737,312.963842670264,0.51492969808145,2.98384090195604,TRUE,FALSE
"Co",3295,TRUE,30.1176470588235,353.566821004721,0.549436636668028,-1.57783186000224,TRUE,TRUE
"Co",3296,TRUE,30.2448979591837,323.073542000465,0.522689038117948,-2.84796185227565,TRUE,FALSE
"Co",3297,TRUE,30.1176470588235,282.194959310339,0.487437272158121,-1.60092405619385,TRUE,FALSE
"Co",3298,TRUE,30.2130852340936,307.549428648032,0.50967667593233,-2.51911293022501,TRUE,FALSE
"Co",3299,TRUE,30.2767106842737,331.525996878023,0.528531874072205,3.13574197794489,TRUE,TRUE
"Co",3300,TRUE,30.2767106842737,408.41375018413,0.590423758961714,3.09921751928895,TRUE,TRUE
"Co",3301,TRUE,30.1812725090036,370.762382756018,0.562073225346537,-2.2485670281626,TRUE,TRUE
"Co",3302,TRUE,30.3721488595438,339.679737510742,0.535721617803957,2.11554827310933,TRUE,TRUE
"Co",3303,TRUE,30.4039615846339,388.700085168302,0.576400597426841,1.91342984994885,TRUE,TRUE
"Co",3304,TRUE,30.1494597839136,326.176601927487,0.52566676474191,-1.87504284128539,TRUE,FALSE
"Co",3305,TRUE,30.2130852340936,256.238909443907,0.463841695667875,-2.65007515173036,TRUE,FALSE
"Co",3306,TRUE,30.3085234093637,314.098282281835,0.513985068604281,2.82327639296697,TRUE,FALSE
"Co",3307,TRUE,30.3085234093637,314.652936973595,0.514426179546442,2.75373114133942,TRUE,FALSE
"Co",3308,TRUE,30.2448979591837,344.964059574449,0.541251691303723,-2.85808730702348,TRUE,TRUE
"Co",3309,TRUE,30.2130852340936,371.609730340724,0.563480750849803,-2.54530725889036,TRUE,TRUE
"Co",3310,TRUE,30.2130852340936,295.879601478305,0.498995255629282,-2.50131179288567,TRUE,FALSE
"Co",3311,TRUE,30.2767106842737,330.498195704547,0.529418081643921,3.07790001862763,TRUE,TRUE
"Co",3312,TRUE,30.3085234093637,305.29134327028,0.507124808469941,2.76673331283737,TRUE,FALSE
"Co",3313,TRUE,30.2448979591837,339.844590626139,0.536071593062275,-2.83696071491323,TRUE,TRUE
"Co",3314,TRUE,30.4039615846339,348.945454194101,0.542194112857751,1.72752290695084,TRUE,TRUE
"Co",3315,TRUE,30.2448979591837,355.801524265467,0.550185593715103,-2.83767913747034,TRUE,TRUE
"Co",3316,TRUE,30.3085234093637,303.083612055377,0.503430002405451,2.82657573545645,TRUE,FALSE
"Co",3317,TRUE,30.0540216086435,279.947540001561,0.486639700518626,-0.998018103159837,TRUE,FALSE
"Co",3318,TRUE,30.2130852340936,317.186255463842,0.516969534321615,-2.50633869308243,TRUE,FALSE
"Co",3319,TRUE,30.2767106842737,330.170901764519,0.527953051570773,3.13100721130145,TRUE,TRUE
"Co",3320,TRUE,30.2130852340936,327.842375973378,0.527949633074608,-2.64005071939907,TRUE,TRUE
"Co",3321,TRUE,30.2767106842737,327.800003625936,0.525725450886878,3.10385509446084,TRUE,TRUE
"Co",3322,TRUE,30.1494597839136,321.134462291131,0.521085192444058,-1.86222445495772,TRUE,FALSE
"Co",3323,TRUE,30.2448979591837,304.996678717389,0.507862343063424,-2.87911063127525,TRUE,FALSE
"Co",3324,TRUE,30.3085234093637,336.304309309903,0.534886829265502,2.6729392328289,TRUE,TRUE
"Co",3325,TRUE,30.3085234093637,354.677049315447,0.548700107727154,2.68263671027118,TRUE,TRUE
"Co",3326,TRUE,30.1176470588235,304.204734920524,0.506780388908065,-1.55421010879185,TRUE,FALSE
"Co",3327,TRUE,30.2130852340936,366.333856096707,0.557599595228047,-2.51261912833047,TRUE,TRUE
"Co",3328,TRUE,30.1812725090036,338.405818325166,0.534707675304528,-2.19700213327521,TRUE,TRUE
"Co",3329,TRUE,30.2130852340936,292.837776317369,0.496228316190903,-2.52571570704289,TRUE,FALSE
"Co",3330,TRUE,30.2767106842737,312.43763345979,0.513368100130358,3.11311133220285,TRUE,FALSE
"Co",3331,TRUE,30.2448979591837,358.79822950926,0.552455008544625,-2.93517294772531,TRUE,TRUE
"Co",3332,TRUE,30.2130852340936,288.548638144782,0.492435207184141,-2.54250141098155,TRUE,FALSE
"Co",3333,TRUE,30.3085234093637,325.556507570595,0.524618354515842,2.71074966266525,TRUE,FALSE
"Co",3334,TRUE,30.3403361344538,304.21455257501,0.505443060648777,2.37843186862386,TRUE,FALSE
"Co",3335,TRUE,30.2767106842737,328.255202597238,0.526447796743458,3.0693614125181,TRUE,TRUE
"Co",3336,TRUE,30.1494597839136,396.390981908269,0.581840927856133,-1.82972615371261,TRUE,TRUE
"Co",3337,TRUE,30.3403361344538,324.31469579116,0.521987267182752,2.42262753504581,TRUE,FALSE
"Co",3338,TRUE,30.2130852340936,315.968896972595,0.517072024493545,-2.58524955897648,TRUE,FALSE
"Co",3339,TRUE,30.0858343337335,326.393556841038,0.527692265081989,-1.25926038809656,TRUE,FALSE
"Co",3340,TRUE,30.2767106842737,375.904908459585,0.564863109328881,3.0269171421394,TRUE,TRUE
"Co",3341,TRUE,30.2767106842737,364.440673674117,0.556750567333017,3.07829366963369,TRUE,TRUE
"Co",3342,TRUE,30.3085234093637,325.709042238785,0.524143571553654,2.81437689543913,TRUE,FALSE
"Co",3343,TRUE,30.2448979591837,318.95250974905,0.519649985282538,-2.9013297827363,TRUE,FALSE
"Co",3344,TRUE,30.1812725090036,301.264088469106,0.5034452221038,-2.22729660625365,TRUE,FALSE
"Co",3345,TRUE,30.2767106842737,291.136534953673,0.494373519554935,-3.0858048091881,TRUE,FALSE
"Co",3346,TRUE,30.2130852340936,307.570646524057,0.509489301901768,-2.45257968563023,TRUE,FALSE
"Co",3347,TRUE,30.3721488595438,337.577424901473,0.534677664434634,2.03043505408268,TRUE,TRUE
"Co",3348,TRUE,30.1812725090036,360.652856054202,0.55509519119854,-2.2520177199128,TRUE,TRUE
"Co",3349,TRUE,30.1494597839136,305.479438884185,0.508161233439727,-1.93923585271333,TRUE,FALSE
"Co",3350,TRUE,30.1176470588235,307.068345420049,0.510464015100515,-1.60839185497839,TRUE,FALSE
"Co",3351,TRUE,30.2130852340936,290.073440487704,0.493218170179579,-2.45707618113773,TRUE,FALSE
"Co",3352,TRUE,30.3403361344538,311.694080387004,0.512339959556548,2.3591175270077,TRUE,FALSE
"Co",3353,TRUE,30.4039615846339,251.181487931478,0.45736810161141,1.87773319082902,TRUE,FALSE
"Co",3354,TRUE,30.3721488595438,366.211639045996,0.557085731637822,2.02928220277711,TRUE,TRUE
"Co",3355,TRUE,30.2767106842737,269.406446778189,0.475327868730245,3.03665915129222,TRUE,FALSE
"Co",3356,TRUE,30.1812725090036,314.344037787507,0.515143756444191,-2.18340072166581,TRUE,FALSE
"Co",3357,TRUE,30.2767106842737,341.88036231302,0.537397853544466,3.07664379446307,TRUE,TRUE
"Co",3358,TRUE,30.3721488595438,332.033791603024,0.529763491622395,2.115608236071,TRUE,TRUE
"Co",3359,TRUE,30.1176470588235,383.959422643699,0.573259591311388,-1.62915074361427,TRUE,TRUE
"Co",3360,TRUE,30.1494597839136,300.327177105522,0.503877944220592,-1.93373905341105,TRUE,FALSE
"Co",3361,TRUE,30.3085234093637,319.26709115969,0.51848431183608,2.73996519609984,TRUE,FALSE
"Co",3362,TRUE,30.1812725090036,351.451627581421,0.547011360852262,-2.25995333256903,TRUE,TRUE
"Co",3363,TRUE,30.2767106842737,336.979014090688,0.533652277895185,-3.12226674283957,TRUE,TRUE
"Co",3364,TRUE,30.3403361344538,328.394015257236,0.525538822265967,2.44979557834517,TRUE,TRUE
"Co",3365,TRUE,30.3403361344538,277.038253444371,0.481249785049376,2.4647484742625,TRUE,FALSE
"Co",3366,TRUE,30.1494597839136,325.35525912289,0.524865647261775,-1.98024954546556,TRUE,FALSE
"Co",3367,TRUE,30.1812725090036,342.838512174939,0.54088014242549,-2.30542236801693,TRUE,TRUE
"Co",3368,TRUE,30.1812725090036,316.72472075978,0.517019848846539,-2.19172327144517,TRUE,FALSE
"Co",3369,TRUE,30.2767106842737,323.416468223932,0.522533316728683,3.06029749897921,TRUE,FALSE
"Co",3370,TRUE,30.2448979591837,327.60297101449,0.526079496612382,-2.80738699800441,TRUE,TRUE
"Co",3371,TRUE,30.3085234093637,274.857671011499,0.480701118482844,2.72741172051415,TRUE,FALSE
"Co",3372,TRUE,30.3403361344538,386.302517760055,0.574508365001865,2.41072913675081,TRUE,TRUE
"Co",3373,TRUE,30.3721488595438,262.489462999809,0.46812829705591,2.13647090730655,TRUE,FALSE
"Co",3374,TRUE,30.3085234093637,345.342718754055,0.540224955305665,2.82823806957028,TRUE,TRUE
"Co",3375,TRUE,30.1812725090036,362.045893953109,0.554740084503224,-2.12632763751573,TRUE,TRUE
"Co",3376,TRUE,30.3403361344538,314.055858553036,0.514533647961942,2.4775477907777,TRUE,FALSE
"Co",3377,TRUE,30.2767106842737,379.929817796035,0.5686574639049,-3.11269821797879,TRUE,TRUE
"Co",3378,TRUE,30.3085234093637,348.6763171722,0.54173138329828,2.85142266375494,TRUE,TRUE
"Co",3379,TRUE,30.2767106842737,314.890751445534,0.515678628009174,3.08814689024446,TRUE,FALSE
"Co",3380,TRUE,30.1812725090036,379.046576696863,0.567528444194263,-2.17770829155803,TRUE,TRUE
"Co",3381,TRUE,30.1494597839136,309.344878496848,0.510838173169245,-1.88717337530555,TRUE,FALSE
"Co",3382,TRUE,30.3403361344538,308.249213330418,0.51009875498393,2.44895180700049,TRUE,FALSE
"Co",3383,TRUE,30.2448979591837,292.749934276419,0.497127229764968,-2.92235183188372,TRUE,FALSE
"Co",3384,TRUE,30.1176470588235,336.149163792575,0.535548773835643,-1.72589623330953,TRUE,TRUE
"Co",3385,TRUE,30.2130852340936,319.624965394176,0.518929159233495,-2.52182893621732,TRUE,FALSE
"Co",3386,TRUE,30.2767106842737,340.530569866,0.536544116697399,3.0820752130745,TRUE,TRUE
"Co",3387,TRUE,30.1812725090036,338.608896178064,0.536728759704711,-2.25800587307659,TRUE,TRUE
"Co",3388,TRUE,30.4675870348139,292.861487069222,0.495419441223057,1.09852618017378,TRUE,FALSE
"Co",3389,TRUE,30.1494597839136,340.713600945215,0.536401656049753,-1.92349335530553,TRUE,TRUE
"Co",3390,TRUE,30.3721488595438,326.380308705607,0.525194212895807,2.14152469718969,TRUE,FALSE
"Co",3391,TRUE,30.2448979591837,291.819725324227,0.495512491271327,-2.9250575050363,TRUE,FALSE
"Co",3392,TRUE,30.1176470588235,324.233448751897,0.523982363235905,-1.53162050296304,TRUE,FALSE
"Co",3393,TRUE,30.4039615846339,290.623674106543,0.493360201564659,1.79497209556082,TRUE,FALSE
"Co",3394,TRUE,30.3085234093637,314.847362028581,0.51580621318016,2.75946089601451,TRUE,FALSE
"Co",3395,TRUE,30.3085234093637,299.400147983051,0.500768657956341,2.76314138125923,TRUE,FALSE
"Co",3396,TRUE,30.1494597839136,344.648666720346,0.541191767415536,-1.8697827436504,TRUE,TRUE
"Co",3397,TRUE,30.2767106842737,306.871787419075,0.507783706412708,-3.09731845479259,TRUE,FALSE
"Co",3398,TRUE,30.2130852340936,295.530012418764,0.499306944957292,-2.62073964111127,TRUE,FALSE
"Co",3399,TRUE,30.1176470588235,327.822990129763,0.528745403269116,-1.63883319135412,TRUE,TRUE
"Co",3400,TRUE,30.4039615846339,314.440039873092,0.514755407431028,1.7435227867391,TRUE,FALSE
"Co",3401,TRUE,30.1176470588235,321.397491333142,0.520815463844055,-1.64418519280467,TRUE,FALSE
"Co",3402,TRUE,30.2767106842737,296.712744849558,0.4988479145462,3.09381871376618,TRUE,FALSE
"Co",3403,TRUE,30.2448979591837,337.794373661626,0.535000829739032,-2.84324833619703,TRUE,TRUE
"Co",3404,TRUE,30.3403361344538,371.655809140921,0.562107871897487,2.4722919674241,TRUE,TRUE
"Co",3405,TRUE,30.2448979591837,344.349168171276,0.540443813599614,-2.85718589317752,TRUE,TRUE
"Co",3406,TRUE,30.2767106842737,351.578653613437,0.546685196049232,3.03797164455829,TRUE,TRUE
"Co",3407,TRUE,30.2767106842737,300.033908812663,0.502363563231943,3.07413850771107,TRUE,FALSE
"Co",3408,TRUE,30.2130852340936,287.680051870985,0.492118703360673,-2.60012968216727,TRUE,FALSE
"Co",3409,TRUE,30.3721488595438,271.657645661676,0.476470736927213,2.25163651795013,TRUE,FALSE
"Co",3410,TRUE,30.2130852340936,310.440737794779,0.512410503666118,-2.56734699584806,TRUE,FALSE
"Co",3411,TRUE,30.2767106842737,296.385923459911,0.498932192421915,3.09123441644851,TRUE,FALSE
"Co",3412,TRUE,30.2130852340936,309.497429207495,0.511525573703466,-2.57035048228532,TRUE,FALSE
"Co",3413,TRUE,30.0540216086435,305.826893976458,0.508117737685267,-0.813237203092958,TRUE,FALSE
"Co",3414,TRUE,30.2767106842737,290.504191250722,0.494797064097022,3.05383386389055,TRUE,FALSE
"Co",3415,TRUE,30.2130852340936,321.727688213048,0.522236457698531,-2.60370899794082,TRUE,FALSE
"Co",3416,TRUE,30.2448979591837,376.462040594072,0.565814668919049,-2.85627911069535,TRUE,TRUE
"Co",3417,TRUE,30.2130852340936,400.920086894837,0.584870529092795,-2.5265919821253,TRUE,TRUE
"Co",3418,TRUE,30.4039615846339,347.67388379153,0.542845348743614,1.71904090708752,TRUE,TRUE
"Co",3419,TRUE,29.9585834333733,299.190367687009,0.504992458707979,-0.0075102720841171,TRUE,FALSE
"Co",3420,TRUE,30.2767106842737,338.748966981065,0.53497283781543,3.08138184931809,TRUE,TRUE
"Co",3421,TRUE,30.2130852340936,299.617425803804,0.502126655530403,-2.48035394503171,TRUE,FALSE
"Co",3422,TRUE,30.2130852340936,316.188652413315,0.516313126045022,-2.52854498423399,TRUE,FALSE
"Co",3423,TRUE,30.2767106842737,324.086329976273,0.522944402967026,3.10964893279945,TRUE,FALSE
"Co",3424,TRUE,30.2767106842737,352.269201073081,0.547863496377106,3.0157797515511,TRUE,TRUE
"Co",3425,TRUE,30.2130852340936,281.156026934484,0.486965785589183,-2.57941773971379,TRUE,FALSE
"Co",3426,TRUE,30.3085234093637,311.752191892266,0.512776170169777,2.77658683374079,TRUE,FALSE
"Co",3427,TRUE,30.4039615846339,313.02378953647,0.512379799117784,1.86443850555689,TRUE,FALSE
"Co",3428,TRUE,30.2767106842737,274.176344785699,0.478711968816925,3.06970846663335,TRUE,FALSE
"Co",3429,TRUE,30.3403361344538,313.557815643492,0.514421128256563,2.40819792212623,TRUE,FALSE
"Co",3430,TRUE,30.2130852340936,314.239654508695,0.514533383730773,-2.5274999564249,TRUE,FALSE
"Co",3431,TRUE,30.1812725090036,343.485257395796,0.540595956516961,-2.29239504093664,TRUE,TRUE
"Co",3432,TRUE,30.2448979591837,348.719343979343,0.543369842990488,-2.76500215456414,TRUE,TRUE
"Co",3433,TRUE,30.1176470588235,340.381326711881,0.53715276463732,-1.53902680418753,TRUE,TRUE
"Co",3434,TRUE,30.3085234093637,276.51378155262,0.482638953573024,2.68911955020832,TRUE,FALSE
"Co",3435,TRUE,30.3085234093637,336.314332381561,0.534228405268392,2.69859537008888,TRUE,TRUE
"Co",3436,TRUE,30.1812725090036,322.196658672798,0.521916702602802,-2.29837218143833,TRUE,FALSE
"Co",3437,TRUE,30.1176470588235,377.856606555656,0.567957148834979,-1.54649870429201,TRUE,TRUE
"Co",3438,TRUE,30.4039615846339,289.497660843687,0.492328765756299,1.79312121343022,TRUE,FALSE
"Co",3439,TRUE,30.2767106842737,318.274747091468,0.518527345192258,3.05719374248794,TRUE,FALSE
"Co",3440,TRUE,30.2130852340936,298.457021984203,0.501706717128107,-2.56846631057263,TRUE,FALSE
"Co",3441,TRUE,30.2767106842737,323.663174049261,0.522606065131062,2.99938970256294,TRUE,FALSE
"Co",3442,TRUE,30.2448979591837,357.745722660501,0.551241448897098,-2.88032022272808,TRUE,TRUE
"Co",3443,TRUE,30.1176470588235,387.502045695896,0.576818259414596,-1.59048266141829,TRUE,TRUE
"Co",3444,TRUE,30.3403361344538,342.883800388346,0.538555353866001,2.46216226489509,TRUE,TRUE
"Co",3445,TRUE,30.2767106842737,349.179064106928,0.544558732909464,3.09544261794825,TRUE,TRUE
"Co",3446,TRUE,30.1494597839136,351.476058234103,0.546430319891067,-1.90365076398495,TRUE,TRUE
"Co",3447,TRUE,30.3721488595438,322.05296293032,0.521265431089212,2.15487148899062,TRUE,FALSE
"Co",3448,TRUE,30.3085234093637,329.740815058062,0.527316375770127,2.8592697560673,TRUE,TRUE
"Co",3449,TRUE,30.3085234093637,282.599607986459,0.486867859915936,2.82817586173221,TRUE,FALSE
"Co",3450,TRUE,30.2767106842737,325.568628603603,0.522983066468617,-3.12110322644458,TRUE,FALSE
"Co",3451,TRUE,30.1812725090036,354.466809168768,0.549831786432946,-2.30850974562362,TRUE,TRUE
"Co",3452,TRUE,30.1812725090036,237.321753279891,0.444892736620119,-2.18161636440068,TRUE,FALSE
"Co",3453,TRUE,30.2130852340936,362.660473836216,0.555482359855835,-2.50828416129418,TRUE,TRUE
"Co",3454,TRUE,30.3403361344538,371.436266568092,0.562505823741097,2.43519849964902,TRUE,TRUE
"Co",3455,TRUE,30.1494597839136,328.969538498903,0.529026851048474,-1.91007654346017,TRUE,TRUE
"Co",3456,TRUE,30.3085234093637,377.976155654449,0.567295015598919,2.80107225229697,TRUE,TRUE
"Co",3457,TRUE,30.1812725090036,276.107663018948,0.482616786604736,-2.32146493861175,TRUE,FALSE
"Co",3458,TRUE,30.2130852340936,358.526168008305,0.553343669999177,-2.5111335519046,TRUE,TRUE
"Co",3459,TRUE,30.2448979591837,331.370915143464,0.530259206383487,-2.89843697523909,TRUE,TRUE
"Co",3460,TRUE,30.2448979591837,352.591815334381,0.546653827533603,-2.86014423137,TRUE,TRUE
"Co",3461,TRUE,30.1812725090036,309.376324236059,0.511874558875102,-2.28395512168742,TRUE,FALSE
"Co",3462,TRUE,30.2130852340936,341.044463821332,0.538400058768924,-2.57201900059504,TRUE,TRUE
"Co",3463,TRUE,30.3403361344538,296.205848536967,0.498418945107657,2.47765533705945,TRUE,FALSE
"Co",3464,TRUE,30.2130852340936,286.224443658205,0.49101263674071,-2.50152450916794,TRUE,FALSE
"Co",3465,TRUE,30.3085234093637,314.031439981206,0.514730647291246,2.82641368490122,TRUE,FALSE
"Co",3466,TRUE,30.2767106842737,334.508975964282,0.531057866825451,3.11449948876568,TRUE,TRUE
"Co",3467,TRUE,30.2130852340936,395.810912710894,0.58251979189836,-2.57107074140493,TRUE,TRUE
"Co",3468,TRUE,30.1812725090036,318.437117555958,0.519925503466349,-2.24078562097902,TRUE,FALSE
"Co",3469,TRUE,30.0858343337335,363.625974846063,0.558523240605524,-1.34125024048041,TRUE,TRUE
"Co",3470,TRUE,30.3085234093637,355.18412959977,0.549159029502037,2.74379115241647,TRUE,TRUE
"Co",3471,TRUE,30.2767106842737,266.575746028872,0.473362143216503,3.0111443065439,TRUE,FALSE
"Co",3472,TRUE,30.3085234093637,370.547579318428,0.561335803202001,2.79520327919025,TRUE,TRUE
"Co",3473,TRUE,30.4039615846339,285.083044534538,0.488166151555443,1.84435089731587,TRUE,FALSE
"Co",3474,TRUE,30.2448979591837,322.404058965677,0.521423503147055,-2.90034374690414,TRUE,FALSE
"Co",3475,TRUE,30.3403361344538,302.905922066048,0.503573769014772,2.4594131858275,TRUE,FALSE
"Co",3476,TRUE,30.2130852340936,293.595984319293,0.497853274031571,-2.63512982804766,TRUE,FALSE
"Co",3477,TRUE,30.4039615846339,367.096776483804,0.557975107282101,1.79625596228417,TRUE,TRUE
"Co",3478,TRUE,30.2767106842737,402.463916420589,0.587413652898393,-3.12981880485136,TRUE,TRUE
"Co",3479,TRUE,30.3721488595438,327.436302841409,0.525617408193125,2.145478130814,TRUE,TRUE
"Co",3480,TRUE,30.2448979591837,355.561528039688,0.550631860371524,-2.86296620475269,TRUE,TRUE
"Co",3481,TRUE,30.3403361344538,325.697003913385,0.523656777064581,2.44232011292726,TRUE,FALSE
"Co",3482,TRUE,30.2767106842737,313.81152067482,0.51556038575069,3.10000941087013,TRUE,FALSE
"Co",3483,TRUE,30.2130852340936,348.084192523486,0.543858381400198,-2.56132699616244,TRUE,TRUE
"Co",3484,TRUE,30.2448979591837,312.202427000206,0.514038357885747,-2.91433443834506,TRUE,FALSE
"Co",3485,TRUE,30.1494597839136,310.185568119643,0.512240214693594,-1.88375974522105,TRUE,FALSE
"Co",3486,TRUE,30.4675870348139,425.363199103081,0.603259328805377,1.13259795345928,TRUE,TRUE
"Co",3487,TRUE,30.2448979591837,298.910585738609,0.501295064546557,-2.83368466590607,TRUE,FALSE
"Co",3488,TRUE,30.3403361344538,370.68671236667,0.561798301178083,2.45454049894575,TRUE,TRUE
"Co",3489,TRUE,30.2448979591837,389.350767636464,0.576683401014554,-2.77068799961213,TRUE,TRUE
"Co",3490,TRUE,30.1494597839136,306.426793093772,0.509916703604552,-1.92922556570269,TRUE,FALSE
"Co",3491,TRUE,30.2767106842737,342.346154516277,0.539785358315397,3.11005525309621,TRUE,TRUE
"Co",3492,TRUE,30.1176470588235,303.288463720435,0.506315924002767,-1.53923699254949,TRUE,FALSE
"Co",3493,TRUE,30.2767106842737,293.97302655315,0.496946456428785,-3.12261770951956,TRUE,FALSE
"Co",3494,TRUE,30.2130852340936,366.203614503793,0.557820946971218,-2.48632869298962,TRUE,TRUE
"Co",3495,TRUE,30.2767106842737,304.083568605389,0.506155635216676,3.09437011994383,TRUE,FALSE
"Co",3496,TRUE,30.1494597839136,262.234343358246,0.468644471971912,-1.82213722609572,TRUE,FALSE
"Co",3497,TRUE,30.3721488595438,262.95691758185,0.468296437170491,2.07542013120072,TRUE,FALSE
"Co",3498,TRUE,30.0858343337335,318.665950709857,0.520177523781392,-1.30036205401918,TRUE,FALSE
"Co",3499,TRUE,30.3085234093637,285.327185521333,0.489641104146018,2.81163114684086,TRUE,FALSE
"Co",3500,TRUE,30.2767106842737,295.81688903624,0.498210862923713,3.10235446128099,TRUE,FALSE
"Co",3501,TRUE,30.2130852340936,300.23646409014,0.503686595370775,-2.53375209076005,TRUE,FALSE
"Co",3502,TRUE,30.1494597839136,293.087680612299,0.497959613596885,-1.97994566039043,TRUE,FALSE
"Co",3503,TRUE,30.1812725090036,430.653965803898,0.609185001426948,-2.1748367886534,TRUE,TRUE
"Co",3504,TRUE,30.3403361344538,367.653837821846,0.560132373311247,2.46538649069049,TRUE,TRUE
"Co",3505,TRUE,30.1812725090036,303.827686902891,0.506253615901403,-2.12993713564184,TRUE,FALSE
"Co",3506,TRUE,30.2448979591837,262.468248003025,0.46873532439199,-2.89511723040248,TRUE,FALSE
"Co",3507,TRUE,30.1176470588235,329.655564490654,0.52939578451897,-1.57447714808754,TRUE,TRUE
"Co",3508,TRUE,30.1812725090036,333.204797826214,0.530909172146418,-2.191307870453,TRUE,TRUE
"Co",3509,TRUE,30.2767106842737,281.240491083099,0.484333699426075,3.10549947800913,TRUE,FALSE
"Co",3510,TRUE,30.3085234093637,300.434985714317,0.502104274848706,2.7940097207342,TRUE,FALSE
"Co",3511,TRUE,30.2767106842737,305.359951896402,0.507003346434185,3.04740248747203,TRUE,FALSE
"Co",3512,TRUE,30.1176470588235,298.499637382028,0.502085787355381,-1.60604980675674,TRUE,FALSE
"Co",3513,TRUE,30.3085234093637,350.587826749696,0.544772593846445,2.82644824338143,TRUE,TRUE
"Co",3514,TRUE,30.1176470588235,315.790337904701,0.516964836814539,-1.55505087982017,TRUE,FALSE
"Co",3515,TRUE,30.1812725090036,391.464166601913,0.580439246954471,-2.28769912126209,TRUE,TRUE
"Co",3516,TRUE,30.1494597839136,357.553714784193,0.552768944199882,-1.94708845318157,TRUE,TRUE
"Co",3517,TRUE,30.1494597839136,336.92841257689,0.535320329313728,-1.93908806773317,TRUE,TRUE
"Co",3518,TRUE,30.1494597839136,344.634320800623,0.540890347643404,-1.86445481574096,TRUE,TRUE
"Co",3519,TRUE,30.1176470588235,325.391884557895,0.525498569943883,-1.57542743656307,TRUE,FALSE
"Co",3520,TRUE,30.1812725090036,345.495109053057,0.541932646506396,-2.25645507320181,TRUE,TRUE
"Co",3521,TRUE,30.3721488595438,359.022220214604,0.551441148025642,2.0860272445885,TRUE,TRUE
"Co",3522,TRUE,30.2767106842737,261.98509839736,0.467772235824672,-3.1303842600226,TRUE,FALSE
"Co",3523,TRUE,30.3721488595438,332.768210264108,0.530426431904085,2.16055907925942,TRUE,TRUE
"Co",3524,TRUE,30.2767106842737,290.813695348831,0.493692476792937,-3.13787598746178,TRUE,FALSE
"Co",3525,TRUE,30.3403361344538,302.773680719083,0.503497715713779,2.41436265617268,TRUE,FALSE
"Co",3526,TRUE,30.1494597839136,285.016762103436,0.49062363658242,-2.02289027690361,TRUE,FALSE
"Co",3527,TRUE,30.3403361344538,345.471053949425,0.54027210943978,2.36393617375591,TRUE,TRUE
"Co",3528,TRUE,30.1494597839136,394.575242477717,0.58130452484158,-1.89948686449268,TRUE,TRUE
"Co",3529,TRUE,30.0858343337335,347.554131935892,0.545158254309277,-1.32617921714021,TRUE,TRUE
"Co",3530,TRUE,30.1494597839136,318.622524730346,0.519111504421046,-1.9246310760804,TRUE,FALSE
"Co",3531,TRUE,30.1494597839136,358.689368148105,0.552663975742266,-1.87624010939925,TRUE,TRUE
"Co",3532,TRUE,30.1812725090036,280.407139424301,0.485219256459612,-2.22535689106019,TRUE,FALSE
"Co",3533,TRUE,30.2767106842737,314.162833818434,0.513844048551396,3.13127115428411,TRUE,FALSE
"Co",3534,TRUE,30.3085234093637,324.152780980085,0.524657531970318,2.72677527994782,TRUE,FALSE
"Co",3535,TRUE,30.0222088835534,309.573864745141,0.513737445370457,-0.659052491021008,TRUE,FALSE
"Co",3536,TRUE,30.2448979591837,261.486822953787,0.46829564806812,-2.92383493408585,TRUE,FALSE
"Co",3537,TRUE,30.2448979591837,313.86230939564,0.513906446078937,-2.84799698003848,TRUE,FALSE
"Co",3538,TRUE,30.1812725090036,377.147031383487,0.567978794053953,-2.21891290921837,TRUE,TRUE
"Co",3539,TRUE,30.2448979591837,361.512427761029,0.554766463596192,-2.91419507306334,TRUE,TRUE
"Co",3540,TRUE,30.3085234093637,318.373806228817,0.518263619749319,2.82806640135155,TRUE,FALSE
"Co",3541,TRUE,30.2448979591837,260.617914784056,0.467034696382557,-2.83048162156415,TRUE,FALSE
"Co",3542,TRUE,30.2767106842737,302.639807626861,0.50417653266304,-3.08231000928753,TRUE,FALSE
"Co",3543,TRUE,30.2130852340936,320.878258218981,0.520230170957216,-2.47824630433173,TRUE,FALSE
"Co",3544,TRUE,30.2767106842737,351.73366520376,0.544675617138063,-3.13607269789219,TRUE,TRUE
"Co",3545,TRUE,30.2130852340936,347.21660254835,0.543370071762567,-2.63559946243465,TRUE,TRUE
"Co",3546,TRUE,30.3085234093637,301.275785596589,0.503209002617474,2.81138325934829,TRUE,FALSE
"Co",3547,TRUE,30.3403361344538,340.077999298133,0.535226677840553,2.4725492799144,TRUE,TRUE
"Co",3548,TRUE,30.3403361344538,293.941030951107,0.49603537644454,2.45465383742805,TRUE,FALSE
"Co",3549,TRUE,30.3403361344538,256.601102604224,0.463087599608465,2.43601481745528,TRUE,FALSE
"Co",3550,TRUE,30.1812725090036,342.75551436467,0.539183527965944,-2.25903084282992,TRUE,TRUE
"Co",3551,TRUE,30.4039615846339,332.5111661721,0.52925735237168,1.73838931272942,TRUE,TRUE
"Co",3552,TRUE,30.1494597839136,390.648802715526,0.578392741737486,-1.98416679906907,TRUE,TRUE
"Co",3553,TRUE,30.2130852340936,295.594777545775,0.499798031754181,-2.50407911945659,TRUE,FALSE
"Co",3554,TRUE,30.1494597839136,308.789897870132,0.510180210551933,-1.8744909707959,TRUE,FALSE
"Co",3555,TRUE,30.2130852340936,285.206153392397,0.490057867829447,-2.55508321707144,TRUE,FALSE
"Co",3556,TRUE,30.3085234093637,358.763190772724,0.550087626773299,2.78093225670729,TRUE,TRUE
"Co",3557,TRUE,30.1494597839136,299.261485992066,0.503528980639929,-1.98063617662386,TRUE,FALSE
"Co",3558,TRUE,30.1812725090036,286.110398744845,0.490766369753498,-2.18993348378502,TRUE,FALSE
"Co",3559,TRUE,30.1176470588235,408.507129955169,0.593190966899238,-1.6389012893715,TRUE,TRUE
"Co",3560,TRUE,30.3085234093637,382.165279374633,0.569723776893532,2.75022491157994,TRUE,TRUE
"Co",3561,TRUE,30.2767106842737,300.053710223957,0.502488239331558,3.13339408416958,TRUE,FALSE
"Co",3562,TRUE,30.3403361344538,318.470792906102,0.518173126921294,2.41707079292666,TRUE,FALSE
"Co",3563,TRUE,30.3085234093637,372.507557967418,0.562699379312753,2.77724465401031,TRUE,TRUE
"Co",3564,TRUE,30.1812725090036,323.809613632479,0.524112476008034,-2.24530874052887,TRUE,FALSE
"Co",3565,TRUE,30.2767106842737,398.735741919005,0.58337534033304,3.1234542623228,TRUE,TRUE
"Co",3566,TRUE,30.2448979591837,299.252150020631,0.502583541914121,-2.85078448421112,TRUE,FALSE
"Co",3567,TRUE,30.2767106842737,369.467748753959,0.559605430711382,3.13129583906762,TRUE,TRUE
"Co",3568,TRUE,30.2448979591837,283.820598244847,0.487909717169796,-2.77850042159372,TRUE,FALSE
"Co",3569,TRUE,30.2448979591837,326.147886757112,0.524848069994077,-2.82086177702271,TRUE,FALSE
"Co",3570,TRUE,30.1812725090036,365.398062612331,0.557662658503455,-2.29215604986451,TRUE,TRUE
"Co",3571,TRUE,30.1812725090036,357.352904818538,0.551579111241306,-2.24448042322057,TRUE,TRUE
"Co",3572,TRUE,30.2130852340936,288.930459897153,0.494300763479852,-2.64695048491482,TRUE,FALSE
"Co",3573,TRUE,30.2448979591837,312.939250664966,0.514008851351489,-2.94239144042267,TRUE,FALSE
"Co",3574,TRUE,30.2130852340936,328.013663989088,0.527501103425536,-2.54229284937539,TRUE,TRUE
"Co",3575,TRUE,30.1812725090036,263.061068857848,0.469487493815966,-2.26689532065165,TRUE,FALSE
"Co",3576,TRUE,30.3403361344538,240.348362330062,0.446136510515274,2.40665225441357,TRUE,FALSE
"Co",3577,TRUE,30.3085234093637,328.461767063331,0.525958228509005,2.7513931395073,TRUE,TRUE
"Co",3578,TRUE,30.2448979591837,343.169475448606,0.53805708623192,-2.78424784554801,TRUE,TRUE
"Co",3579,TRUE,30.2448979591837,299.533286878046,0.501782020053276,-2.79408544349634,TRUE,FALSE
"Co",3580,TRUE,30.1812725090036,408.506992980269,0.590903279721919,-2.1719053692209,TRUE,TRUE
"Co",3581,TRUE,30.2130852340936,353.449768849345,0.548249314293421,-2.54583491177291,TRUE,TRUE
"Co",3582,TRUE,30.2767106842737,426.669813401128,0.604912956251031,3.11293006819966,TRUE,TRUE
"Co",3583,TRUE,30.2767106842737,343.724807908214,0.539242173437269,3.13228016421739,TRUE,TRUE
"Co",3584,TRUE,30.1812725090036,349.681598945421,0.545852413043146,-2.19846457761828,TRUE,TRUE
"Co",3585,TRUE,30.2448979591837,306.054810290524,0.507758359789976,-2.85306256838416,TRUE,FALSE
"Co",3586,TRUE,30.3085234093637,314.470014712007,0.514361038110532,2.71177085405766,TRUE,FALSE
"Co",3587,TRUE,30.3403361344538,297.647336278123,0.50024678864594,2.45218816577522,TRUE,FALSE
"Co",3588,TRUE,30.1812725090036,316.728145704613,0.516799246981641,-2.06661665340042,TRUE,FALSE
"Co",3589,TRUE,30.2130852340936,347.247793305572,0.544161725449467,-2.54456147316526,TRUE,TRUE
"Co",3590,TRUE,30.1812725090036,325.32640152018,0.524762922112991,-2.18808943905901,TRUE,FALSE
"Co",3591,TRUE,30.2448979591837,281.045590328898,0.484935966415771,-2.80617962550066,TRUE,FALSE
"Co",3592,TRUE,30.2448979591837,317.504963070972,0.517856615826443,-2.83089757909252,TRUE,FALSE
"Co",3593,TRUE,30.1494597839136,300.175436547915,0.504287624802774,-1.96264868284172,TRUE,FALSE
"Co",3594,TRUE,30.1812725090036,276.26386066129,0.481585246189462,-2.24945195085942,TRUE,FALSE
"Co",3595,TRUE,30.1176470588235,290.413152966254,0.494373818296354,-1.57978492295591,TRUE,FALSE
"Co",3596,TRUE,30.1176470588235,320.960488822964,0.522312222165405,-1.59533173492123,TRUE,FALSE
"Co",3597,TRUE,30.2130852340936,310.081934984373,0.510746519978879,-2.47326700338845,TRUE,FALSE
"Co",3598,TRUE,30.2767106842737,358.557998121482,0.552506370726976,3.08601650508912,TRUE,TRUE
"Co",3599,TRUE,30.1812725090036,393.18581647211,0.580677095088086,-2.3124448276427,TRUE,TRUE
"Co",3600,TRUE,30.2130852340936,312.037740062944,0.513602635030642,-2.59791410450451,TRUE,FALSE
"Co",3601,TRUE,30.1812725090036,363.021239082059,0.556133870916047,-2.24673236976817,TRUE,TRUE
"Co",3602,TRUE,30.1494597839136,326.942146082481,0.526625739482192,-1.87922419618118,TRUE,FALSE
"Co",3603,TRUE,30.3085234093637,357.173596954688,0.550515187285352,2.75536297894281,TRUE,TRUE
"Co",3604,TRUE,30.3721488595438,328.979125368314,0.528059826399984,2.10807800874384,TRUE,TRUE
"Co",3605,TRUE,30.3085234093637,369.98021694424,0.561841104920171,2.79566195804748,TRUE,TRUE
"Co",3606,TRUE,30.2767106842737,345.999550181168,0.542082943494866,3.09720065067259,TRUE,TRUE
"Co",3607,TRUE,30.4039615846339,298.41300926141,0.499173282679932,1.83053513667944,TRUE,FALSE
"Co",3608,TRUE,30.3721488595438,314.98818076855,0.514160602675375,2.07272683095262,TRUE,FALSE
"Co",3609,TRUE,30.2767106842737,323.729338476998,0.523264264293991,3.07861375783635,TRUE,FALSE
"Co",3610,TRUE,30.1176470588235,311.725777090124,0.515755109519848,-1.71695958660565,TRUE,FALSE
"Co",3611,TRUE,30.3085234093637,313.647551544235,0.514202427272639,2.76254189177872,TRUE,FALSE
"Co",3612,TRUE,30.2767106842737,270.852317797994,0.475540721340491,3.1369175218442,TRUE,FALSE
"Co",3613,TRUE,30.2130852340936,251.043823050336,0.458410053470392,-2.57174058057143,TRUE,FALSE
"Co",3614,TRUE,30.3721488595438,361.026575250277,0.553084430476731,2.20525393699075,TRUE,TRUE
"Co",3615,TRUE,30.3085234093637,313.892957691767,0.514424001662623,2.78483013325989,TRUE,FALSE
"Co",3616,TRUE,30.1812725090036,335.339553636425,0.532985289039443,-2.1906610526255,TRUE,TRUE
"Co",3617,TRUE,30.1494597839136,346.652462979435,0.542098004362859,-1.91014447826688,TRUE,TRUE
"Co",3618,TRUE,30.1812725090036,351.123510071011,0.547043462267782,-2.14914966308543,TRUE,TRUE
"Co",3619,TRUE,30.3085234093637,343.170855492958,0.539701030591666,2.79846276994349,TRUE,TRUE
"Co",3620,TRUE,30.1812725090036,362.893498784871,0.555984719686698,-2.1269112170591,TRUE,TRUE
"Co",3621,TRUE,30.1812725090036,369.865763669406,0.561769490494647,-2.24889154383201,TRUE,TRUE
"Co",3622,TRUE,30.4039615846339,268.865170169667,0.474262573260976,1.73038547530734,TRUE,FALSE
"Co",3623,TRUE,30.1812725090036,314.126720901322,0.516774834866225,-2.24554152588965,TRUE,FALSE
"Co",3624,TRUE,30.2767106842737,316.854786204693,0.517204374766025,3.09638005883939,TRUE,FALSE
"Co",3625,TRUE,30.2130852340936,291.231159734569,0.494851813904354,-2.58416153686717,TRUE,FALSE
"Co",3626,TRUE,30.2448979591837,300.853510053953,0.503191963327513,-2.89071483708029,TRUE,FALSE
"Co",3627,TRUE,30.2767106842737,325.43563164289,0.523315179105909,-3.14090336370631,TRUE,FALSE
"Co",3628,TRUE,30.3403361344538,341.763646636057,0.538540490811294,2.48446869172556,TRUE,TRUE
"Co",3629,TRUE,30.3085234093637,352.838787879548,0.547116517520216,2.83129012660578,TRUE,TRUE
"Co",3630,TRUE,30.1176470588235,313.209716326314,0.514677369543676,-1.5662799516658,TRUE,FALSE
"Co",3631,TRUE,30.3721488595438,339.102503254556,0.537339537732124,1.97859746147161,TRUE,TRUE
"Co",3632,TRUE,30.3721488595438,277.476283441285,0.481553098044415,2.2224921300724,TRUE,FALSE
"Co",3633,TRUE,30.4357743097239,327.305081346913,0.525745816217739,1.36947850006409,TRUE,TRUE
"Co",3634,TRUE,30.2767106842737,360.009336298529,0.552785471920854,3.05216834821811,TRUE,TRUE
"Co",3635,TRUE,30.1812725090036,327.153607658779,0.526537270018737,-2.27905056051442,TRUE,TRUE
"Co",3636,TRUE,30.1176470588235,319.70641126137,0.520767550884088,-1.56588861447542,TRUE,FALSE
"Co",3637,TRUE,30.3085234093637,316.471893080905,0.516318666608045,2.68764855650439,TRUE,FALSE
"Co",3638,TRUE,30.2767106842737,288.992243539777,0.492399987711647,3.0884148975975,TRUE,FALSE
"Co",3639,TRUE,30.2767106842737,359.641147870138,0.552693341898122,3.08102971124459,TRUE,TRUE
"Co",3640,TRUE,30.3403361344538,271.185698368362,0.476474452492066,2.39933431636233,TRUE,FALSE
"Co",3641,TRUE,30.2130852340936,251.492765698349,0.459192001659163,-2.63300635407444,TRUE,FALSE
"Co",3642,TRUE,30.3721488595438,362.418587532826,0.554177245091353,2.10398440326892,TRUE,TRUE
"Co",3643,TRUE,30.2130852340936,272.339419141339,0.478118439292675,-2.50957491535834,TRUE,FALSE
"Co",3644,TRUE,30.3403361344538,317.193478503779,0.517317766167043,2.4913203092639,TRUE,FALSE
"Co",3645,TRUE,30.1494597839136,382.148563352257,0.571074194737634,-1.81783136436084,TRUE,TRUE
"Co",3646,TRUE,30.2448979591837,311.204657099219,0.512532286755054,-2.82605759165288,TRUE,FALSE
"Co",3647,TRUE,30.2767106842737,287.271156520548,0.49118393003466,3.05042619791235,TRUE,FALSE
"Co",3648,TRUE,30.3085234093637,335.28075508356,0.532563487819217,2.77352527167122,TRUE,TRUE
"Co",3649,TRUE,30.3403361344538,335.211651356907,0.532532124291547,2.44830609112979,TRUE,TRUE
"Co",3650,TRUE,30.0858343337335,352.603555983123,0.549931943212871,-1.29959340450581,TRUE,TRUE
"Co",3651,TRUE,30.1812725090036,377.191141379457,0.567327628056268,-2.17266710551175,TRUE,TRUE
"Co",3652,TRUE,30.0858343337335,277.675752615813,0.482445902282942,-1.19161972206964,TRUE,FALSE
"Co",3653,TRUE,30.1494597839136,251.090828313541,0.458687339024041,-1.89525469364037,TRUE,FALSE
"Co",3654,TRUE,30.2767106842737,335.906357806639,0.533476987336587,3.07553832158749,TRUE,TRUE
"Co",3655,TRUE,30.2448979591837,323.290392478372,0.522312045478883,-2.79756810890514,TRUE,FALSE
"Co",3656,TRUE,30.2130852340936,370.123376794187,0.56041321006848,-2.51644935526117,TRUE,TRUE
"Co",3657,TRUE,30.2448979591837,313.755598239368,0.515519575746237,-3.02088402886626,TRUE,FALSE
"Co",3658,TRUE,30.4357743097239,328.35463008633,0.526645508889857,1.44234644553503,TRUE,TRUE
"Co",3659,TRUE,30.2448979591837,336.560044888867,0.535434939330811,-2.91063577069744,TRUE,TRUE
"Co",3660,TRUE,30.2448979591837,341.325248800037,0.536801302274012,-2.7328954913819,TRUE,TRUE
"Co",3661,TRUE,30.1812725090036,317.302772874146,0.517908680993057,-2.20558453419553,TRUE,FALSE
"Co",3662,TRUE,30.1494597839136,302.007963264543,0.503864599118074,-1.91433896915282,TRUE,FALSE
"Co",3663,TRUE,30.1812725090036,361.675142166963,0.556007441333884,-2.23576595670464,TRUE,TRUE
"Co",3664,TRUE,30.4357743097239,414.506854345893,0.594818103884711,1.46017966200974,TRUE,TRUE
"Co",3665,TRUE,30.4039615846339,320.483209183082,0.517989693262193,1.8553866668852,TRUE,FALSE
"Co",3666,TRUE,30.3085234093637,387.782822730839,0.575608244877858,2.69935008297544,TRUE,TRUE
"Co",3667,TRUE,30.2767106842737,352.712859023859,0.547140398598019,3.06209488282342,TRUE,TRUE
"Co",3668,TRUE,30.1494597839136,339.897326805833,0.53769663337426,-1.91734557238352,TRUE,TRUE
"Co",3669,TRUE,30.1812725090036,377.576338157298,0.567996082773423,-2.23903693234849,TRUE,TRUE
"Co",3670,TRUE,30.1812725090036,320.679967923364,0.52095321050208,-2.26696926881506,TRUE,FALSE
"Co",3671,TRUE,30.2130852340936,311.809343239109,0.513187653894326,-2.61570767440184,TRUE,FALSE
"Co",3672,TRUE,30.2130852340936,312.84727231155,0.514752455233784,-2.58726669237238,TRUE,FALSE
"Co",3673,TRUE,30.3085234093637,343.217484648417,0.539758209475857,2.69865363325236,TRUE,TRUE
"Co",3674,TRUE,30.0540216086435,383.577463251871,0.574030251760096,-0.892507806497799,TRUE,TRUE
"Co",3675,TRUE,30.1494597839136,358.473875924391,0.551755269927143,-1.88247061385177,TRUE,TRUE
"Co",3676,TRUE,30.1812725090036,302.026438856991,0.504349313092747,-2.22038420734943,TRUE,FALSE
"Co",3677,TRUE,30.1176470588235,357.208472026738,0.551759602811184,-1.582052061051,TRUE,TRUE
"Co",3678,TRUE,30.2448979591837,296.328527945488,0.498500095844393,-2.79343887973285,TRUE,FALSE
"Co",3679,TRUE,30.1812725090036,325.507585381925,0.525589499263308,-2.25195519190369,TRUE,FALSE
"Co",3680,TRUE,30.1812725090036,309.658684914186,0.511801647991314,-2.26807981589734,TRUE,FALSE
"Co",3681,TRUE,30.3085234093637,365.2835920594,0.556879565761066,2.74953585678781,TRUE,TRUE
"Co",3682,TRUE,30.2448979591837,314.085827305212,0.514973036607228,-2.9200719472937,TRUE,FALSE
"Co",3683,TRUE,30.1812725090036,333.573178087303,0.531707575659557,-2.25666903391363,TRUE,TRUE
"Co",3684,TRUE,30.2130852340936,297.191150805722,0.50022348360985,-2.56253698957185,TRUE,FALSE
"Co",3685,TRUE,30.2448979591837,409.042555054998,0.592053783071523,-2.78289091759299,TRUE,TRUE
"Co",3686,TRUE,30.2448979591837,320.616087073475,0.520597343672876,-2.91251809053397,TRUE,FALSE
"Co",3687,TRUE,30.2130852340936,378.239961257177,0.568577920046247,-2.50725760389612,TRUE,TRUE
"Co",3688,TRUE,30.4039615846339,315.429657296269,0.514933055855003,1.82135078925734,TRUE,FALSE
"Co",3689,TRUE,30.4039615846339,336.92032760667,0.532689098856653,1.79720913676566,TRUE,TRUE
"Co",3690,TRUE,30.2448979591837,335.247050936285,0.532207210651425,-2.83078090841977,TRUE,TRUE
"Co",3691,TRUE,30.2448979591837,319.045879021629,0.519205358177376,-2.86398274074322,TRUE,FALSE
"Co",3692,TRUE,30.2767106842737,298.602407449275,0.50180995847089,3.1241680529954,TRUE,FALSE
"Co",3693,TRUE,30.2767106842737,261.480128711949,0.468389032773006,3.08154272814128,TRUE,FALSE
"Co",3694,TRUE,30.3085234093637,302.393283060625,0.503489832444325,2.75556067820677,TRUE,FALSE
"Co",3695,TRUE,30.2448979591837,319.20967332468,0.521048620616969,-2.94958614459979,TRUE,FALSE
"Co",3696,TRUE,30.2130852340936,310.145793258517,0.511678972117106,-2.51074858644855,TRUE,FALSE
"Co",3697,TRUE,30.1494597839136,355.378628996932,0.549686569054079,-1.91698635803987,TRUE,TRUE
"Co",3698,TRUE,30.4675870348139,313.866736082799,0.514626788397978,1.07672640735324,TRUE,FALSE
"Co",3699,TRUE,30.2448979591837,350.540113825243,0.546471281983232,-2.85668831481347,TRUE,TRUE
"Co",3700,TRUE,30.3403361344538,346.832284332157,0.541402713071982,2.48868977788081,TRUE,TRUE
"Co",3701,TRUE,30.2767106842737,336.842507388432,0.533856110533876,3.09822950062876,TRUE,TRUE
"Co",3702,TRUE,30.3403361344538,332.105850010959,0.528722679561269,2.57731807037525,TRUE,TRUE
"Co",3703,TRUE,30.2767106842737,324.305785485703,0.523206597504076,3.10569398391916,TRUE,FALSE
"Co",3704,TRUE,30.2767106842737,291.21516820412,0.494641083647363,3.08389374251608,TRUE,FALSE
"Co",3705,TRUE,30.3403361344538,341.777248358476,0.538876376037386,2.38185133586475,TRUE,TRUE
"Co",3706,TRUE,30.2767106842737,294.251613930985,0.498026747892087,3.01413937330476,TRUE,FALSE
"Co",3707,TRUE,30.3403361344538,300.449436715518,0.502694317918164,2.44523972391676,TRUE,FALSE
"Co",3708,TRUE,30.2448979591837,304.580531603761,0.506476471473059,-2.95462157625221,TRUE,FALSE
"Co",3709,TRUE,30.2448979591837,407.976082307448,0.590867026096541,-2.8402633113904,TRUE,TRUE
"Co",3710,TRUE,30.1812725090036,345.717436627559,0.542220375218588,-2.16297949198327,TRUE,TRUE
"Co",3711,TRUE,30.2767106842737,358.891084790287,0.551815222804843,3.12078160947662,TRUE,TRUE
"Co",3712,TRUE,30.3403361344538,300.940191512681,0.502920192683133,2.45285294592219,TRUE,FALSE
"Co",3713,TRUE,30.4675870348139,302.557990166872,0.503134661945217,1.11277089486441,TRUE,FALSE
"Co",3714,TRUE,30.2448979591837,313.743490784843,0.51419889713291,-2.95288479881741,TRUE,FALSE
"Co",3715,TRUE,30.3085234093637,384.856497076119,0.572908886060515,2.78595646335946,TRUE,TRUE
"Co",3716,TRUE,30.2448979591837,357.304596116369,0.550502936434348,-2.8596770324067,TRUE,TRUE
"Co",3717,TRUE,30.1812725090036,282.381632924371,0.486929180171621,-2.28645621143123,TRUE,FALSE
"Co",3718,TRUE,30.2130852340936,277.578194816946,0.484186173762838,-2.59821816947477,TRUE,FALSE
"Co",3719,TRUE,30.3403361344538,291.772412605529,0.494570412965983,2.43893168137941,TRUE,FALSE
"Co",3720,TRUE,30.3403361344538,327.727755748576,0.52593019014584,2.45770689910641,TRUE,TRUE
"Co",3721,TRUE,30.2448979591837,387.995550128743,0.574443333993121,-2.8469352016592,TRUE,TRUE
"Co",3722,TRUE,30.2448979591837,328.826582813856,0.527030637840925,-2.89453335948142,TRUE,TRUE
"Co",3723,TRUE,30.1494597839136,338.830650482237,0.536154025692005,-1.88157651054324,TRUE,TRUE
"Co",3724,TRUE,30.2448979591837,260.271031775732,0.467753893349958,-2.94183038929074,TRUE,FALSE
"Co",3725,TRUE,30.2448979591837,312.080867576672,0.515096785171494,-2.96994457154004,TRUE,FALSE
"Co",3726,TRUE,30.3403361344538,310.577281245014,0.511915423412287,2.35275153700966,TRUE,FALSE
"Co",3727,TRUE,30.2448979591837,389.81433114725,0.575912259211439,-2.8234549701731,TRUE,TRUE
"Co",3728,TRUE,30.2767106842737,325.449905304425,0.525130956416041,2.9421100112335,TRUE,FALSE
"Co",3729,TRUE,30.2767106842737,321.042617479174,0.520677498379516,3.12655376515328,TRUE,FALSE
"Co",3730,TRUE,30.0858343337335,275.540331504273,0.482333338026003,-1.24128115652141,TRUE,FALSE
"Co",3731,TRUE,30.3403361344538,345.900635686524,0.541032362942655,2.46377417735811,TRUE,TRUE
"Co",3732,TRUE,30.3403361344538,354.318488649496,0.548307913879673,2.43423545686972,TRUE,TRUE
"Co",3733,TRUE,30.3403361344538,315.658580904326,0.514991577396894,2.40874806736564,TRUE,FALSE
"Co",3734,TRUE,30.1812725090036,292.122544281423,0.496390531650374,-2.1703918992993,TRUE,FALSE
"Co",3735,TRUE,30.2767106842737,331.78353112886,0.529362953410884,-3.14028844259715,TRUE,TRUE
"Co",3736,TRUE,30.3403361344538,270.391196783468,0.47504590271219,2.45326381882641,TRUE,FALSE
"Co",3737,TRUE,30.3721488595438,322.885678894457,0.522064336616669,2.15655690276393,TRUE,FALSE
"Co",3738,TRUE,30.3403361344538,288.449085728489,0.491414929768087,2.47680358627634,TRUE,FALSE
"Co",3739,TRUE,30.1812725090036,396.741339916133,0.583172210347029,-2.15631252527356,TRUE,TRUE
"Co",3740,TRUE,30.1494597839136,341.44012529089,0.539039947109132,-1.8718458892313,TRUE,TRUE
"Co",3741,TRUE,30.1494597839136,337.023394806019,0.533912270439657,-1.89864680776483,TRUE,TRUE
"Co",3742,TRUE,30.2130852340936,275.931207510794,0.482064908012857,-2.55895389426974,TRUE,FALSE
"Co",3743,TRUE,30.2767106842737,275.73805001446,0.480511822675124,3.08955104183754,TRUE,FALSE
"Co",3744,TRUE,30.3085234093637,275.991853626559,0.479956387964575,2.80322907381923,TRUE,FALSE
"Co",3745,TRUE,30.2448979591837,334.291814068142,0.532291490131396,-2.87143850190243,TRUE,TRUE
"Co",3746,TRUE,30.1812725090036,321.429032981631,0.521385903905323,-2.22586450144343,TRUE,FALSE
"Co",3747,TRUE,30.2767106842737,353.84480604899,0.54887410256766,3.04806305532493,TRUE,TRUE
"Co",3748,TRUE,30.2767106842737,300.934546480754,0.504620793141888,3.02342889076227,TRUE,FALSE
"Co",3749,TRUE,30.3085234093637,338.009070120879,0.535562858309895,2.75441769752104,TRUE,TRUE
"Co",3750,TRUE,30.1812725090036,307.157753703947,0.509127870629652,-2.22637231427186,TRUE,FALSE
"Co",3751,TRUE,30.1812725090036,308.766387657711,0.511457379949828,-2.25945033278457,TRUE,FALSE
"Co",3752,TRUE,30.2767106842737,288.76036115701,0.492530846269998,3.076701986548,TRUE,FALSE
"Co",3753,TRUE,30.2130852340936,314.132673972653,0.51511045023336,-2.4447738105526,TRUE,FALSE
"Co",3754,TRUE,30.2448979591837,374.475460570734,0.565263405064576,-2.80471933704602,TRUE,TRUE
"Co",3755,TRUE,30.3721488595438,378.855996884321,0.567271595943335,2.17362016375867,TRUE,TRUE
"Co",3756,TRUE,30.2767106842737,347.943827044897,0.542580613524355,3.07714285309479,TRUE,TRUE
"Co",3757,TRUE,30.3403361344538,327.752520291707,0.526196299022695,2.42540093639273,TRUE,TRUE
"Co",3758,TRUE,30.2448979591837,289.643442791192,0.494306529156034,-2.95936760547448,TRUE,FALSE
"Co",3759,TRUE,30.3085234093637,361.986858746182,0.554357524173778,2.75013300401198,TRUE,TRUE
"Co",3760,TRUE,30.3085234093637,313.239916233943,0.513151773267769,2.77079191168877,TRUE,FALSE
"Co",3761,TRUE,30.4039615846339,293.76886691888,0.496351720978037,1.78542660729838,TRUE,FALSE
"Co",3762,TRUE,30.2130852340936,289.086542383933,0.49386470426215,-2.70371275253233,TRUE,FALSE
"Co",3763,TRUE,30.3403361344538,312.757574204406,0.512837938874555,2.5570236265666,TRUE,FALSE
"Co",3764,TRUE,30.2130852340936,341.343731745964,0.538840256682461,-2.54990685137695,TRUE,TRUE
"Co",3765,TRUE,30.3085234093637,355.15475972442,0.549061764307355,2.67798695817862,TRUE,TRUE
"Co",3766,TRUE,30.1176470588235,370.353656063643,0.562174377968865,-1.5482692814827,TRUE,TRUE
"Co",3767,TRUE,30.2767106842737,341.775838168094,0.537679172256252,-3.13682816587594,TRUE,TRUE
"Co",3768,TRUE,30.3403361344538,381.592279982981,0.570523152999885,2.47188869887106,TRUE,TRUE
"Co",3769,TRUE,30.1812725090036,319.114810376954,0.519807718244586,-2.28776665429619,TRUE,FALSE
"Co",3770,TRUE,30.2448979591837,318.945488178255,0.519309257097018,-2.83449174197741,TRUE,FALSE
"Co",3771,TRUE,30.2130852340936,283.796406112893,0.488854271238339,-2.51942250399929,TRUE,FALSE
"Co",3772,TRUE,30.2130852340936,371.212680100203,0.563104825622766,-2.49995667162596,TRUE,TRUE
"Co",3773,TRUE,30.2448979591837,341.253561150521,0.538088278812951,-2.86686213748879,TRUE,TRUE
"Co",3774,TRUE,30.1812725090036,265.180545855344,0.471288347522743,-2.20913478636246,TRUE,FALSE
"Co",3775,TRUE,30.3085234093637,355.797392559934,0.549683089145552,2.77025665452828,TRUE,TRUE
"Co",3776,TRUE,30.1176470588235,360.039966467847,0.553769746554192,-1.45894200228725,TRUE,TRUE
"Co",3777,TRUE,30.1176470588235,318.332816741181,0.519768833115943,-1.5538274897221,TRUE,FALSE
"Co",3778,TRUE,30.3085234093637,297.668697006103,0.500661786872408,2.70371215068064,TRUE,FALSE
"Co",3779,TRUE,30.1812725090036,327.719939336661,0.52699515724988,-2.20502443283638,TRUE,TRUE
"Co",3780,TRUE,30.3403361344538,339.301021784545,0.535532117368819,2.51340596247546,TRUE,TRUE
"Co",3781,TRUE,30.1176470588235,311.924848591281,0.513794866437787,-1.53668325855058,TRUE,FALSE
"Co",3782,TRUE,30.0858343337335,250.169407480329,0.457205262796957,-1.32041872442837,TRUE,FALSE
"Co",3783,TRUE,30.1494597839136,335.858971349703,0.533183133541377,-1.90729039344277,TRUE,TRUE
"Co",3784,TRUE,30.3721488595438,301.146980537495,0.502976857697949,2.12497282193794,TRUE,FALSE
"Co",3785,TRUE,30.3721488595438,315.899156189207,0.515763112582126,2.1159516334847,TRUE,FALSE
"Co",3786,TRUE,30.2448979591837,323.895062541328,0.522748837042297,-2.89983074504144,TRUE,FALSE
"Co",3787,TRUE,30.4039615846339,310.3400876166,0.511476861579549,1.81022434017425,TRUE,FALSE
"Co",3788,TRUE,30.2130852340936,272.195814790951,0.478448294028723,-2.59432509642733,TRUE,FALSE
"Co",3789,TRUE,30.2130852340936,300.756509267352,0.503211206444996,-2.53429158773631,TRUE,FALSE
"Co",3790,TRUE,30.3721488595438,306.885796860332,0.507373905432435,2.17238785103873,TRUE,FALSE
"Co",3791,TRUE,30.2130852340936,304.255061739163,0.507001268269517,-2.53527693711039,TRUE,FALSE
"Co",3792,TRUE,30.1812725090036,342.758355769504,0.539417301013238,-2.24101297946774,TRUE,TRUE
"Co",3793,TRUE,30.2448979591837,284.072649583133,0.487949359183741,-2.8746004806916,TRUE,FALSE
"Co",3794,TRUE,30.3403361344538,369.570233602548,0.560573289223571,2.41202844789812,TRUE,TRUE
"Co",3795,TRUE,30.3085234093637,297.804785347256,0.500292160752549,2.71124968064711,TRUE,FALSE
"Co",3796,TRUE,30.2448979591837,325.102917131855,0.523926629780431,-2.84344412757217,TRUE,FALSE
"Co",3797,TRUE,30.2767106842737,328.228620205789,0.52575878267057,-3.13475991692501,TRUE,TRUE
"Co",3798,TRUE,30.1812725090036,328.675574481888,0.528029839269947,-2.18683112410203,TRUE,TRUE
"Co",3799,TRUE,30.1176470588235,318.886583705156,0.519989973677679,-1.56498994153434,TRUE,FALSE
"Co",3800,TRUE,30.2448979591837,336.52536795496,0.533367971268587,-2.81435429569959,TRUE,TRUE
"Co",3801,TRUE,30.3403361344538,318.505872310555,0.517635752424079,2.40810511023523,TRUE,FALSE
"Co",3802,TRUE,30.1494597839136,332.04048364597,0.531685945335343,-1.93390842607689,TRUE,TRUE
"Co",3803,TRUE,30.2767106842737,389.853549058452,0.578111446368733,3.03972797364595,TRUE,TRUE
"Co",3804,TRUE,30.3403361344538,398.420814241486,0.582790513126721,2.42464417781873,TRUE,TRUE
"Co",3805,TRUE,30.3721488595438,271.80299569436,0.477011015197988,2.19303692412284,TRUE,FALSE
"Co",3806,TRUE,30.1494597839136,332.210265607556,0.530189979868996,-1.8784163483006,TRUE,TRUE
"Co",3807,TRUE,30.3721488595438,302.460577167222,0.503988600072893,1.98599465667415,TRUE,FALSE
"Co",3808,TRUE,30.2448979591837,338.802112977945,0.535472717357956,-2.79655856843786,TRUE,TRUE
"Co",3809,TRUE,30.2448979591837,306.806218403145,0.508564944501092,-2.86623551972332,TRUE,FALSE
"Co",3810,TRUE,30.2448979591837,357.433893273169,0.551849108568716,-2.88691372349031,TRUE,TRUE
"Co",3811,TRUE,30.3085234093637,284.850581268965,0.489683524981041,2.651558102357,TRUE,FALSE
"Co",3812,TRUE,30.4357743097239,362.459343044267,0.554078774312515,1.44548401583045,TRUE,TRUE
"Co",3813,TRUE,30.1494597839136,293.33500852517,0.498361581278707,-1.90792548159867,TRUE,FALSE
"Co",3814,TRUE,30.2767106842737,344.764359471241,0.539470414920913,3.08618763106098,TRUE,TRUE
"Co",3815,TRUE,30.2448979591837,351.055825425364,0.545147949392421,-2.79543402651231,TRUE,TRUE
"Co",3816,TRUE,30.1176470588235,354.079946816041,0.548714533711215,-1.51117472139258,TRUE,TRUE
"Co",3817,TRUE,30.1812725090036,322.929151352916,0.523501291788972,-2.2631714146365,TRUE,FALSE
"Co",3818,TRUE,30.2130852340936,346.916627029514,0.543426291773313,-2.58084757042752,TRUE,TRUE
"Co",3819,TRUE,30.3085234093637,303.022400179408,0.504662599245692,2.78441927984537,TRUE,FALSE
"Co",3820,TRUE,30.3085234093637,301.049405328804,0.502062621366998,2.7781684535495,TRUE,FALSE
"Co",3821,TRUE,30.1812725090036,313.491791819201,0.51379330712,-2.18913714295428,TRUE,FALSE
"Co",3822,TRUE,30.1812725090036,312.615528664125,0.512861394660148,-2.16058617128299,TRUE,FALSE
"Co",3823,TRUE,30.2130852340936,349.60789921439,0.545814155882211,-2.52639990882673,TRUE,TRUE
"Co",3824,TRUE,30.2767106842737,300.216473813997,0.502779392369147,3.05286656515005,TRUE,FALSE
"Co",3825,TRUE,30.2767106842737,273.193186970923,0.478838017986579,3.05981794727992,TRUE,FALSE
"Co",3826,TRUE,30.3403361344538,335.561070490962,0.533223608187779,2.30930416685102,TRUE,TRUE
"Co",3827,TRUE,30.2448979591837,380.760137261964,0.570292387566782,-2.92184959123324,TRUE,TRUE
"Co",3828,TRUE,30.2448979591837,300.084344961051,0.504009082711805,-2.86462759446032,TRUE,FALSE
"Co",3829,TRUE,30.2767106842737,304.099124501126,0.50684438368738,3.06260272397582,TRUE,FALSE
"Co",3830,TRUE,30.1494597839136,343.729534457098,0.540927543542005,-1.93428434076436,TRUE,TRUE
"Co",3831,TRUE,30.2767106842737,252.445986930678,0.459211954312624,3.08858883878039,TRUE,FALSE
"Co",3832,TRUE,30.2767106842737,321.137044976786,0.520996903591414,3.10919429108693,TRUE,FALSE
"Co",3833,TRUE,30.2130852340936,331.163570828565,0.529022422039403,-2.5606773160377,TRUE,TRUE
"Co",3834,TRUE,30.1494597839136,361.884306312068,0.556378076662997,-1.93421343528852,TRUE,TRUE
"Co",3835,TRUE,30.2130852340936,297.54507616046,0.500462401517667,-2.53021690827631,TRUE,FALSE
"Co",3836,TRUE,30.1494597839136,331.493764383554,0.530106704764473,-1.94845720044904,TRUE,TRUE
"Co",3837,TRUE,30.2130852340936,282.641294168347,0.48701488757552,-2.48303100423735,TRUE,FALSE
"Co",3838,TRUE,30.3085234093637,346.880973961093,0.541350026832643,2.84883974875491,TRUE,TRUE
"Co",3839,TRUE,30.2448979591837,331.697276383796,0.529980521080045,-2.95095728188879,TRUE,TRUE
"Co",3840,TRUE,30.1812725090036,270.946419559018,0.476908423500825,-2.24166505842103,TRUE,FALSE
"Co",3841,TRUE,30.3085234093637,323.982778515326,0.522925461302924,2.91852849724321,TRUE,FALSE
"Co",3842,TRUE,30.2767106842737,282.702228607724,0.487173794717544,3.03691728098532,TRUE,FALSE
"Co",3843,TRUE,30.2448979591837,336.22525202201,0.533700824381444,-2.82354199513188,TRUE,TRUE
"Co",3844,TRUE,30.1812725090036,307.403828382877,0.509498934229822,-2.11737999826827,TRUE,FALSE
"Co",3845,TRUE,30.4039615846339,344.302229657278,0.538512945321572,1.83088240146755,TRUE,TRUE
"Co",3846,TRUE,30.1494597839136,347.526232835711,0.543457076084017,-1.87254976665204,TRUE,TRUE
"Co",3847,TRUE,30.1176470588235,329.252469549825,0.527545927475115,-1.55109608447034,TRUE,TRUE
"Co",3848,TRUE,30.2448979591837,299.430732657508,0.501908656570048,-2.85706429184215,TRUE,FALSE
"Co",3849,TRUE,30.2448979591837,290.650217938353,0.493752869337963,-2.86295593141198,TRUE,FALSE
"Co",3850,TRUE,30.3085234093637,265.763038112416,0.471530936082708,2.68659890530836,TRUE,FALSE
"Co",3851,TRUE,30.2767106842737,344.628157923636,0.539628946937907,2.9787102423685,TRUE,TRUE
"Co",3852,TRUE,30.1812725090036,317.159919690532,0.517943241652737,-2.19809449158249,TRUE,FALSE
"Co",3853,TRUE,30.1494597839136,378.577366871421,0.569025524485287,-1.88407535576132,TRUE,TRUE
"Co",3854,TRUE,30.2448979591837,339.672113990314,0.535111714840896,-2.8671612792848,TRUE,TRUE
"Co",3855,TRUE,30.2130852340936,387.10512615493,0.577072866859532,-2.61783971217436,TRUE,TRUE
"Co",3856,TRUE,30.2130852340936,331.213531407071,0.530152931552514,-2.60647639621315,TRUE,TRUE
"Co",3857,TRUE,30.2448979591837,309.526554202367,0.510857658797936,-2.84966534294385,TRUE,FALSE
"Co",3858,TRUE,30.0858343337335,317.234192772647,0.518757914079742,-1.28689473595631,TRUE,FALSE
"Co",3859,TRUE,30.4357743097239,341.113353359806,0.536871452619966,1.46452111989715,TRUE,TRUE
"Co",3860,TRUE,30.2448979591837,309.373805638775,0.510183940442944,-2.84027042731486,TRUE,FALSE
"Co",3861,TRUE,30.2448979591837,300.859076895595,0.502653918017975,-2.81534626110593,TRUE,FALSE
"Co",3862,TRUE,30.3085234093637,362.943136021791,0.555568754381695,2.71412859343405,TRUE,TRUE
"Co",3863,TRUE,30.2130852340936,346.369244086261,0.5424036736309,-2.55833852836335,TRUE,TRUE
"Co",3864,TRUE,30.2448979591837,330.241447430892,0.528101870720797,-2.91647792723953,TRUE,TRUE
"Co",3865,TRUE,30.3403361344538,314.505114451754,0.513498806942513,2.40060521535311,TRUE,FALSE
"Co",3866,TRUE,30.2767106842737,304.751086575852,0.507179148658393,3.06035254850977,TRUE,FALSE
"Co",3867,TRUE,30.3085234093637,382.748162901683,0.569963571818519,2.84047202388835,TRUE,TRUE
"Co",3868,TRUE,30.0858343337335,283.083365826626,0.489509282897693,-1.42181210887903,TRUE,FALSE
"Co",3869,TRUE,30.3721488595438,346.789175602847,0.541600452791142,1.97609128378662,TRUE,TRUE
"Co",3870,TRUE,30.1494597839136,319.616221035331,0.519585745530138,-1.8804873762355,TRUE,FALSE
"Co",3871,TRUE,30.2448979591837,350.895858288672,0.545169982707049,-2.91160456612969,TRUE,TRUE
"Co",3872,TRUE,30.2130852340936,386.693975792913,0.576337193752462,-2.5633661802834,TRUE,TRUE
"Co",3873,TRUE,30.2130852340936,321.301091163234,0.522053781997686,-2.6193233255064,TRUE,FALSE
"Co",3874,TRUE,30.2448979591837,381.669332570453,0.571168936845976,-2.85293360053402,TRUE,TRUE
"Co",3875,TRUE,30.1812725090036,321.257335970325,0.521277715990318,-2.12155414902088,TRUE,FALSE
"Co",3876,TRUE,30.3721488595438,279.323822786001,0.483239312751951,2.09650128441524,TRUE,FALSE
"Co",3877,TRUE,30.2767106842737,332.211516820311,0.530315238114913,3.03299326640032,TRUE,TRUE
"Co",3878,TRUE,30.3085234093637,322.496676465315,0.522000408520388,2.67330503057317,TRUE,FALSE
"Co",3879,TRUE,30.3085234093637,341.578026239204,0.536880149841338,2.82469566592726,TRUE,TRUE
"Co",3880,TRUE,30.1494597839136,338.125212978199,0.537417284677661,-1.93173556165997,TRUE,TRUE
"Co",3881,TRUE,30.1812725090036,298.704061736585,0.501459261541548,-2.22425654515171,TRUE,FALSE
"Co",3882,TRUE,30.2448979591837,301.200085114413,0.503834929087672,-2.88926691391663,TRUE,FALSE
"Co",3883,TRUE,30.2767106842737,322.469698958097,0.52242985185807,3.0789205570312,TRUE,FALSE
"Co",3884,TRUE,30.3085234093637,324.190535357707,0.524256746083567,2.7678492502436,TRUE,FALSE
"Co",3885,TRUE,30.1812725090036,360.839369160852,0.554272677843382,-2.25157235800733,TRUE,TRUE
"Co",3886,TRUE,30.2448979591837,252.7362687703,0.460523918243811,-2.85109873491299,TRUE,FALSE
"Co",3887,TRUE,30.4039615846339,336.105919015301,0.532767379323065,1.73268551585297,TRUE,TRUE
"Co",3888,TRUE,30.2448979591837,313.391567119084,0.514094576891302,-2.85553015805376,TRUE,FALSE
"Co",3889,TRUE,30.2448979591837,370.389280276116,0.563231990999385,-2.99400883005362,TRUE,TRUE
"Co",3890,TRUE,30.2130852340936,339.231628832368,0.537083393983278,-2.66105873446682,TRUE,TRUE
"Co",3891,TRUE,30.2130852340936,334.623785308833,0.531936027840569,-2.54349525725608,TRUE,TRUE
"Co",3892,TRUE,30.1812725090036,273.459367966662,0.478471852602291,-2.21123580344011,TRUE,FALSE
"Co",3893,TRUE,30.2130852340936,339.299936703864,0.536250014888319,-2.55297234936742,TRUE,TRUE
"Co",3894,TRUE,30.2130852340936,340.371848017779,0.536883217907503,-2.56673439567922,TRUE,TRUE
"Co",3895,TRUE,30.1812725090036,323.851688470144,0.524161309080527,-2.2467686162932,TRUE,FALSE
"Co",3896,TRUE,30.2130852340936,331.799216280972,0.529807656748402,-2.48159065706285,TRUE,TRUE
"Co",3897,TRUE,30.1494597839136,295.108068525652,0.499199862252536,-1.88898940899668,TRUE,FALSE
"Co",3898,TRUE,30.2448979591837,341.183581286737,0.537978980008098,-2.82205821423915,TRUE,TRUE
"Co",3899,TRUE,30.2130852340936,287.096701987912,0.491316299511106,-2.57096911772751,TRUE,FALSE
"Co",3900,TRUE,30.0858343337335,351.22605079839,0.547474015204775,-1.21306350599373,TRUE,TRUE
"Co",3901,TRUE,30.3085234093637,294.24365852441,0.497674903630298,2.80173803872266,TRUE,FALSE
"Co",3902,TRUE,30.1494597839136,344.543317616714,0.540857992898263,-1.91827193596175,TRUE,TRUE
"Co",3903,TRUE,30.3403361344538,373.270433552226,0.563749464308743,2.35086629247074,TRUE,TRUE
"Co",3904,TRUE,30.2130852340936,293.549149942829,0.49703383830137,-2.61258945737579,TRUE,FALSE
"Co",3905,TRUE,30.4039615846339,385.11017047492,0.573194376707257,1.76088896143999,TRUE,TRUE
"Co",3906,TRUE,30.2130852340936,308.805737539951,0.509739280994321,-2.49002656465408,TRUE,FALSE
"Co",3907,TRUE,30.2767106842737,342.897407426782,0.538884083460573,3.0599341805556,TRUE,TRUE
"Co",3908,TRUE,30.1494597839136,344.942112939412,0.542085839584721,-1.94131401477372,TRUE,TRUE
"Co",3909,TRUE,30.3085234093637,301.648698313662,0.504025608935725,2.74212353873387,TRUE,FALSE
"Co",3910,TRUE,30.3403361344538,342.198359738119,0.538273753616284,2.4643104252288,TRUE,TRUE
"Co",3911,TRUE,30.2767106842737,342.347303586262,0.538424246321735,3.1001854964411,TRUE,TRUE
"Co",3912,TRUE,30.3085234093637,281.222930114452,0.486038664710109,2.77455887290898,TRUE,FALSE
"Co",3913,TRUE,30.2130852340936,312.915954362344,0.515354758420725,-2.60896426831493,TRUE,FALSE
"Co",3914,TRUE,30.3085234093637,320.65107078212,0.520169971134652,2.76149751942351,TRUE,FALSE
"Co",3915,TRUE,30.2130852340936,303.967824315996,0.50578744434726,-2.52928252267167,TRUE,FALSE
"Co",3916,TRUE,30.2448979591837,312.35491520385,0.512538420252387,-2.85979641953268,TRUE,FALSE
"Co",3917,TRUE,30.2767106842737,347.196566202329,0.542415386002737,3.14151403272028,TRUE,TRUE
"Co",3918,TRUE,30.3403361344538,340.882977845052,0.537420536220265,2.44174867045773,TRUE,TRUE
"Co",3919,TRUE,30.2130852340936,415.854114977631,0.597858689715491,-2.57843248942516,TRUE,TRUE
"Co",3920,TRUE,30.2448979591837,369.66295837388,0.561011165072888,-2.88806822227596,TRUE,TRUE
"Co",3921,TRUE,30.4039615846339,356.040540009489,0.54907866105697,1.73271497198296,TRUE,TRUE
"Co",3922,TRUE,30.1494597839136,269.804952772966,0.476423501061199,-1.83726813312194,TRUE,FALSE
"Co",3923,TRUE,30.2130852340936,271.966997052739,0.477555072448858,-2.45878043198603,TRUE,FALSE
"Co",3924,TRUE,30.3721488595438,380.067466800961,0.567954987574465,2.16629657186296,TRUE,TRUE
"Co",3925,TRUE,30.3403361344538,352.855803714126,0.5476264144524,2.48700640667989,TRUE,TRUE
"Co",3926,TRUE,30.3085234093637,325.717186811073,0.523438827954307,2.84680297610898,TRUE,FALSE
"Co",3927,TRUE,30.1812725090036,336.906523139759,0.535139182203057,-2.28220025063976,TRUE,TRUE
"Co",3928,TRUE,30.4039615846339,308.283153713942,0.509201959875138,1.84922394082619,TRUE,FALSE
"Co",3929,TRUE,30.1494597839136,272.559649902892,0.478379725035078,-1.94167111536306,TRUE,FALSE
"Co",3930,TRUE,30.3085234093637,283.07859266798,0.486147827960015,2.71609051187028,TRUE,FALSE
"Co",3931,TRUE,30.1812725090036,308.381202393159,0.510155299544211,-2.28710584446926,TRUE,FALSE
"Co",3932,TRUE,30.1812725090036,410.756869994183,0.594798968434141,-2.24122230638091,TRUE,TRUE
"Co",3933,TRUE,30.2448979591837,321.051582437817,0.521658445162059,-2.88665222035141,TRUE,FALSE
"Co",3934,TRUE,30.1812725090036,278.549932901985,0.484587559408264,-2.25781475714566,TRUE,FALSE
"Co",3935,TRUE,30.3403361344538,358.070075401028,0.550614015400625,2.4991952953401,TRUE,TRUE
"Co",3936,TRUE,30.2130852340936,323.316315162915,0.522375042993076,-2.55991500453705,TRUE,FALSE
"Co",3937,TRUE,30.1176470588235,347.645804606258,0.54568300028162,-1.63897163032267,TRUE,TRUE
"Co",3938,TRUE,30.3085234093637,289.8049352269,0.492256229874241,2.80340741416239,TRUE,FALSE
"Co",3939,TRUE,30.2448979591837,349.906610588295,0.544693324021266,-2.79205932385583,TRUE,TRUE
"Co",3940,TRUE,30.3085234093637,322.368702304471,0.521055656329055,2.85168267831106,TRUE,FALSE
"Co",3941,TRUE,30.4039615846339,291.009163960229,0.494020866782535,1.77313239106426,TRUE,FALSE
"Co",3942,TRUE,30.3085234093637,320.926436285383,0.520965260695601,2.77856552418712,TRUE,FALSE
"Co",3943,TRUE,30.1494597839136,285.534757215677,0.489939111818791,-1.89667036298384,TRUE,FALSE
"Co",3944,TRUE,30.2130852340936,306.469766874729,0.509087746520459,-2.60469404437955,TRUE,FALSE
"Co",3945,TRUE,30.2130852340936,286.173878832458,0.490820863951871,-2.55299678940735,TRUE,FALSE
"Co",3946,TRUE,30.1812725090036,305.986322274404,0.50796278046798,-2.17553183779596,TRUE,FALSE
"Co",3947,TRUE,30.1812725090036,339.114956496565,0.534789343533864,-2.22937704692605,TRUE,TRUE
"Co",3948,TRUE,30.2767106842737,297.566346063488,0.499197629042565,-3.06613684420818,TRUE,FALSE
"Co",3949,TRUE,30.2130852340936,374.625262770275,0.565639040516757,-2.56244952888202,TRUE,TRUE
"Co",3950,TRUE,30.4039615846339,323.066299714993,0.522196119397837,1.78845416807422,TRUE,FALSE
"Co",3951,TRUE,30.2130852340936,292.577664572938,0.496776695992705,-2.62202713715715,TRUE,FALSE
"Co",3952,TRUE,30.3085234093637,354.781315936826,0.548190563709748,2.83159972088393,TRUE,TRUE
"Co",3953,TRUE,30.3085234093637,327.355760094878,0.526076423152988,2.67024095548293,TRUE,TRUE
"Co",3954,TRUE,30.1812725090036,317.663993826584,0.518095850751069,-2.18594043522642,TRUE,FALSE
"Co",3955,TRUE,30.2767106842737,345.138234615659,0.54093670170626,3.13649805961748,TRUE,TRUE
"Co",3956,TRUE,30.1812725090036,331.803196555945,0.529808741507275,-2.19131851259623,TRUE,TRUE
"Co",3957,TRUE,30.1812725090036,306.17003105461,0.507082893052892,-2.15118498491986,TRUE,FALSE
"Co",3958,TRUE,30.2130852340936,319.345513390885,0.520053488224377,-2.48994456319777,TRUE,FALSE
"Co",3959,TRUE,30.1494597839136,375.567151675734,0.566797108143967,-1.94589225315932,TRUE,TRUE
"Co",3960,TRUE,30.2130852340936,295.817961978019,0.500431464307184,-2.66966843472735,TRUE,FALSE
"Co",3961,TRUE,30.2448979591837,353.437811753623,0.547876778284564,-2.88848946408418,TRUE,TRUE
"Co",3962,TRUE,30.3721488595438,343.201866146483,0.538225769601224,2.14027341710852,TRUE,TRUE
"Co",3963,TRUE,30.2448979591837,325.98424362955,0.52512885944797,-2.84066992576753,TRUE,FALSE
"Co",3964,TRUE,30.1176470588235,255.089510696707,0.462795196226144,-1.69506955946367,TRUE,FALSE
"Co",3965,TRUE,30.2130852340936,328.957065387118,0.526762550174466,-2.45720227040642,TRUE,TRUE
"Co",3966,TRUE,30.3403361344538,281.537350038363,0.485493136627232,2.37022975205077,TRUE,FALSE
"Co",3967,TRUE,30.2767106842737,302.824248782334,0.503656438547386,3.05905075928115,TRUE,FALSE
"Co",3968,TRUE,30.4039615846339,325.118677423376,0.52328518543102,1.85037314156422,TRUE,FALSE
"Co",3969,TRUE,30.1812725090036,338.900046674996,0.535259209867137,-2.13680825156785,TRUE,TRUE
"Co",3970,TRUE,30.3085234093637,325.85597442884,0.524060892142129,2.77813718214868,TRUE,FALSE
"Co",3971,TRUE,30.1494597839136,335.162284715788,0.534386754442252,-1.98793037314784,TRUE,TRUE
"Co",3972,TRUE,30.1176470588235,327.84154612321,0.527454010688491,-1.61158583828462,TRUE,TRUE
"Co",3973,TRUE,30.2130852340936,367.153855705454,0.558262551975529,-2.44861821010855,TRUE,TRUE
"Co",3974,TRUE,30.2448979591837,269.930891101769,0.476259869499087,-2.86712892508585,TRUE,FALSE
"Co",3975,TRUE,30.2448979591837,257.087850753125,0.462771036523216,-2.83085067838976,TRUE,FALSE
"Co",3976,TRUE,30.4357743097239,314.448189384421,0.513614146498924,1.47497711671968,TRUE,FALSE
"Co",3977,TRUE,30.1176470588235,316.193920214735,0.517447528310947,-1.55198003444446,TRUE,FALSE
"Co",3978,TRUE,30.2130852340936,256.997911063551,0.46312117826491,-2.43414538320122,TRUE,FALSE
"Co",3979,TRUE,30.4357743097239,266.134904990613,0.471770178431144,1.44221449849762,TRUE,FALSE
"Co",3980,TRUE,30.2767106842737,382.290397435864,0.571474849006778,3.12764807960551,TRUE,TRUE
"Co",3981,TRUE,30.3721488595438,312.34192800577,0.511609172363937,2.13449071662465,TRUE,FALSE
"Co",3982,TRUE,30.1812725090036,375.117472978589,0.565303712033446,-2.18889677101566,TRUE,TRUE
"Co",3983,TRUE,30.1812725090036,293.151456376292,0.497299971473504,-2.33522580535106,TRUE,FALSE
"Co",3984,TRUE,30.2448979591837,358.439339584221,0.551104295138296,-2.80575865502315,TRUE,TRUE
"Co",3985,TRUE,30.2448979591837,306.002153740835,0.507934573031464,-2.81498109428414,TRUE,FALSE
"Co",3986,TRUE,30.3403361344538,293.979943575403,0.496724375766167,2.47506289759026,TRUE,FALSE
"Co",3987,TRUE,30.2130852340936,337.172450664061,0.534742073918439,-2.53414857086507,TRUE,TRUE
"Co",3988,TRUE,30.3403361344538,306.176908671685,0.506781753000755,2.51022129870775,TRUE,FALSE
"Co",3989,TRUE,30.3403361344538,354.197628373712,0.546840791546361,2.43681973059333,TRUE,TRUE
"Co",3990,TRUE,30.1494597839136,280.369941277821,0.484760739211601,-1.87677745775565,TRUE,FALSE
"Co",3991,TRUE,30.2767106842737,287.217436435052,0.490072803017697,-3.09210935286408,TRUE,FALSE
"Co",3992,TRUE,30.1812725090036,340.037507674263,0.536469721219632,-2.25581071992965,TRUE,TRUE
"Co",3993,TRUE,30.2448979591837,383.210450348882,0.570993500673653,-2.821941120697,TRUE,TRUE
"Co",3994,TRUE,30.2130852340936,317.879291874607,0.518275306675268,-2.55392157135443,TRUE,FALSE
"Co",3995,TRUE,30.1812725090036,270.691211771551,0.476404099137085,-2.13561637059938,TRUE,FALSE
"Co",3996,TRUE,30.2767106842737,334.343530817783,0.53251421093517,3.11814410188433,TRUE,TRUE
"Co",3997,TRUE,30.3085234093637,233.465669598958,0.440306262935348,2.75732399958717,TRUE,FALSE
"Co",3998,TRUE,30.2767106842737,364.77748724144,0.555911389292384,3.13208960854128,TRUE,TRUE
"Co",3999,TRUE,30.3085234093637,345.314595917746,0.541402237004743,2.64103494460222,TRUE,TRUE
"Co",4000,TRUE,30.2448979591837,319.700350970829,0.519242639376297,-2.80453719764828,TRUE,FALSE
"Co",4001,TRUE,30.2767106842737,393.20769250659,0.578977903399665,3.09642407411225,TRUE,TRUE
"Co",4002,TRUE,30.2130852340936,317.681048281993,0.517365130610997,-2.63101076995655,TRUE,FALSE
"Co",4003,TRUE,30.3721488595438,353.192343456161,0.546922942143763,2.14707297342476,TRUE,TRUE
"Co",4004,TRUE,30.2767106842737,355.089344972276,0.549101542250177,3.11517084739758,TRUE,TRUE
"Co",4005,TRUE,30.2130852340936,309.401924672374,0.51197368629342,-2.62113527670407,TRUE,FALSE
"Co",4006,TRUE,30.2767106842737,349.193374665778,0.544373968441632,3.09777626709941,TRUE,TRUE
"Co",4007,TRUE,30.2767106842737,309.224659341156,0.509834882754557,3.07593047837037,TRUE,FALSE
"Co",4008,TRUE,30.2448979591837,395.397797402779,0.582030882610372,-2.8869674316042,TRUE,TRUE
"Co",4009,TRUE,30.1812725090036,310.530692817928,0.512420397027829,-2.30557755128804,TRUE,FALSE
"Co",4010,TRUE,30.2767106842737,267.7840984291,0.473865268223498,2.98279746172883,TRUE,FALSE
"Co",4011,TRUE,30.3403361344538,365.926276217615,0.557967087390324,2.50788535017526,TRUE,TRUE
"Co",4012,TRUE,30.2448979591837,350.044267382125,0.545533253128317,-2.92100753986764,TRUE,TRUE
"Co",4013,TRUE,30.3085234093637,336.864326454995,0.53370237788529,2.72825439466022,TRUE,TRUE
"Co",4014,TRUE,30.2767106842737,290.742903788786,0.494300361610676,3.09489920794372,TRUE,FALSE
"Co",4015,TRUE,30.3085234093637,369.64993783106,0.560810105602666,2.78288964774309,TRUE,TRUE
"Co",4016,TRUE,30.2130852340936,325.859902074124,0.52505096516484,-2.51093950970522,TRUE,FALSE
"Co",4017,TRUE,30.3085234093637,314.207655823732,0.514730891612262,2.76740300372293,TRUE,FALSE
"Co",4018,TRUE,30.2448979591837,380.106297820544,0.570262425368403,-2.83537848190989,TRUE,TRUE
"Co",4019,TRUE,30.1812725090036,287.738244597522,0.492851388274181,-2.1569988742908,TRUE,FALSE
"Co",4020,TRUE,30.2767106842737,353.710215262284,0.549313174083911,3.05461832071109,TRUE,TRUE
"Co",4021,TRUE,30.1812725090036,364.646756749337,0.559024700702859,-2.26425751565339,TRUE,TRUE
"Co",4022,TRUE,30.1812725090036,347.548381865976,0.542861990254078,-2.17496607309089,TRUE,TRUE
"Co",4023,TRUE,30.3403361344538,342.643582285041,0.538042805462123,2.4165496149508,TRUE,TRUE
"Co",4024,TRUE,30.1812725090036,364.425488282169,0.556653183830774,-2.22123287661621,TRUE,TRUE
"Co",4025,TRUE,30.3085234093637,368.848541983962,0.560362198426927,2.68024935364765,TRUE,TRUE
"Co",4026,TRUE,30.2767106842737,395.103112200863,0.581792824565805,3.07418628034495,TRUE,TRUE
"Co",4027,TRUE,30.2767106842737,412.762711928841,0.594131189578835,3.11032045555102,TRUE,TRUE
"Co",4028,TRUE,30.3085234093637,353.218825846459,0.545360186647671,2.83348084644287,TRUE,TRUE
"Co",4029,TRUE,30.1812725090036,332.474650610259,0.531202604029587,-2.16248471553106,TRUE,TRUE
"Co",4030,TRUE,30.3085234093637,302.935323092267,0.505380341369559,2.77492096737076,TRUE,FALSE
"Co",4031,TRUE,30.2448979591837,297.447490123306,0.500388840599798,-2.9645935069257,TRUE,FALSE
"Co",4032,TRUE,30.2448979591837,325.83612857361,0.525447768214061,-2.94004802702957,TRUE,FALSE
"Co",4033,TRUE,30.1494597839136,339.784541270567,0.536265058982833,-1.8296150402233,TRUE,TRUE
"Co",4034,TRUE,30.3403361344538,336.217176576092,0.533444325784773,2.34393274543959,TRUE,TRUE
"Co",4035,TRUE,30.2448979591837,308.118687810902,0.509790508038288,-2.90353462726935,TRUE,FALSE
"Co",4036,TRUE,30.1176470588235,326.690628646142,0.525887394157297,-1.51775651416917,TRUE,FALSE
"Co",4037,TRUE,30.2448979591837,285.368401098253,0.488917901719792,-2.88743570037122,TRUE,FALSE
"Co",4038,TRUE,30.2448979591837,344.390731050046,0.540195081907253,-2.82604740444037,TRUE,TRUE
"Co",4039,TRUE,30.1812725090036,279.531653884978,0.484568231601576,-2.24264062730292,TRUE,FALSE
"Co",4040,TRUE,30.2448979591837,309.485742655588,0.510917342383979,-2.89211977968521,TRUE,FALSE
"Co",4041,TRUE,30.3403361344538,310.646246263367,0.510524752597867,2.42790843295407,TRUE,FALSE
"Co",4042,TRUE,30.1812725090036,309.620972971658,0.511872928594435,-2.20735149850794,TRUE,FALSE
"Co",4043,TRUE,30.2130852340936,334.178125909486,0.531202583588239,-2.56277560504838,TRUE,TRUE
"Co",4044,TRUE,30.2767106842737,364.465761980598,0.555157069942144,3.12770995417436,TRUE,TRUE
"Co",4045,TRUE,30.1176470588235,312.559695291276,0.515612934936247,-1.64009629387817,TRUE,FALSE
"Co",4046,TRUE,30.0858343337335,315.373788018071,0.516727144434505,-1.27415014513684,TRUE,FALSE
"Co",4047,TRUE,30.2130852340936,285.663915117544,0.489944270173638,-2.52252772540043,TRUE,FALSE
"Co",4048,TRUE,30.2767106842737,390.337743785101,0.577662981344505,3.0532305808097,TRUE,TRUE
"Co",4049,TRUE,30.3085234093637,317.877010870297,0.516839118593631,2.87149179451283,TRUE,FALSE
"Co",4050,TRUE,30.1812725090036,306.085325385629,0.507688508402706,-2.25132085804327,TRUE,FALSE
"Co",4051,TRUE,30.2767106842737,330.043225557863,0.528781645053339,3.10979496897541,TRUE,TRUE
"Co",4052,TRUE,30.2767106842737,336.883793547546,0.534304841562443,3.08013394884016,TRUE,TRUE
"Co",4053,TRUE,30.1494597839136,296.923924018843,0.500244764918411,-1.87799131122119,TRUE,FALSE
"Co",4054,TRUE,30.2130852340936,303.181506009729,0.505429361730613,-2.61209249637746,TRUE,FALSE
"Co",4055,TRUE,30.4039615846339,320.308562125465,0.519173230961801,1.85959272687509,TRUE,FALSE
"Co",4056,TRUE,30.2130852340936,333.378154339461,0.531406843152441,-2.5834262462293,TRUE,TRUE
"Co",4057,TRUE,30.2130852340936,334.177573699396,0.532620285051544,-2.51510057175036,TRUE,TRUE
"Co",4058,TRUE,30.2448979591837,317.148575067602,0.517240025139644,-2.73561004153784,TRUE,FALSE
"Co",4059,TRUE,30.2767106842737,361.567306371807,0.553013311036503,-3.12022226565546,TRUE,TRUE
"Co",4060,TRUE,30.1494597839136,310.315397650046,0.511856598564092,-1.8410227411325,TRUE,FALSE
"Co",4061,TRUE,30.2130852340936,298.006231458908,0.500651019000806,-2.5475567393389,TRUE,FALSE
"Co",4062,TRUE,30.3721488595438,307.962602802439,0.50871058122573,2.24910691627539,TRUE,FALSE
"Co",4063,TRUE,30.2448979591837,291.791255180597,0.495570950198548,-2.87074172848473,TRUE,FALSE
"Co",4064,TRUE,30.2130852340936,315.027842009591,0.516140271660339,-2.59692969667525,TRUE,FALSE
"Co",4065,TRUE,30.3403361344538,339.029580875693,0.535840468480342,2.3918181457131,TRUE,TRUE
"Co",4066,TRUE,30.3403361344538,285.020885870686,0.489630164835963,2.36275528273969,TRUE,FALSE
"Co",4067,TRUE,30.2130852340936,361.43092871948,0.555036711843744,-2.59500472692263,TRUE,TRUE
"Co",4068,TRUE,30.2448979591837,324.037533390636,0.523596954014032,-2.88823740572022,TRUE,FALSE
"Co",4069,TRUE,30.1812725090036,348.95559596277,0.544732458134397,-2.25697640817246,TRUE,TRUE
"Co",4070,TRUE,29.9903961584634,380.923133692261,0.57221587096285,-0.271705757341404,TRUE,TRUE
"Co",4071,TRUE,30.1176470588235,313.012453043259,0.515587035444645,-1.61932281824105,TRUE,FALSE
"Co",4072,TRUE,30.2448979591837,386.943961714995,0.575845075914824,-2.92739959564364,TRUE,TRUE
"Co",4073,TRUE,30.1812725090036,288.351814771102,0.493543401592933,-2.26094227100921,TRUE,FALSE
"Co",4074,TRUE,30.3085234093637,298.215024147722,0.501062236413255,2.81282033818732,TRUE,FALSE
"Co",4075,TRUE,30.2130852340936,260.405113900351,0.466139056088774,-2.43737971807885,TRUE,FALSE
"Co",4076,TRUE,30.3721488595438,291.387633384438,0.494433228780186,2.0950396594787,TRUE,FALSE
"Co",4077,TRUE,30.2448979591837,369.715779388668,0.56138112122018,-2.93763012696731,TRUE,TRUE
"Co",4078,TRUE,30.1494597839136,365.989856569721,0.559892071363551,-1.96407104226393,TRUE,TRUE
"Co",4079,TRUE,30.2767106842737,370.048729737893,0.560773586908396,-3.11685648473938,TRUE,TRUE
"Co",4080,TRUE,30.1812725090036,360.026208331859,0.553953946785831,-2.26439981537385,TRUE,TRUE
"Co",4081,TRUE,30.3403361344538,304.202002075082,0.506104574055,2.41110264258842,TRUE,FALSE
"Co",4082,TRUE,30.4039615846339,323.428636183235,0.520776483857272,1.7686821249625,TRUE,FALSE
"Co",4083,TRUE,30.2130852340936,280.776160117387,0.486193078857178,-2.5308992448248,TRUE,FALSE
"Co",4084,TRUE,30.2448979591837,339.587868842747,0.536285712907224,-2.93604338837307,TRUE,TRUE
"Co",4085,TRUE,30.3085234093637,356.790054914017,0.548937403982958,2.76743407836418,TRUE,TRUE
"Co",4086,TRUE,30.4039615846339,339.876140297918,0.535723370276752,1.77660209636255,TRUE,TRUE
"Co",4087,TRUE,30.1494597839136,263.000607006856,0.468588472983986,-1.86685888982213,TRUE,FALSE
"Co",4088,TRUE,30.2448979591837,349.682797158962,0.545513534886194,-2.83122868015378,TRUE,TRUE
"Co",4089,TRUE,30.1812725090036,321.215518839382,0.521429188696581,-2.22670913118029,TRUE,FALSE
"Co",4090,TRUE,30.3085234093637,341.224032487914,0.537341810924381,2.69982399590657,TRUE,TRUE
"Co",4091,TRUE,30.2130852340936,348.935729599167,0.545361437945665,-2.55509946748003,TRUE,TRUE
"Co",4092,TRUE,30.2767106842737,329.200676730263,0.52819252918156,3.09155530093009,TRUE,TRUE
"Co",4093,TRUE,30.4039615846339,325.275902147836,0.524359455427953,1.81155687648002,TRUE,FALSE
"Co",4094,TRUE,30.3403361344538,327.970438738654,0.52595096398938,2.50446779600242,TRUE,TRUE
"Co",4095,TRUE,30.4039615846339,307.839152691547,0.508509745686971,1.72881572953768,TRUE,FALSE
"Co",4096,TRUE,30.2448979591837,327.100808140719,0.525634225716403,-2.86609582487044,TRUE,FALSE
"Co",4097,TRUE,30.2767106842737,316.785229917374,0.517355963475233,3.12099912073862,TRUE,FALSE
"Co",4098,TRUE,30.2448979591837,324.208868429773,0.523275021434296,-2.96414758897784,TRUE,FALSE
"Co",4099,TRUE,30.3085234093637,331.371303122412,0.528643434662411,2.8212721183883,TRUE,TRUE
"Co",4100,TRUE,30.2767106842737,271.192840521321,0.477139939053663,3.02701192439691,TRUE,FALSE
"Co",4101,TRUE,30.1176470588235,385.190095164936,0.573479810740961,-1.52591921033992,TRUE,TRUE
"Co",4102,TRUE,30.3085234093637,318.150556302151,0.518003582994474,2.73704363467605,TRUE,FALSE
"Co",4103,TRUE,30.2767106842737,287.90214669317,0.491797681218035,3.13767852321919,TRUE,FALSE
"Co",4104,TRUE,30.2767106842737,310.497083727537,0.512298324711817,3.0709290234889,TRUE,FALSE
"Co",4105,TRUE,30.1176470588235,344.92540071077,0.540937753374866,-1.50089646054208,TRUE,TRUE
"Co",4106,TRUE,30.2448979591837,304.336828633766,0.50681763812788,-2.8743493716125,TRUE,FALSE
"Co",4107,TRUE,30.2448979591837,274.803729154172,0.481544063851954,-2.86663478831594,TRUE,FALSE
"Co",4108,TRUE,30.3403361344538,328.152846242569,0.525606774126658,2.49848886690276,TRUE,TRUE
"Co",4109,TRUE,30.2448979591837,346.424469025055,0.541802479043309,-2.85080977135789,TRUE,TRUE
"Co",4110,TRUE,30.1176470588235,291.43328686123,0.4959603369179,-1.59735776574106,TRUE,FALSE
"Co",4111,TRUE,30.1494597839136,356.605365841612,0.55190780388504,-1.85393328241744,TRUE,TRUE
"Co",4112,TRUE,30.2448979591837,412.15194121081,0.592975609558267,-2.86216357452332,TRUE,TRUE
"Co",4113,TRUE,30.4039615846339,342.464519367493,0.538800023176228,1.73339534904598,TRUE,TRUE
"Co",4114,TRUE,30.1812725090036,256.27802192726,0.465225887380652,-2.379412176285,TRUE,FALSE
"Co",4115,TRUE,30.2767106842737,361.706268301941,0.55330886932234,3.11198507575141,TRUE,TRUE
"Co",4116,TRUE,30.3085234093637,312.100525248948,0.513096343170324,2.75290767392038,TRUE,FALSE
"Co",4117,TRUE,30.3721488595438,331.819331095893,0.528967024059971,2.18342571881741,TRUE,TRUE
"Co",4118,TRUE,30.2767106842737,315.162330213135,0.515070971253023,3.11278960511159,TRUE,FALSE
"Co",4119,TRUE,30.2767106842737,317.008190628908,0.516803739604819,-3.13153481944613,TRUE,FALSE
"Co",4120,TRUE,30.3403361344538,336.695712581448,0.53388784988662,2.45439830473876,TRUE,TRUE
"Co",4121,TRUE,30.1494597839136,322.397618757572,0.523550403242726,-2.01726264689013,TRUE,FALSE
"Co",4122,TRUE,30.3403361344538,305.370823709129,0.506440845483878,2.49498269595299,TRUE,FALSE
"Co",4123,TRUE,30.3403361344538,312.409138931432,0.513348379513959,2.34246110813475,TRUE,FALSE
"Co",4124,TRUE,30.1812725090036,337.438127180997,0.535349736982641,-2.24363147131654,TRUE,TRUE
"Co",4125,TRUE,30.2130852340936,353.22289313549,0.547993934254745,-2.51437291671834,TRUE,TRUE
"Co",4126,TRUE,30.2448979591837,374.782391202438,0.56473188109038,-2.93887654720553,TRUE,TRUE
"Co",4127,TRUE,30.2448979591837,339.422606164498,0.536788173266479,-2.9769612904198,TRUE,TRUE
"Co",4128,TRUE,30.1494597839136,299.719214764055,0.502144182854802,-1.85936691774058,TRUE,FALSE
"Co",4129,TRUE,30.1176470588235,356.991575971958,0.553109734115499,-1.6785823984334,TRUE,TRUE
"Co",4130,TRUE,30.2130852340936,351.539725167256,0.548509574240011,-2.58706460456447,TRUE,TRUE
"Co",4131,TRUE,30.2767106842737,384.209464157541,0.572468543792001,3.09443200161519,TRUE,TRUE
"Co",4132,TRUE,30.1812725090036,327.839563219601,0.527241860586176,-2.24309862199631,TRUE,TRUE
"Co",4133,TRUE,30.2767106842737,287.879534089906,0.491898162120244,3.03757038774674,TRUE,FALSE
"Co",4134,TRUE,30.3085234093637,308.280320942024,0.508574843193038,2.81318418653431,TRUE,FALSE
"Co",4135,TRUE,30.1494597839136,300.790258434959,0.502658422748865,-1.91224042261221,TRUE,FALSE
"Co",4136,TRUE,30.0222088835534,375.413611337719,0.567931346767421,-0.667608306641683,TRUE,TRUE
"Co",4137,TRUE,30.1812725090036,342.728806146918,0.53989978945985,-2.18992490148518,TRUE,TRUE
"Co",4138,TRUE,30.3085234093637,300.330924815456,0.502270084599346,2.78653955548509,TRUE,FALSE
"Co",4139,TRUE,30.1176470588235,349.06790639234,0.545426394050246,-1.60954580820063,TRUE,TRUE
"Co",4140,TRUE,30.1812725090036,331.24608595844,0.530360579004362,-2.30416701176859,TRUE,TRUE
"Co",4141,TRUE,30.1176470588235,360.664361246639,0.555006162388122,-1.66123599411577,TRUE,TRUE
"Co",4142,TRUE,30.3085234093637,285.432302829459,0.489200648189441,2.73028982295715,TRUE,FALSE
"Co",4143,TRUE,30.1812725090036,367.534600870633,0.560717508310175,-2.23926067443628,TRUE,TRUE
"Co",4144,TRUE,30.4675870348139,289.47613122911,0.49129616062411,1.10289063722498,TRUE,FALSE
"Co",4145,TRUE,30.2767106842737,351.560757346603,0.545723631012567,3.06641192866255,TRUE,TRUE
"Co",4146,TRUE,30.3721488595438,281.967497141318,0.485377829498632,2.16821401021046,TRUE,FALSE
"Co",4147,TRUE,30.3721488595438,296.641599755842,0.499491133205469,2.09930001268437,TRUE,FALSE
"Co",4148,TRUE,30.2130852340936,323.672315125391,0.523638784106818,-2.53884816659518,TRUE,FALSE
"Co",4149,TRUE,30.2767106842737,310.461199435512,0.510973153713436,3.04585573324581,TRUE,FALSE
"Co",4150,TRUE,30.1494597839136,322.824261694821,0.522927428735469,-1.90150178716237,TRUE,FALSE
"Co",4151,TRUE,30.3403361344538,292.49119586968,0.496152588554948,2.42114990068869,TRUE,FALSE
"Co",4152,TRUE,30.3085234093637,315.354448419086,0.514729158859406,2.83831076505141,TRUE,FALSE
"Co",4153,TRUE,30.3721488595438,313.844787596713,0.513451642873262,2.13088136851357,TRUE,FALSE
"Co",4154,TRUE,30.3085234093637,343.686473388561,0.540610769163436,2.684186916296,TRUE,TRUE
"Co",4155,TRUE,30.3403361344538,262.268606068221,0.468949256619214,2.32366300377411,TRUE,FALSE
"Co",4156,TRUE,30.1812725090036,290.664523895972,0.494663243710389,-2.24621439468416,TRUE,FALSE
"Co",4157,TRUE,30.2130852340936,327.406130455765,0.525472035751796,-2.50905385210123,TRUE,TRUE
"Co",4158,TRUE,30.2767106842737,344.081360434828,0.540341629494394,3.06774549091789,TRUE,TRUE
"Co",4159,TRUE,30.3085234093637,349.993093170794,0.545338275062333,2.72651395854835,TRUE,TRUE
"Co",4160,TRUE,30.2130852340936,357.893338239161,0.552305826222484,-2.58366343274288,TRUE,TRUE
"Co",4161,TRUE,30.1812725090036,314.544705143531,0.515468847160012,-2.18171366416867,TRUE,FALSE
"Co",4162,TRUE,30.1812725090036,270.76752605383,0.475755346289957,-2.2420821925367,TRUE,FALSE
"Co",4163,TRUE,30.1176470588235,320.77416183366,0.521612298971726,-1.59144483017101,TRUE,FALSE
"Co",4164,TRUE,30.1494597839136,363.783530086396,0.557214409628861,-1.85356917767347,TRUE,TRUE
"Co",4165,TRUE,30.3721488595438,288.305946939579,0.490285199472229,2.12584140722161,TRUE,FALSE
"Co",4166,TRUE,30.1176470588235,390.827204982815,0.578036020630018,-1.53792252169363,TRUE,TRUE
"Co",4167,TRUE,30.1812725090036,317.19095865207,0.518873426544692,-2.26011407551621,TRUE,FALSE
"Co",4168,TRUE,30.1494597839136,329.831511138722,0.530038290124578,-1.99959377706664,TRUE,TRUE
"Co",4169,TRUE,30.2130852340936,358.390614134366,0.552136348593836,-2.45642952833863,TRUE,TRUE
"Co",4170,TRUE,29.9903961584634,363.065190164756,0.557423637831431,-0.303292216378048,TRUE,TRUE
"Co",4171,TRUE,30.2130852340936,378.538073445379,0.567690798592322,-2.55313453694184,TRUE,TRUE
"Co",4172,TRUE,30.2130852340936,334.97095391753,0.531353245531329,-2.52341558740213,TRUE,TRUE
"Co",4173,TRUE,30.2767106842737,379.866142520186,0.570259973449545,3.06032587417629,TRUE,TRUE
"Co",4174,TRUE,30.2448979591837,307.585517481269,0.509652087631339,-2.98553362800836,TRUE,FALSE
"Co",4175,TRUE,30.2448979591837,305.875232531448,0.507246222096399,-2.83545083400432,TRUE,FALSE
"Co",4176,TRUE,30.2130852340936,324.842641371279,0.525336421139484,-2.55283101189124,TRUE,FALSE
"Co",4177,TRUE,30.1176470588235,298.157448225596,0.502020273123293,-1.60826377386065,TRUE,FALSE
"Co",4178,TRUE,30.1812725090036,345.445507184299,0.541104144891432,-2.30809432763552,TRUE,TRUE
"Co",4179,TRUE,30.3403361344538,336.481077355408,0.532551531688763,2.43032251696533,TRUE,TRUE
"Co",4180,TRUE,30.2767106842737,351.786467970333,0.545364486633363,-3.09643049624067,TRUE,TRUE
"Co",4181,TRUE,30.2767106842737,372.130165221763,0.563499463156388,2.98704990780907,TRUE,TRUE
"Co",4182,TRUE,30.2130852340936,373.869800676034,0.564190593797234,-2.52191769416191,TRUE,TRUE
"Co",4183,TRUE,30.0540216086435,336.329772928105,0.536599287332487,-1.00157798441848,TRUE,TRUE
"Co",4184,TRUE,30.2448979591837,307.956703721788,0.509735071233838,-2.93215639513398,TRUE,FALSE
"Co",4185,TRUE,30.3085234093637,319.52998232196,0.519151162854676,2.83245092362793,TRUE,FALSE
"Co",4186,TRUE,30.2767106842737,315.371159781207,0.51695764417897,3.0017189921158,TRUE,FALSE
"Co",4187,TRUE,30.3721488595438,332.64434244828,0.529828531114952,2.12372949275676,TRUE,TRUE
"Co",4188,TRUE,30.2767106842737,314.962499096984,0.516399357394075,3.01606062995338,TRUE,FALSE
"Co",4189,TRUE,30.3721488595438,297.384860145544,0.500139601622393,2.09497917785686,TRUE,FALSE
"Co",4190,TRUE,30.2130852340936,344.456483898737,0.539162000471346,-2.47691636307127,TRUE,TRUE
"Co",4191,TRUE,30.1176470588235,286.514712387296,0.491398831558844,-1.57803236662458,TRUE,FALSE
"Co",4192,TRUE,30.3085234093637,321.912729483312,0.520760931684521,2.65775844824356,TRUE,FALSE
"Co",4193,TRUE,30.3403361344538,332.391542389,0.529250655406553,2.47595397221087,TRUE,TRUE
"Co",4194,TRUE,30.1812725090036,336.142125128999,0.533547123738925,-2.22086499178599,TRUE,TRUE
"Co",4195,TRUE,30.3085234093637,356.061633167833,0.549403872841911,2.79392420120985,TRUE,TRUE
"Co",4196,TRUE,30.2130852340936,367.195881507457,0.560496076125154,-2.61121513664076,TRUE,TRUE
"Co",4197,TRUE,30.1494597839136,305.799861148787,0.507543556217963,-1.9210377782363,TRUE,FALSE
"Co",4198,TRUE,30.2448979591837,313.430875601619,0.513319267509257,-2.85102156111081,TRUE,FALSE
"Co",4199,TRUE,30.3085234093637,284.520634089723,0.488224144647879,2.7625202020801,TRUE,FALSE
"Co",4200,TRUE,30.1494597839136,343.824551954046,0.541158271745646,-1.96448085471917,TRUE,TRUE
"Co",4201,TRUE,30.2130852340936,292.35203250883,0.495437082515089,-2.55647070854372,TRUE,FALSE
"Co",4202,TRUE,30.1494597839136,444.41966986695,0.621413717935688,-1.98199960640241,TRUE,TRUE
"Co",4203,TRUE,30.2448979591837,348.367182365825,0.543526941279826,-2.77556632801591,TRUE,TRUE
"Co",4204,TRUE,30.1176470588235,328.082343220567,0.528502436268401,-1.6579389866039,TRUE,TRUE
"Co",4205,TRUE,30.3403361344538,276.792271379109,0.481507779897287,2.4223032004266,TRUE,FALSE
"Co",4206,TRUE,30.3721488595438,284.344165582926,0.487558678167121,2.13196959092543,TRUE,FALSE
"Co",4207,TRUE,30.2130852340936,391.884427138684,0.579936663756681,-2.60999611525006,TRUE,TRUE
"Co",4208,TRUE,30.2448979591837,310.659826256545,0.511788800108972,-2.86512099280703,TRUE,FALSE
"Co",4209,TRUE,30.1812725090036,335.267809625971,0.532827593631457,-2.20107506196605,TRUE,TRUE
"Co",4210,TRUE,30.2767106842737,313.488372058259,0.513639015760004,3.12705517089457,TRUE,FALSE
"Co",4211,TRUE,30.1812725090036,322.896719240562,0.523335339054664,-2.25914212872975,TRUE,FALSE
"Co",4212,TRUE,30.2767106842737,322.638892261321,0.522009399520403,-3.11188548038838,TRUE,FALSE
"Co",4213,TRUE,30.2448979591837,283.20822982235,0.487548612375186,-2.85295906773174,TRUE,FALSE
"Co",4214,TRUE,30.3085234093637,339.083723922713,0.535796464626669,2.63259337375357,TRUE,TRUE
"Co",4215,TRUE,30.2130852340936,343.23615209019,0.538589950905294,-2.57503736305171,TRUE,TRUE
"Co",4216,TRUE,30.3403361344538,311.559428727346,0.511586609467274,2.48141169927375,TRUE,FALSE
"Co",4217,TRUE,30.2448979591837,407.288384051842,0.590543642643687,-2.84742622612271,TRUE,TRUE
"Co",4218,TRUE,30.1812725090036,315.751365341927,0.515921702071856,-2.17082042968779,TRUE,FALSE
"Co",4219,TRUE,30.1812725090036,276.216316595757,0.482246517405388,-2.30558471984568,TRUE,FALSE
"Co",4220,TRUE,30.2448979591837,371.486466206587,0.562013793221862,-2.82217366641436,TRUE,TRUE
"Co",4221,TRUE,30.1812725090036,299.415449196423,0.501257358144608,-2.24838295246055,TRUE,FALSE
"Co",4222,TRUE,30.2767106842737,364.095935533378,0.556375771340667,3.12736461179557,TRUE,TRUE
"Co",4223,TRUE,30.2767106842737,386.920621688974,0.574818202451381,-3.08317853057694,TRUE,TRUE
"Co",4224,TRUE,30.4039615846339,225.557191929306,0.432158535003536,1.81837632662068,TRUE,FALSE
"Co",4225,TRUE,30.1494597839136,331.754284053599,0.530193430739083,-1.87813710895865,TRUE,TRUE
"Co",4226,TRUE,30.1494597839136,350.30229130321,0.547575682561726,-1.89664152363003,TRUE,TRUE
"Co",4227,TRUE,30.3721488595438,336.929660811579,0.534017721372067,2.02524042427066,TRUE,TRUE
"Co",4228,TRUE,30.2130852340936,297.209811256057,0.500534515443383,-2.57711395244676,TRUE,FALSE
"Co",4229,TRUE,30.3403361344538,334.896403270998,0.531932523778993,2.40794565519732,TRUE,TRUE
"Co",4230,TRUE,30.3403361344538,307.268514148892,0.508849296596109,2.38218530111462,TRUE,FALSE
"Co",4231,TRUE,30.3403361344538,235.600283258204,0.442497255846611,2.46783155342355,TRUE,FALSE
"Co",4232,TRUE,30.3403361344538,327.373292589099,0.52550293365623,2.43627027682487,TRUE,TRUE
"Co",4233,TRUE,30.3085234093637,345.380154453541,0.541804440602199,2.75261379863311,TRUE,TRUE
"Co",4234,TRUE,30.3085234093637,304.662279569428,0.506841568470762,2.72156760856119,TRUE,FALSE
"Co",4235,TRUE,30.3085234093637,304.224271016844,0.505722842134725,2.81173459021872,TRUE,FALSE
"Co",4236,TRUE,30.1176470588235,346.833009821592,0.544138848083894,-1.59917498402706,TRUE,TRUE
"Co",4237,TRUE,30.3403361344538,301.365204865282,0.503398719645931,2.41452734640245,TRUE,FALSE
"Co",4238,TRUE,30.2448979591837,383.224775967599,0.571672347686174,-2.78156500607284,TRUE,TRUE
"Co",4239,TRUE,30.1494597839136,346.808585226049,0.543622181200893,-1.92671232444176,TRUE,TRUE
"Co",4240,TRUE,30.1494597839136,309.061266656878,0.510663290499504,-1.88496574598989,TRUE,FALSE
"Co",4241,TRUE,30.2448979591837,356.53242857637,0.551316009208828,-2.8594528935701,TRUE,TRUE
"Co",4242,TRUE,30.0858343337335,350.044603483681,0.546694458408476,-1.25801925677391,TRUE,TRUE
"Co",4243,TRUE,30.2448979591837,307.409309086424,0.508430651845043,-2.87551713127412,TRUE,FALSE
"Co",4244,TRUE,30.2767106842737,297.948355879903,0.500004584177247,3.09911648905846,TRUE,FALSE
"Co",4245,TRUE,30.3403361344538,254.380107876234,0.461126343214464,2.47545020571433,TRUE,FALSE
"Co",4246,TRUE,30.4039615846339,338.424089071395,0.533814929922258,1.90084656963308,TRUE,TRUE
"Co",4247,TRUE,30.2448979591837,346.271935334909,0.543231761970047,-2.93084874903034,TRUE,TRUE
"Co",4248,TRUE,30.2767106842737,339.701624224915,0.536514617879607,3.10266786917032,TRUE,TRUE
"Co",4249,TRUE,30.1494597839136,292.943056126165,0.497585048651245,-1.92654101307912,TRUE,FALSE
"Co",4250,TRUE,30.2448979591837,303.479771656206,0.506278477277048,-2.8397753851524,TRUE,FALSE
"Co",4251,TRUE,30.3403361344538,288.727859524788,0.492230188270869,2.41738661236487,TRUE,FALSE
"Co",4252,TRUE,30.2130852340936,325.464110883111,0.524456663506864,-2.52576055661862,TRUE,FALSE
"Co",4253,TRUE,30.2448979591837,335.719914790583,0.533720632126549,-2.82576993850051,TRUE,TRUE
"Co",4254,TRUE,30.3721488595438,341.233754065204,0.535382889211285,2.15652463415749,TRUE,TRUE
"Co",4255,TRUE,30.1176470588235,354.529635675053,0.549690632732897,-1.54258999311616,TRUE,TRUE
"Co",4256,TRUE,30.2767106842737,369.018242100433,0.561493857652916,3.07274270523522,TRUE,TRUE
"Co",4257,TRUE,30.2767106842737,338.450280005441,0.53489867592279,3.13771886116897,TRUE,TRUE
"Co",4258,TRUE,30.2767106842737,319.440468030514,0.51971669875246,3.00269350676526,TRUE,FALSE
"Co",4259,TRUE,30.2448979591837,318.118269839207,0.517383639204959,-2.82640668285468,TRUE,FALSE
"Co",4260,TRUE,30.2130852340936,294.889395505443,0.49912649638257,-2.59580075843183,TRUE,FALSE
"Co",4261,TRUE,30.2767106842737,344.047196359546,0.541178673447978,2.99586784472457,TRUE,TRUE
"Co",4262,TRUE,30.2448979591837,351.099566999168,0.546529573499075,-2.86043088718971,TRUE,TRUE
"Co",4263,TRUE,30.3403361344538,265.166319084525,0.470232421158721,2.49886716461525,TRUE,FALSE
"Co",4264,TRUE,30.2130852340936,300.618260983704,0.504007025198476,-2.59059416288489,TRUE,FALSE
"Co",4265,TRUE,30.3085234093637,332.618436710808,0.530390751101163,2.65941076053564,TRUE,TRUE
"Co",4266,TRUE,30.2448979591837,342.343561438175,0.539307558031058,-2.88962743120316,TRUE,TRUE
"Co",4267,TRUE,30.3085234093637,296.777922439925,0.499749929860789,2.72092656931546,TRUE,FALSE
"Co",4268,TRUE,30.2767106842737,388.04010682411,0.575124891771966,3.1219865242005,TRUE,TRUE
"Co",4269,TRUE,30.1812725090036,355.791165089397,0.550426744792222,-2.20767527828024,TRUE,TRUE
"Co",4270,TRUE,30.2448979591837,331.987347711498,0.530151187880001,-2.87316370290444,TRUE,TRUE
"Co",4271,TRUE,30.1812725090036,315.763325429728,0.516584286831934,-2.20854499073318,TRUE,FALSE
"Co",4272,TRUE,30.1494597839136,344.088479658201,0.541022631097669,-1.85645627600429,TRUE,TRUE
"Co",4273,TRUE,30.0858343337335,396.8944515508,0.583617204044456,-1.21675720161086,TRUE,TRUE
"Co",4274,TRUE,30.1176470588235,412.353396849599,0.59587554913949,-1.57242007963078,TRUE,TRUE
"Co",4275,TRUE,30.2130852340936,373.359521235531,0.564450553830438,-2.576864268184,TRUE,TRUE
"Co",4276,TRUE,30.2448979591837,348.617619932979,0.544929192066574,-2.76605857645987,TRUE,TRUE
"Co",4277,TRUE,30.2130852340936,301.981567805044,0.504820094010683,-2.5171969353992,TRUE,FALSE
"Co",4278,TRUE,30.2130852340936,272.73847783163,0.477939685042338,-2.49991086673642,TRUE,FALSE
"Co",4279,TRUE,30.2130852340936,319.808684250436,0.519669152588069,-2.52146443087897,TRUE,FALSE
"Co",4280,TRUE,30.1494597839136,382.028167876539,0.571748144320126,-1.91597605105144,TRUE,TRUE
"Co",4281,TRUE,30.3403361344538,335.878741469443,0.532333377569152,2.46531519371669,TRUE,TRUE
"Co",4282,TRUE,30.1812725090036,333.049451399727,0.531692572883432,-2.31661240090737,TRUE,TRUE
"Co",4283,TRUE,30.2130852340936,323.131031360044,0.522399986191934,-2.48490336925714,TRUE,FALSE
"Co",4284,TRUE,30.1494597839136,290.460419613246,0.495215258360734,-1.9154521146287,TRUE,FALSE
"Co",4285,TRUE,30.3085234093637,333.925388592444,0.532846503628313,2.63259776810743,TRUE,TRUE
"Co",4286,TRUE,30.4357743097239,367.548342302903,0.557192213672114,1.48563035136127,TRUE,TRUE
"Co",4287,TRUE,30.1812725090036,307.861226305795,0.511315130835566,-2.25355257632671,TRUE,FALSE
"Co",4288,TRUE,30.3085234093637,380.687899797538,0.570202615251283,2.68993922379104,TRUE,TRUE
"Co",4289,TRUE,30.3403361344538,352.887580760869,0.547836404906294,2.51116774492001,TRUE,TRUE
"Co",4290,TRUE,30.2448979591837,354.877551384827,0.549430844040743,-2.81615270791466,TRUE,TRUE
"Co",4291,TRUE,30.3085234093637,298.177038493727,0.500279702656726,2.76312281727926,TRUE,FALSE
"Co",4292,TRUE,30.2448979591837,332.062769999412,0.529978555154599,-2.85343604744839,TRUE,TRUE
"Co",4293,TRUE,30.2767106842737,353.954439916598,0.547463676089037,-3.09419023640702,TRUE,TRUE
"Co",4294,TRUE,30.1812725090036,360.72879711132,0.555339995727957,-2.218240266886,TRUE,TRUE
"Co",4295,TRUE,30.2767106842737,316.587137787478,0.517548455213508,3.08650156594602,TRUE,FALSE
"Co",4296,TRUE,30.2448979591837,279.753238420778,0.48459928654114,-2.89355543100727,TRUE,FALSE
"Co",4297,TRUE,30.2767106842737,348.21414416168,0.543583295292354,3.07117440550964,TRUE,TRUE
"Co",4298,TRUE,30.3721488595438,350.928640558583,0.544263350096193,2.10574261204203,TRUE,TRUE
"Co",4299,TRUE,30.3085234093637,271.956873631147,0.476676176080943,2.80767119215604,TRUE,FALSE
"Co",4300,TRUE,30.1176470588235,294.565611526839,0.496860909448755,-1.47867608963425,TRUE,FALSE
"Co",4301,TRUE,30.0858343337335,402.855182813293,0.589474613414676,-1.29916390456713,TRUE,TRUE
"Co",4302,TRUE,30.0858343337335,324.290899009681,0.524156520827922,-1.20098621208634,TRUE,FALSE
"Co",4303,TRUE,30.2130852340936,354.396807164261,0.54814356103321,-2.50340406928228,TRUE,TRUE
"Co",4304,TRUE,30.2448979591837,336.499210001362,0.532606908594919,-2.7845218868926,TRUE,TRUE
"Co",4305,TRUE,30.1812725090036,250.609705011338,0.457887747734779,-2.26880618943474,TRUE,FALSE
"Co",4306,TRUE,30.1812725090036,322.029413759531,0.521418499145754,-2.23834270499983,TRUE,FALSE
"Co",4307,TRUE,30.4039615846339,273.044054056763,0.478002204111593,1.76158069161914,TRUE,FALSE
"Co",4308,TRUE,30.0858343337335,288.830700347232,0.494235123683107,-1.29354909506618,TRUE,FALSE
"Co",4309,TRUE,30.3085234093637,348.886520401237,0.544070674552451,2.70941532037979,TRUE,TRUE
"Co",4310,TRUE,30.2130852340936,324.705026106242,0.525441078390341,-2.55975536069495,TRUE,FALSE
"Co",4311,TRUE,30.1176470588235,307.729794544428,0.510611476598496,-1.53476495426729,TRUE,FALSE
"Co",4312,TRUE,30.4357743097239,341.626780737585,0.537361133652724,1.47857722905242,TRUE,TRUE
"Co",4313,TRUE,30.3085234093637,281.144388036498,0.486291389501164,2.71713522051419,TRUE,FALSE
"Co",4314,TRUE,30.3085234093637,334.993233159823,0.531750917974565,2.7529697743309,TRUE,TRUE
"Co",4315,TRUE,30.1812725090036,320.274570000687,0.520448067387611,-2.25039141661941,TRUE,FALSE
"Co",4316,TRUE,30.1494597839136,319.373636798228,0.51942215978797,-1.90410179175728,TRUE,FALSE
"Co",4317,TRUE,30.2130852340936,342.007690103416,0.538542331488724,-2.5297871861001,TRUE,TRUE
"Co",4318,TRUE,30.3085234093637,323.919344052848,0.523252830453926,2.78897854645697,TRUE,FALSE
"Co",4319,TRUE,30.2130852340936,365.815572164756,0.556373167233421,-2.38722051397138,TRUE,TRUE
"Co",4320,TRUE,30.2448979591837,381.604575824104,0.570305267974107,-2.91751175199329,TRUE,TRUE
"Co",4321,TRUE,30.4039615846339,300.462800772209,0.501826840165672,1.80001702146703,TRUE,FALSE
"Co",4322,TRUE,30.2130852340936,380.367896095923,0.570267830619807,-2.5539247689667,TRUE,TRUE
"Co",4323,TRUE,30.2767106842737,332.245062689062,0.530172059578817,3.07764097014063,TRUE,TRUE
"Co",4324,TRUE,30.4357743097239,310.293040271128,0.510052084930009,1.45437775311367,TRUE,FALSE
"Co",4325,TRUE,30.2448979591837,322.369643032509,0.52230351676842,-2.8370626876664,TRUE,FALSE
"Co",4326,TRUE,30.2448979591837,264.844277605654,0.470579044518572,-2.89064650589058,TRUE,FALSE
"Co",4327,TRUE,30.2130852340936,332.673127516213,0.529635849505079,-2.48696761426514,TRUE,TRUE
"Co",4328,TRUE,30.2448979591837,306.145386785379,0.508045325153862,-2.83681360087484,TRUE,FALSE
"Co",4329,TRUE,30.1494597839136,312.431183547268,0.512216266145523,-1.86838552608915,TRUE,FALSE
"Co",4330,TRUE,30.2130852340936,339.250147288496,0.535952203883553,-2.51264007220593,TRUE,TRUE
"Co",4331,TRUE,30.3085234093637,329.835793566456,0.527720149821239,2.68893325587637,TRUE,TRUE
"Co",4332,TRUE,30.1812725090036,285.332915589192,0.489701817409702,-2.20668473019775,TRUE,FALSE
"Co",4333,TRUE,30.1176470588235,295.994817425501,0.499966983835621,-1.57030499873475,TRUE,FALSE
"Co",4334,TRUE,30.0858343337335,309.417471055404,0.512463534025518,-1.28604527309494,TRUE,FALSE
"Co",4335,TRUE,30.3403361344538,329.167429773969,0.526571923170025,2.43635087316874,TRUE,TRUE
"Co",4336,TRUE,30.1494597839136,315.906197603072,0.516931229854564,-1.949943428952,TRUE,FALSE
"Co",4337,TRUE,30.4675870348139,288.520948600779,0.490938783069168,1.1721132549155,TRUE,FALSE
"Co",4338,TRUE,30.3721488595438,346.983506124603,0.542411308104354,2.11499481920386,TRUE,TRUE
"Co",4339,TRUE,30.1812725090036,347.176713693425,0.543551021623178,-2.20981354286871,TRUE,TRUE
"Co",4340,TRUE,30.3085234093637,358.735310341879,0.552660039602956,2.74930191635546,TRUE,TRUE
"Co",4341,TRUE,30.1176470588235,309.608504780261,0.511739962506702,-1.57987839962955,TRUE,FALSE
"Co",4342,TRUE,30.2448979591837,323.895112022474,0.522956047153663,-2.91930965868181,TRUE,FALSE
"Co",4343,TRUE,30.1812725090036,333.186347291594,0.531484449711629,-2.18901546671095,TRUE,TRUE
"Co",4344,TRUE,30.531212484994,310.396247725269,0.509921002017719,0.512744530795444,TRUE,FALSE
"Co",4345,TRUE,30.3403361344538,338.281669666732,0.535382841684713,2.44582767968232,TRUE,TRUE
"Co",4346,TRUE,30.1176470588235,272.356119363234,0.479218933420704,-1.60312491738884,TRUE,FALSE
"Co",4347,TRUE,30.3085234093637,329.286813128884,0.527705042986078,2.76208977282207,TRUE,TRUE
"Co",4348,TRUE,30.3403361344538,315.093841908345,0.513803351492956,2.48273184710786,TRUE,FALSE
"Co",4349,TRUE,30.1812725090036,341.88819070226,0.537498871485679,-2.14433532153127,TRUE,TRUE
"Co",4350,TRUE,30.1812725090036,277.222684541131,0.484236848613896,-2.31834588740897,TRUE,FALSE
"Co",4351,TRUE,30.1812725090036,354.104865367475,0.549098923326408,-2.25668414306498,TRUE,TRUE
"Co",4352,TRUE,30.2767106842737,330.462470038569,0.529723783951352,3.07098205466421,TRUE,TRUE
"Co",4353,TRUE,30.2767106842737,289.036139587176,0.492158337940463,3.0703814549424,TRUE,FALSE
"Co",4354,TRUE,30.2767106842737,308.529546345559,0.509883741062684,3.02833019127313,TRUE,FALSE
"Co",4355,TRUE,30.3403361344538,340.650325590776,0.537442281905066,2.43874238864479,TRUE,TRUE
"Co",4356,TRUE,30.1812725090036,335.958577509162,0.534960752160871,-2.31870452388432,TRUE,TRUE
"Co",4357,TRUE,30.2767106842737,287.202667383647,0.491241688963849,3.0792341378741,TRUE,FALSE
"Co",4358,TRUE,30.2448979591837,284.657938864515,0.487918196957419,-2.77783610971332,TRUE,FALSE
"Co",4359,TRUE,30.1812725090036,294.801428758728,0.498879103689425,-2.23821218880953,TRUE,FALSE
"Co",4360,TRUE,30.3085234093637,341.052412814993,0.536836044977171,2.80733960637435,TRUE,TRUE
"Co",4361,TRUE,30.2130852340936,427.8492256514,0.606900588016178,-2.59926589021993,TRUE,TRUE
"Co",4362,TRUE,30.2767106842737,343.650154972958,0.539403030445889,3.01030555865595,TRUE,TRUE
"Co",4363,TRUE,30.3085234093637,299.153974699788,0.501483311833422,2.71315853447279,TRUE,FALSE
"Co",4364,TRUE,30.3403361344538,322.168674869942,0.520373981876686,2.45795013630866,TRUE,FALSE
"Co",4365,TRUE,30.2448979591837,372.204881677752,0.563958622218833,-2.89597353162438,TRUE,TRUE
"Co",4366,TRUE,30.3721488595438,294.567318289074,0.498001198420755,2.07414308198739,TRUE,FALSE
"Co",4367,TRUE,30.1812725090036,313.58597856692,0.516339012656806,-2.28507709582796,TRUE,FALSE
"Co",4368,TRUE,30.3403361344538,271.665412245837,0.477106394786486,2.47375990675522,TRUE,FALSE
"Co",4369,TRUE,30.1812725090036,316.469548972398,0.517769090543167,-2.23006594333758,TRUE,FALSE
"Co",4370,TRUE,30.1494597839136,329.49133416315,0.528461780733249,-1.82724904725329,TRUE,TRUE
"Co",4371,TRUE,30.3403361344538,353.462263417449,0.546389709103679,2.47786625164654,TRUE,TRUE
"Co",4372,TRUE,30.2448979591837,363.686290635045,0.557306145845332,-2.89869053499696,TRUE,TRUE
"Co",4373,TRUE,30.2767106842737,304.217071653797,0.505850069478463,3.07462075230287,TRUE,FALSE
"Co",4374,TRUE,30.2767106842737,323.641121049248,0.523318658835194,3.03426639727303,TRUE,FALSE
"Co",4375,TRUE,30.3085234093637,314.285912731559,0.514724143490552,2.77128923992528,TRUE,FALSE
"Co",4376,TRUE,30.2130852340936,381.714306194145,0.56946408809577,-2.48875669194284,TRUE,TRUE
"Co",4377,TRUE,30.2130852340936,307.558346345305,0.50949813590012,-2.54864996897142,TRUE,FALSE
"Co",4378,TRUE,30.2448979591837,395.088180749782,0.581830724091002,-2.93441945739217,TRUE,TRUE
"Co",4379,TRUE,30.2767106842737,348.673485610927,0.541892409541167,-3.11498934523912,TRUE,TRUE
"Co",4380,TRUE,30.2448979591837,336.337729706477,0.533396554566543,-2.78617547243454,TRUE,TRUE
"Co",4381,TRUE,30.3085234093637,295.596625886323,0.49803820635917,2.77329961663015,TRUE,FALSE
"Co",4382,TRUE,30.1812725090036,313.141119131109,0.51468728853114,-2.33465214643523,TRUE,FALSE
"Co",4383,TRUE,30.1812725090036,298.792277430606,0.501305460069112,-2.22269212785626,TRUE,FALSE
"Co",4384,TRUE,30.1494597839136,259.840820065967,0.466282371299985,-1.95398627418818,TRUE,FALSE
"Co",4385,TRUE,30.1812725090036,392.925509794956,0.580240988833405,-2.21732056265903,TRUE,TRUE
"Co",4386,TRUE,30.2130852340936,343.659242910373,0.540455461330807,-2.5314290097436,TRUE,TRUE
"Co",4387,TRUE,30.3403361344538,362.53229146905,0.554432918117014,2.49310112436036,TRUE,TRUE
"Co",4388,TRUE,30.499399759904,328.522349978888,0.526031303508813,0.818707684182381,TRUE,TRUE
"Co",4389,TRUE,30.2130852340936,309.735090408594,0.510228772249361,-2.51764684094591,TRUE,FALSE
"Co",4390,TRUE,30.2448979591837,307.354025092421,0.509629504217583,-2.90501772899287,TRUE,FALSE
"Co",4391,TRUE,30.2767106842737,297.394082409512,0.499408585473127,3.05753885721412,TRUE,FALSE
"Co",4392,TRUE,30.1176470588235,362.562250893472,0.555591940436359,-1.55777469947812,TRUE,TRUE
"Co",4393,TRUE,30.2448979591837,333.031777745884,0.531243321444747,-2.85857690284637,TRUE,TRUE
"Co",4394,TRUE,30.4675870348139,302.475622317683,0.503955400740101,1.15785994468449,TRUE,FALSE
"Co",4395,TRUE,30.3085234093637,282.112744190232,0.485603018327845,2.7147623666459,TRUE,FALSE
"Co",4396,TRUE,30.1176470588235,319.035105914526,0.520680593435032,-1.65447777621377,TRUE,FALSE
"Co",4397,TRUE,30.1494597839136,290.732055939297,0.497490016522401,-2.06507563980336,TRUE,FALSE
"Co",4398,TRUE,30.2767106842737,355.167675508045,0.548236975283834,3.11848959529267,TRUE,TRUE
"Co",4399,TRUE,30.2767106842737,312.73640556431,0.513043797649308,3.04654123573036,TRUE,FALSE
"Co",4400,TRUE,30.0540216086435,307.804277387687,0.511377806716733,-0.931642391998781,TRUE,FALSE
"Co",4401,TRUE,30.2448979591837,385.062890466018,0.573357194629753,-2.89436963274649,TRUE,TRUE
"Co",4402,TRUE,30.1812725090036,346.403891155428,0.541344648683189,-2.20922345888402,TRUE,TRUE
"Co",4403,TRUE,30.2448979591837,294.324059346041,0.497621348495729,-2.76692976486272,TRUE,FALSE
"Co",4404,TRUE,30.3721488595438,324.58864273279,0.523151414706021,2.08069015947459,TRUE,FALSE
"Co",4405,TRUE,30.2448979591837,271.113516628137,0.476417487520298,-2.84886251793449,TRUE,FALSE
"Co",4406,TRUE,30.2448979591837,312.474198292672,0.514696563512781,-2.9780835912357,TRUE,FALSE
"Co",4407,TRUE,30.2767106842737,326.303184996994,0.52535247878068,2.98449751303162,TRUE,FALSE
"Co",4408,TRUE,30.1812725090036,381.974681755804,0.572302187921235,-2.27667492420395,TRUE,TRUE
"Co",4409,TRUE,30.3721488595438,299.6080781079,0.501888647566846,2.07385534911088,TRUE,FALSE
"Co",4410,TRUE,30.1812725090036,323.812308500572,0.523009648840274,-2.24435553166561,TRUE,FALSE
"Co",4411,TRUE,30.3085234093637,349.880250177311,0.543566118500666,2.85274990440385,TRUE,TRUE
"Co",4412,TRUE,30.2130852340936,331.369662166524,0.529371416346769,-2.53490441100162,TRUE,TRUE
"Co",4413,TRUE,30.2130852340936,314.114299766193,0.515231184166635,-2.51902106258582,TRUE,FALSE
"Co",4414,TRUE,30.2448979591837,368.917973652892,0.561656557859404,-2.92751305724105,TRUE,TRUE
"Co",4415,TRUE,30.1494597839136,340.179673045447,0.538147737506509,-1.92536895423036,TRUE,TRUE
"Co",4416,TRUE,30.2767106842737,332.468011939033,0.530354252260721,3.07956627827488,TRUE,TRUE
"Co",4417,TRUE,30.1812725090036,306.030653389167,0.508307334742751,-2.21972629788989,TRUE,FALSE
"Co",4418,TRUE,30.1812725090036,302.27225291177,0.505973254500787,-2.27395116676507,TRUE,FALSE
"Co",4419,TRUE,30.0222088835534,326.091174586733,0.526033253261019,-0.643691240630064,TRUE,FALSE
"Co",4420,TRUE,30.2448979591837,346.386130351958,0.541995904416646,-2.81943916013786,TRUE,TRUE
"Co",4421,TRUE,30.2130852340936,298.252359046035,0.502546351088731,-2.62841089549704,TRUE,FALSE
"Co",4422,TRUE,30.1812725090036,286.875392055918,0.491111093002527,-2.19898761913248,TRUE,FALSE
"Co",4423,TRUE,30.2767106842737,354.202530172944,0.550094913842783,3.0641253719853,TRUE,TRUE
"Co",4424,TRUE,30.2767106842737,366.611473893538,0.55889379738086,3.06009255919341,TRUE,TRUE
"Co",4425,TRUE,30.3721488595438,301.626139230633,0.503388776706879,2.01618353547782,TRUE,FALSE
"Co",4426,TRUE,30.2448979591837,313.540362505892,0.515665901130077,-2.97598544395123,TRUE,FALSE
"Co",4427,TRUE,30.4039615846339,286.460461982103,0.489418315982839,1.86709169143829,TRUE,FALSE
"Co",4428,TRUE,30.2448979591837,332.14370453292,0.529821316647503,-2.83581869833966,TRUE,TRUE
"Co",4429,TRUE,30.1812725090036,356.426802002506,0.551463864802727,-2.23188797610384,TRUE,TRUE
"Co",4430,TRUE,30.3721488595438,301.930085349366,0.503591930197749,2.13409981886484,TRUE,FALSE
"Co",4431,TRUE,30.3403361344538,326.550407420336,0.524739074369563,2.38547545413001,TRUE,FALSE
"Co",4432,TRUE,30.1176470588235,255.003912798561,0.462852980897898,-1.6036950210417,TRUE,FALSE
"Co",4433,TRUE,30.1494597839136,352.721714276668,0.54752048139476,-1.77940813313526,TRUE,TRUE
"Co",4434,TRUE,30.2767106842737,346.438596098052,0.542274466617705,3.09339320062568,TRUE,TRUE
"Co",4435,TRUE,30.3403361344538,301.85010472475,0.503701395475804,2.39164928140279,TRUE,FALSE
"Co",4436,TRUE,30.1812725090036,288.432155005149,0.491972784612786,-2.25796298412954,TRUE,FALSE
"Co",4437,TRUE,30.2448979591837,288.410118951631,0.49147628650243,-2.82953237216645,TRUE,FALSE
"Co",4438,TRUE,30.3085234093637,342.459467982569,0.539989039202862,2.73993398096745,TRUE,TRUE
"Co",4439,TRUE,30.1494597839136,336.725245250712,0.535491117872877,-1.94243796858744,TRUE,TRUE
"Co",4440,TRUE,30.1176470588235,364.920237830376,0.558541603283597,-1.61538308685417,TRUE,TRUE
"Co",4441,TRUE,30.2448979591837,343.105238678455,0.538691807735569,-2.82858970682834,TRUE,TRUE
"Co",4442,TRUE,30.3085234093637,320.233533347025,0.520677592720061,2.72194844388865,TRUE,FALSE
"Co",4443,TRUE,30.3085234093637,349.280714799214,0.544215354889962,2.73086429998521,TRUE,TRUE
"Co",4444,TRUE,30.2767106842737,348.968116148436,0.543794248739159,-3.13295432760782,TRUE,TRUE
"Co",4445,TRUE,30.1812725090036,329.098543374144,0.528722974240736,-2.16185979157551,TRUE,TRUE
"Co",4446,TRUE,30.3403361344538,388.233963257541,0.574302845348776,2.45083427503386,TRUE,TRUE
"Co",4447,TRUE,30.2448979591837,371.014939852567,0.563142542976845,-2.83010599322912,TRUE,TRUE
"Co",4448,TRUE,30.4675870348139,322.033842429744,0.520159849357782,1.09942707198859,TRUE,FALSE
"Co",4449,TRUE,30.2130852340936,420.294799112531,0.601813682620511,-2.6084847235935,TRUE,TRUE
"Co",4450,TRUE,30.2767106842737,332.067808560339,0.529433228129475,-3.12224157226097,TRUE,TRUE
"Co",4451,TRUE,30.2448979591837,321.891823176715,0.521185986796691,-2.83860314041203,TRUE,FALSE
"Co",4452,TRUE,30.2767106842737,339.151056556264,0.535428107475348,-3.10542751209626,TRUE,TRUE
"Co",4453,TRUE,30.1812725090036,286.468388943983,0.49087338955437,-2.24910842738786,TRUE,FALSE
"Co",4454,TRUE,30.2130852340936,297.219256901322,0.49997286943607,-2.54730932086414,TRUE,FALSE
"Co",4455,TRUE,30.1176470588235,326.37849080822,0.525874324954829,-1.61538539687726,TRUE,FALSE
"Co",4456,TRUE,30.4357743097239,370.623181691482,0.560779664230142,1.49979097186672,TRUE,TRUE
"Co",4457,TRUE,30.2130852340936,323.660890237844,0.522646592972895,-2.53407406665943,TRUE,FALSE
"Co",4458,TRUE,30.2130852340936,286.200157166253,0.491000666256568,-2.54448855255108,TRUE,FALSE
"Co",4459,TRUE,30.1812725090036,324.086917694791,0.523596006963122,-2.17168951444453,TRUE,FALSE
"Co",4460,TRUE,30.2448979591837,313.404391916037,0.514585879578459,-2.9488841365325,TRUE,FALSE
"Co",4461,TRUE,30.3721488595438,319.934161552975,0.518302354371507,2.11040178937126,TRUE,FALSE
"Co",4462,TRUE,30.1494597839136,312.123040494965,0.514237210051873,-1.96924069778666,TRUE,FALSE
"Co",4463,TRUE,30.1812725090036,251.151607804074,0.458843399329826,-2.24545808722784,TRUE,FALSE
"Co",4464,TRUE,30.4357743097239,341.840240827665,0.537939908747312,1.43847861774918,TRUE,TRUE
"Co",4465,TRUE,30.1176470588235,316.364846174948,0.517774553957634,-1.60130362495798,TRUE,FALSE
"Co",4466,TRUE,30.3721488595438,295.306445527619,0.497841699270275,2.15534519316003,TRUE,FALSE
"Co",4467,TRUE,30.2130852340936,308.853896759962,0.510048170960651,-2.51149450101097,TRUE,FALSE
"Co",4468,TRUE,30.3403361344538,325.306196704778,0.523292499851675,2.45797652444594,TRUE,FALSE
"Co",4469,TRUE,30.2448979591837,341.624923883032,0.538241386271406,-2.90285822877488,TRUE,TRUE
"Co",4470,TRUE,30.1812725090036,311.785538303526,0.513147279276595,-2.17924166011614,TRUE,FALSE
"Co",4471,TRUE,30.3721488595438,400.378458849825,0.584231745965005,2.18576074205686,TRUE,TRUE
"Co",4472,TRUE,30.2767106842737,324.516966226574,0.524443183843091,3.01787930776225,TRUE,FALSE
"Co",4473,TRUE,30.1494597839136,312.82482762852,0.514166589933185,-1.93949393551683,TRUE,FALSE
"Co",4474,TRUE,30.2448979591837,394.02682372083,0.580028671589625,-2.87880169237592,TRUE,TRUE
"Co",4475,TRUE,30.2448979591837,311.938821642266,0.5131715496559,-2.8848568488643,TRUE,FALSE
"Co",4476,TRUE,30.2130852340936,318.537085763822,0.519420930234398,-2.54305376717911,TRUE,FALSE
"Co",4477,TRUE,30.1494597839136,273.186510824151,0.47910550426187,-1.90922859352616,TRUE,FALSE
"Co",4478,TRUE,30.2448979591837,379.164992608362,0.567642467025755,-2.92332245903646,TRUE,TRUE
"Co",4479,TRUE,30.2130852340936,280.955109147505,0.485780432900814,-2.36761542863328,TRUE,FALSE
"Co",4480,TRUE,30.2130852340936,336.713307997178,0.53502328998148,-2.5873800683256,TRUE,TRUE
"Co",4481,TRUE,30.3403361344538,341.877377127187,0.536858276048223,2.45552796413257,TRUE,TRUE
"Co",4482,TRUE,30.2130852340936,302.283369667637,0.504174096079895,-2.5454890877434,TRUE,FALSE
"Co",4483,TRUE,30.3085234093637,324.254372780583,0.523835998508225,2.74821130195248,TRUE,FALSE
"Co",4484,TRUE,30.2767106842737,293.130318229804,0.497431755575272,3.0196035055441,TRUE,FALSE
"Co",4485,TRUE,30.2767106842737,288.892967568866,0.493206433500077,3.09691637180645,TRUE,FALSE
"Co",4486,TRUE,30.2448979591837,351.927753570047,0.547271042047934,-2.88617765802235,TRUE,TRUE
"Co",4487,TRUE,30.1494597839136,354.335353675314,0.550127849759242,-1.90444508499136,TRUE,TRUE
"Co",4488,TRUE,30.2130852340936,334.509445972637,0.533138685079023,-2.56915655844591,TRUE,TRUE
"Co",4489,TRUE,30.1176470588235,289.275572631228,0.495366974372108,-1.65607000743127,TRUE,FALSE
"Co",4490,TRUE,30.3085234093637,319.331778826486,0.519322372185609,2.68201893898614,TRUE,FALSE
"Co",4491,TRUE,30.2767106842737,321.506235400897,0.522059773363619,3.0734880106403,TRUE,FALSE
"Co",4492,TRUE,30.1812725090036,275.143772327528,0.480711847575487,-2.28423836046297,TRUE,FALSE
"Co",4493,TRUE,30.2767106842737,279.103821000506,0.484434494761167,3.06291274816257,TRUE,FALSE
"Co",4494,TRUE,30.2448979591837,275.735591510328,0.48031671702458,-2.8444689342772,TRUE,FALSE
"Co",4495,TRUE,30.2448979591837,319.220703271374,0.518988042242703,-2.88024297736314,TRUE,FALSE
"Co",4496,TRUE,30.1812725090036,371.655815401787,0.564715084485665,-2.29184192425877,TRUE,TRUE
"Co",4497,TRUE,30.2448979591837,310.678986164713,0.511116240945555,-2.87689859013296,TRUE,FALSE
"Co",4498,TRUE,30.4039615846339,349.577532704556,0.543578733093948,1.8796385760193,TRUE,TRUE
"Co",4499,TRUE,30.2130852340936,308.300432843069,0.509731982038508,-2.499130919001,TRUE,FALSE
"Co",4500,TRUE,30.1176470588235,346.181161587402,0.542823725020036,-1.58098486275012,TRUE,TRUE
"Co",4501,TRUE,30.2767106842737,329.365310845826,0.527197071937567,3.05523838730801,TRUE,TRUE
"Co",4502,TRUE,30.3721488595438,278.174933341717,0.482403861256594,2.11660201421616,TRUE,FALSE
"Co",4503,TRUE,30.0540216086435,362.496307198325,0.556355290373519,-0.946176710393407,TRUE,TRUE
"Co",4504,TRUE,30.2448979591837,318.894142190362,0.517987461423947,-2.84410330096691,TRUE,FALSE
"Co",4505,TRUE,30.2448979591837,396.371196763977,0.582395947844581,-2.86516801739873,TRUE,TRUE
"Co",4506,TRUE,30.1812725090036,315.446747469432,0.516464743061552,-2.28778839909758,TRUE,FALSE
"Co",4507,TRUE,30.3721488595438,343.162318168548,0.538778390199901,2.07217609873123,TRUE,TRUE
"Co",4508,TRUE,30.3403361344538,307.896862768114,0.507912127332022,2.4699495997501,TRUE,FALSE
"Co",4509,TRUE,30.4039615846339,343.795974035948,0.538208508082961,1.82018687828234,TRUE,TRUE
"Co",4510,TRUE,30.4357743097239,376.265581693815,0.564971571091832,1.47977754152469,TRUE,TRUE
"Co",4511,TRUE,30.3085234093637,308.775181780791,0.510071420734852,2.67256574896666,TRUE,FALSE
"Co",4512,TRUE,30.3403361344538,414.827888224601,0.596098519291437,2.43907469419176,TRUE,TRUE
"Co",4513,TRUE,30.2448979591837,311.430882374688,0.512696969187941,-2.87040034114515,TRUE,FALSE
"Co",4514,TRUE,30.3721488595438,278.235412538943,0.482568688354268,2.15241271679573,TRUE,FALSE
"Co",4515,TRUE,30.1494597839136,324.289400198908,0.523982608787222,-1.98276108886747,TRUE,FALSE
"Co",4516,TRUE,30.3403361344538,337.460799325186,0.53535612653354,2.36278218850926,TRUE,TRUE
"Co",4517,TRUE,30.2448979591837,298.195288828174,0.500683350324893,-2.87967754141403,TRUE,FALSE
"Co",4518,TRUE,30.2130852340936,278.877729813986,0.484201526283096,-2.61490061553976,TRUE,FALSE
"Co",4519,TRUE,30.3085234093637,313.964462324753,0.513709231160067,2.76595504646276,TRUE,FALSE
"Co",4520,TRUE,30.1812725090036,329.689389755977,0.528098222163109,-2.19209040013113,TRUE,TRUE
"Co",4521,TRUE,30.4039615846339,392.52755540451,0.577672549625327,1.77594732803054,TRUE,TRUE
"Co",4522,TRUE,30.1812725090036,344.361999954406,0.540801473763059,-2.18376043492985,TRUE,TRUE
"Co",4523,TRUE,30.1812725090036,382.960993049843,0.573322477126607,-2.27865705543494,TRUE,TRUE
"Co",4524,TRUE,30.3085234093637,280.419552207491,0.48350537177118,2.73104516795206,TRUE,FALSE
"Co",4525,TRUE,30.2767106842737,305.493887671018,0.506983067924367,-3.13205232990169,TRUE,FALSE
"Co",4526,TRUE,30.3085234093637,428.710859533152,0.608045746956026,2.7133985625353,TRUE,TRUE
"Co",4527,TRUE,30.2130852340936,366.105802075733,0.558585765637549,-2.52581348567849,TRUE,TRUE
"Co",4528,TRUE,30.2130852340936,298.816761239874,0.501579271162207,-2.52644605842192,TRUE,FALSE
"Co",4529,TRUE,30.2767106842737,407.529634729516,0.589904886521807,3.12478213553348,TRUE,TRUE
"Co",4530,TRUE,30.2130852340936,365.618251523238,0.55719206493402,-2.54430071510973,TRUE,TRUE
"Co",4531,TRUE,30.2448979591837,347.188339630942,0.543213327786124,-2.85798481356449,TRUE,TRUE
"Co",4532,TRUE,30.3085234093637,306.645673011711,0.508914829265634,2.72967154925662,TRUE,FALSE
"Co",4533,TRUE,30.1494597839136,347.173195003719,0.542324417694947,-1.88085505207044,TRUE,TRUE
"Co",4534,TRUE,30.3085234093637,380.40652024084,0.568277720681752,2.85811768235491,TRUE,TRUE
"Co",4535,TRUE,30.2767106842737,350.789815535932,0.545278635606756,3.08167981069254,TRUE,TRUE
"Co",4536,TRUE,30.1812725090036,366.362964713736,0.559248335663136,-2.23418275091642,TRUE,TRUE
"Co",4537,TRUE,30.2448979591837,351.507461806104,0.545975821581356,-2.8636825502378,TRUE,TRUE
"Co",4538,TRUE,30.2448979591837,279.516524311516,0.483703510800847,-2.77906062290714,TRUE,FALSE
"Co",4539,TRUE,30.3403361344538,314.797082224907,0.514496062098004,2.3996590546362,TRUE,FALSE
"Co",4540,TRUE,30.4357743097239,293.733307527446,0.495499557143035,1.4450663114512,TRUE,FALSE
"Co",4541,TRUE,30.2767106842737,331.001890964292,0.52991675091869,3.08072457593382,TRUE,TRUE
"Co",4542,TRUE,30.3721488595438,340.408527809215,0.535936775583828,2.21265881840866,TRUE,TRUE
"Co",4543,TRUE,30.2767106842737,323.473461167895,0.523384298524646,3.07427745064445,TRUE,FALSE
"Co",4544,TRUE,30.3085234093637,400.601960707221,0.584856482995709,2.71457431695527,TRUE,TRUE
"Co",4545,TRUE,30.1494597839136,290.470873965146,0.49447014211563,-1.93935600875094,TRUE,FALSE
"Co",4546,TRUE,30.3085234093637,337.271433060989,0.534303164694998,2.80569733821946,TRUE,TRUE
"Co",4547,TRUE,30.2767106842737,290.378700373364,0.49419015576715,3.09161441725346,TRUE,FALSE
"Co",4548,TRUE,30.2448979591837,337.31617132372,0.534918689807286,-2.79504145990748,TRUE,TRUE
"Co",4549,TRUE,30.3085234093637,314.57176345366,0.514635629599219,2.7059666925347,TRUE,FALSE
"Co",4550,TRUE,30.2130852340936,312.719620366221,0.513927746867303,-2.50840674228764,TRUE,FALSE
"Co",4551,TRUE,30.3403361344538,271.843432684157,0.476351319559691,2.40399635136512,TRUE,FALSE
"Co",4552,TRUE,30.1812725090036,342.039558013794,0.539387101418054,-2.18823505603632,TRUE,TRUE
"Co",4553,TRUE,30.0540216086435,364.0026059043,0.557949754118183,-0.952136197407853,TRUE,TRUE
"Co",4554,TRUE,30.1494597839136,297.426017094899,0.501358383908508,-1.84602497818277,TRUE,FALSE
"Co",4555,TRUE,30.2767106842737,255.951844940025,0.463299747354959,3.03981530023562,TRUE,FALSE
"Co",4556,TRUE,30.3085234093637,290.221898580876,0.493363281314251,2.80977139294197,TRUE,FALSE
"Co",4557,TRUE,30.2130852340936,277.344384791957,0.48168906764615,-2.5419798775056,TRUE,FALSE
"Co",4558,TRUE,30.3721488595438,362.576521059888,0.554585896756341,2.15034683274089,TRUE,TRUE
"Co",4559,TRUE,30.3721488595438,342.09611019664,0.537373415192515,2.16893725305124,TRUE,TRUE
"Co",4560,TRUE,30.3085234093637,313.474066276562,0.514010407524746,2.79264797545902,TRUE,FALSE
"Co",4561,TRUE,30.2130852340936,325.384247736043,0.523777571010458,-2.55838738107288,TRUE,FALSE
"Co",4562,TRUE,30.3085234093637,383.970697323301,0.571885902992239,2.76804292075617,TRUE,TRUE
"Co",4563,TRUE,30.2767106842737,331.372154014021,0.530051026547953,2.99637239148363,TRUE,TRUE
"Co",4564,TRUE,30.2448979591837,358.517172236632,0.551856299706798,-2.91917080305951,TRUE,TRUE
"Co",4565,TRUE,30.2767106842737,340.70765155285,0.53661202252818,3.07399447384699,TRUE,TRUE
"Co",4566,TRUE,30.1812725090036,310.712704306106,0.511785312560252,-2.20192789004116,TRUE,FALSE
"Co",4567,TRUE,30.4039615846339,333.94396758607,0.529903973701502,1.72648552632646,TRUE,TRUE
"Co",4568,TRUE,30.2130852340936,334.857854432916,0.532077658731436,-2.52341815019888,TRUE,TRUE
"Co",4569,TRUE,30.3085234093637,354.02204877468,0.547269016570183,2.8514977032964,TRUE,TRUE
"Co",4570,TRUE,30.2448979591837,341.023127449538,0.537672221985578,-2.894741342829,TRUE,TRUE
"Co",4571,TRUE,30.2130852340936,286.670830013206,0.492520928217833,-2.64509379872677,TRUE,FALSE
"Co",4572,TRUE,30.2130852340936,333.140018509539,0.531253031717573,-2.5658353110749,TRUE,TRUE
"Co",4573,TRUE,30.2130852340936,304.279649088177,0.505860940335796,-2.51921416452516,TRUE,FALSE
"Co",4574,TRUE,30.2448979591837,292.740996851343,0.496825985358102,-2.90050989286099,TRUE,FALSE
"Co",4575,TRUE,30.1812725090036,377.203572078042,0.568491141959913,-2.22329774939639,TRUE,TRUE
"Co",4576,TRUE,30.1812725090036,345.061350560281,0.540806803252824,-2.11096571323394,TRUE,TRUE
"Co",4577,TRUE,30.3721488595438,354.510491032185,0.547349063354451,2.24127737668578,TRUE,TRUE
"Co",4578,TRUE,30.3085234093637,388.940921147532,0.577050043581612,2.76091068014929,TRUE,TRUE
"Co",4579,TRUE,30.3085234093637,311.395989215526,0.511735769239634,2.74804077267986,TRUE,FALSE
"Co",4580,TRUE,30.2448979591837,349.359715754875,0.543489618817198,-2.80354094950249,TRUE,TRUE
"Co",4581,TRUE,30.3085234093637,329.239957862855,0.526658201091345,2.79160448772556,TRUE,TRUE
"Co",4582,TRUE,30.2767106842737,336.03635496321,0.534240337773609,3.06718420801511,TRUE,TRUE
"Co",4583,TRUE,30.4039615846339,264.345113410861,0.470159172547524,1.74231027242223,TRUE,FALSE
"Co",4584,TRUE,30.1812725090036,316.990209088898,0.517410804000912,-2.21351793765533,TRUE,FALSE
"Co",4585,TRUE,30.2448979591837,341.240937451119,0.539207410490144,-2.91698847595877,TRUE,TRUE
"Co",4586,TRUE,30.2448979591837,351.177706199015,0.547651619878808,-2.99707700817349,TRUE,TRUE
"Co",4587,TRUE,30.2767106842737,356.491211196003,0.550978082643543,2.97248118796918,TRUE,TRUE
"Co",4588,TRUE,30.2767106842737,333.490065645707,0.530433548191772,3.12552807719888,TRUE,TRUE
"Co",4589,TRUE,30.2448979591837,261.727497164674,0.467436378517655,-2.87068712785909,TRUE,FALSE
"Co",4590,TRUE,30.2130852340936,214.931561769737,0.422253279259525,-2.49963716500282,TRUE,FALSE
"Co",4591,TRUE,30.1812725090036,386.354344909861,0.575064128995485,-2.21327332628792,TRUE,TRUE
"Co",4592,TRUE,30.0540216086435,358.905258397443,0.554970457730452,-1.0138683120556,TRUE,TRUE
"Co",4593,TRUE,30.4675870348139,319.946656955332,0.517936337314187,1.15164844570066,TRUE,FALSE
"Co",4594,TRUE,30.2448979591837,329.302508575025,0.526946359678325,-2.80743896373378,TRUE,TRUE
"Co",4595,TRUE,30.2767106842737,313.410185955625,0.513639626094292,-3.07561420158639,TRUE,FALSE
"Co",4596,TRUE,30.3085234093637,355.709982644865,0.54957887850763,2.77146652033576,TRUE,TRUE
"Co",4597,TRUE,30.4675870348139,301.292016381053,0.502294193471419,1.23696098840425,TRUE,FALSE
"Co",4598,TRUE,30.2448979591837,371.606627890056,0.563057778207466,-2.84791743321906,TRUE,TRUE
"Co",4599,TRUE,30.2130852340936,357.54126501461,0.551459572061408,-2.54063712503584,TRUE,TRUE
"Co",4600,TRUE,30.2767106842737,338.727209054352,0.535174940938306,3.08783253060718,TRUE,TRUE
"Co",4601,TRUE,30.2448979591837,315.719329097158,0.516522080730444,-2.83892706841339,TRUE,FALSE
"Co",4602,TRUE,30.2767106842737,326.197965643125,0.524375200841537,3.08474802198709,TRUE,FALSE
"Co",4603,TRUE,30.2448979591837,302.048375428538,0.503741175802976,-2.86451440695851,TRUE,FALSE
"Co",4604,TRUE,30.1812725090036,330.351917231089,0.530009788018752,-2.227102067445,TRUE,TRUE
"Co",4605,TRUE,30.1494597839136,357.28609030105,0.550688034440983,-1.8510522833889,TRUE,TRUE
"Co",4606,TRUE,30.2767106842737,363.339240451914,0.556553525466331,3.10348288281479,TRUE,TRUE
"Co",4607,TRUE,30.3085234093637,273.776930914198,0.478364396117804,2.78836683472767,TRUE,FALSE
"Co",4608,TRUE,30.2767106842737,339.486053525403,0.535745465801104,-3.12553411880313,TRUE,TRUE
"Co",4609,TRUE,30.3403361344538,299.265358897496,0.501829799564156,2.3978303888843,TRUE,FALSE
"Co",4610,TRUE,30.2767106842737,311.506274214108,0.511618528789723,3.06388784586249,TRUE,FALSE
"Co",4611,TRUE,30.1812725090036,281.821043609217,0.486466124395607,-2.22002469764866,TRUE,FALSE
"Co",4612,TRUE,30.3085234093637,342.346434949159,0.53857096459338,2.73364897940543,TRUE,TRUE
"Co",4613,TRUE,30.3403361344538,297.348796128446,0.499856389092817,2.37296615585519,TRUE,FALSE
"Co",4614,TRUE,30.3721488595438,298.729629131156,0.501505022626098,2.11198611525725,TRUE,FALSE
"Co",4615,TRUE,30.2767106842737,400.804148439538,0.586357736279713,-3.12445406707508,TRUE,TRUE
"Co",4616,TRUE,30.3721488595438,320.128133523282,0.519998442332754,2.13591007623581,TRUE,FALSE
"Co",4617,TRUE,30.2130852340936,327.957962520233,0.526769466146326,-2.53560339470538,TRUE,TRUE
"Co",4618,TRUE,30.1812725090036,303.387044848032,0.506195802990302,-2.29703904559621,TRUE,FALSE
"Co",4619,TRUE,30.3403361344538,262.624012004356,0.468718016781275,2.48230187923658,TRUE,FALSE
"Co",4620,TRUE,30.2767106842737,256.390410511893,0.463518926695909,3.08914717183695,TRUE,FALSE
"Co",4621,TRUE,30.2448979591837,301.664808137561,0.502784411912085,-2.83519507907923,TRUE,FALSE
"Co",4622,TRUE,30.4357743097239,295.232362191854,0.497558283680006,1.43725807454353,TRUE,FALSE
"Co",4623,TRUE,30.2448979591837,305.299585716122,0.506978171998371,-2.78260441780109,TRUE,FALSE
"Co",4624,TRUE,30.3085234093637,345.357115817415,0.542035982612527,2.65601785197817,TRUE,TRUE
"Co",4625,TRUE,30.3085234093637,301.848439890273,0.502838524794985,2.81166976228963,TRUE,FALSE
"Co",4626,TRUE,30.2448979591837,378.835008348255,0.56915294336988,-2.87543384721305,TRUE,TRUE
"Co",4627,TRUE,30.3085234093637,293.204878124762,0.497076734230173,2.70436764865656,TRUE,FALSE
"Co",4628,TRUE,30.1812725090036,293.561629068778,0.498147994834455,-2.25216874038429,TRUE,FALSE
"Co",4629,TRUE,30.2130852340936,313.645650180362,0.513913262320459,-2.51456207054224,TRUE,FALSE
"Co",4630,TRUE,30.3085234093637,344.437255104101,0.539380596815429,2.76276474155498,TRUE,TRUE
"Co",4631,TRUE,30.3085234093637,344.373697372723,0.540063539011135,2.74447980565749,TRUE,TRUE
"Co",4632,TRUE,30.2448979591837,316.489730771957,0.516511954901878,-2.83408361773196,TRUE,FALSE
"Co",4633,TRUE,30.3403361344538,285.268679213411,0.489117438367659,2.43403122927128,TRUE,FALSE
"Co",4634,TRUE,30.3085234093637,396.440276658421,0.583617822716509,2.76082355915802,TRUE,TRUE
"Co",4635,TRUE,30.2448979591837,324.806255773327,0.524048148817323,-2.87548396750349,TRUE,FALSE
"Co",4636,TRUE,30.3403361344538,286.253899819587,0.490348327485342,2.38379417129789,TRUE,FALSE
"Co",4637,TRUE,30.2448979591837,319.677316405491,0.51868662198594,-2.89195734553399,TRUE,FALSE
"Co",4638,TRUE,30.1494597839136,307.956712808029,0.509932036371237,-1.80564930616211,TRUE,FALSE
"Co",4639,TRUE,30.2448979591837,326.28623774961,0.52444773159544,-2.84839068961222,TRUE,FALSE
"Co",4640,TRUE,30.3085234093637,347.962983126906,0.543956148845997,2.67510711344696,TRUE,TRUE
"Co",4641,TRUE,30.0222088835534,314.452849271766,0.51719833002991,-0.663584093585137,TRUE,FALSE
"Co",4642,TRUE,30.1812725090036,345.630044232131,0.541592429806448,-2.15722152727453,TRUE,TRUE
"Co",4643,TRUE,30.1494597839136,286.093893232511,0.490890649004485,-1.9335219021183,TRUE,FALSE
"Co",4644,TRUE,30.3403361344538,361.140931143808,0.55312165460886,2.43080084555215,TRUE,TRUE
"Co",4645,TRUE,30.3085234093637,313.445535770745,0.514340323257241,2.74954161003606,TRUE,FALSE
"Co",4646,TRUE,30.2130852340936,305.472095963185,0.507543356423085,-2.62139920251836,TRUE,FALSE
"Co",4647,TRUE,30.1494597839136,296.509010551641,0.500922095806142,-1.93054857358683,TRUE,FALSE
"Co",4648,TRUE,30.2130852340936,409.313211088767,0.592697795399177,-2.64142170713915,TRUE,TRUE
"Co",4649,TRUE,30.3085234093637,339.054392730746,0.535007731234964,2.87406242043091,TRUE,TRUE
"Co",4650,TRUE,30.1176470588235,324.856573779397,0.524779260537683,-1.59754212566411,TRUE,FALSE
"Co",4651,TRUE,30.4039615846339,293.0709753068,0.495935877755918,1.79366862044022,TRUE,FALSE
"Co",4652,TRUE,30.3085234093637,353.548235942294,0.5477180901598,2.72882881398224,TRUE,TRUE
"Co",4653,TRUE,30.3085234093637,277.697808342265,0.482662879961777,2.72612452561173,TRUE,FALSE
"Co",4654,TRUE,30.2448979591837,336.39308185515,0.534803040383013,-2.9267505997498,TRUE,TRUE
"Co",4655,TRUE,30.1812725090036,386.504178748724,0.574407327557674,-2.25963562695876,TRUE,TRUE
"Co",4656,TRUE,30.2130852340936,341.293998029598,0.538121227651498,-2.53076493340009,TRUE,TRUE
"Co",4657,TRUE,30.2448979591837,382.816099923943,0.571378007395645,-2.86439321240408,TRUE,TRUE
"Co",4658,TRUE,30.3721488595438,362.730253534744,0.5552846516389,2.09995811411729,TRUE,TRUE
"Co",4659,TRUE,30.2767106842737,351.386170278337,0.54537658899281,3.10442103132327,TRUE,TRUE
"Co",4660,TRUE,30.2130852340936,378.068216369239,0.567336742023769,-2.51912992231876,TRUE,TRUE
"Co",4661,TRUE,30.3085234093637,314.264364876933,0.514630638992253,2.78246268382876,TRUE,FALSE
"Co",4662,TRUE,30.1176470588235,295.815423611528,0.49937443389801,-1.56908753169844,TRUE,FALSE
"Co",4663,TRUE,30.2448979591837,305.142410834149,0.507393361998406,-2.87828564927409,TRUE,FALSE
"Co",4664,TRUE,30.3721488595438,351.812428848832,0.545860302745171,2.06460917671113,TRUE,TRUE
"Co",4665,TRUE,30.2130852340936,313.367507953777,0.51541304110214,-2.5963230164076,TRUE,FALSE
"Co",4666,TRUE,30.2448979591837,358.075738514371,0.553867085444156,-2.99326752588196,TRUE,TRUE
"Co",4667,TRUE,30.3085234093637,271.827181670726,0.476875234537713,2.78033100842804,TRUE,FALSE
"Co",4668,TRUE,30.499399759904,313.356416817488,0.513182395050375,0.791966036167421,TRUE,FALSE
"Co",4669,TRUE,30.1812725090036,333.560759019667,0.531178641615315,-2.19727115873983,TRUE,TRUE
"Co",4670,TRUE,30.3403361344538,313.019176571784,0.513272299632103,2.30155941656091,TRUE,FALSE
"Co",4671,TRUE,30.2767106842737,364.931281305643,0.558755064945295,3.02723513670941,TRUE,TRUE
"Co",4672,TRUE,30.1812725090036,348.990254377398,0.54463590853328,-2.22279320222914,TRUE,TRUE
"Co",4673,TRUE,30.2448979591837,283.665297358444,0.488253306856679,-2.83551649075432,TRUE,FALSE
"Co",4674,TRUE,30.2130852340936,289.474030770499,0.493174248448711,-2.58925374783024,TRUE,FALSE
"Co",4675,TRUE,30.2448979591837,384.7886132101,0.574427356825958,-2.94482540490341,TRUE,TRUE
"Co",4676,TRUE,30.2448979591837,349.907387373457,0.544775501197031,-2.89338562732134,TRUE,TRUE
"Co",4677,TRUE,30.2448979591837,299.359802210187,0.50382456355547,-2.89523802185592,TRUE,FALSE
"Co",4678,TRUE,30.1812725090036,384.686977443661,0.573900392559505,-2.19066835108838,TRUE,TRUE
"Co",4679,TRUE,30.1812725090036,267.04874672305,0.473112481696535,-2.18701941427703,TRUE,FALSE
"Co",4680,TRUE,30.3403361344538,327.160151298964,0.524973997510041,2.3833361143776,TRUE,TRUE
"Co",4681,TRUE,30.2130852340936,346.82712060755,0.543067702999342,-2.55363608760802,TRUE,TRUE
"Co",4682,TRUE,30.4357743097239,308.648996872669,0.509268159545456,1.44881238347086,TRUE,FALSE
"Co",4683,TRUE,30.2767106842737,324.756589793085,0.523438270770297,3.13819416756056,TRUE,FALSE
"Co",4684,TRUE,30.2448979591837,291.52779148465,0.495059527909874,-2.91680755987211,TRUE,FALSE
"Co",4685,TRUE,30.1812725090036,277.347536788583,0.482267245316783,-2.20689708828032,TRUE,FALSE
"Co",4686,TRUE,30.2448979591837,284.246127324058,0.48900748528504,-2.9800569984559,TRUE,FALSE
"Co",4687,TRUE,30.2448979591837,287.30147227905,0.491479800066764,-2.89166532465671,TRUE,FALSE
"Co",4688,TRUE,30.3085234093637,377.051982305295,0.566393825585909,2.80146605128512,TRUE,TRUE
"Co",4689,TRUE,30.2130852340936,322.249612371629,0.522181366916313,-2.49494175172504,TRUE,FALSE
"Co",4690,TRUE,30.1812725090036,292.68675525279,0.49611022876766,-2.21903625730202,TRUE,FALSE
"Co",4691,TRUE,30.3403361344538,319.050556775773,0.519067942351126,2.51732718995506,TRUE,FALSE
"Co",4692,TRUE,30.2448979591837,354.306401421074,0.549126611068073,-2.83692148738573,TRUE,TRUE
"Co",4693,TRUE,30.0858343337335,286.503575771162,0.49369132668233,-1.35861395429521,TRUE,FALSE
"Co",4694,TRUE,30.0540216086435,271.617494725166,0.478336047225791,-0.958554416735264,TRUE,FALSE
"Co",4695,TRUE,30.3085234093637,348.051670554949,0.544011567580386,2.69818957963296,TRUE,TRUE
"Co",4696,TRUE,30.3085234093637,292.587560488557,0.49514360349803,2.80226135957544,TRUE,FALSE
"Co",4697,TRUE,30.2767106842737,391.904310094437,0.578640981450354,3.09715530108123,TRUE,TRUE
"Co",4698,TRUE,30.1494597839136,355.675008780635,0.550933701562079,-1.90836569283468,TRUE,TRUE
"Co",4699,TRUE,30.2130852340936,343.443448690023,0.538941729166318,-2.5420147382701,TRUE,TRUE
"Co",4700,TRUE,30.3721488595438,265.340441614144,0.470705691996657,2.12526699860357,TRUE,FALSE
"Co",4701,TRUE,30.2448979591837,322.435578056329,0.522591375735699,-2.81890340551891,TRUE,FALSE
"Co",4702,TRUE,30.2767106842737,289.420219595705,0.492825211532555,3.06851122765034,TRUE,FALSE
"Co",4703,TRUE,30.2767106842737,312.515028896959,0.512649797659169,3.0096304415411,TRUE,FALSE
"Co",4704,TRUE,30.2448979591837,311.134014431963,0.511847796555665,-2.9108247073113,TRUE,FALSE
"Co",4705,TRUE,30.2767106842737,317.183747421721,0.518153666757706,3.06423410090123,TRUE,FALSE
"Co",4706,TRUE,30.3403361344538,334.59649371216,0.531086458841193,2.47762618658186,TRUE,TRUE
"Co",4707,TRUE,30.1812725090036,316.426028734856,0.515653517457227,-2.13333249856252,TRUE,FALSE
"Co",4708,TRUE,30.2130852340936,270.656495517623,0.475885848400912,-2.55518422725337,TRUE,FALSE
"Co",4709,TRUE,30.3721488595438,342.617136078929,0.5376786467058,2.11765755599132,TRUE,TRUE
"Co",4710,TRUE,30.1812725090036,299.90942083794,0.503186814003454,-2.26273948282033,TRUE,FALSE
"Co",4711,TRUE,30.3085234093637,323.707878215654,0.521644281231387,2.8029105635843,TRUE,FALSE
"Co",4712,TRUE,30.0858343337335,286.603212193367,0.493294582037304,-1.39602936807168,TRUE,FALSE
"Co",4713,TRUE,30.3085234093637,279.720763760385,0.485416694869517,2.71832754049842,TRUE,FALSE
"Co",4714,TRUE,30.3085234093637,344.462687814077,0.540659846303537,2.8029592632902,TRUE,TRUE
"Co",4715,TRUE,30.0540216086435,268.59774284048,0.476737900739182,-0.972826087882049,TRUE,FALSE
"Co",4716,TRUE,30.2767106842737,288.735061919561,0.492599529276035,3.03964161308852,TRUE,FALSE
"Co",4717,TRUE,30.3403361344538,383.991905189405,0.571899151202934,2.38044017179614,TRUE,TRUE
"Co",4718,TRUE,30.2130852340936,326.101565496713,0.525886266645581,-2.58551803285871,TRUE,FALSE
"Co",4719,TRUE,30.0858343337335,346.26791293352,0.543815638548363,-1.30239064577077,TRUE,TRUE
"Co",4720,TRUE,30.2130852340936,275.529292675601,0.481606196191955,-2.61766321036699,TRUE,FALSE
"Co",4721,TRUE,30.1812725090036,300.743317576225,0.503835435409077,-2.16848967483141,TRUE,FALSE
"Co",4722,TRUE,30.2130852340936,334.292545580232,0.53345171861422,-2.60899426480399,TRUE,TRUE
"Co",4723,TRUE,30.3085234093637,334.661886393994,0.531968092773862,2.82800633428482,TRUE,TRUE
"Co",4724,TRUE,30.2448979591837,305.247394982672,0.507500835458699,-2.88635197783654,TRUE,FALSE
"Co",4725,TRUE,30.2767106842737,287.605078304832,0.492226188147878,3.09912604723441,TRUE,FALSE
"Co",4726,TRUE,30.1176470588235,397.104417097318,0.585431535413765,-1.62084131578497,TRUE,TRUE
"Co",4727,TRUE,30.1494597839136,378.629835598658,0.570019395880685,-1.93154936372108,TRUE,TRUE
"Co",4728,TRUE,30.4039615846339,261.916776750495,0.466450460646416,1.87646855036707,TRUE,FALSE
"Co",4729,TRUE,30.2767106842737,329.977426545587,0.528245925112584,3.0818980132883,TRUE,TRUE
"Co",4730,TRUE,30.0540216086435,288.193939710152,0.493865243696764,-0.936801943620031,TRUE,FALSE
"Co",4731,TRUE,30.2767106842737,313.165171363099,0.514933500832714,3.04651719484344,TRUE,FALSE
"Co",4732,TRUE,30.2130852340936,345.499105094335,0.542282127874135,-2.59295054203911,TRUE,TRUE
"Co",4733,TRUE,30.2767106842737,343.855442083807,0.539291219532489,3.10397336241515,TRUE,TRUE
"Co",4734,TRUE,30.1176470588235,305.903866202609,0.507847399965155,-1.54208186938522,TRUE,FALSE
"Co",4735,TRUE,30.4039615846339,357.124232302261,0.550189085475744,1.81748969916786,TRUE,TRUE
"Co",4736,TRUE,30.0858343337335,319.164557810699,0.520844916930839,-1.27133252135347,TRUE,FALSE
"Co",4737,TRUE,30.2767106842737,342.847162089222,0.539520302721672,3.04630611901302,TRUE,TRUE
"Co",4738,TRUE,30.3085234093637,305.297732787888,0.506879838101068,2.70058708728614,TRUE,FALSE
"Co",4739,TRUE,30.2767106842737,295.920459986435,0.499128333931986,3.11946832459299,TRUE,FALSE
"Co",4740,TRUE,30.2448979591837,313.455138817918,0.51567682247592,-2.90079126626729,TRUE,FALSE
"Co",4741,TRUE,30.3085234093637,277.135011197969,0.480595523318465,2.82908548677535,TRUE,FALSE
"Co",4742,TRUE,30.1812725090036,339.381299366494,0.537015100965162,-2.25471421207613,TRUE,TRUE
"Co",4743,TRUE,30.1812725090036,318.507314178859,0.51922399909592,-2.18601497768939,TRUE,FALSE
"Co",4744,TRUE,30.3403361344538,259.024420528438,0.464743485834906,2.45450645019029,TRUE,FALSE
"Co",4745,TRUE,30.4039615846339,336.517673759589,0.532709164478574,1.83817432555822,TRUE,TRUE
"Co",4746,TRUE,30.1494597839136,302.448275688541,0.504870484217072,-1.83667715614464,TRUE,FALSE
"Co",4747,TRUE,30.2448979591837,370.354179238837,0.562200941569305,-2.81287357411627,TRUE,TRUE
"Co",4748,TRUE,30.2767106842737,293.243529293413,0.497490592037224,2.99403381865838,TRUE,FALSE
"Co",4749,TRUE,30.4039615846339,283.145485921016,0.48616941133935,1.82971288395811,TRUE,FALSE
"Co",4750,TRUE,30.3085234093637,292.861694746134,0.495359539694029,2.78732728182761,TRUE,FALSE
"Co",4751,TRUE,30.4039615846339,318.913020514434,0.518214256447164,1.78292331716969,TRUE,FALSE
"Co",4752,TRUE,30.3721488595438,327.292355842744,0.525274400971244,2.12925435197877,TRUE,TRUE
"Co",4753,TRUE,30.3403361344538,395.290702245189,0.579693686628049,2.54667891484852,TRUE,TRUE
"Co",4754,TRUE,30.3085234093637,289.498744562075,0.493732358381127,2.67392067475078,TRUE,FALSE
"Co",4755,TRUE,30.2767106842737,326.77450457345,0.525819061844089,3.01988059296047,TRUE,FALSE
"Co",4756,TRUE,30.499399759904,343.112063872001,0.537788407720876,0.849987573685103,TRUE,TRUE
"Co",4757,TRUE,30.3085234093637,337.920723350293,0.534160007695628,2.77489351405829,TRUE,TRUE
"Co",4758,TRUE,30.2448979591837,311.07916935409,0.512378875806949,-2.92947252620459,TRUE,FALSE
"Co",4759,TRUE,30.3085234093637,349.008954102958,0.542325204331858,2.77066877330898,TRUE,TRUE
"Co",4760,TRUE,30.2767106842737,321.955381496197,0.521764141785391,3.00873768839249,TRUE,FALSE
"Co",4761,TRUE,30.1812725090036,343.300232916715,0.540123227926629,-2.13523389171387,TRUE,TRUE
"Co",4762,TRUE,30.2448979591837,323.808325433615,0.522787532755232,-2.84867708561557,TRUE,FALSE
"Co",4763,TRUE,30.3085234093637,394.552055893988,0.579391994203804,2.76892384652684,TRUE,TRUE
"Co",4764,TRUE,30.1176470588235,337.741333191125,0.536759047343388,-1.60953726652724,TRUE,TRUE
"Co",4765,TRUE,30.2448979591837,311.967722938472,0.51269745188502,-2.81880442163089,TRUE,FALSE
"Co",4766,TRUE,30.2767106842737,342.977297879955,0.539555890610372,3.03608911647477,TRUE,TRUE
"Co",4767,TRUE,30.3403361344538,367.38049707143,0.558204771534434,2.50684878049668,TRUE,TRUE
"Co",4768,TRUE,30.2448979591837,342.53071932439,0.539640967858015,-2.93942842690171,TRUE,TRUE
"Co",4769,TRUE,30.2448979591837,322.387812168964,0.522415900079409,-2.7937465322188,TRUE,FALSE
"Co",4770,TRUE,30.1494597839136,286.887373340673,0.491783818343138,-1.99324065380293,TRUE,FALSE
"Co",4771,TRUE,30.3085234093637,326.280217630587,0.524226886272411,2.72003241908219,TRUE,FALSE
"Co",4772,TRUE,30.2448979591837,351.427091580212,0.547137080471229,-2.87986998154538,TRUE,TRUE
"Co",4773,TRUE,30.1176470588235,321.931944011905,0.523063930542766,-1.60728393969199,TRUE,FALSE
"Co",4774,TRUE,30.2448979591837,338.004772341759,0.535913240297701,-2.99217698300004,TRUE,TRUE
"Co",4775,TRUE,30.3721488595438,343.194767253019,0.539635541404901,2.1414950949554,TRUE,TRUE
"Co",4776,TRUE,30.2448979591837,316.844354645211,0.51752650078909,-2.8886034701563,TRUE,FALSE
"Co",4777,TRUE,30.3403361344538,351.44538318166,0.544867496543676,2.51912754061966,TRUE,TRUE
"Co",4778,TRUE,30.3721488595438,355.844746981843,0.549745300091921,2.03548116401427,TRUE,TRUE
"Co",4779,TRUE,30.4039615846339,342.497117176761,0.538520673274762,1.81112919999237,TRUE,TRUE
"Co",4780,TRUE,30.2130852340936,368.725813697715,0.562096481025656,-2.66178543674897,TRUE,TRUE
"Co",4781,TRUE,30.3721488595438,389.91211139724,0.577017295114759,2.11768404598531,TRUE,TRUE
"Co",4782,TRUE,30.3403361344538,295.167579653678,0.497540070150625,2.46153482060918,TRUE,FALSE
"Co",4783,TRUE,30.1812725090036,323.247565507544,0.523536249525338,-2.23339625599124,TRUE,FALSE
"Co",4784,TRUE,30.0858343337335,362.241475536062,0.559829509751744,-1.38889972601709,TRUE,TRUE
"Co",4785,TRUE,30.0858343337335,278.283238358651,0.485065406664911,-1.34600070558375,TRUE,FALSE
"Co",4786,TRUE,30.4039615846339,297.435358198978,0.498965930810467,1.83589774754827,TRUE,FALSE
"Co",4787,TRUE,30.2767106842737,351.65397509974,0.546215860788476,3.1079971881295,TRUE,TRUE
"Co",4788,TRUE,30.3721488595438,327.081864409007,0.526132623092758,2.07431598975708,TRUE,FALSE
"Co",4789,TRUE,30.1812725090036,371.01253237359,0.562599294919343,-2.27537100319755,TRUE,TRUE
"Co",4790,TRUE,30.1494597839136,347.026922189536,0.543274745079137,-1.86823706934162,TRUE,TRUE
"Co",4791,TRUE,30.2130852340936,316.713056818712,0.517850096799946,-2.63831349526222,TRUE,FALSE
"Co",4792,TRUE,30.4357743097239,304.513266759646,0.505220873370531,1.5731187808804,TRUE,FALSE
"Co",4793,TRUE,30.1812725090036,322.307266238741,0.5233312440879,-2.28273867763528,TRUE,FALSE
"Co",4794,TRUE,30.2767106842737,368.236358351996,0.560373140153263,3.11647813896304,TRUE,TRUE
"Co",4795,TRUE,30.3085234093637,364.239913865354,0.555500241721633,2.73870400301199,TRUE,TRUE
"Co",4796,TRUE,30.1812725090036,366.415976408097,0.559031248714504,-2.23625495323428,TRUE,TRUE
"Co",4797,TRUE,30.0222088835534,277.516476963809,0.485006621952122,-0.62776446674879,TRUE,FALSE
"Co",4798,TRUE,30.3085234093637,311.9998519754,0.512484588395019,2.74100565829111,TRUE,FALSE
"Co",4799,TRUE,30.0222088835534,334.559388221676,0.533854282403934,-0.556529280313081,TRUE,TRUE
"Co",4800,TRUE,30.2130852340936,329.000099033888,0.529222989109881,-2.58368485942276,TRUE,TRUE
"Co",4801,TRUE,30.1176470588235,291.770242904178,0.496272090720834,-1.59582660492015,TRUE,FALSE
"Co",4802,TRUE,30.2448979591837,309.59314241591,0.510985396120359,-2.89935626517235,TRUE,FALSE
"Co",4803,TRUE,30.1812725090036,262.930560700397,0.469364930725881,-2.25111408421836,TRUE,FALSE
"Co",4804,TRUE,30.1812725090036,355.267258078908,0.549423965672624,-2.26960367243663,TRUE,TRUE
"Co",4805,TRUE,30.4039615846339,295.774226532638,0.499007847508561,1.80019061855764,TRUE,FALSE
"Co",4806,TRUE,30.3085234093637,270.803508383718,0.476113061390059,2.83689568227268,TRUE,FALSE
"Co",4807,TRUE,30.3403361344538,308.178235320189,0.507534315367381,2.48556500960887,TRUE,FALSE
"Co",4808,TRUE,30.1494597839136,403.062619694559,0.587981445993395,-1.84938721375231,TRUE,TRUE
"Co",4809,TRUE,30.1812725090036,299.491647849101,0.503824232696259,-2.21955696401973,TRUE,FALSE
"Co",4810,TRUE,30.0540216086435,333.121490619517,0.532009286380307,-0.922778154173888,TRUE,TRUE
"Co",4811,TRUE,30.2130852340936,371.287536958692,0.56297747799268,-2.56201930839271,TRUE,TRUE
"Co",4812,TRUE,30.1494597839136,278.348180168416,0.483237074022591,-1.90471230349541,TRUE,FALSE
"Co",4813,TRUE,30.3403361344538,285.444422990279,0.489002054100797,2.41017738340454,TRUE,FALSE
"Co",4814,TRUE,30.4357743097239,333.384300462623,0.53087638619089,1.39503239050426,TRUE,TRUE
"Co",4815,TRUE,30.2130852340936,318.249306679853,0.518296903244273,-2.5374486632908,TRUE,FALSE
"Co",4816,TRUE,30.1812725090036,340.247909429032,0.537593597807986,-2.21307806033593,TRUE,TRUE
"Co",4817,TRUE,30.2448979591837,268.643253247398,0.475430007723252,-2.96737906681372,TRUE,FALSE
"Co",4818,TRUE,30.3721488595438,368.35189148311,0.559441459653168,2.12245957576498,TRUE,TRUE
"Co",4819,TRUE,30.1494597839136,382.092253456384,0.570944673259985,-1.86863197549574,TRUE,TRUE
"Co",4820,TRUE,30.2767106842737,323.658944859223,0.523243960913857,-3.11173961485712,TRUE,FALSE
"Co",4821,TRUE,30.2448979591837,380.901781402341,0.569202840447766,-2.84194418154415,TRUE,TRUE
"Co",4822,TRUE,30.1812725090036,314.573953489087,0.514704121529517,-2.20188904827344,TRUE,FALSE
"Co",4823,TRUE,30.3403361344538,321.337235807199,0.521428348952168,2.462772202606,TRUE,FALSE
"Co",4824,TRUE,30.3085234093637,316.991428046515,0.518035770932155,2.68019840816454,TRUE,FALSE
"Co",4825,TRUE,30.2448979591837,267.970893397785,0.474716784594983,-2.98078715404391,TRUE,FALSE
"Co",4826,TRUE,30.3403361344538,406.767934297462,0.589717746447646,2.33853032890847,TRUE,TRUE
"Co",4827,TRUE,30.2448979591837,358.09376311003,0.552174281634392,-2.91054047940719,TRUE,TRUE
"Co",4828,TRUE,30.1812725090036,381.702730839313,0.572106182835724,-2.24751185350305,TRUE,TRUE
"Co",4829,TRUE,30.3085234093637,376.453231064868,0.56554945637002,2.77906281536376,TRUE,TRUE
"Co",4830,TRUE,30.3085234093637,413.961677006707,0.596408531938367,2.7267673505744,TRUE,TRUE
"Co",4831,TRUE,30.2448979591837,371.58516995387,0.562363097598399,-2.89616994401517,TRUE,TRUE
"Co",4832,TRUE,30.2448979591837,349.615692111799,0.545421103737217,-2.85549815820368,TRUE,TRUE
"Co",4833,TRUE,30.1494597839136,325.825267330775,0.525801393829451,-1.85977633045823,TRUE,FALSE
"Co",4834,TRUE,30.3085234093637,359.699850075214,0.55408525795546,2.71414388786968,TRUE,TRUE
"Co",4835,TRUE,30.1176470588235,304.034160827743,0.507196678702405,-1.66503067682668,TRUE,FALSE
"Co",4836,TRUE,30.3085234093637,295.996716574757,0.498506275460228,2.75859908570152,TRUE,FALSE
"Co",4837,TRUE,30.3085234093637,335.071606746202,0.532628992220137,2.74949076503249,TRUE,TRUE
"Co",4838,TRUE,30.4357743097239,297.455796087767,0.49931100567759,1.53083938115228,TRUE,FALSE
"Co",4839,TRUE,30.1494597839136,293.704036415384,0.49873777314212,-1.9532970811476,TRUE,FALSE
"Co",4840,TRUE,30.2130852340936,330.882016985758,0.529557438790982,-2.52786734345009,TRUE,TRUE
"Co",4841,TRUE,30.1494597839136,386.392072041874,0.574655372974973,-1.88732891560671,TRUE,TRUE
"Co",4842,TRUE,30.1812725090036,317.448314818207,0.517676280334676,-2.23183875404056,TRUE,FALSE
"Co",4843,TRUE,30.0858343337335,310.782573644766,0.513069728255065,-1.22907388474082,TRUE,FALSE
"Co",4844,TRUE,30.2448979591837,261.254749051352,0.468473766429055,-2.89928980291241,TRUE,FALSE
"Co",4845,TRUE,30.1812725090036,356.10750167929,0.550728544819742,-2.19615470956764,TRUE,TRUE
"Co",4846,TRUE,30.3721488595438,304.079063367742,0.505699106386387,2.20411830631817,TRUE,FALSE
"Co",4847,TRUE,30.2130852340936,325.701046230354,0.525727543484265,-2.60491613305159,TRUE,FALSE
"Co",4848,TRUE,30.1812725090036,299.774273644396,0.503939665292194,-2.2596906156668,TRUE,FALSE
"Co",4849,TRUE,30.3403361344538,315.179259693693,0.515672311984508,2.33423648512125,TRUE,FALSE
"Co",4850,TRUE,30.2130852340936,362.771716194363,0.556272959409866,-2.53720787143708,TRUE,TRUE
"Co",4851,TRUE,30.3403361344538,342.375388341418,0.538522018658657,2.4035872755762,TRUE,TRUE
"Co",4852,TRUE,30.1812725090036,300.04565029737,0.502807712633054,-2.17047980332127,TRUE,FALSE
"Co",4853,TRUE,30.2767106842737,295.965009633499,0.499248614593788,3.12048442423543,TRUE,FALSE
"Co",4854,TRUE,30.0858343337335,300.597917460127,0.50448220492726,-1.30589594639441,TRUE,FALSE
"Co",4855,TRUE,30.2130852340936,306.565955509256,0.507861114111161,-2.55394308631669,TRUE,FALSE
"Co",4856,TRUE,30.4357743097239,310.497335777431,0.511235199537394,1.48500618266377,TRUE,FALSE
"Co",4857,TRUE,30.2130852340936,365.521414621173,0.559398034897012,-2.52737939734686,TRUE,TRUE
"Co",4858,TRUE,30.2767106842737,326.096024156759,0.524780374119004,3.0371369388488,TRUE,FALSE
"Co",4859,TRUE,30.3403361344538,283.841504261617,0.488185986111989,2.35321077640953,TRUE,FALSE
"Co",4860,TRUE,30.2767106842737,353.092967930334,0.547517308004815,3.12617342729354,TRUE,TRUE
"Co",4861,TRUE,30.2767106842737,289.288705453101,0.492972622862587,3.09248165321591,TRUE,FALSE
"Co",4862,TRUE,30.1494597839136,311.295167210249,0.513930023115785,-1.98903342603658,TRUE,FALSE
"Co",4863,TRUE,30.2448979591837,290.503329419915,0.493438103717178,-2.8362389533293,TRUE,FALSE
"Co",4864,TRUE,30.3085234093637,330.37421024197,0.528665644367904,2.770538064884,TRUE,TRUE
"Co",4865,TRUE,30.3085234093637,276.205329357195,0.480113697840613,2.84720339935645,TRUE,FALSE
"Co",4866,TRUE,30.3403361344538,250.202221398539,0.456121038908327,2.46751357011847,TRUE,FALSE
"Co",4867,TRUE,30.1494597839136,318.544134635888,0.519040408237915,-1.99346769054967,TRUE,FALSE
"Co",4868,TRUE,30.1812725090036,307.112041156515,0.508995204646742,-2.2699201150731,TRUE,FALSE
"Co",4869,TRUE,30.3721488595438,337.058731637853,0.534666554997661,2.00519238181189,TRUE,TRUE
"Co",4870,TRUE,30.1812725090036,332.637801351882,0.531117643533745,-2.26520862173823,TRUE,TRUE
"Co",4871,TRUE,30.2448979591837,388.059488399035,0.575735871657369,-2.90724591344369,TRUE,TRUE
"Co",4872,TRUE,30.2767106842737,275.009302365105,0.480704334752553,3.08703192656482,TRUE,FALSE
"Co",4873,TRUE,30.2767106842737,293.902416621127,0.497648959660696,3.04120829083145,TRUE,FALSE
"Co",4874,TRUE,30.2767106842737,349.354987714827,0.545182592548045,2.99591349534169,TRUE,TRUE
"Co",4875,TRUE,30.3721488595438,379.614747614661,0.567661472597389,2.13936384996113,TRUE,TRUE
"Co",4876,TRUE,30.2448979591837,322.113406372355,0.521823452072026,-2.86902204171591,TRUE,FALSE
"Co",4877,TRUE,30.3403361344538,363.933871026655,0.556920078246828,2.43951472689546,TRUE,TRUE
"Co",4878,TRUE,30.3721488595438,313.978052191579,0.514783202481476,2.09617459305163,TRUE,FALSE
"Co",4879,TRUE,30.1494597839136,361.398037032894,0.555367909020528,-1.77426505598072,TRUE,TRUE
"Co",4880,TRUE,30.4357743097239,313.594316294084,0.513433217780111,1.42393484938201,TRUE,FALSE
"Co",4881,TRUE,30.3403361344538,313.484789887782,0.513314930052639,2.48189434457394,TRUE,FALSE
"Co",4882,TRUE,30.4039615846339,301.895459975264,0.503254223533068,1.81682084705555,TRUE,FALSE
"Co",4883,TRUE,30.1812725090036,299.235346515471,0.502453971218315,-2.16902994998362,TRUE,FALSE
"Co",4884,TRUE,30.3085234093637,285.328078817581,0.489224140169281,2.82185097083152,TRUE,FALSE
"Co",4885,TRUE,30.2448979591837,323.989392302934,0.522652156929744,-2.86542860644168,TRUE,FALSE
"Co",4886,TRUE,30.3085234093637,283.894046312679,0.489742899147054,2.71204029279191,TRUE,FALSE
"Co",4887,TRUE,30.2130852340936,312.607495896127,0.514323733262946,-2.56647981250495,TRUE,FALSE
"Co",4888,TRUE,30.1176470588235,285.248085857273,0.490072930873893,-1.50489971808994,TRUE,FALSE
"Co",4889,TRUE,30.2130852340936,316.312969544508,0.516745819234505,-2.49404810201056,TRUE,FALSE
"Co",4890,TRUE,30.2448979591837,385.031086267598,0.572221527851069,-2.82678545216184,TRUE,TRUE
"Co",4891,TRUE,30.1812725090036,323.544078076821,0.523793057083587,-2.2635710705966,TRUE,FALSE
"Co",4892,TRUE,30.2767106842737,376.348540850476,0.565279721662322,3.08676898331482,TRUE,TRUE
"Co",4893,TRUE,30.2448979591837,275.681720462902,0.479664310987299,-2.80888803688614,TRUE,FALSE
"Co",4894,TRUE,30.1176470588235,351.171324608942,0.547439409501775,-1.63088855204538,TRUE,TRUE
"Co",4895,TRUE,30.4675870348139,340.291928289757,0.535576669488571,1.24239655788675,TRUE,TRUE
"Co",4896,TRUE,30.3721488595438,313.184840453474,0.513050876778716,2.15707769064961,TRUE,FALSE
"Co",4897,TRUE,30.2448979591837,335.689380429543,0.533849719927641,-2.91921020296599,TRUE,TRUE
"Co",4898,TRUE,30.2767106842737,355.82756589284,0.551061673217582,3.08751479519389,TRUE,TRUE
"Co",4899,TRUE,30.1176470588235,274.165447141422,0.4796937626205,-1.58980715336591,TRUE,FALSE
"Co",4900,TRUE,30.1494597839136,295.225662962001,0.497683876558711,-1.84304631084787,TRUE,FALSE
"Co",4901,TRUE,30.1494597839136,325.365843181958,0.524683040345865,-1.87015764483364,TRUE,FALSE
"Co",4902,TRUE,30.3403361344538,296.145568483099,0.49845053963906,2.47514243171391,TRUE,FALSE
"Co",4903,TRUE,30.1812725090036,315.778881859299,0.516915006908834,-2.23009310267024,TRUE,FALSE
"Co",4904,TRUE,30.2130852340936,316.9453596925,0.518169553309659,-2.57273534169837,TRUE,FALSE
"Co",4905,TRUE,30.2130852340936,320.926162681192,0.520434043102476,-2.57216856599956,TRUE,FALSE
"Co",4906,TRUE,30.2130852340936,330.303482833643,0.52971034102462,-2.56091801882033,TRUE,TRUE
"Co",4907,TRUE,30.0858343337335,316.603970522423,0.516879955357434,-1.18829058206585,TRUE,FALSE
"Co",4908,TRUE,30.2130852340936,364.797134007147,0.557296031385151,-2.55947471452712,TRUE,TRUE
"Co",4909,TRUE,30.1812725090036,355.004606463223,0.549390952386179,-2.17755646018045,TRUE,TRUE
"Co",4910,TRUE,30.1812725090036,293.581638099158,0.497007877144323,-2.19539627623875,TRUE,FALSE
"Co",4911,TRUE,30.1812725090036,331.62427952153,0.530294072190426,-2.20477261408097,TRUE,TRUE
"Co",4912,TRUE,30.2130852340936,310.30442906661,0.511691002454515,-2.5227273003398,TRUE,FALSE
"Co",4913,TRUE,30.2767106842737,320.9813938825,0.521422662970779,2.98734686465226,TRUE,FALSE
"Co",4914,TRUE,30.2448979591837,297.964501426403,0.500089936484848,-2.81949201722166,TRUE,FALSE
"Co",4915,TRUE,30.2767106842737,307.321518190512,0.50769389457973,3.09488898786708,TRUE,FALSE
"Co",4916,TRUE,30.2448979591837,336.639109033564,0.534610179170086,-2.88119284957522,TRUE,TRUE
"Co",4917,TRUE,30.1494597839136,304.973530123992,0.508217767459348,-1.94613658446269,TRUE,FALSE
"Co",4918,TRUE,30.2448979591837,369.524533459523,0.56123375570094,-2.90482472954226,TRUE,TRUE
"Co",4919,TRUE,30.1494597839136,315.85337525373,0.517187953855261,-1.90564473135539,TRUE,FALSE
"Co",4920,TRUE,30.3085234093637,298.807901276646,0.501276214089125,2.71552552084282,TRUE,FALSE
"Co",4921,TRUE,30.1812725090036,294.762138622662,0.498099603977771,-2.27707163006671,TRUE,FALSE
"Co",4922,TRUE,30.0540216086435,360.308832021408,0.5572140492943,-1.01377898086622,TRUE,TRUE
"Co",4923,TRUE,30.2448979591837,352.589564651274,0.546373803907045,-2.84728851160992,TRUE,TRUE
"Co",4924,TRUE,30.2448979591837,331.46581314502,0.529510568750372,-2.85106935286589,TRUE,TRUE
"Co",4925,TRUE,30.2767106842737,378.031333466698,0.567085377075996,3.06433713648928,TRUE,TRUE
"Co",4926,TRUE,30.1176470588235,372.467137039863,0.564252957888096,-1.5702527189998,TRUE,TRUE
"Co",4927,TRUE,30.2767106842737,274.784577893601,0.479821345126834,3.05710165913622,TRUE,FALSE
"Co",4928,TRUE,30.3721488595438,349.720156218209,0.543607068554852,2.16084917813675,TRUE,TRUE
"Co",4929,TRUE,30.1812725090036,370.916702706012,0.562845679401139,-2.25151093699,TRUE,TRUE
"Co",4930,TRUE,30.2767106842737,319.467854333046,0.518746045468775,3.07054651430596,TRUE,FALSE
"Co",4931,TRUE,30.2130852340936,346.553007965977,0.542324953853565,-2.55493257524188,TRUE,TRUE
"Co",4932,TRUE,30.2767106842737,357.004099011063,0.55095606187842,-3.13323775753014,TRUE,TRUE
"Co",4933,TRUE,30.2448979591837,292.148656586895,0.496423634231997,-2.98880326156386,TRUE,FALSE
"Co",4934,TRUE,30.1812725090036,415.173451960077,0.597482717184774,-2.19080339462985,TRUE,TRUE
"Co",4935,TRUE,30.1812725090036,275.438088615813,0.481622798465677,-2.30088789560072,TRUE,FALSE
"Co",4936,TRUE,30.1812725090036,308.836564255539,0.510261912882802,-2.223400548666,TRUE,FALSE
"Co",4937,TRUE,30.3085234093637,411.288031116302,0.592512755967659,2.78730765892368,TRUE,TRUE
"Co",4938,TRUE,30.3721488595438,355.320356078627,0.549697562769635,2.08462763068311,TRUE,TRUE
"Co",4939,TRUE,30.2448979591837,313.357333445028,0.513888506377841,-2.90846601904337,TRUE,FALSE
"Co",4940,TRUE,30.2448979591837,366.70913423377,0.558746051542913,-2.80534198610661,TRUE,TRUE
"Co",4941,TRUE,30.2130852340936,309.858626935047,0.510913816523108,-2.63806170917128,TRUE,FALSE
"Co",4942,TRUE,30.0858343337335,280.977009760176,0.486273843628627,-1.25209800905659,TRUE,FALSE
"Co",4943,TRUE,30.2130852340936,362.934043692849,0.554567329456416,-2.51894885633886,TRUE,TRUE
"Co",4944,TRUE,30.2130852340936,280.744204636893,0.484650338492311,-2.48300092089387,TRUE,FALSE
"Co",4945,TRUE,30.3085234093637,395.216030131792,0.579637930567843,2.84507533449262,TRUE,TRUE
"Co",4946,TRUE,30.1812725090036,277.54029734608,0.48261161616055,-2.2430817576218,TRUE,FALSE
"Co",4947,TRUE,30.3085234093637,289.63832821747,0.493464998723239,2.7413898568161,TRUE,FALSE
"Co",4948,TRUE,30.0858343337335,332.43248330544,0.531570421610061,-1.22530838606361,TRUE,TRUE
"Co",4949,TRUE,30.3403361344538,367.174997007479,0.559510290913966,2.48442493738839,TRUE,TRUE
"Co",4950,TRUE,30.3721488595438,332.409889654623,0.528529276717746,2.13346509101759,TRUE,TRUE
"Co",4951,TRUE,30.3403361344538,273.420278315744,0.477179798065546,2.44692120674479,TRUE,FALSE
"Co",4952,TRUE,30.2448979591837,285.879590683482,0.490633203349292,-2.83079162874761,TRUE,FALSE
"Co",4953,TRUE,30.2767106842737,332.430423120682,0.529780050903439,3.02960109898454,TRUE,TRUE
"Co",4954,TRUE,30.1494597839136,415.894775272116,0.599355613925901,-1.98905339422547,TRUE,TRUE
"Co",4955,TRUE,30.1812725090036,379.790251734303,0.56986175900964,-2.27177050092072,TRUE,TRUE
"Co",4956,TRUE,30.2767106842737,284.712297692156,0.488834450973397,3.0609911097047,TRUE,FALSE
"Co",4957,TRUE,30.1176470588235,302.420012949047,0.506207501602193,-1.63168019422244,TRUE,FALSE
"Co",4958,TRUE,30.2767106842737,341.856311579622,0.537965917563061,3.08220987676454,TRUE,TRUE
"Co",4959,TRUE,30.1812725090036,331.289692209526,0.52990950135189,-2.17166883491564,TRUE,TRUE
"Co",4960,TRUE,30.1494597839136,270.032346930352,0.476981809441602,-1.87551660131635,TRUE,FALSE
"Co",4961,TRUE,30.2130852340936,316.79378149469,0.517910014704295,-2.62849941522357,TRUE,FALSE
"Co",4962,TRUE,30.1812725090036,324.078403905195,0.524144744677649,-2.19865828019114,TRUE,FALSE
"Co",4963,TRUE,30.3085234093637,308.17577352046,0.509490745819065,2.80643923078124,TRUE,FALSE
"Co",4964,TRUE,30.3085234093637,300.390997355125,0.503100668621844,2.77839117266362,TRUE,FALSE
"Co",4965,TRUE,30.1494597839136,323.618824974857,0.523479541040203,-1.89115319871311,TRUE,FALSE
"Co",4966,TRUE,30.2767106842737,285.573198710667,0.488884870018215,3.11941500531118,TRUE,FALSE
"Co",4967,TRUE,30.2767106842737,283.687201909769,0.488400890110604,2.988374717743,TRUE,FALSE
"Co",4968,TRUE,30.2130852340936,298.048988464911,0.500633197081167,-2.58840246421976,TRUE,FALSE
"Co",4969,TRUE,30.2767106842737,359.97655790614,0.552320257995844,-3.08909139455366,TRUE,TRUE
"Co",4970,TRUE,30.3403361344538,389.074995717496,0.577327370603468,2.41690835963675,TRUE,TRUE
"Co",4971,TRUE,30.3085234093637,327.120753685035,0.52568239691825,2.73779785217393,TRUE,FALSE
"Co",4972,TRUE,30.2448979591837,292.569428635315,0.495239922376397,-2.85833231742095,TRUE,FALSE
"Co",4973,TRUE,30.2767106842737,338.869834166834,0.536167746514058,3.04606662202764,TRUE,TRUE
"Co",4974,TRUE,30.4039615846339,336.801588668373,0.53331331737311,1.75438325510141,TRUE,TRUE
"Co",4975,TRUE,30.2448979591837,305.569490330155,0.507744865937634,-2.81690270557203,TRUE,FALSE
"Co",4976,TRUE,30.2130852340936,338.881831171082,0.537004076755354,-2.51719215442378,TRUE,TRUE
"Co",4977,TRUE,30.2448979591837,346.719551278091,0.540982962733656,-2.79226128041267,TRUE,TRUE
"Co",4978,TRUE,30.2130852340936,318.607505841913,0.518560332184657,-2.53014176476244,TRUE,FALSE
"Co",4979,TRUE,30.2130852340936,337.294640578499,0.534708904424587,-2.60581200601445,TRUE,TRUE
"Co",4980,TRUE,30.2767106842737,311.84046755552,0.513839635566812,3.09280203918645,TRUE,FALSE
"Co",4981,TRUE,30.1812725090036,357.078347676657,0.550341138196326,-2.15878031490467,TRUE,TRUE
"Co",4982,TRUE,30.1812725090036,304.476144225906,0.505699349082482,-2.23870777383287,TRUE,FALSE
"Co",4983,TRUE,30.3403361344538,361.919522488869,0.554764263133451,2.44907528659725,TRUE,TRUE
"Co",4984,TRUE,30.2130852340936,354.103467315513,0.549743600640731,-2.50788033708719,TRUE,TRUE
"Co",4985,TRUE,30.1176470588235,349.814773744621,0.545302956043252,-1.58606588980496,TRUE,TRUE
"Co",4986,TRUE,30.2130852340936,347.451629383608,0.542996657445507,-2.52988072424536,TRUE,TRUE
"Co",4987,TRUE,30.2130852340936,314.453023695278,0.515001823053206,-2.64801923200848,TRUE,FALSE
"Co",4988,TRUE,30.3085234093637,346.493134505003,0.542151607504562,2.84609133424229,TRUE,TRUE
"Co",4989,TRUE,30.2130852340936,346.352678891723,0.541423746984519,-2.47469736014901,TRUE,TRUE
"Co",4990,TRUE,30.2767106842737,325.751636363558,0.524624578664703,2.98510536114964,TRUE,FALSE
"Co",4991,TRUE,30.3403361344538,317.830716698548,0.51753087279911,2.50248697232153,TRUE,FALSE
"Co",4992,TRUE,30.2130852340936,364.230453048298,0.557109334586568,-2.59069378576056,TRUE,TRUE
"Co",4993,TRUE,30.2130852340936,339.693665460178,0.537404243365208,-2.62720066902575,TRUE,TRUE
"Co",4994,TRUE,30.2130852340936,350.423140517726,0.544310601948098,-2.48540095507319,TRUE,TRUE
"Co",4995,TRUE,30.2767106842737,340.66676007383,0.537139006627263,3.08935618499747,TRUE,TRUE
"Co",4996,TRUE,30.4357743097239,313.513081088772,0.512853064224702,1.5276413225393,TRUE,FALSE
"Co",4997,TRUE,30.2448979591837,311.764452558111,0.512790258678619,-2.84057627259924,TRUE,FALSE
"Co",4998,TRUE,30.3085234093637,293.047431674465,0.49600001711614,2.72155240981017,TRUE,FALSE
"Co",4999,TRUE,30.2130852340936,316.243978441532,0.517227279655975,-2.58965964911264,TRUE,FALSE
"Co",5000,TRUE,30.1176470588235,327.833119284242,0.527618972027871,-1.52036584601545,TRUE,TRUE
