"species","draw","statistic","empirical_p"
"Fe",1,11.9103063042035,0.162767446510698
"Fe",2,11.663612020265,0.180963807238552
"Fe",3,17.5032095448044,0.011997600479904
"Fe",4,9.88239686555451,0.34253149370126
"Fe",5,4.94924753744382,0.971005798840232
"Fe",6,14.6627089658963,0.0481903619276145
"Fe",7,10.5469467323452,0.27254549090182
"Fe",8,10.0590619302652,0.322735452909418
"Fe",9,8.56001370682156,0.523495300939812
"Fe",10,8.3854174782648,0.548290341931614
"Fe",11,17.7600184035232,0.0103979204159168
"Fe",12,9.50746954233477,0.386322735452909
"Fe",13,10.7853786471639,0.250349930013997
"Fe",14,8.49821084886833,0.531693661267746
"Fe",15,8.71268673084464,0.500499900019996
"Fe",16,5.56887961320555,0.929014197160568
"Fe",17,6.79606820117377,0.797840431913617
"Fe",18,12.4591845599985,0.126974605078984
"Fe",19,10.116391170419,0.315336932613477
"Fe",20,6.20400879068515,0.864627074585083
"Fe",21,11.0103387721901,0.231553689262148
"Fe",22,5.41514878403859,0.938612277544491
"Fe",23,4.83074279562479,0.977804439112178
"Fe",24,8.31360775711531,0.559088182363527
"Fe",25,11.0320803141066,0.22995400919816
"Fe",26,6.34252194490395,0.8500299940012
"Fe",27,12.8662359368859,0.106378724255149
"Fe",28,12.7677123945759,0.10997800439912
"Fe",29,11.8297880952107,0.166966606678664
"Fe",30,8.62638956316573,0.511897620475905
"Fe",31,9.82181137374729,0.347930413917217
"Fe",32,14.5072384975163,0.0517896420715857
"Fe",33,12.8273035609564,0.107378524295141
"Fe",34,7.16343826400563,0.740251949610078
"Fe",35,7.60542009542343,0.667866426714657
"Fe",36,7.21119545970967,0.732853429314137
"Fe",37,6.5208967182005,0.830233953209358
"Fe",38,7.60487970624911,0.668266346730654
"Fe",39,7.49109105960554,0.691861627674465
"Fe",40,12.45900650684,0.126974605078984
"Fe",41,6.70163816289616,0.809038192361528
"Fe",42,14.10871057949,0.0615876824635073
"Fe",43,5.81881689255553,0.90621875624875
"Fe",44,6.98768538974305,0.76744651069786
"Fe",45,11.7521390647464,0.173965206958608
"Fe",46,8.25674772345224,0.566886622675465
"Fe",47,10.2317363225507,0.304139172165567
"Fe",48,12.6219017164796,0.117176564687063
"Fe",49,8.4296101748595,0.541691661667666
"Fe",50,11.0203191520201,0.230953809238152
"Fe",51,8.45005799100684,0.538892221555689
"Fe",52,6.78853853272628,0.798840231953609
"Fe",53,6.54328731546349,0.82623475304939
"Fe",54,13.4367710359769,0.0869826034793041
"Fe",55,12.4710902275278,0.125974805038992
"Fe",56,8.5154537916936,0.530093981203759
"Fe",57,9.33894998741397,0.407118576284743
"Fe",58,12.9290105168709,0.102379524095181
"Fe",59,8.22309317658494,0.57128574285143
"Fe",60,7.6167233661962,0.665466906618676
"Fe",61,14.5506591460642,0.0505898820235953
"Fe",62,8.91652619455405,0.468906218756249
"Fe",63,7.85117455775341,0.629474105178964
"Fe",64,12.2610733951729,0.139772045590882
"Fe",65,13.0028562541872,0.0995800839832034
"Fe",66,5.86769471480108,0.903219356128774
"Fe",67,4.77039247991536,0.979604079184163
"Fe",68,6.42503896073114,0.84123175364927
"Fe",69,7.14278630145196,0.743051389722056
"Fe",70,10.4363182327812,0.282743451309738
"Fe",71,10.0456730467984,0.32373525294941
"Fe",72,15.8613935839851,0.0267946410717856
"Fe",73,7.01592350550055,0.763647270545891
"Fe",74,8.13655226548318,0.583283343331334
"Fe",75,7.62124560580756,0.664267146570686
"Fe",76,8.68288299088776,0.504699060187962
"Fe",77,8.2744782550227,0.564087182563487
"Fe",78,11.2923051047111,0.208958208358328
"Fe",79,8.0278195716527,0.598680263947211
"Fe",80,6.49494412334406,0.83243351329734
"Fe",81,11.6286814711512,0.183563287342531
"Fe",82,8.38755977535027,0.547890421915617
"Fe",83,7.43918340300168,0.697660467906419
"Fe",84,7.092070082058,0.751449710057988
"Fe",85,10.3585264385993,0.289142171565687
"Fe",86,9.60997074441792,0.374925014997001
"Fe",87,9.7840962254825,0.355728854229154
"Fe",88,5.40451090710698,0.94001199760048
"Fe",89,13.8096432971748,0.0727854429114177
"Fe",90,13.5692238575246,0.0805838832233553
"Fe",91,8.13969138623267,0.582683463307339
"Fe",92,15.6439243866435,0.028994201159768
"Fe",93,5.76812751035393,0.911417716456709
"Fe",94,7.80439563955886,0.638472305538892
"Fe",95,9.6478167351525,0.370525894821036
"Fe",96,14.3107579833413,0.0553889222155569
"Fe",97,6.94690702008646,0.774445110977804
"Fe",98,9.16549226782988,0.431913617276545
"Fe",99,8.04200592793541,0.596480703859228
"Fe",100,18.0436509750409,0.00959808038392321
"Fe",101,17.9955693650709,0.00959808038392321
"Fe",102,5.85020862788397,0.904419116176765
"Fe",103,7.38584731653393,0.70625874825035
"Fe",104,9.63151347017995,0.373125374925015
"Fe",105,7.36404224798736,0.708858228354329
"Fe",106,4.8746261795711,0.976404719056189
"Fe",107,9.79557227118173,0.352729454109178
"Fe",108,15.72033295933,0.027994401119776
"Fe",109,8.06940927622665,0.59248150369926
"Fe",110,9.54328185710006,0.382923415316937
"Fe",111,10.5658782933663,0.272145570885823
"Fe",112,12.9435362002714,0.101579684063187
"Fe",113,9.88898044035579,0.342131573685263
"Fe",114,5.76453890575766,0.911617676464707
"Fe",115,9.24025484521772,0.421715656868626
"Fe",116,7.84973434815407,0.629874025194961
"Fe",117,6.71944722517657,0.806638672265547
"Fe",118,5.40339137710873,0.940411917616477
"Fe",119,6.49638938365766,0.83243351329734
"Fe",120,8.52112862337356,0.52869426114777
"Fe",121,14.023804955873,0.0645870825834833
"Fe",122,9.34320637182452,0.406318736252749
"Fe",123,7.4345698564637,0.698660267946411
"Fe",124,9.22609293931964,0.423915216956609
"Fe",125,7.37425333568086,0.707858428314337
"Fe",126,6.05509062006465,0.884023195360928
"Fe",127,5.26341183651135,0.952009598080384
"Fe",128,13.67941464313,0.0759848030393921
"Fe",129,18.659985889806,0.00759848030393921
"Fe",130,12.1568029403475,0.147970405918816
"Fe",131,7.01168718772757,0.763847230553889
"Fe",132,7.61323036726085,0.666066786642671
"Fe",133,9.64418513329395,0.370925814837033
"Fe",134,10.026891940693,0.325534893021396
"Fe",135,4.90442182124622,0.974605078984203
"Fe",136,16.672927934116,0.0185962807438512
"Fe",137,10.1481490517936,0.313137372525495
"Fe",138,11.591751881235,0.185562887422516
"Fe",139,6.26648945150356,0.857828434313137
"Fe",140,10.7977392243743,0.248950209958008
"Fe",141,5.85095500331789,0.904419116176765
"Fe",142,7.06150570904293,0.756648670265947
"Fe",143,8.49830434962627,0.531693661267746
"Fe",144,12.3545996279777,0.133573285342931
"Fe",145,8.63884079486638,0.510697860427914
"Fe",146,9.06144962071113,0.446510697860428
"Fe",147,8.43713308174628,0.540491901619676
"Fe",148,8.30412695393417,0.560487902419516
"Fe",149,11.294656102648,0.208958208358328
"Fe",150,4.3946240225455,0.990401919616077
"Fe",151,8.66358870514819,0.506498700259948
"Fe",152,7.44634899108596,0.696660667866427
"Fe",153,8.1385835403114,0.582883423315337
"Fe",154,9.23324502888022,0.42251549690062
"Fe",155,10.5362180677868,0.273545290941812
"Fe",156,8.78102435068217,0.489702059588082
"Fe",157,11.4925302455302,0.194161167766447
"Fe",158,13.3864805807403,0.0881823635272945
"Fe",159,7.564953971964,0.676864627074585
"Fe",160,5.65588433265597,0.919216156768646
"Fe",161,12.2956920170205,0.137572485502899
"Fe",162,11.6389351796617,0.182963407318536
"Fe",163,13.1872055995877,0.0925814837032593
"Fe",164,5.87281363777547,0.902619476104779
"Fe",165,7.19133510334603,0.735252949410118
"Fe",166,8.65003953386613,0.509698060387922
"Fe",167,13.7196582197559,0.0743851229754049
"Fe",168,5.92880809671468,0.897820435912817
"Fe",169,9.70612551213218,0.364927014597081
"Fe",170,9.26860981476614,0.418516296740652
"Fe",171,4.64823533137623,0.984003199360128
"Fe",172,8.50666758025113,0.530493901219756
"Fe",173,9.59856615397686,0.376924615076985
"Fe",174,8.60892932714327,0.514297140571886
"Fe",175,14.543172933443,0.0507898420315937
"Fe",176,6.20658800663473,0.864427114577085
"Fe",177,10.5976094545364,0.26874625074985
"Fe",178,9.76860160073437,0.357328534293141
"Fe",179,8.44213909605349,0.539892021595681
"Fe",180,11.3970181704264,0.200759848030394
"Fe",181,13.7827620507842,0.0731853629274145
"Fe",182,12.5538517261708,0.121175764847031
"Fe",183,7.27342550320492,0.722255548890222
"Fe",184,10.4597567073432,0.280143971205759
"Fe",185,7.75227236319574,0.646070785842831
"Fe",186,10.3792060830362,0.287142571485703
"Fe",187,6.90532296341706,0.781443711257748
"Fe",188,7.25782920944371,0.7250549890022
"Fe",189,7.97205978582821,0.608878224355129
"Fe",190,9.12602145257048,0.438112377524495
"Fe",191,11.2728672378675,0.210757848430314
"Fe",192,13.0916744240239,0.0961807638472306
"Fe",193,6.05214205841142,0.884623075384923
"Fe",194,7.52863946343427,0.683663267346531
"Fe",195,13.0199215180538,0.0981803639272146
"Fe",196,6.85030444254582,0.789442111577685
"Fe",197,12.3895156789561,0.130573885222955
"Fe",198,9.23373889426713,0.42251549690062
"Fe",199,5.53121740012455,0.93121375724855
"Fe",200,8.52810866929084,0.527294541091782
"Fe",201,5.59213869337043,0.927814437112577
"Fe",202,6.71763219761908,0.806638672265547
"Fe",203,11.607161777106,0.184563087382523
"Fe",204,5.1526371878104,0.961607678464307
"Fe",205,11.083993892231,0.225154969006199
"Fe",206,6.68948420229444,0.810837832433513
"Fe",207,7.489132475932,0.692061587682464
"Fe",208,14.6059846566361,0.0493901219756049
"Fe",209,7.02669094866368,0.761047790441912
"Fe",210,11.8996558232388,0.163167366526695
"Fe",211,11.7677668253131,0.171965606878624
"Fe",212,8.95462420749021,0.463307338532294
"Fe",213,5.52912397386254,0.93121375724855
"Fe",214,11.349061214146,0.204759048190362
"Fe",215,12.0616669173647,0.153969206158768
"Fe",216,5.91106934318663,0.899620075984803
"Fe",217,8.85850961200944,0.47750449910018
"Fe",218,15.2633423515273,0.0333933213357329
"Fe",219,8.89867645706386,0.471705658868226
"Fe",220,14.247132197473,0.0573885222955409
"Fe",221,6.51667505326606,0.830433913217356
"Fe",222,7.63310377296099,0.6624675064987
"Fe",223,15.4920408690301,0.0307938412317536
"Fe",224,10.7662391589281,0.253349330133973
"Fe",225,3.44965920773701,0.999400119976005
"Fe",226,7.76885900772808,0.643671265746851
"Fe",227,8.38826902668069,0.547890421915617
"Fe",228,7.25692963032006,0.7250549890022
"Fe",229,8.51397269913812,0.530093981203759
"Fe",230,10.6542911146857,0.262347530493901
"Fe",231,11.9212381246847,0.161967606478704
"Fe",232,10.9879062420299,0.233553289342132
"Fe",233,6.00759162853279,0.89002199560088
"Fe",234,9.86172470914505,0.345330933813237
"Fe",235,11.5401335936055,0.189562087582483
"Fe",236,6.61740988303112,0.817636472705459
"Fe",237,7.88241555327988,0.623075384923015
"Fe",238,5.64000997562727,0.921815636872625
"Fe",239,9.47300087970359,0.390921815636873
"Fe",240,3.16054033995621,1
"Fe",241,6.3848932907031,0.844831033793241
"Fe",242,10.9366242137844,0.237952409518096
"Fe",243,11.5677739502887,0.187762447510498
"Fe",244,8.6145606227459,0.513497300539892
"Fe",245,13.4322989894809,0.0869826034793041
"Fe",246,7.61006005145143,0.666666666666667
"Fe",247,8.93024344804988,0.467306538692262
"Fe",248,4.43505590272784,0.989002199560088
"Fe",249,11.5636855367621,0.188162367526495
"Fe",250,9.65197587532188,0.370525894821036
"Fe",251,11.0903753262579,0.2249550089982
"Fe",252,7.75515672170383,0.645870825834833
"Fe",253,10.1861434694699,0.309138172365527
"Fe",254,8.51654428953663,0.529894021195761
"Fe",255,7.83094000023016,0.634273145370926
"Fe",256,9.32857259066472,0.408318336332733
"Fe",257,6.26819051224786,0.857228554289142
"Fe",258,11.3981843421966,0.200559888022396
"Fe",259,5.82761434943771,0.905618876224755
"Fe",260,8.85164361917401,0.478504299140172
"Fe",261,6.63568975729405,0.816036792641472
"Fe",262,8.68269537004227,0.504699060187962
"Fe",263,7.00699243849908,0.764047190561888
"Fe",264,12.1974818842804,0.143171365726855
"Fe",265,12.4763232999085,0.125974805038992
"Fe",266,9.77054053874789,0.356928614277145
"Fe",267,5.3978265657388,0.940411917616477
"Fe",268,12.4196856622883,0.12877424515097
"Fe",269,10.1689136046452,0.311137772445511
"Fe",270,11.1375087703088,0.221355728854229
"Fe",271,7.34153624314041,0.712057588482303
"Fe",272,5.87829819623107,0.902219556088782
"Fe",273,5.55590881206936,0.93001399720056
"Fe",274,7.42618477498638,0.699860027994401
"Fe",275,6.8249456373247,0.793841231753649
"Fe",276,9.01643997094126,0.453109378124375
"Fe",277,6.67019346403535,0.812437512497501
"Fe",278,6.54356118768155,0.82623475304939
"Fe",279,8.17355216464588,0.576484703059388
"Fe",280,5.35752170387153,0.944811037792441
"Fe",281,7.47345662097766,0.693261347730454
"Fe",282,10.4731165467225,0.278944211157768
"Fe",283,12.6695895237026,0.114777044591082
"Fe",284,8.48029864825699,0.534493101379724
"Fe",285,5.81818918060262,0.906418716256749
"Fe",286,15.8162460644652,0.026994601079784
"Fe",287,12.4590763860897,0.126974605078984
"Fe",288,13.0577488797616,0.0967806438712258
"Fe",289,7.08560437454352,0.753249350129974
"Fe",290,10.3787379208908,0.287142571485703
"Fe",291,6.71468835178919,0.807038592281544
"Fe",292,11.09649470956,0.224555088982204
"Fe",293,8.71858167475983,0.499300139972006
"Fe",294,4.81651160891911,0.978404319136173
"Fe",295,6.77921899119423,0.799640071985603
"Fe",296,8.40108251992393,0.547090581883623
"Fe",297,8.04118070242103,0.596480703859228
"Fe",298,7.36556814095812,0.708658268346331
"Fe",299,5.99372084486373,0.891421715656869
"Fe",300,8.29248055145757,0.562287542491502
"Fe",301,10.2602839339958,0.2999400119976
"Fe",302,8.05699452679099,0.594681063787243
"Fe",303,11.8801087040345,0.164367126574685
"Fe",304,7.64485725017403,0.660267946410718
"Fe",305,7.3997290718664,0.704859028194361
"Fe",306,5.72492166444439,0.91501699660068
"Fe",307,7.4496335861048,0.696060787842432
"Fe",308,11.1015505862483,0.224555088982204
"Fe",309,8.9158512021134,0.469106178764247
"Fe",310,10.2179695579514,0.305538892221556
"Fe",311,6.41114268710348,0.842431513697261
"Fe",312,9.44735436816245,0.393921215756849
"Fe",313,10.4614932796164,0.27994401119776
"Fe",314,16.2178626412345,0.0233953209358128
"Fe",315,8.86519438475472,0.476704659068186
"Fe",316,10.7742879825815,0.252349530093981
"Fe",317,7.77584894569267,0.642871425714857
"Fe",318,7.34065142961444,0.712257548490302
"Fe",319,13.3542358977554,0.0889822035592881
"Fe",320,17.2738033250484,0.0137972405518896
"Fe",321,9.44326365259863,0.394721055788842
"Fe",322,11.9847642792182,0.158568286342731
"Fe",323,6.53785140097983,0.827234553089382
"Fe",324,8.27524240971331,0.564087182563487
"Fe",325,7.88950225754124,0.622075584883023
"Fe",326,10.7786830133039,0.251349730053989
"Fe",327,7.2317027282345,0.729454109178164
"Fe",328,10.3865636337539,0.285942811437712
"Fe",329,13.9430649679322,0.0671865626874625
"Fe",330,8.74120346964044,0.496500699860028
"Fe",331,9.68614078334426,0.367326534693061
"Fe",332,6.01793114256998,0.888822235552889
"Fe",333,9.06306657793851,0.446110777844431
"Fe",334,6.60240828957717,0.819836032793441
"Fe",335,9.60119333747463,0.376724655068986
"Fe",336,11.8225049162048,0.168166366726655
"Fe",337,10.5851528331113,0.270145970805839
"Fe",338,11.5152962511597,0.190961807638472
"Fe",339,12.2926403469677,0.137572485502899
"Fe",340,8.79567167368648,0.487902419516097
"Fe",341,10.3412621247011,0.290341931613677
"Fe",342,9.10454796640772,0.441511697660468
"Fe",343,7.12954441994819,0.74505098980204
"Fe",344,13.3227894766352,0.0893821235752849
"Fe",345,11.1905800387758,0.21755648870226
"Fe",346,5.08048722011992,0.965606878624275
"Fe",347,11.3894092418992,0.201159768046391
"Fe",348,11.4168038682105,0.199560087982404
"Fe",349,8.79913240167042,0.4875024995001
"Fe",350,5.5668587086595,0.929214157168566
"Fe",351,11.2678877207793,0.210957808438312
"Fe",352,6.50056368504622,0.832033593281344
"Fe",353,14.5465578819721,0.0507898420315937
"Fe",354,7.1790108128159,0.736852629474105
"Fe",355,7.04591239794871,0.758248350329934
"Fe",356,6.98392896412957,0.76744651069786
"Fe",357,10.0838456858677,0.318136372725455
"Fe",358,12.1487393655587,0.148570285942811
"Fe",359,10.525832360925,0.274745050989802
"Fe",360,13.6073951183701,0.0789842031593681
"Fe",361,8.75664954539943,0.493301339732054
"Fe",362,7.78838510280477,0.639672065586883
"Fe",363,4.81559273961884,0.978404319136173
"Fe",364,6.97195447617702,0.769846030793841
"Fe",365,7.24472360894191,0.726454709058188
"Fe",366,8.09271090141675,0.589882023595281
"Fe",367,9.4624270087001,0.392721455708858
"Fe",368,9.17694217962969,0.430513897220556
"Fe",369,8.51774399040076,0.529494101179764
"Fe",370,9.5131038747115,0.385522895420916
"Fe",371,9.42037909340732,0.398120375924815
"Fe",372,4.50670576726567,0.987602479504099
"Fe",373,15.9140700458921,0.0263947210557888
"Fe",374,9.49562561700836,0.388122375524895
"Fe",375,9.85188995608326,0.346130773845231
"Fe",376,7.64901363550942,0.660067986402719
"Fe",377,7.5762437548384,0.675264947010598
"Fe",378,6.63483975294611,0.816036792641472
"Fe",379,7.83245530281508,0.633473305338932
"Fe",380,9.33390268566126,0.407718456308738
"Fe",381,9.20443611240026,0.426714657068586
"Fe",382,6.62390369715592,0.816836632673465
"Fe",383,11.4336242144953,0.198360327934413
"Fe",384,9.99738861709383,0.329134173165367
"Fe",385,7.75067375710699,0.646470705858828
"Fe",386,9.29234779557822,0.414317136572685
"Fe",387,12.2029735575478,0.142771445710858
"Fe",388,9.82093887583451,0.348130373925215
"Fe",389,12.0618731002859,0.153969206158768
"Fe",390,7.71013754615487,0.650469906018796
"Fe",391,8.35095464095747,0.554489102179564
"Fe",392,11.8820733368934,0.164367126574685
"Fe",393,11.7836687762353,0.170565886822635
"Fe",394,10.6626048172034,0.261547690461908
"Fe",395,7.82329073620664,0.635872825434913
"Fe",396,11.9007260737036,0.163167366526695
"Fe",397,11.005861821484,0.231753649270146
"Fe",398,5.60805073010818,0.926414717056589
"Fe",399,6.56050441532696,0.8250349930014
"Fe",400,6.50643836733911,0.831433713257348
"Fe",401,7.28626602136544,0.720255948810238
"Fe",402,17.0721222372801,0.015996800639872
"Fe",403,7.53642933938178,0.682063587282543
"Fe",404,7.72802877907833,0.648870225954809
"Fe",405,7.50117051974232,0.690261947610478
"Fe",406,11.1917050175257,0.21755648870226
"Fe",407,8.28231669466774,0.563287342531494
"Fe",408,8.56266132519482,0.522695460907818
"Fe",409,9.41070950271717,0.399720055988802
"Fe",410,11.7776640011309,0.171565686862627
"Fe",411,14.4817519292686,0.0521895620875825
"Fe",412,6.29859452836777,0.853829234153169
"Fe",413,9.81901015254888,0.348530293941212
"Fe",414,9.83537763903664,0.347130573885223
"Fe",415,4.81670154949595,0.978404319136173
"Fe",416,5.46824611126385,0.935412917416517
"Fe",417,8.9090577499145,0.470305938812238
"Fe",418,12.9383949070489,0.101779644071186
"Fe",419,10.5365263837111,0.273545290941812
"Fe",420,12.714911626504,0.112577484503099
"Fe",421,10.4375494036532,0.282743451309738
"Fe",422,8.26227721489639,0.565886822635473
"Fe",423,9.75268239377567,0.358528294341132
"Fe",424,14.8631481265854,0.0427914417116577
"Fe",425,6.90584475726541,0.781443711257748
"Fe",426,8.87527481575921,0.475104979004199
"Fe",427,10.2921761322802,0.295540891821636
"Fe",428,10.8757859559856,0.243551289742052
"Fe",429,5.22693167235187,0.956008798240352
"Fe",430,9.18685500941456,0.42871425714857
"Fe",431,10.5830310311254,0.270545890821836
"Fe",432,9.6828085794935,0.367926414717057
"Fe",433,6.93821312267247,0.776044791041792
"Fe",434,8.23673202943328,0.569086182763447
"Fe",435,10.9408723413271,0.236952609478104
"Fe",436,10.3983143215212,0.284743051389722
"Fe",437,6.57269834289858,0.823235352929414
"Fe",438,12.3553299718177,0.133373325334933
"Fe",439,12.3876557006085,0.131173765246951
"Fe",440,8.3875359685278,0.547890421915617
"Fe",441,9.74824121290433,0.35872825434913
"Fe",442,10.850993737243,0.24495100979804
"Fe",443,12.0510768069733,0.155168966206759
"Fe",444,9.27017661192869,0.418316336732653
"Fe",445,9.2070659937126,0.426514697060588
"Fe",446,11.6939446564965,0.17876424715057
"Fe",447,9.84944137524673,0.346130773845231
"Fe",448,16.2546605272129,0.0227954409118176
"Fe",449,6.36093222260288,0.847430513897221
"Fe",450,8.49788570162849,0.531893621275745
"Fe",451,9.10911168297784,0.44131173765247
"Fe",452,6.93275321109012,0.77744451109778
"Fe",453,7.960578680361,0.609478104379124
"Fe",454,13.4313271281522,0.0871825634873025
"Fe",455,7.15585322567199,0.741051789642072
"Fe",456,10.3705517463673,0.287942411517696
"Fe",457,14.2777370611875,0.0559888022395521
"Fe",458,7.02451721915571,0.76124775044991
"Fe",459,7.30150938052398,0.717656468706259
"Fe",460,11.4272424947271,0.19876024795041
"Fe",461,9.74291817225836,0.359328134373125
"Fe",462,10.7027358743912,0.257748450309938
"Fe",463,9.69141131472111,0.366926614677065
"Fe",464,7.22128941191266,0.730853829234153
"Fe",465,6.86268339894397,0.788042391521696
"Fe",466,6.83475579247892,0.79244151169766
"Fe",467,5.1101376750099,0.962807438512298
"Fe",468,11.057315113985,0.226954609078184
"Fe",469,14.029659511912,0.0643871225754849
"Fe",470,4.61744585612735,0.984403119376125
"Fe",471,8.41675420059207,0.543891221755649
"Fe",472,12.3206022856716,0.135572885422915
"Fe",473,8.58949092273312,0.516896620675865
"Fe",474,10.8124115585549,0.248150369926015
"Fe",475,16.4679031055584,0.0203959208158368
"Fe",476,8.04676982649542,0.596080783843231
"Fe",477,7.94825237661163,0.611077784443111
"Fe",478,8.84320611875316,0.479704059188162
"Fe",479,4.88712686417003,0.975804839032194
"Fe",480,9.50954685642782,0.386322735452909
"Fe",481,6.91974379830867,0.779044191161768
"Fe",482,8.16459361170848,0.577884423115377
"Fe",483,11.8944972311707,0.163567286542691
"Fe",484,13.1231966244874,0.0945810837832434
"Fe",485,5.16246281278757,0.961007798440312
"Fe",486,16.5299034032068,0.0197960407918416
"Fe",487,4.99960492805465,0.96880623875225
"Fe",488,5.77686499419642,0.910617876424715
"Fe",489,4.54142726704578,0.98620275944811
"Fe",490,10.5413784508647,0.272745450909818
"Fe",491,8.25489501607825,0.566886622675465
"Fe",492,12.999762456757,0.0995800839832034
"Fe",493,8.01451811864519,0.601079784043191
"Fe",494,7.2051267219594,0.734053189362128
"Fe",495,11.5528216436416,0.188962207558488
"Fe",496,19.3564507162469,0.00519896020795841
"Fe",497,7.08964703583695,0.751849630073985
"Fe",498,8.58355095787013,0.517696460707858
"Fe",499,6.28052401889585,0.855828834233153
"Fe",500,5.96245260190329,0.893821235752849
"Fe",501,9.85967730961076,0.345330933813237
"Fe",502,7.96329370981206,0.609478104379124
"Fe",503,12.0642158456159,0.15376924615077
"Fe",504,7.28810206219524,0.720255948810238
"Fe",505,20.289030171786,0.00379924015196961
"Fe",506,4.54506550372901,0.986002799440112
"Fe",507,10.1097628217705,0.315536892621476
"Fe",508,5.37432600275983,0.943011397720456
"Fe",509,4.51059612927318,0.987402519496101
"Fe",510,8.48796630649576,0.53369326134773
"Fe",511,6.63044181327396,0.816436712657469
"Fe",512,11.3507322658321,0.204359128174365
"Fe",513,5.10089399079396,0.963207358528294
"Fe",514,4.81672873235459,0.978404319136173
"Fe",515,9.39821827507492,0.400119976004799
"Fe",516,5.82193143185262,0.906018796240752
"Fe",517,8.67334950191611,0.505298940211958
"Fe",518,13.050741244333,0.0969806038792242
"Fe",519,4.95968063788155,0.970405918816237
"Fe",520,8.59814423903327,0.51629674065187
"Fe",521,8.53925874624758,0.525894821035793
"Fe",522,9.06063546577961,0.446510697860428
"Fe",523,11.2020536183672,0.217156568686263
"Fe",524,9.23473413866085,0.422115576884623
"Fe",525,6.79963372047996,0.79744051189762
"Fe",526,7.78751105751672,0.639872025594881
"Fe",527,5.56979079698635,0.929014197160568
"Fe",528,8.34232947551135,0.55628874225155
"Fe",529,15.131569293557,0.0363927214557089
"Fe",530,9.86915330036899,0.344531093781244
"Fe",531,6.5628891321752,0.824835032993401
"Fe",532,6.92290034257908,0.778644271145771
"Fe",533,14.7184562994486,0.0463907218556289
"Fe",534,6.51513319574423,0.830633873225355
"Fe",535,9.31295138763343,0.410117976404719
"Fe",536,10.3127825212424,0.293141371725655
"Fe",537,9.56673867062443,0.381323735252949
"Fe",538,10.5248017354385,0.274745050989802
"Fe",539,8.85092689076617,0.478504299140172
"Fe",540,12.5623410996259,0.120575884823035
"Fe",541,6.8846868425474,0.78504299140172
"Fe",542,7.38478097757363,0.70625874825035
"Fe",543,5.28340076636738,0.950409918016397
"Fe",544,8.37014051136742,0.551889622075585
"Fe",545,10.4078424873045,0.284543091381724
"Fe",546,11.2010302189609,0.217156568686263
"Fe",547,5.92011641428854,0.899020195960808
"Fe",548,8.1884465040466,0.575084983003399
"Fe",549,11.9528771793624,0.15996800639872
"Fe",550,7.99489309293514,0.605878824235153
"Fe",551,7.64905453380103,0.660067986402719
"Fe",552,8.62656372865717,0.511897620475905
"Fe",553,12.2464663247987,0.140571885622875
"Fe",554,6.28925149959042,0.854829034193161
"Fe",555,11.4497977507245,0.196960607878424
"Fe",556,15.3073062322329,0.0331933613277345
"Fe",557,11.7612551647889,0.173165366926615
"Fe",558,7.69710615308961,0.652269546090782
"Fe",559,9.17174834500096,0.43131373725255
"Fe",560,7.92282358886374,0.615276944611078
"Fe",561,8.13800612731251,0.583083383323335
"Fe",562,11.5159014487429,0.190961807638472
"Fe",563,5.50540843330914,0.932613477304539
"Fe",564,11.8347765411722,0.166766646670666
"Fe",565,9.1931071997677,0.427714457108578
"Fe",566,6.50705405733063,0.831433713257348
"Fe",567,9.4924300370084,0.388922215556889
"Fe",568,7.34823597693267,0.711457708458308
"Fe",569,7.83678097472415,0.632673465306939
"Fe",570,11.2271407951304,0.214157168566287
"Fe",571,8.69201189732908,0.502899420115977
"Fe",572,7.17034868909414,0.738652269546091
"Fe",573,9.633924679085,0.372925414917017
"Fe",574,12.014356587076,0.157368526294741
"Fe",575,3.74310371528966,0.998200359928014
"Fe",576,8.39442057273445,0.54749050189962
"Fe",577,10.2184232732828,0.305338932213557
"Fe",578,7.63708178217516,0.662067586482703
"Fe",579,6.96878700487662,0.770245950809838
"Fe",580,7.32414319247866,0.714057188562288
"Fe",581,11.068784695987,0.226154769046191
"Fe",582,17.7565672440998,0.0103979204159168
"Fe",583,7.86320945052591,0.626674665066987
"Fe",584,9.7815078917283,0.355728854229154
"Fe",585,14.8953924420775,0.0423915216956609
"Fe",586,7.60764171635196,0.667266546690662
"Fe",587,15.1134860925583,0.0367926414717057
"Fe",588,11.4117436025801,0.200159968006399
"Fe",589,10.1954935653779,0.307938412317536
"Fe",590,17.7403986378729,0.0105978804239152
"Fe",591,12.4538277259699,0.127374525094981
"Fe",592,13.6772183276856,0.0759848030393921
"Fe",593,6.18341129841323,0.869026194761048
"Fe",594,11.2003829884043,0.217356528694261
"Fe",595,7.9393062651622,0.612677464507099
"Fe",596,7.96681790895275,0.609078184363127
"Fe",597,10.6419830950544,0.264347130573885
"Fe",598,10.70595041974,0.257348530293941
"Fe",599,5.58183617106819,0.928614277144571
"Fe",600,7.91191749306017,0.618676264747051
"Fe",601,10.0764621640227,0.319336132773445
"Fe",602,10.3535373888548,0.289342131573685
"Fe",603,5.53771711299663,0.931013797240552
"Fe",604,8.75455669728373,0.49370125974805
"Fe",605,5.38984974047816,0.941811637672465
"Fe",606,5.85426732882318,0.904219156168766
"Fe",607,11.6770634746232,0.17996400719856
"Fe",608,7.98498493035007,0.607278544291142
"Fe",609,13.5790751548491,0.0799840031993601
"Fe",610,10.8744273937029,0.243951209758048
"Fe",611,8.84954025565318,0.47870425914817
"Fe",612,8.90609315416106,0.470905818836233
"Fe",613,13.2091153147035,0.0921815636872625
"Fe",614,12.1659350651626,0.146970605878824
"Fe",615,6.12222043492741,0.875424915016997
"Fe",616,13.5182028551791,0.0837832433513297
"Fe",617,9.49128739126816,0.388922215556889
"Fe",618,12.6059766220143,0.117976404719056
"Fe",619,11.3114840721461,0.208158368326335
"Fe",620,9.83119106631642,0.347330533893221
"Fe",621,6.90763831636482,0.781443711257748
"Fe",622,9.93661659868246,0.336932613477305
"Fe",623,9.04128591034112,0.448510297940412
"Fe",624,7.43114482037001,0.699060187962408
"Fe",625,5.49531899460825,0.933013397320536
"Fe",626,12.5210556571926,0.122775444911018
"Fe",627,6.77043613595194,0.800839832033593
"Fe",628,9.08454020812778,0.443511297740452
"Fe",629,6.40401462615273,0.843031393721256
"Fe",630,7.1624710362797,0.740251949610078
"Fe",631,7.72137005907271,0.649870025994801
"Fe",632,10.5201587137137,0.275544891021796
"Fe",633,13.1829843437754,0.0925814837032593
"Fe",634,13.5749196801472,0.0801839632073585
"Fe",635,8.25014525983195,0.567686462707458
"Fe",636,19.495202931822,0.00499900019996001
"Fe",637,10.2635788292692,0.299740051989602
"Fe",638,5.2215731385169,0.95620875824835
"Fe",639,6.06491474350837,0.882223555288942
"Fe",640,10.7273985861902,0.255948810237952
"Fe",641,6.1877516065139,0.868226354729054
"Fe",642,7.3020244337722,0.71745650869826
"Fe",643,15.0045293167625,0.0401919616076785
"Fe",644,8.05541860169168,0.595080983803239
"Fe",645,9.97158388770094,0.332333533293341
"Fe",646,13.3937583665499,0.0877824435112977
"Fe",647,9.39183228685741,0.400919816036793
"Fe",648,5.87266044771582,0.902619476104779
"Fe",649,7.84002089068949,0.632073585282943
"Fe",650,8.78026277297545,0.489902019596081
"Fe",651,6.78767675814444,0.798840231953609
"Fe",652,7.84362801112937,0.63127374525095
"Fe",653,13.9307275611255,0.0675864827034593
"Fe",654,8.04905537511277,0.595480903819236
"Fe",655,5.96941496689467,0.893021395720856
"Fe",656,10.008855978413,0.32753449310138
"Fe",657,8.61101979538768,0.514297140571886
"Fe",658,7.88207245604195,0.623075384923015
"Fe",659,10.8354241753588,0.246350729854029
"Fe",660,10.3494829253466,0.289742051589682
"Fe",661,9.44460218256745,0.394321135772845
"Fe",662,8.71602233499993,0.499700059988002
"Fe",663,11.6757199164011,0.180163967206559
"Fe",664,10.6056638862916,0.268146370725855
"Fe",665,7.90661566018446,0.619076184763047
"Fe",666,8.41759054937145,0.543891221755649
"Fe",667,7.78111648137326,0.641071785642871
"Fe",668,9.09025406664992,0.442311537692462
"Fe",669,10.2778910344859,0.296940611877624
"Fe",670,8.92634996846635,0.468506298740252
"Fe",671,10.3052598106006,0.29374125174965
"Fe",672,11.6834626457651,0.179164167166567
"Fe",673,6.44232282930821,0.838232353529294
"Fe",674,13.9913523486322,0.0659868026394721
"Fe",675,8.00776976593966,0.602679464107179
"Fe",676,7.22018443316156,0.731453709258148
"Fe",677,8.28913497576355,0.5624875024995
"Fe",678,16.4564279379701,0.0203959208158368
"Fe",679,9.57480798354442,0.380123975204959
"Fe",680,7.73436358016134,0.648270345930814
"Fe",681,11.0522926684942,0.227954409118176
"Fe",682,8.41822519853412,0.54369126174765
"Fe",683,7.49656752382512,0.690661867626475
"Fe",684,4.51739290248122,0.986802639472106
"Fe",685,11.465269975934,0.19496100779844
"Fe",686,6.55672580327683,0.825634873025395
"Fe",687,8.76174792461336,0.493101379724055
"Fe",688,9.07253193271458,0.445110977804439
"Fe",689,10.734398111561,0.255348930213957
"Fe",690,17.0545611664534,0.015996800639872
"Fe",691,11.2213053815477,0.214557088582284
"Fe",692,8.50917774473464,0.530293941211758
"Fe",693,5.97099021859836,0.892821435712857
"Fe",694,8.01315775829929,0.601479704059188
"Fe",695,6.85806288205188,0.788642271545691
"Fe",696,11.3530962177584,0.204159168166367
"Fe",697,7.65141180237012,0.659868026394721
"Fe",698,7.86240093497449,0.627074585082983
"Fe",699,8.99200338086536,0.456508698260348
"Fe",700,7.57019829566761,0.67626474705059
"Fe",701,11.308005799116,0.208358328334333
"Fe",702,6.88561020703716,0.78504299140172
"Fe",703,8.20576162956556,0.57248550289942
"Fe",704,8.54081838206326,0.525694861027794
"Fe",705,6.13851979347103,0.873825234953009
"Fe",706,10.7522218121929,0.253949210157968
"Fe",707,6.37611965435667,0.845430913817237
"Fe",708,12.3556499861093,0.133373325334933
"Fe",709,5.75659500773764,0.912217556488702
"Fe",710,9.0042399039886,0.454509098180364
"Fe",711,8.7099582004787,0.500699860027994
"Fe",712,13.5420242865818,0.0819836032793441
"Fe",713,7.69967819675315,0.651669666066787
"Fe",714,6.60704116668646,0.819636072785443
"Fe",715,10.0781814644128,0.318936212757448
"Fe",716,5.8694295805395,0.903019396120776
"Fe",717,10.7534195057722,0.253949210157968
"Fe",718,9.47854675661262,0.390321935612877
"Fe",719,10.740034808653,0.255148970205959
"Fe",720,10.436559838583,0.282743451309738
"Fe",721,7.44856327519665,0.69626074785043
"Fe",722,13.1379429065274,0.0939812037592481
"Fe",723,5.21311211379896,0.956608678264347
"Fe",724,10.5711042323917,0.271345730853829
"Fe",725,10.8609809252467,0.244351129774045
"Fe",726,5.62075041092427,0.924215156968606
"Fe",727,7.87215273102578,0.624875024995001
"Fe",728,12.9255724803545,0.102579484103179
"Fe",729,8.08487494424759,0.590681863627275
"Fe",730,6.20829367540938,0.864027194561088
"Fe",731,10.1309403312395,0.314537092581484
"Fe",732,8.64532390621025,0.510297940411918
"Fe",733,5.79972003459653,0.908618276344731
"Fe",734,11.9432521008293,0.160167966406719
"Fe",735,11.7406013954456,0.174765046990602
"Fe",736,9.00055330569293,0.455308938212358
"Fe",737,7.32412337757989,0.714057188562288
"Fe",738,8.84733686979084,0.479104179164167
"Fe",739,10.1014159589877,0.316536692661468
"Fe",740,8.25562845558289,0.566886622675465
"Fe",741,7.63545271094304,0.6624675064987
"Fe",742,7.39610782678773,0.705458908218356
"Fe",743,5.18512192602205,0.959208158368326
"Fe",744,12.035925818119,0.155968806238752
"Fe",745,5.5249968405755,0.931613677264547
"Fe",746,8.52216883277495,0.528494301139772
"Fe",747,7.17315388941913,0.737652469506099
"Fe",748,10.0058418101339,0.327934413117377
"Fe",749,7.00563026356559,0.764247150569886
"Fe",750,6.82520385763215,0.793641271745651
"Fe",751,8.6656433763699,0.506498700259948
"Fe",752,9.92036450537827,0.338932213557289
"Fe",753,7.8106913576942,0.637872425514897
"Fe",754,12.2554538018451,0.140171965606879
"Fe",755,18.9767360657572,0.00679864027194561
"Fe",756,9.71034422912302,0.36372725454909
"Fe",757,6.37527452343497,0.845430913817237
"Fe",758,6.19278524991211,0.867226554689062
"Fe",759,8.9903552579449,0.456708658268346
"Fe",760,9.04216138236356,0.448510297940412
"Fe",761,12.5829873586188,0.118976204759048
"Fe",762,5.56354332491429,0.929614077184563
"Fe",763,7.39320519321075,0.705858828234353
"Fe",764,6.00850916565048,0.89002199560088
"Fe",765,8.02096160227711,0.599680063987203
"Fe",766,7.40170297208894,0.704659068186363
"Fe",767,5.95055214405062,0.895420915816837
"Fe",768,8.79958428115191,0.4875024995001
"Fe",769,7.69777625389918,0.652269546090782
"Fe",770,4.19977760725041,0.993401319736053
"Fe",771,11.9890969455845,0.158568286342731
"Fe",772,13.0284884753536,0.0979804039192162
"Fe",773,7.77376208121771,0.643471305738852
"Fe",774,10.8041431724433,0.248950209958008
"Fe",775,8.66013111359428,0.507098580283943
"Fe",776,8.07786596292692,0.591481703659268
"Fe",777,18.3656429251527,0.00819836032793441
"Fe",778,8.47137466576334,0.535892821435713
"Fe",779,10.0879100676068,0.317936412717456
"Fe",780,11.5408719064191,0.189562087582483
"Fe",781,6.84757147719972,0.789642071585683
"Fe",782,7.18259563916928,0.736452709458108
"Fe",783,10.890077711254,0.242151569686063
"Fe",784,11.5090888351246,0.191161767646471
"Fe",785,5.30544488769317,0.948610277944411
"Fe",786,10.3859359372328,0.285942811437712
"Fe",787,8.9650784724835,0.460907818436313
"Fe",788,4.50600106773666,0.987802439512098
"Fe",789,8.09485559005617,0.589682063587283
"Fe",790,9.44103327822722,0.395120975804839
"Fe",791,8.29753588423185,0.561087782443511
"Fe",792,10.2088488647004,0.306338732253549
"Fe",793,10.1495665711174,0.312937412517497
"Fe",794,7.99463225670263,0.605878824235153
"Fe",795,8.23685935693092,0.569086182763447
"Fe",796,7.62490298652705,0.663467306538692
"Fe",797,14.8824564980503,0.0423915216956609
"Fe",798,10.2340254815377,0.303939212157568
"Fe",799,11.900667201714,0.163167366526695
"Fe",800,5.95153216150754,0.895220955808838
"Fe",801,12.8278957112431,0.107378524295141
"Fe",802,10.2236223874591,0.304739052189562
"Fe",803,10.6324341450708,0.265546890621876
"Fe",804,8.82487911207568,0.482903419316137
"Fe",805,7.01597585963577,0.763647270545891
"Fe",806,8.08645727699064,0.590281943611278
"Fe",807,7.12745388556101,0.745250949810038
"Fe",808,11.7981174714137,0.169766046790642
"Fe",809,6.09699523732237,0.879024195160968
"Fe",810,8.73912039319805,0.496900619876025
"Fe",811,9.57169973072425,0.380523895220956
"Fe",812,7.77558694013229,0.643071385722855
"Fe",813,6.80857529967597,0.796040791841632
"Fe",814,6.29634725130521,0.854029194161168
"Fe",815,8.8067673109106,0.486102779444111
"Fe",816,9.68218447313328,0.367926414717057
"Fe",817,9.37269179667683,0.401919616076785
"Fe",818,8.49242163271308,0.532893421315737
"Fe",819,10.0444664203982,0.323935212957409
"Fe",820,10.4072917269801,0.284543091381724
"Fe",821,6.85113220832014,0.789042191561688
"Fe",822,9.6274429149918,0.373525294941012
"Fe",823,7.5589631442019,0.678664267146571
"Fe",824,10.8690739971462,0.243951209758048
"Fe",825,7.24060186012983,0.727654469106179
"Fe",826,8.0485628485315,0.595480903819236
"Fe",827,6.4777895574654,0.834633073385323
"Fe",828,7.08021088159487,0.753649270145971
"Fe",829,13.247990280161,0.0913817236552689
"Fe",830,13.1621949963042,0.0931813637272546
"Fe",831,18.7299746905685,0.00759848030393921
"Fe",832,6.71215085346718,0.807638472305539
"Fe",833,6.16337455482278,0.871425714857029
"Fe",834,7.72148074161643,0.649870025994801
"Fe",835,6.76605692087729,0.801439712057588
"Fe",836,8.72663846891481,0.49870025994801
"Fe",837,13.3848447781542,0.0883823235352929
"Fe",838,7.48947130278779,0.692061587682464
"Fe",839,8.00705001259999,0.602679464107179
"Fe",840,8.49958013268778,0.531093781243751
"Fe",841,6.62795124397428,0.816836632673465
"Fe",842,6.49583973778593,0.83243351329734
"Fe",843,10.9359624605978,0.238152369526095
"Fe",844,16.8219908549355,0.0171965606878624
"Fe",845,10.5759447207185,0.270945810837832
"Fe",846,5.25475391490346,0.953009398120376
"Fe",847,10.9539807432854,0.236552689462108
"Fe",848,7.48314952226869,0.69246150769846
"Fe",849,7.89880748328986,0.620275944811038
"Fe",850,11.9132917327701,0.162567486502699
"Fe",851,8.20391260723926,0.573085382923415
"Fe",852,10.5234599480475,0.2749450109978
"Fe",853,8.77529899471583,0.490901819636073
"Fe",854,6.86585330295335,0.787442511497701
"Fe",855,8.96445782271215,0.461107778444311
"Fe",856,16.9723068876702,0.0163967206558688
"Fe",857,9.92273441582753,0.338532293541292
"Fe",858,8.93434273240871,0.467106578684263
"Fe",859,5.86645362596158,0.903219356128774
"Fe",860,9.53024961929856,0.383923215356929
"Fe",861,8.74162889193013,0.496500699860028
"Fe",862,10.7506505060295,0.254149170165967
"Fe",863,12.6140650179508,0.117776444711058
"Fe",864,12.5322705116392,0.122775444911018
"Fe",865,11.0675359800676,0.226154769046191
"Fe",866,12.3322170286311,0.13497300539892
"Fe",867,7.13577647851801,0.743451309738052
"Fe",868,7.45167700687441,0.695660867826435
"Fe",869,10.8129649150994,0.248150369926015
"Fe",870,8.97689742690605,0.458908218356329
"Fe",871,5.13032614104455,0.962207558488302
"Fe",872,11.6138802741878,0.184363127374525
"Fe",873,8.75604646247797,0.493501299740052
"Fe",874,7.52021625370099,0.685262947410518
"Fe",875,9.00576865726339,0.454509098180364
"Fe",876,9.46144272516403,0.392721455708858
"Fe",877,8.08926127029497,0.590081983603279
"Fe",878,10.7110439651869,0.256948610277944
"Fe",879,17.1081100851484,0.0155968806238752
"Fe",880,10.3513956745343,0.289342131573685
"Fe",881,4.88865576184915,0.975404919016197
"Fe",882,14.4535629860843,0.0531893621275745
"Fe",883,5.83286348067911,0.905218956208758
"Fe",884,9.45694442304955,0.393121375724855
"Fe",885,5.84595901940452,0.904819036192761
"Fe",886,11.357805777319,0.20375924815037
"Fe",887,6.06597023824864,0.882023595280944
"Fe",888,9.74613771398776,0.35872825434913
"Fe",889,8.0304487925177,0.598680263947211
"Fe",890,9.01402029791365,0.453509298140372
"Fe",891,7.4339259989122,0.698660267946411
"Fe",892,5.6184968535147,0.924215156968606
"Fe",893,10.4074287958953,0.284543091381724
"Fe",894,10.5817895072418,0.270745850829834
"Fe",895,12.3065256201134,0.137372525494901
"Fe",896,11.7469947206881,0.174565086982603
"Fe",897,18.5967592565131,0.00759848030393921
"Fe",898,11.3875648525769,0.201359728054389
"Fe",899,10.4996372404716,0.27754449110178
"Fe",900,9.88054516311198,0.342731453709258
"Fe",901,12.371846510263,0.131973605278944
"Fe",902,8.76697495054148,0.492301539692062
"Fe",903,19.9806021827258,0.00419916016796641
"Fe",904,11.4062797642279,0.200559888022396
"Fe",905,7.85940360301936,0.627674465106979
"Fe",906,5.34085176389621,0.945610877824435
"Fe",907,6.69867764960536,0.81003799240152
"Fe",908,9.87339992924936,0.34373125374925
"Fe",909,9.598122317639,0.376924615076985
"Fe",910,12.8178768504057,0.107778444311138
"Fe",911,10.0898117349391,0.31753649270146
"Fe",912,11.3119848141181,0.208158368326335
"Fe",913,9.10698136551287,0.441511697660468
"Fe",914,13.8441771833102,0.0715856828634273
"Fe",915,9.60778263364355,0.375124975004999
"Fe",916,7.42895566775164,0.699460107978404
"Fe",917,7.60362004290795,0.668666266746651
"Fe",918,8.6357153984676,0.510897820435913
"Fe",919,5.54480098261514,0.930413917216557
"Fe",920,9.35394810178283,0.404919016196761
"Fe",921,7.76517742526559,0.644671065786843
"Fe",922,13.8814902215651,0.0697860427914417
"Fe",923,11.6546133043712,0.182163567286543
"Fe",924,10.7800282017188,0.250749850029994
"Fe",925,8.30362224302033,0.560487902419516
"Fe",926,7.50565515978948,0.689062187562487
"Fe",927,8.8323739333849,0.481703659268146
"Fe",928,11.5449342601541,0.189162167566487
"Fe",929,9.72133360130636,0.362327534493101
"Fe",930,6.62664688030384,0.816836632673465
"Fe",931,11.2159531547041,0.21495700859828
"Fe",932,10.590806262042,0.26994601079784
"Fe",933,8.78092706843847,0.489702059588082
"Fe",934,5.8997024619365,0.900819836032793
"Fe",935,5.18626399443797,0.959208158368326
"Fe",936,6.72071179828157,0.806638672265547
"Fe",937,8.00473271912958,0.603279344131174
"Fe",938,5.55247260263252,0.930413917216557
"Fe",939,6.62951724326464,0.816636672665467
"Fe",940,5.98948903061927,0.891821635672865
"Fe",941,10.2170437773287,0.305538892221556
"Fe",942,14.2218508282053,0.0577884423115377
"Fe",943,9.07743192052936,0.444711057788442
"Fe",944,8.3714529945392,0.55128974205159
"Fe",945,11.3529872845304,0.204159168166367
"Fe",946,9.06464520699166,0.445710857828434
"Fe",947,6.02452167545718,0.887822435512897
"Fe",948,5.8499820420798,0.904419116176765
"Fe",949,10.2799687628845,0.296940611877624
"Fe",950,14.8810078224219,0.0423915216956609
"Fe",951,11.4662208975333,0.19496100779844
"Fe",952,9.10873680024235,0.44131173765247
"Fe",953,7.87510426402753,0.624875024995001
"Fe",954,8.94744936853266,0.464707058588282
"Fe",955,9.31307234008236,0.409918016396721
"Fe",956,11.4394490860194,0.198160367926415
"Fe",957,9.00738172855867,0.454309138172366
"Fe",958,12.1389124064575,0.148570285942811
"Fe",959,8.70403618360851,0.501499700059988
"Fe",960,7.0572112301349,0.757248550289942
"Fe",961,6.86968620301593,0.786842631473705
"Fe",962,6.82428585449586,0.794041191761648
"Fe",963,11.2056065968588,0.216756648670266
"Fe",964,11.8786789783557,0.164367126574685
"Fe",965,8.10976690437386,0.588082383523295
"Fe",966,14.6780261511043,0.0477904419116177
"Fe",967,10.2161214208461,0.305738852229554
"Fe",968,5.28198505547908,0.950409918016397
"Fe",969,5.96702843729656,0.893421315736853
"Fe",970,7.29342351938504,0.719056188762248
"Fe",971,7.51922084711586,0.685462907418516
"Fe",972,10.3134068195445,0.293141371725655
"Fe",973,8.33004554105315,0.557088582283543
"Fe",974,8.2694177591392,0.565086982603479
"Fe",975,13.3455553925057,0.0891821635672865
"Fe",976,8.2707644120625,0.564687062587482
"Fe",977,6.13530080209466,0.874225154969006
"Fe",978,5.87043275211482,0.903019396120776
"Fe",979,9.33262372915169,0.407718456308738
"Fe",980,5.23332594758406,0.955808838232354
"Fe",981,12.4084864119273,0.129174165166967
"Fe",982,6.95598635274871,0.772845430913817
"Fe",983,7.81086607996991,0.637872425514897
"Fe",984,9.78265553820086,0.355728854229154
"Fe",985,11.9415641323689,0.160167966406719
"Fe",986,8.99502813462965,0.456108778244351
"Fe",987,8.5411179407339,0.525694861027794
"Fe",988,15.4833115096694,0.0311937612477504
"Fe",989,9.13062686359456,0.437312537492501
"Fe",990,10.5599460720035,0.272145570885823
"Fe",991,15.4575705187521,0.0317936412717457
"Fe",992,9.08433944884425,0.443511297740452
"Fe",993,9.85049069037566,0.346130773845231
"Fe",994,8.24099320817103,0.568286342731454
"Fe",995,8.27147002449547,0.564687062587482
"Fe",996,11.5098278268004,0.191161767646471
"Fe",997,5.74774661867494,0.913017396520696
"Fe",998,11.8935528575349,0.163567286542691
"Fe",999,8.57720890529956,0.519296140771846
"Fe",1000,5.832184048719,0.905418916216757
"Fe",1001,6.17357093481678,0.870225954809038
"Fe",1002,12.7605651537632,0.110177964407119
"Fe",1003,5.20055596678088,0.957208558288342
"Fe",1004,9.35591569846497,0.404519096180764
"Fe",1005,9.76408639666644,0.35752849430114
"Fe",1006,8.15427637135275,0.580483903219356
"Fe",1007,8.86591098462773,0.476504699060188
"Fe",1008,7.00486177649523,0.764447110577884
"Fe",1009,9.30363139754886,0.411717656468706
"Fe",1010,7.4505530626912,0.695860827834433
"Fe",1011,10.8490791211956,0.245150969806039
"Fe",1012,6.41310133777552,0.842231553689262
"Fe",1013,8.64491806487595,0.510297940411918
"Fe",1014,9.14873308361837,0.435112977404519
"Fe",1015,13.1379490612847,0.0939812037592481
"Fe",1016,5.2814625554724,0.950409918016397
"Fe",1017,6.15988175706875,0.871825634873025
"Fe",1018,6.13068127479247,0.874625074985003
"Fe",1019,4.70365890750179,0.982403519296141
"Fe",1020,7.56239715281521,0.677264547090582
"Fe",1021,8.29106321435725,0.562287542491502
"Fe",1022,13.3452965657801,0.0891821635672865
"Fe",1023,6.64390737534853,0.815436912617477
"Fe",1024,11.3850080611111,0.201559688062388
"Fe",1025,6.5637416330851,0.824635072985403
"Fe",1026,6.26995174263359,0.856828634273145
"Fe",1027,10.7450164609424,0.254349130173965
"Fe",1028,10.7980359188507,0.248950209958008
"Fe",1029,16.208669648891,0.0233953209358128
"Fe",1030,9.58443652520683,0.37872425514897
"Fe",1031,8.80094608485032,0.4875024995001
"Fe",1032,7.41927886707825,0.701459708058388
"Fe",1033,8.73067932009377,0.497900419916017
"Fe",1034,8.88770576241905,0.472905418916217
"Fe",1035,7.70770348495185,0.650669866026795
"Fe",1036,6.63950936028584,0.815636872625475
"Fe",1037,7.70016120031593,0.651469706058788
"Fe",1038,6.47312286846929,0.835632873425315
"Fe",1039,9.66517612003338,0.369326134773045
"Fe",1040,9.45890609844537,0.392921415716857
"Fe",1041,7.75231753694683,0.646070785842831
"Fe",1042,16.8935537305471,0.016996600679864
"Fe",1043,5.46513044011184,0.935812837432514
"Fe",1044,6.41285083164428,0.842231553689262
"Fe",1045,8.82007469240861,0.484503099380124
"Fe",1046,8.44365610918848,0.539692061587682
"Fe",1047,12.2405285233327,0.141171765646871
"Fe",1048,6.6271841389941,0.816836632673465
"Fe",1049,6.7295228318705,0.80503899220156
"Fe",1050,10.5203748885687,0.275544891021796
"Fe",1051,7.34835357799915,0.711457708458308
"Fe",1052,9.37728219459842,0.401519696060788
"Fe",1053,7.42945660697777,0.699460107978404
"Fe",1054,11.0371021158614,0.229554089182164
"Fe",1055,3.43221959541023,0.999400119976005
"Fe",1056,8.67503223790052,0.504899020195961
"Fe",1057,11.6843542483115,0.179164167166567
"Fe",1058,13.0276365132615,0.0979804039192162
"Fe",1059,11.022182662286,0.230953809238152
"Fe",1060,8.26291186106451,0.565486902619476
"Fe",1061,6.1042871129942,0.877024595080984
"Fe",1062,7.19640130518997,0.735252949410118
"Fe",1063,9.56773261283686,0.381323735252949
"Fe",1064,7.41790526140285,0.701859628074385
"Fe",1065,9.08273968150414,0.44371125774845
"Fe",1066,9.91775259201292,0.339132173565287
"Fe",1067,14.0943156838406,0.0619876024795041
"Fe",1068,9.49692539344093,0.388122375524895
"Fe",1069,6.51002333338678,0.83123375324935
"Fe",1070,13.3010516797982,0.0901819636072786
"Fe",1071,14.0266502120049,0.0643871225754849
"Fe",1072,8.02229556295259,0.599480103979204
"Fe",1073,10.3255490166605,0.291741651669666
"Fe",1074,7.96111836444229,0.609478104379124
"Fe",1075,18.6869901472995,0.00759848030393921
"Fe",1076,9.30887550774727,0.410917816436713
"Fe",1077,7.60712410543425,0.667266546690662
"Fe",1078,9.45333775462601,0.393321335732853
"Fe",1079,7.31974032619183,0.714657068586283
"Fe",1080,9.80476452553489,0.351529694061188
"Fe",1081,10.0984817538954,0.316936612677464
"Fe",1082,8.13598216760738,0.583483303339332
"Fe",1083,12.3509610607889,0.133573285342931
"Fe",1084,8.88940297561351,0.472705458908218
"Fe",1085,10.3379699951461,0.290341931613677
"Fe",1086,7.73854859998093,0.647670465906819
"Fe",1087,8.61370103898398,0.513897220555889
"Fe",1088,7.16015206797329,0.740651869626075
"Fe",1089,7.55904516446913,0.678664267146571
"Fe",1090,8.68611337222293,0.503299340131974
"Fe",1091,7.05926002680528,0.757048590281944
"Fe",1092,8.83877883025127,0.480303939212158
"Fe",1093,15.041543460634,0.0395920815836833
"Fe",1094,6.97142100875175,0.769846030793841
"Fe",1095,10.4679262809242,0.279144171165767
"Fe",1096,8.18988024534664,0.575084983003399
"Fe",1097,10.1777198061002,0.310337932413517
"Fe",1098,8.90439996853488,0.471105778844231
"Fe",1099,3.87968259195033,0.997600479904019
"Fe",1100,9.96015799565336,0.334133173365327
"Fe",1101,7.36616228549957,0.708658268346331
"Fe",1102,9.06757201179951,0.445510897820436
"Fe",1103,12.163311011355,0.147570485902819
"Fe",1104,11.679505157045,0.179564087182563
"Fe",1105,8.78754686087589,0.489302139572086
"Fe",1106,12.6926502580399,0.113577284543091
"Fe",1107,6.43613081249856,0.839632073585283
"Fe",1108,6.80194779773748,0.79744051189762
"Fe",1109,9.45721774948973,0.393121375724855
"Fe",1110,13.0591657755238,0.0967806438712258
"Fe",1111,8.98391235296668,0.457908418316337
"Fe",1112,11.7665025349573,0.172365526894621
"Fe",1113,6.23692307816597,0.861827634473105
"Fe",1114,8.45693727336536,0.537892421515697
"Fe",1115,8.12880831383876,0.585882823435313
"Fe",1116,9.52252621702942,0.384523095380924
"Fe",1117,4.86656526059571,0.976404719056189
"Fe",1118,7.65756909290775,0.658868226354729
"Fe",1119,8.07930865477545,0.59128174365127
"Fe",1120,10.4834891481178,0.278144371125775
"Fe",1121,7.43992519101678,0.697660467906419
"Fe",1122,10.7322596617855,0.255548890221956
"Fe",1123,12.5882710445609,0.118376324735053
"Fe",1124,11.9730454985488,0.158568286342731
"Fe",1125,7.60256903474124,0.668866226754649
"Fe",1126,7.68155067719451,0.655468906218756
"Fe",1127,7.87574929492851,0.624675064987003
"Fe",1128,9.45304867281357,0.393321335732853
"Fe",1129,10.2807380767723,0.296740651869626
"Fe",1130,9.11650583154588,0.440111977604479
"Fe",1131,9.16261660719061,0.43251349730054
"Fe",1132,8.69150264824191,0.502899420115977
"Fe",1133,7.48289063235308,0.692661467706459
"Fe",1134,13.5800261678548,0.0797840431913617
"Fe",1135,9.04633893652795,0.448110377924415
"Fe",1136,9.71994539435332,0.362327534493101
"Fe",1137,12.4738757108804,0.125974805038992
"Fe",1138,9.94063948097889,0.336332733453309
"Fe",1139,12.2138396864706,0.142571485702859
"Fe",1140,14.9956383780818,0.0401919616076785
"Fe",1141,12.6274366027084,0.116976604679064
"Fe",1142,8.14700330150362,0.581683663267347
"Fe",1143,7.17314967299382,0.737652469506099
"Fe",1144,16.8870070964667,0.016996600679864
"Fe",1145,11.2552684858023,0.211357728454309
"Fe",1146,10.1174201696341,0.315336932613477
"Fe",1147,7.1593191200113,0.740651869626075
"Fe",1148,9.89745909607765,0.340731853629274
"Fe",1149,9.5621586826349,0.381523695260948
"Fe",1150,8.82984626514329,0.48250349930014
"Fe",1151,8.84888363627175,0.47870425914817
"Fe",1152,5.86707129633589,0.903219356128774
"Fe",1153,6.41904324730785,0.842031593681264
"Fe",1154,9.78648796310259,0.355128974205159
"Fe",1155,7.47806586323586,0.692861427714457
"Fe",1156,6.90769390188967,0.781443711257748
"Fe",1157,7.00270067435682,0.764847030593881
"Fe",1158,5.93401908587353,0.897820435912817
"Fe",1159,13.0170660408492,0.0985802839432114
"Fe",1160,12.2343864415383,0.141571685662867
"Fe",1161,14.2886658327,0.0557888422315537
"Fe",1162,6.1743146382851,0.870225954809038
"Fe",1163,10.7620215801834,0.253349330133973
"Fe",1164,11.0389317438052,0.229554089182164
"Fe",1165,9.71582022772873,0.362927414517097
"Fe",1166,5.22777879931502,0.956008798240352
"Fe",1167,8.62004480582772,0.5124975004999
"Fe",1168,14.7737548514199,0.0451909618076385
"Fe",1169,6.41173685211982,0.842231553689262
"Fe",1170,9.93207573190901,0.337932413517297
"Fe",1171,11.8704226973431,0.164767046590682
"Fe",1172,9.6401145593795,0.371725654869026
"Fe",1173,10.3488334638373,0.289742051589682
"Fe",1174,4.63675597374311,0.984403119376125
"Fe",1175,5.90175364542691,0.900419916016797
"Fe",1176,9.73963643680773,0.360127974405119
"Fe",1177,6.97202506561206,0.769846030793841
"Fe",1178,7.56798562894903,0.676664667066587
"Fe",1179,7.10153266457291,0.750649870025995
"Fe",1180,9.11734186304969,0.439912017596481
"Fe",1181,4.62301854721606,0.984403119376125
"Fe",1182,6.31303108640387,0.853029394121176
"Fe",1183,6.87210053010548,0.786642671465707
"Fe",1184,5.63797423412765,0.922015596880624
"Fe",1185,6.59337168855271,0.821035792841432
"Fe",1186,12.1554854436335,0.147970405918816
"Fe",1187,5.50435468243626,0.932613477304539
"Fe",1188,7.18336283288795,0.736452709458108
"Fe",1189,9.42471364860324,0.397320535892821
"Fe",1190,9.8328153758662,0.347330533893221
"Fe",1191,12.0172395438919,0.157368526294741
"Fe",1192,12.2098994686065,0.142771445710858
"Fe",1193,8.81903691866444,0.484903019396121
"Fe",1194,11.814794735939,0.168566286742651
"Fe",1195,11.6150529291332,0.184363127374525
"Fe",1196,11.5174256351364,0.190561887622476
"Fe",1197,7.86366614590166,0.626674665066987
"Fe",1198,6.47890389352192,0.834633073385323
"Fe",1199,5.23701137259283,0.955608878224355
"Fe",1200,10.0841381851893,0.318136372725455
"Fe",1201,7.02158575678854,0.76124775044991
"Fe",1202,6.14471389321338,0.873425314937013
"Fe",1203,12.9685084886691,0.100379924015197
"Fe",1204,7.81271291397431,0.6374725054989
"Fe",1205,11.63489691158,0.182963407318536
"Fe",1206,6.44954330119742,0.837432513497301
"Fe",1207,9.710314009977,0.36372725454909
"Fe",1208,7.86506616775137,0.626074785042991
"Fe",1209,6.96634706271212,0.770845830833833
"Fe",1210,14.8545484808603,0.0433913217356529
"Fe",1211,8.96426573023831,0.461107778444311
"Fe",1212,7.4882940017433,0.692061587682464
"Fe",1213,7.2962337035016,0.718656268746251
"Fe",1214,21.0633351445128,0.0027994401119776
"Fe",1215,8.08761808273618,0.590081983603279
"Fe",1216,7.06533900797416,0.756448710257948
"Fe",1217,6.3883722063907,0.844431113777245
"Fe",1218,14.6068045161929,0.0493901219756049
"Fe",1219,10.0583139689068,0.322735452909418
"Fe",1220,14.2161701742671,0.0579884023195361
"Fe",1221,7.2283962241151,0.73005398920216
"Fe",1222,9.58919403789537,0.378124375124975
"Fe",1223,10.4186698378915,0.283943211357728
"Fe",1224,9.53473426500966,0.383323335332933
"Fe",1225,8.70329479205691,0.501499700059988
"Fe",1226,10.7685629781145,0.252749450109978
"Fe",1227,7.27964629363362,0.721655668866227
"Fe",1228,9.41322894330585,0.399320135972805
"Fe",1229,7.16934545836736,0.738652269546091
"Fe",1230,8.02132678722379,0.599480103979204
"Fe",1231,7.43645218299554,0.698260347930414
"Fe",1232,8.05635767255035,0.594681063787243
"Fe",1233,7.39815477974292,0.705258948210358
"Fe",1234,10.4561440557139,0.280543891221756
"Fe",1235,10.341211083139,0.290341931613677
"Fe",1236,7.36836462555118,0.708658268346331
"Fe",1237,12.492852283259,0.124575084983003
"Fe",1238,18.6573977406193,0.00759848030393921
"Fe",1239,9.2903010801403,0.414717056588682
"Fe",1240,11.7706216157106,0.171765646870626
"Fe",1241,7.55983341928712,0.678464307138572
"Fe",1242,6.53067625020172,0.828634273145371
"Fe",1243,13.266133111628,0.0907818436312737
"Fe",1244,5.56293366305343,0.929814037192562
"Fe",1245,12.0065049895316,0.157768446310738
"Fe",1246,6.70823832912158,0.807838432313537
"Fe",1247,8.19991997749074,0.573485302939412
"Fe",1248,11.4573809935739,0.195960807838432
"Fe",1249,12.2174164607761,0.142371525694861
"Fe",1250,7.48246968268484,0.692661467706459
"Fe",1251,6.38599502207789,0.844831033793241
"Fe",1252,9.0782754949656,0.444511097780444
"Fe",1253,9.48067215961547,0.390321935612877
"Fe",1254,7.86709924168181,0.625474905018996
"Fe",1255,15.4536446200642,0.0317936412717457
"Fe",1256,5.48016476475144,0.934213157368526
"Fe",1257,8.65559176405992,0.508298340331934
"Fe",1258,8.88178713999548,0.474105178964207
"Fe",1259,7.79336269002977,0.639272145570886
"Fe",1260,10.0053114192103,0.328134373125375
"Fe",1261,12.0964062353242,0.150969806038792
"Fe",1262,14.1680817053183,0.0595880823835233
"Fe",1263,9.46947023570502,0.391721655668866
"Fe",1264,6.58906016130007,0.821435712857429
"Fe",1265,6.60488675986318,0.819636072785443
"Fe",1266,10.5937283833469,0.269146170765847
"Fe",1267,8.10384442880823,0.588682263547291
"Fe",1268,10.3551007579611,0.289342131573685
"Fe",1269,10.1369653404172,0.314137172565487
"Fe",1270,11.1789513175193,0.218556288742252
"Fe",1271,8.82105525314327,0.484103179364127
"Fe",1272,17.1813761022621,0.0147970405918816
"Fe",1273,9.89355682371036,0.341531693661268
"Fe",1274,6.14871965856702,0.873225354929014
"Fe",1275,9.74024477400843,0.359928014397121
"Fe",1276,8.6494729422019,0.509898020395921
"Fe",1277,9.08442093855746,0.443511297740452
"Fe",1278,7.01352177339125,0.763847230553889
"Fe",1279,8.34151840349571,0.55628874225155
"Fe",1280,5.61316468901447,0.924815036992601
"Fe",1281,8.7853516434063,0.489302139572086
"Fe",1282,6.41208537286531,0.842231553689262
"Fe",1283,9.49532058063872,0.388522295540892
"Fe",1284,9.56605131918604,0.381323735252949
"Fe",1285,10.295869726894,0.29494101179764
"Fe",1286,7.53117153133212,0.683063387322535
"Fe",1287,12.4978835939356,0.124175164967007
"Fe",1288,9.24689582571787,0.421515696860628
"Fe",1289,13.0358042626679,0.0977804439112178
"Fe",1290,5.9226238441035,0.898620275944811
"Fe",1291,6.84496094115337,0.79004199160168
"Fe",1292,8.90689596735731,0.470905818836233
"Fe",1293,11.3352947919625,0.206158768246351
"Fe",1294,6.6842827633144,0.811437712457509
"Fe",1295,9.85212335730438,0.346130773845231
"Fe",1296,8.20883140034371,0.572085582883423
"Fe",1297,9.58747483600271,0.378124375124975
"Fe",1298,9.93102653274991,0.338332333533293
"Fe",1299,6.09740965975212,0.879024195160968
"Fe",1300,4.54059378281602,0.98620275944811
"Fe",1301,6.54582002933563,0.82623475304939
"Fe",1302,9.37427150312291,0.401919616076785
"Fe",1303,8.79577788024756,0.487902419516097
"Fe",1304,11.0656546020185,0.226354729054189
"Fe",1305,9.14001324239192,0.436712657468506
"Fe",1306,7.22332918190506,0.730853829234153
"Fe",1307,6.97044934922278,0.77004599080184
"Fe",1308,11.1982573073849,0.217356528694261
"Fe",1309,10.7271957403562,0.255948810237952
"Fe",1310,7.45317439562433,0.695660867826435
"Fe",1311,18.4791716722963,0.00799840031993601
"Fe",1312,7.42540366715119,0.699860027994401
"Fe",1313,7.26522940100523,0.723655268946211
"Fe",1314,8.31064076236538,0.559688062387522
"Fe",1315,10.3931171417663,0.285542891421716
"Fe",1316,13.467108704754,0.0857828434313137
"Fe",1317,5.94993587474556,0.895620875824835
"Fe",1318,7.83514247149424,0.633273345330934
"Fe",1319,7.03337860360963,0.760247950409918
"Fe",1320,6.72056120774184,0.806638672265547
"Fe",1321,6.62660286442849,0.816836632673465
"Fe",1322,15.7844194536341,0.026994601079784
"Fe",1323,8.02971092422922,0.598680263947211
"Fe",1324,7.52549021958885,0.684263147370526
"Fe",1325,4.5375248919199,0.98620275944811
"Fe",1326,7.15714662184067,0.740651869626075
"Fe",1327,10.8888808151792,0.242151569686063
"Fe",1328,5.34852339931862,0.945410917816437
"Fe",1329,12.1319785120237,0.148970205958808
"Fe",1330,9.01873351983807,0.452709458108378
"Fe",1331,7.11306896860879,0.748050389922016
"Fe",1332,5.92123664767075,0.898820235952809
"Fe",1333,9.98334355642906,0.330733853229354
"Fe",1334,6.90103643682886,0.781843631273745
"Fe",1335,6.52107306387867,0.830233953209358
"Fe",1336,7.08815865521285,0.75244951009798
"Fe",1337,7.40716910480793,0.703859228154369
"Fe",1338,7.31761305862386,0.715256948610278
"Fe",1339,10.113912814992,0.315336932613477
"Fe",1340,7.59474355474239,0.670865826834633
"Fe",1341,6.8075220734253,0.79624075184963
"Fe",1342,15.7316688139881,0.0275944811037792
"Fe",1343,5.66023622404103,0.919016196760648
"Fe",1344,9.82815927672419,0.347730453909218
"Fe",1345,7.90105846655584,0.619476104779044
"Fe",1346,8.28371409788002,0.563087382523495
"Fe",1347,9.67991767934609,0.367926414717057
"Fe",1348,10.5849744174348,0.270145970805839
"Fe",1349,7.79024363969714,0.639472105578884
"Fe",1350,7.68823906463882,0.654269146170766
"Fe",1351,20.6090900366448,0.00339932013597281
"Fe",1352,7.15910508208424,0.740651869626075
"Fe",1353,9.77349052159281,0.356728654269146
"Fe",1354,8.84238083968216,0.480303939212158
"Fe",1355,13.6729716424636,0.0765846830633873
"Fe",1356,8.78794024493862,0.489302139572086
"Fe",1357,17.6481876433924,0.0107978404319136
"Fe",1358,7.28609466139952,0.720255948810238
"Fe",1359,8.97182408696838,0.459708058388322
"Fe",1360,7.48337349646602,0.69246150769846
"Fe",1361,7.35018392027703,0.711057788442311
"Fe",1362,8.49620066222107,0.531893621275745
"Fe",1363,6.51034575611837,0.83123375324935
"Fe",1364,12.0460624061802,0.155368926214757
"Fe",1365,8.65776500052255,0.507898420315937
"Fe",1366,11.8166495418987,0.168566286742651
"Fe",1367,7.59656019815637,0.67006598680264
"Fe",1368,6.63409693443236,0.816036792641472
"Fe",1369,11.3752983332811,0.202759448110378
"Fe",1370,9.68694250182395,0.367326534693061
"Fe",1371,6.8519155324683,0.788642271545691
"Fe",1372,7.27967949623724,0.721655668866227
"Fe",1373,6.65495673582097,0.813837232553489
"Fe",1374,9.39606464471137,0.400719856028794
"Fe",1375,11.5050826383415,0.191761647670466
"Fe",1376,4.9346305876673,0.972405518896221
"Fe",1377,8.85497595325191,0.477704459108178
"Fe",1378,10.4910287989449,0.277944411117776
"Fe",1379,8.67899172483646,0.504699060187962
"Fe",1380,6.87322655351211,0.786642671465707
"Fe",1381,7.08782213913574,0.752649470105979
"Fe",1382,11.7355415571209,0.175764847030594
"Fe",1383,12.1825580145729,0.14497100579884
"Fe",1384,9.20728142168471,0.426514697060588
"Fe",1385,10.2939766698954,0.295140971805639
"Fe",1386,9.73951301936026,0.360127974405119
"Fe",1387,10.9916945534704,0.233353329334133
"Fe",1388,7.76615294607407,0.644071185762847
"Fe",1389,8.41431733378914,0.544891021795641
"Fe",1390,8.49728788307797,0.531893621275745
"Fe",1391,13.3523389305878,0.0889822035592881
"Fe",1392,14.2695676181463,0.0563887222555489
"Fe",1393,7.58196472567934,0.674265146970606
"Fe",1394,10.673973334206,0.260147970405919
"Fe",1395,9.751749035046,0.358528294341132
"Fe",1396,16.1994454441019,0.0235952809438112
"Fe",1397,5.82972065867335,0.905418916216757
"Fe",1398,5.54109926768521,0.930813837232554
"Fe",1399,10.1341532350415,0.314337132573485
"Fe",1400,5.76670509569988,0.911417716456709
"Fe",1401,7.03592580775791,0.759648070385923
"Fe",1402,7.61648234146884,0.665466906618676
"Fe",1403,10.1272114556613,0.314737052589482
"Fe",1404,10.3290005233407,0.290941811637672
"Fe",1405,5.31552071395913,0.948010397920416
"Fe",1406,11.8324066596769,0.166966606678664
"Fe",1407,6.8695798932651,0.786842631473705
"Fe",1408,10.2261465968296,0.304739052189562
"Fe",1409,11.4229641896976,0.199160167966407
"Fe",1410,7.05636226576081,0.75744851029794
"Fe",1411,8.35378430306153,0.554089182163567
"Fe",1412,5.6798018213801,0.918016396720656
"Fe",1413,13.186113205434,0.0925814837032593
"Fe",1414,7.73711321544752,0.648070385922815
"Fe",1415,9.40465565231892,0.399920015996801
"Fe",1416,11.559836352429,0.188362327534493
"Fe",1417,7.94754213198522,0.61127774445111
"Fe",1418,6.53179552111735,0.828634273145371
"Fe",1419,6.57829790484115,0.822435512897421
"Fe",1420,8.91653589658998,0.468906218756249
"Fe",1421,6.63618220698,0.816036792641472
"Fe",1422,9.47205405108087,0.391321735652869
"Fe",1423,9.13466347123858,0.437112577484503
"Fe",1424,12.1105985361055,0.149770045990802
"Fe",1425,10.800696270019,0.248950209958008
"Fe",1426,10.3851155095334,0.285942811437712
"Fe",1427,10.8015543365051,0.248950209958008
"Fe",1428,9.11843527964584,0.439512097580484
"Fe",1429,8.62972424926461,0.511497700459908
"Fe",1430,8.71033893246488,0.500699860027994
"Fe",1431,8.56069599195547,0.523495300939812
"Fe",1432,8.42632880469338,0.542091581683663
"Fe",1433,7.81173433630897,0.6374725054989
"Fe",1434,8.72409223061891,0.49870025994801
"Fe",1435,9.16043973274296,0.432913417316537
"Fe",1436,6.25057516244334,0.860627874425115
"Fe",1437,11.6004252145188,0.185162967406519
"Fe",1438,9.79722621677797,0.35252949410118
"Fe",1439,8.97383421259093,0.459508098380324
"Fe",1440,4.12005790436046,0.994201159768046
"Fe",1441,5.41344615392165,0.938612277544491
"Fe",1442,10.4334570663807,0.282743451309738
"Fe",1443,14.9066965550322,0.0417916416716657
"Fe",1444,11.0992072759755,0.224555088982204
"Fe",1445,10.6595570953556,0.262147570485903
"Fe",1446,4.36433563015365,0.99120175964807
"Fe",1447,7.11394164347752,0.747850429914017
"Fe",1448,8.24601219237081,0.568286342731454
"Fe",1449,6.41278157265694,0.842231553689262
"Fe",1450,12.9466151707473,0.101579684063187
"Fe",1451,5.48198808649997,0.934213157368526
"Fe",1452,13.4109650601176,0.0875824835032993
"Fe",1453,11.0279974848584,0.230353929214157
"Fe",1454,7.58026640474361,0.674865026994601
"Fe",1455,11.005532881272,0.231753649270146
"Fe",1456,9.3406318196412,0.406918616276745
"Fe",1457,10.1077347642751,0.316136772645471
"Fe",1458,8.43949136181706,0.540291941611678
"Fe",1459,6.35442446850723,0.848630273945211
"Fe",1460,8.21203947021067,0.571685662867427
"Fe",1461,8.70073667601861,0.501499700059988
"Fe",1462,6.56058049821752,0.8250349930014
"Fe",1463,12.3260671483667,0.135172965406919
"Fe",1464,10.1888149873067,0.308538292341532
"Fe",1465,10.4659873577672,0.279544091181764
"Fe",1466,10.3228974781382,0.291741651669666
"Fe",1467,11.12439092878,0.222955408918216
"Fe",1468,4.64625741080796,0.984203159368126
"Fe",1469,6.27554738744905,0.856428714257149
"Fe",1470,12.9470048756538,0.101579684063187
"Fe",1471,11.7721163432827,0.171765646870626
"Fe",1472,6.32875242099766,0.851629674065187
"Fe",1473,7.42083699332017,0.700859828034393
"Fe",1474,11.591942850065,0.185562887422516
"Fe",1475,15.3788058946448,0.0325934813037392
"Fe",1476,7.71997288779153,0.649870025994801
"Fe",1477,11.5812010641801,0.186562687462508
"Fe",1478,14.1314140095269,0.0609878024395121
"Fe",1479,12.3724567186563,0.131973605278944
"Fe",1480,9.32948527181208,0.408318336332733
"Fe",1481,5.60387118643874,0.927214557088582
"Fe",1482,12.0477531552714,0.155168966206759
"Fe",1483,6.05847090915415,0.883423315336933
"Fe",1484,8.31494832793354,0.559088182363527
"Fe",1485,6.4534729838345,0.837232553489302
"Fe",1486,6.49552535072894,0.83243351329734
"Fe",1487,5.58632050929751,0.928214357128574
"Fe",1488,9.42525499193152,0.397320535892821
"Fe",1489,10.1998319825816,0.30753849230154
"Fe",1490,11.99798053589,0.158168366326735
"Fe",1491,5.3819377535653,0.942411517696461
"Fe",1492,10.1265745698613,0.314737052589482
"Fe",1493,7.31380038690195,0.715656868626275
"Fe",1494,9.47167072455676,0.391321735652869
"Fe",1495,12.5003676744154,0.124175164967007
"Fe",1496,5.98858591948736,0.891821635672865
"Fe",1497,7.51364366821869,0.688062387522495
"Fe",1498,10.0743400358664,0.31993601279744
"Fe",1499,8.02257516416407,0.599480103979204
"Fe",1500,15.7301693800415,0.0275944811037792
"Fe",1501,12.9556429736542,0.101579684063187
"Fe",1502,6.42598436462725,0.84123175364927
"Fe",1503,9.4757166728989,0.390721855628874
"Fe",1504,7.86681994889068,0.625474905018996
"Fe",1505,8.32161381004886,0.558288342331534
"Fe",1506,7.05500058513638,0.757648470305939
"Fe",1507,12.9841727593067,0.0999800039992002
"Fe",1508,6.96745480668659,0.770445910817836
"Fe",1509,9.146447313311,0.435312937412517
"Fe",1510,13.1935505047574,0.092381523695261
"Fe",1511,5.97192849408117,0.892621475704859
"Fe",1512,7.06989815786285,0.755448910217956
"Fe",1513,10.0118923284505,0.326934613077385
"Fe",1514,6.97420259485705,0.769446110777844
"Fe",1515,4.77792626460246,0.979604079184163
"Fe",1516,9.89498592438378,0.340931813637273
"Fe",1517,7.03875790996779,0.759048190361928
"Fe",1518,9.96382710274435,0.334133173365327
"Fe",1519,7.35337614520344,0.710857828434313
"Fe",1520,8.29746035844781,0.561087782443511
"Fe",1521,10.000517735824,0.328934213157369
"Fe",1522,7.97147232834809,0.608878224355129
"Fe",1523,5.25527839097259,0.952809438112378
"Fe",1524,8.23692606363787,0.569086182763447
"Fe",1525,9.2693755725501,0.418316336732653
"Fe",1526,8.53170604136324,0.527094581083783
"Fe",1527,9.06035157185238,0.446510697860428
"Fe",1528,4.67341486689452,0.983203359328134
"Fe",1529,10.9335535116033,0.238352329534093
"Fe",1530,7.66362727497528,0.658068386322735
"Fe",1531,12.7304074953229,0.111777644471106
"Fe",1532,7.735244153992,0.648270345930814
"Fe",1533,6.78654972747512,0.799040191961608
"Fe",1534,13.1674180201861,0.0931813637272546
"Fe",1535,9.72047443448005,0.362327534493101
"Fe",1536,5.69726656943291,0.916816636672665
"Fe",1537,6.50698433931626,0.831433713257348
"Fe",1538,10.4552990108791,0.280543891221756
"Fe",1539,11.2276219729556,0.214157168566287
"Fe",1540,7.06963407159188,0.755448910217956
"Fe",1541,7.23950538349192,0.728254349130174
"Fe",1542,4.69249290406459,0.982803439312138
"Fe",1543,10.543424346398,0.27254549090182
"Fe",1544,9.23585677949677,0.422115576884623
"Fe",1545,7.86719599847294,0.625474905018996
"Fe",1546,6.8917675948357,0.783243351329734
"Fe",1547,15.2888788713392,0.0333933213357329
"Fe",1548,9.03212324793094,0.450509898020396
"Fe",1549,11.6399558797567,0.182763447310538
"Fe",1550,9.24499985159505,0.421715656868626
"Fe",1551,4.85842771120514,0.976404719056189
"Fe",1552,5.3104163083793,0.948210357928414
"Fe",1553,4.74066552115653,0.98120375924815
"Fe",1554,7.47269571590391,0.693261347730454
"Fe",1555,11.2341013376805,0.213557288542292
"Fe",1556,9.97684448331597,0.331533693261348
"Fe",1557,8.98833310230526,0.457108578284343
"Fe",1558,11.0743769283822,0.225354929014197
"Fe",1559,5.83677342477426,0.90501899620076
"Fe",1560,9.37113325004091,0.402119576084783
"Fe",1561,8.42071413065423,0.543091381723655
"Fe",1562,7.64778456856084,0.660067986402719
"Fe",1563,8.36917257084113,0.551889622075585
"Fe",1564,8.65929914150192,0.507098580283943
"Fe",1565,11.8895050642292,0.16376724655069
"Fe",1566,4.51295801384981,0.987202559488102
"Fe",1567,7.99074773214892,0.606878624275145
"Fe",1568,7.80257696617304,0.638672265546891
"Fe",1569,8.7500511626136,0.494901019796041
"Fe",1570,9.52891166724947,0.383923215356929
"Fe",1571,15.6292361954252,0.028994201159768
"Fe",1572,14.1260816320296,0.0609878024395121
"Fe",1573,10.0450147574319,0.323935212957409
"Fe",1574,10.4994293597367,0.27754449110178
"Fe",1575,3.74388194055538,0.998200359928014
"Fe",1576,9.47652475533306,0.390721855628874
"Fe",1577,8.43929855313635,0.540291941611678
"Fe",1578,9.45056865128777,0.393321335732853
"Fe",1579,8.94774141856885,0.464507098580284
"Fe",1580,6.19489914492044,0.867226554689062
"Fe",1581,8.50242757155397,0.530693861227754
"Fe",1582,6.71275541568593,0.80743851229754
"Fe",1583,5.82140571557562,0.906018796240752
"Fe",1584,6.89262739455481,0.783043391321736
"Fe",1585,9.28878510667442,0.414917016596681
"Fe",1586,8.62422605789689,0.512097580483903
"Fe",1587,6.23797661402625,0.861827634473105
"Fe",1588,4.61543249598051,0.984603079384123
"Fe",1589,9.18956735056526,0.428314337132573
"Fe",1590,9.01063402780602,0.45370925814837
"Fe",1591,6.15895861131619,0.872425514897021
"Fe",1592,10.1903594580311,0.308338332333533
"Fe",1593,8.34645993124445,0.554889022195561
"Fe",1594,4.95663563880879,0.970405918816237
"Fe",1595,5.69602741114127,0.916816636672665
"Fe",1596,8.96844908078512,0.460107978404319
"Fe",1597,6.40570727325598,0.843031393721256
"Fe",1598,13.5440102819967,0.0819836032793441
"Fe",1599,5.84277097400266,0.904819036192761
"Fe",1600,9.55556630693195,0.382323535292941
"Fe",1601,6.28278580870173,0.855828834233153
"Fe",1602,9.58658718372862,0.378324335132973
"Fe",1603,8.05050478166115,0.595480903819236
"Fe",1604,11.3312789412756,0.206558688262348
"Fe",1605,11.8720198106838,0.164767046590682
"Fe",1606,5.16847127911143,0.960207958408318
"Fe",1607,7.94475516021637,0.611877624475105
"Fe",1608,8.7794612142074,0.490501899620076
"Fe",1609,6.38347339137462,0.844831033793241
"Fe",1610,7.26258810030529,0.724055188962208
"Fe",1611,8.71314097387625,0.500299940011998
"Fe",1612,9.07572304612737,0.444911017796441
"Fe",1613,12.1683712905134,0.146570685862827
"Fe",1614,10.497983685856,0.27754449110178
"Fe",1615,11.1104375322938,0.223955208958208
"Fe",1616,5.75428696628202,0.912617476504699
"Fe",1617,10.6067912299648,0.268146370725855
"Fe",1618,7.02892689322218,0.761047790441912
"Fe",1619,9.30400315152565,0.411517696460708
"Fe",1620,8.79939812821445,0.4875024995001
"Fe",1621,13.1533781076612,0.0933813237352529
"Fe",1622,9.25765032823196,0.420515896820636
"Fe",1623,11.6322464620318,0.183363327334533
"Fe",1624,8.31100579991408,0.559688062387522
"Fe",1625,5.33621910063599,0.946010797840432
"Fe",1626,8.33815943147908,0.556688662267547
"Fe",1627,7.20119156183674,0.734653069386123
"Fe",1628,7.10006329359618,0.750649870025995
"Fe",1629,15.1474619183986,0.0357928414317137
"Fe",1630,4.80683574245359,0.979004199160168
"Fe",1631,7.28111541977998,0.721055788842232
"Fe",1632,4.95614942139235,0.970405918816237
"Fe",1633,10.1172445170907,0.315336932613477
"Fe",1634,8.98301527782,0.457908418316337
"Fe",1635,10.9918763667788,0.233353329334133
"Fe",1636,5.72710599202114,0.914217156568686
"Fe",1637,13.0836427587631,0.096380723855229
"Fe",1638,8.8167195483353,0.484903019396121
"Fe",1639,6.54426172992348,0.82623475304939
"Fe",1640,12.8739549508977,0.105778844231154
"Fe",1641,9.48933358784873,0.389322135572885
"Fe",1642,8.23037031086452,0.570485902819436
"Fe",1643,11.182430063384,0.218556288742252
"Fe",1644,10.3834299520816,0.286142771445711
"Fe",1645,8.09851257669334,0.589282143571286
"Fe",1646,14.3784536942013,0.0541891621675665
"Fe",1647,19.144550475475,0.00639872025594881
"Fe",1648,8.83948419106812,0.480303939212158
"Fe",1649,7.50823066145864,0.688262347530494
"Fe",1650,9.95343434690744,0.334733053389322
"Fe",1651,13.3841846879771,0.0883823235352929
"Fe",1652,9.42073796144459,0.398120375924815
"Fe",1653,10.9052650625073,0.240551889622076
"Fe",1654,6.54106996201617,0.826834633073385
"Fe",1655,5.52130479124766,0.931613677264547
"Fe",1656,11.973707072505,0.158568286342731
"Fe",1657,13.0364292696779,0.0977804439112178
"Fe",1658,5.99908793160833,0.89122175564887
"Fe",1659,11.1301114497389,0.221955608878224
"Fe",1660,7.09596970454646,0.751049790041992
"Fe",1661,10.7733356788518,0.252349530093981
"Fe",1662,9.39104032392521,0.400919816036793
"Fe",1663,12.6247642495832,0.116976604679064
"Fe",1664,10.171305949478,0.310937812437513
"Fe",1665,7.16175273650478,0.740451909618076
"Fe",1666,5.54365677645758,0.930613877224555
"Fe",1667,10.608686459561,0.268146370725855
"Fe",1668,7.05525357036328,0.757648470305939
"Fe",1669,10.8932263824655,0.242151569686063
"Fe",1670,7.5614821031611,0.678264347130574
"Fe",1671,11.8893677816791,0.16376724655069
"Fe",1672,8.5776738794693,0.519096180763847
"Fe",1673,12.1170297601026,0.149570085982803
"Fe",1674,6.1320521373251,0.874425114977005
"Fe",1675,9.75976123329875,0.357928414317137
"Fe",1676,16.6081468219126,0.018996200759848
"Fe",1677,4.12400599179594,0.994001199760048
"Fe",1678,9.01979030650182,0.45250949810038
"Fe",1679,5.68688704344854,0.917616476704659
"Fe",1680,6.87463927096769,0.78624275144971
"Fe",1681,16.2299672557665,0.022995400919816
"Fe",1682,7.11003069289134,0.748850229954009
"Fe",1683,7.62791220860896,0.662667466506699
"Fe",1684,12.2777378551186,0.138972205558888
"Fe",1685,8.86980500056467,0.475904819036193
"Fe",1686,9.21480331953819,0.425914817036593
"Fe",1687,12.3441462320911,0.134173165366927
"Fe",1688,5.04466771973588,0.967006598680264
"Fe",1689,8.58355547062058,0.517696460707858
"Fe",1690,20.4757326465458,0.00359928014397121
"Fe",1691,6.27682213436856,0.856428714257149
"Fe",1692,4.52759701477262,0.986602679464107
"Fe",1693,8.53738517719819,0.526094781043791
"Fe",1694,8.94800020552454,0.464307138572286
"Fe",1695,6.21049438726408,0.863827234553089
"Fe",1696,10.6958682712824,0.258148370325935
"Fe",1697,6.92891515706599,0.777644471105779
"Fe",1698,11.1774515476768,0.21875624875025
"Fe",1699,3.98839340305292,0.99620075984803
"Fe",1700,5.77486847441361,0.910617876424715
"Fe",1701,11.8507095188561,0.165966806638672
"Fe",1702,7.36500529788934,0.708858228354329
"Fe",1703,11.1262936797295,0.22255548890222
"Fe",1704,6.5752480242619,0.822835432913417
"Fe",1705,9.90518993070955,0.340731853629274
"Fe",1706,7.55985625843815,0.678464307138572
"Fe",1707,7.29773038541876,0.718656268746251
"Fe",1708,7.93515021086054,0.613277344531094
"Fe",1709,4.42724623484455,0.989202159568086
"Fe",1710,8.14478755483117,0.581883623275345
"Fe",1711,10.429933838968,0.282943411317736
"Fe",1712,8.16659219838604,0.577884423115377
"Fe",1713,7.78018935871449,0.641071785642871
"Fe",1714,18.6509977932861,0.00759848030393921
"Fe",1715,9.68838479375415,0.367126574685063
"Fe",1716,12.5552041726419,0.121175764847031
"Fe",1717,10.836216158836,0.246150769846031
"Fe",1718,10.0585361609813,0.322735452909418
"Fe",1719,5.57432163886972,0.929014197160568
"Fe",1720,11.7055854551243,0.177964407118576
"Fe",1721,8.09196107479627,0.589882023595281
"Fe",1722,9.56009609594867,0.381723655268946
"Fe",1723,10.1937651480158,0.308338332333533
"Fe",1724,5.08179325883927,0.965606878624275
"Fe",1725,10.5739052815536,0.271145770845831
"Fe",1726,8.41389190686237,0.544891021795641
"Fe",1727,15.0385411527187,0.0395920815836833
"Fe",1728,6.96797153662882,0.770445910817836
"Fe",1729,8.00182538411588,0.604879024195161
"Fe",1730,6.93884224548293,0.775844831033793
"Fe",1731,9.53687023412115,0.383123375324935
"Fe",1732,8.91216844593765,0.469906018796241
"Fe",1733,8.62152378030467,0.5124975004999
"Fe",1734,7.38342884659517,0.706658668266347
"Fe",1735,14.7334444534405,0.0455908818236353
"Fe",1736,8.03699331486021,0.597280543891222
"Fe",1737,17.4449152257842,0.0123975204959008
"Fe",1738,15.8889984858214,0.0265946810637872
"Fe",1739,9.98435177066855,0.330733853229354
"Fe",1740,10.7474946452452,0.254349130173965
"Fe",1741,7.61473402860616,0.665666866626675
"Fe",1742,9.97979325329996,0.331333733253349
"Fe",1743,9.05984259368637,0.446710657868426
"Fe",1744,7.03168476455561,0.760647870425915
"Fe",1745,11.9342044388606,0.160967806438712
"Fe",1746,13.4212104293502,0.0871825634873025
"Fe",1747,17.8600051864661,0.00959808038392321
"Fe",1748,8.64646428690511,0.510297940411918
"Fe",1749,11.8096721174532,0.16876624675065
"Fe",1750,8.0943131770432,0.589682063587283
"Fe",1751,11.9656197770737,0.159168166366727
"Fe",1752,7.37308608924073,0.707858428314337
"Fe",1753,11.6562192580715,0.181963607278544
"Fe",1754,9.47896301483641,0.390321935612877
"Fe",1755,6.82440528362483,0.794041191761648
"Fe",1756,10.6089768062261,0.267946410717856
"Fe",1757,8.28324983342412,0.563287342531494
"Fe",1758,17.6479762283201,0.0107978404319136
"Fe",1759,9.10458284411447,0.441511697660468
"Fe",1760,9.41245548482155,0.399520095980804
"Fe",1761,8.81565496296204,0.485102979404119
"Fe",1762,8.72304988767689,0.49870025994801
"Fe",1763,9.96632632352217,0.333933213357329
"Fe",1764,13.0981246788455,0.0959808038392322
"Fe",1765,8.57023529181075,0.520895820835833
"Fe",1766,7.87281822099885,0.624875024995001
"Fe",1767,10.4756862587634,0.27874425114977
"Fe",1768,8.16608237312451,0.577884423115377
"Fe",1769,10.8131707660848,0.248150369926015
"Fe",1770,9.34964875629888,0.405718856228754
"Fe",1771,7.95783312802027,0.609678064387123
"Fe",1772,9.49656658490079,0.388122375524895
"Fe",1773,7.36843137178568,0.708658268346331
"Fe",1774,10.0493874830252,0.323335332933413
"Fe",1775,6.84403267168724,0.790241951609678
"Fe",1776,11.4394341410601,0.198160367926415
"Fe",1777,11.209614625845,0.215756848630274
"Fe",1778,4.79805683991441,0.979204159168166
"Fe",1779,7.50418213922018,0.689862027594481
"Fe",1780,9.52750908270411,0.384123175364927
"Fe",1781,8.13118574503739,0.585282943411318
"Fe",1782,8.08462762258688,0.590681863627275
"Fe",1783,13.6475471805353,0.0775844831033793
"Fe",1784,9.17346469788808,0.430913817236553
"Fe",1785,8.29250663885568,0.562287542491502
"Fe",1786,6.34283258049078,0.8500299940012
"Fe",1787,6.91373726469057,0.780843831233753
"Fe",1788,6.64761879922435,0.81503699260148
"Fe",1789,7.16040295293487,0.740651869626075
"Fe",1790,9.57269181380761,0.380523895220956
"Fe",1791,7.64794991389687,0.660067986402719
"Fe",1792,9.41826119457076,0.398920215956809
"Fe",1793,8.81125617406171,0.485502899420116
"Fe",1794,7.86240982348286,0.627074585082983
"Fe",1795,7.92847768567199,0.614077184563087
"Fe",1796,7.55186990802417,0.679464107178564
"Fe",1797,5.4636896144452,0.936012797440512
"Fe",1798,8.68806695581935,0.503299340131974
"Fe",1799,9.38095099862849,0.401119776044791
"Fe",1800,8.25835036853925,0.566486702659468
"Fe",1801,5.57479827768375,0.929014197160568
"Fe",1802,8.0358890040547,0.597280543891222
"Fe",1803,9.27505299524537,0.417316536692661
"Fe",1804,6.77397432406823,0.800639872025595
"Fe",1805,7.40883423106476,0.703859228154369
"Fe",1806,15.8255162446752,0.026994601079784
"Fe",1807,9.07043300665376,0.445310937812438
"Fe",1808,13.6823908873739,0.0759848030393921
"Fe",1809,6.68966661912907,0.810837832433513
"Fe",1810,16.6675688013679,0.0185962807438512
"Fe",1811,10.9187919427028,0.239552089582084
"Fe",1812,9.54621311054183,0.382723455308938
"Fe",1813,10.0731984135401,0.320135972805439
"Fe",1814,7.50541602198874,0.689062187562487
"Fe",1815,11.4745422182563,0.19496100779844
"Fe",1816,6.23063836171787,0.862427514497101
"Fe",1817,12.3976700501179,0.12997400519896
"Fe",1818,9.30877287408401,0.410917816436713
"Fe",1819,8.14644760982523,0.581683663267347
"Fe",1820,11.2312804944826,0.21375724855029
"Fe",1821,13.3275334404154,0.0893821235752849
"Fe",1822,9.77832530900926,0.355728854229154
"Fe",1823,8.4367400457007,0.540491901619676
"Fe",1824,6.03734557542782,0.886822635472905
"Fe",1825,8.78632545210101,0.489302139572086
"Fe",1826,12.3874207151468,0.131173765246951
"Fe",1827,6.1930109370214,0.867226554689062
"Fe",1828,8.31732077881168,0.558888222355529
"Fe",1829,9.44251518055901,0.394721055788842
"Fe",1830,8.14109380748116,0.58248350329934
"Fe",1831,11.3999689196835,0.200559888022396
"Fe",1832,8.63676585125211,0.510897820435913
"Fe",1833,10.5139345333592,0.276144771045791
"Fe",1834,8.31707910241954,0.559088182363527
"Fe",1835,12.8510126190175,0.106578684263147
"Fe",1836,7.41677535381888,0.702059588082384
"Fe",1837,7.4300924227388,0.699260147970406
"Fe",1838,11.6919234809953,0.178964207158568
"Fe",1839,7.97212378134003,0.608878224355129
"Fe",1840,7.18351571619684,0.736452709458108
"Fe",1841,6.05523731020887,0.883823235352929
"Fe",1842,10.669125697805,0.260747850429914
"Fe",1843,6.13583696448723,0.874025194961008
"Fe",1844,6.48034500595773,0.834633073385323
"Fe",1845,8.17518744805677,0.57628474305139
"Fe",1846,16.2854225144726,0.0225954809038192
"Fe",1847,13.1997335708184,0.092381523695261
"Fe",1848,8.43433043210231,0.540891821635673
"Fe",1849,9.93098131041521,0.338332333533293
"Fe",1850,8.54887948545698,0.524495100979804
"Fe",1851,10.4242179920223,0.28374325134973
"Fe",1852,3.80115728849253,0.997800439912018
"Fe",1853,10.4002625716289,0.284743051389722
"Fe",1854,9.02175894995199,0.45250949810038
"Fe",1855,8.5693994706555,0.521095780843831
"Fe",1856,7.51076283121623,0.688262347530494
"Fe",1857,8.364565492541,0.552689462107579
"Fe",1858,7.68205477411121,0.655068986202759
"Fe",1859,4.880000128148,0.976004799040192
"Fe",1860,6.51528760287292,0.830433913217356
"Fe",1861,11.3409114529355,0.20495900819836
"Fe",1862,12.6107654565156,0.117976404719056
"Fe",1863,8.03745137557394,0.597080583883223
"Fe",1864,8.37535246299558,0.550889822035593
"Fe",1865,12.6134822106433,0.117776444711058
"Fe",1866,14.3941266527785,0.0541891621675665
"Fe",1867,7.89352575251164,0.621675664867027
"Fe",1868,7.49969454371299,0.690461907618476
"Fe",1869,9.0502792014683,0.447310537892422
"Fe",1870,9.75714723498007,0.357928414317137
"Fe",1871,11.4657410496035,0.19496100779844
"Fe",1872,6.41836226614964,0.842031593681264
"Fe",1873,17.275392797538,0.0137972405518896
"Fe",1874,8.56792534564676,0.521495700859828
"Fe",1875,6.19138331861598,0.867626474705059
"Fe",1876,17.7087250057785,0.0105978804239152
"Fe",1877,9.11877226085858,0.439512097580484
"Fe",1878,8.76022011324721,0.493101379724055
"Fe",1879,10.1473484636946,0.313137372525495
"Fe",1880,8.50121978312549,0.530893821235753
"Fe",1881,15.9394767372086,0.0261947610477904
"Fe",1882,8.76016446448969,0.493101379724055
"Fe",1883,8.47354127603487,0.535492901419716
"Fe",1884,10.9494485196472,0.236952609478104
"Fe",1885,5.1792845647723,0.959208158368326
"Fe",1886,11.5852112436847,0.186362727454509
"Fe",1887,9.14889735185267,0.435112977404519
"Fe",1888,11.933816873981,0.161167766446711
"Fe",1889,4.87841604491484,0.976004799040192
"Fe",1890,6.28598852445776,0.85502899420116
"Fe",1891,17.3712176383535,0.0131973605278944
"Fe",1892,11.2927751263692,0.208958208358328
"Fe",1893,11.0106288541051,0.231553689262148
"Fe",1894,15.5099858938737,0.0307938412317536
"Fe",1895,9.4456630071665,0.394121175764847
"Fe",1896,12.2885617859908,0.137572485502899
"Fe",1897,16.731294384925,0.017996400719856
"Fe",1898,3.10435464560643,1
"Fe",1899,7.61351404962829,0.666066786642671
"Fe",1900,8.983062863724,0.457908418316337
"Fe",1901,6.90110106571328,0.781843631273745
"Fe",1902,7.24225750449827,0.727254549090182
"Fe",1903,11.1580725029116,0.219356128774245
"Fe",1904,14.9244229666656,0.0417916416716657
"Fe",1905,8.97182858664917,0.459708058388322
"Fe",1906,10.2897612910325,0.296140771845631
"Fe",1907,7.39597757187892,0.705458908218356
"Fe",1908,8.8713189018228,0.475904819036193
"Fe",1909,11.4413455675964,0.198160367926415
"Fe",1910,8.33156014369365,0.557088582283543
"Fe",1911,13.2740376741446,0.0903819236152769
"Fe",1912,4.02158162211464,0.996000799840032
"Fe",1913,7.32157922308943,0.714457108578284
"Fe",1914,11.5315906081036,0.18996200759848
"Fe",1915,5.10199087198492,0.963007398520296
"Fe",1916,8.65238239762903,0.50869826034793
"Fe",1917,9.71026422193012,0.363927214557089
"Fe",1918,11.5668522924806,0.187962407518496
"Fe",1919,10.2150256403322,0.305738852229554
"Fe",1920,9.37340688505552,0.401919616076785
"Fe",1921,11.7381469876372,0.1749650069986
"Fe",1922,12.5378628903174,0.122175564887023
"Fe",1923,9.98298127834795,0.330733853229354
"Fe",1924,10.4068046728397,0.284543091381724
"Fe",1925,15.5370240896908,0.0305938812237553
"Fe",1926,10.4896763835273,0.277944411117776
"Fe",1927,9.91881172422288,0.338932213557289
"Fe",1928,9.67804747001622,0.368126374725055
"Fe",1929,10.5211665115068,0.275344931013797
"Fe",1930,6.76635082812621,0.801439712057588
"Fe",1931,13.7908374838855,0.0729854029194161
"Fe",1932,7.04225398405606,0.758848230353929
"Fe",1933,6.89342509896142,0.782843431313737
"Fe",1934,7.13321426450631,0.743851229754049
"Fe",1935,7.08081737822987,0.753649270145971
"Fe",1936,10.6297502902019,0.265746850629874
"Fe",1937,6.56799422685438,0.823835232953409
"Fe",1938,7.45301397046552,0.695660867826435
"Fe",1939,6.17008785402356,0.870625874825035
"Fe",1940,7.41825163533494,0.701659668066387
"Fe",1941,7.46545530231336,0.693861227754449
"Fe",1942,6.7032100537177,0.808438312337532
"Fe",1943,7.85907793291426,0.627674465106979
"Fe",1944,8.8490881315042,0.47870425914817
"Fe",1945,16.5966676074164,0.018996200759848
"Fe",1946,11.8521659554128,0.165766846630674
"Fe",1947,10.8411894893611,0.245950809838032
"Fe",1948,12.675606106639,0.114577084583083
"Fe",1949,11.042269796411,0.228954209158168
"Fe",1950,5.96256902610617,0.893821235752849
"Fe",1951,8.93859695455319,0.466706658668266
"Fe",1952,6.54834341519725,0.826034793041392
"Fe",1953,6.73733581302139,0.804439112177564
"Fe",1954,9.78224636324072,0.355728854229154
"Fe",1955,7.2666238737867,0.723655268946211
"Fe",1956,8.33713869103892,0.556688662267547
"Fe",1957,7.40568533893327,0.703859228154369
"Fe",1958,7.13631245134539,0.743451309738052
"Fe",1959,16.1807033849355,0.0237952409518096
"Fe",1960,12.3323071353428,0.13497300539892
"Fe",1961,16.042081605324,0.0247950409918016
"Fe",1962,13.2135731828984,0.0921815636872625
"Fe",1963,9.47214401801089,0.391321735652869
"Fe",1964,7.03448322398511,0.76004799040192
"Fe",1965,6.47388482102241,0.835632873425315
"Fe",1966,8.51510751390265,0.530093981203759
"Fe",1967,9.63822194147556,0.37252549490102
"Fe",1968,8.7794530478406,0.490501899620076
"Fe",1969,8.04799527767619,0.595680863827235
"Fe",1970,8.95181640164353,0.464307138572286
"Fe",1971,7.37195857398535,0.707858428314337
"Fe",1972,8.07028277767729,0.59248150369926
"Fe",1973,6.46213741865566,0.836632673465307
"Fe",1974,7.59487391899802,0.670865826834633
"Fe",1975,8.33109973720781,0.557088582283543
"Fe",1976,5.8973277864749,0.900819836032793
"Fe",1977,20.3800293496959,0.00359928014397121
"Fe",1978,9.84429367634635,0.346530693861228
"Fe",1979,14.98498606133,0.0401919616076785
"Fe",1980,6.66095794082244,0.813237352529494
"Fe",1981,10.6736123244611,0.260147970405919
"Fe",1982,7.19296620362104,0.735252949410118
"Fe",1983,6.54320739127331,0.82623475304939
"Fe",1984,11.5328792446173,0.18996200759848
"Fe",1985,8.29042855808569,0.562287542491502
"Fe",1986,8.25268143579012,0.566886622675465
"Fe",1987,16.537741670424,0.0197960407918416
"Fe",1988,10.1054509998226,0.316136772645471
"Fe",1989,6.9859698484419,0.76744651069786
"Fe",1990,7.75576405013101,0.645870825834833
"Fe",1991,7.73442850869057,0.648270345930814
"Fe",1992,9.45709595654142,0.393121375724855
"Fe",1993,8.42039871139673,0.543091381723655
"Fe",1994,7.60105593217369,0.668866226754649
"Fe",1995,8.58082283987113,0.518296340731854
"Fe",1996,5.61985145528914,0.924215156968606
"Fe",1997,13.1712435649862,0.0931813637272546
"Fe",1998,9.67536246079493,0.368126374725055
"Fe",1999,9.0720849395455,0.445110977804439
"Fe",2000,8.9005757589683,0.471105778844231
"Fe",2001,5.66227668577153,0.919016196760648
"Fe",2002,7.64780793986185,0.660067986402719
"Fe",2003,6.7256074728563,0.805638872225555
"Fe",2004,6.16798583025113,0.870625874825035
"Fe",2005,9.29652531564281,0.4125174965007
"Fe",2006,12.3900336321118,0.130573885222955
"Fe",2007,8.2651261099457,0.565486902619476
"Fe",2008,12.7756566190521,0.109378124375125
"Fe",2009,16.3143212102657,0.021995600879824
"Fe",2010,8.97234507695606,0.459508098380324
"Fe",2011,12.5071554222176,0.124175164967007
"Fe",2012,8.43961539253863,0.540291941611678
"Fe",2013,11.0890137934426,0.2249550089982
"Fe",2014,6.04626596377719,0.885622875424915
"Fe",2015,8.13460180413617,0.584083183363327
"Fe",2016,6.76246129690392,0.801439712057588
"Fe",2017,15.0848056473329,0.0375924815036993
"Fe",2018,11.4787701603098,0.194761047790442
"Fe",2019,6.77978807957544,0.799640071985603
"Fe",2020,13.7964884859355,0.0729854029194161
"Fe",2021,9.66737708957305,0.369126174765047
"Fe",2022,7.9189342271637,0.616676664667067
"Fe",2023,5.68956201761546,0.917416516696661
"Fe",2024,7.70473131277822,0.651069786042791
"Fe",2025,9.53425979227609,0.383323335332933
"Fe",2026,14.6982056491417,0.0471905618876225
"Fe",2027,11.4137557328517,0.1999600079984
"Fe",2028,8.39352478945096,0.54749050189962
"Fe",2029,6.28719010115545,0.85502899420116
"Fe",2030,10.5901471512185,0.26994601079784
"Fe",2031,9.4283155222374,0.397120575884823
"Fe",2032,14.0243405321484,0.0645870825834833
"Fe",2033,7.77774100673076,0.641671665666867
"Fe",2034,5.71182837029377,0.915816836632673
"Fe",2035,6.99264264842051,0.766446710657868
"Fe",2036,6.29242927284409,0.854629074185163
"Fe",2037,6.10383597666453,0.877224555088982
"Fe",2038,9.13301040729601,0.437112577484503
"Fe",2039,10.1826822708244,0.309938012397521
"Fe",2040,9.07480638669003,0.444911017796441
"Fe",2041,6.21627447813589,0.863427314537093
"Fe",2042,8.03654230918272,0.597280543891222
"Fe",2043,8.84852035624732,0.47870425914817
"Fe",2044,11.7302430213851,0.176364727054589
"Fe",2045,6.88232070684268,0.785242951409718
"Fe",2046,8.36091517485565,0.553289342131574
"Fe",2047,7.21363516722272,0.73245350929814
"Fe",2048,12.5853150122741,0.118576284743051
"Fe",2049,4.47644045488877,0.988202359528094
"Fe",2050,14.894928632259,0.0423915216956609
"Fe",2051,12.3363804014819,0.134373125374925
"Fe",2052,9.65175213330969,0.370525894821036
"Fe",2053,10.6959479547899,0.258148370325935
"Fe",2054,7.69126223389279,0.654269146170766
"Fe",2055,12.2211373290815,0.142371525694861
"Fe",2056,6.40906571015927,0.842631473705259
"Fe",2057,10.7436291300036,0.254349130173965
"Fe",2058,13.343716545026,0.0891821635672865
"Fe",2059,7.86488470385066,0.626074785042991
"Fe",2060,12.3286629074423,0.135172965406919
"Fe",2061,7.76358219475992,0.644871025794841
"Fe",2062,6.4508789099105,0.837432513497301
"Fe",2063,10.3901700914554,0.285542891421716
"Fe",2064,8.7405213253607,0.496700659868026
"Fe",2065,8.38737068804511,0.547890421915617
"Fe",2066,9.33030134553957,0.408118376324735
"Fe",2067,6.39478358446385,0.843831233753249
"Fe",2068,8.34369513268283,0.555688862227555
"Fe",2069,8.57442762160969,0.519896020795841
"Fe",2070,5.31369005221259,0.948210357928414
"Fe",2071,7.40493376301373,0.703859228154369
"Fe",2072,13.1689461732333,0.0931813637272546
"Fe",2073,8.56078510904109,0.523495300939812
"Fe",2074,6.13058984368223,0.874625074985003
"Fe",2075,9.87864594240088,0.342931413717257
"Fe",2076,16.6247762288124,0.018996200759848
"Fe",2077,7.94024704108702,0.612277544491102
"Fe",2078,9.57544091292814,0.379924015196961
"Fe",2079,7.45460652495271,0.695460907818436
"Fe",2080,11.019418482099,0.230953809238152
"Fe",2081,9.10790304740544,0.44131173765247
"Fe",2082,9.81154541307444,0.349730053989202
"Fe",2083,12.6856669026263,0.11377724455109
"Fe",2084,6.16956605796864,0.870625874825035
"Fe",2085,11.0812806095782,0.225154969006199
"Fe",2086,15.101878029906,0.0371925614877025
"Fe",2087,9.61852508383407,0.374325134973005
"Fe",2088,6.14011526804327,0.873825234953009
"Fe",2089,11.5991492515339,0.185162967406519
"Fe",2090,6.64932697368312,0.814637072585483
"Fe",2091,11.3176658426366,0.20755848830234
"Fe",2092,10.3295808148663,0.290941811637672
"Fe",2093,17.9143352413729,0.00959808038392321
"Fe",2094,8.61685424223123,0.513497300539892
"Fe",2095,10.8651813330746,0.244151169766047
"Fe",2096,10.4568366257804,0.280543891221756
"Fe",2097,7.5201225538101,0.685262947410518
"Fe",2098,5.09818544272756,0.963407318536293
"Fe",2099,9.79439514507513,0.352929414117177
"Fe",2100,8.42292627036292,0.542891421715657
"Fe",2101,16.0865171210172,0.023995200959808
"Fe",2102,12.5917030742286,0.118376324735053
"Fe",2103,11.7050351241267,0.177964407118576
"Fe",2104,14.4026426451887,0.0541891621675665
"Fe",2105,11.1585183264038,0.219356128774245
"Fe",2106,8.95636102003883,0.462707458508298
"Fe",2107,8.09289961979181,0.589882023595281
"Fe",2108,17.1683571447293,0.0147970405918816
"Fe",2109,6.87616569975933,0.78624275144971
"Fe",2110,6.21131418581385,0.863827234553089
"Fe",2111,8.08265208172455,0.590881823635273
"Fe",2112,9.16463253625096,0.432113577284543
"Fe",2113,12.4358877251973,0.128374325134973
"Fe",2114,14.9561330183958,0.0409918016396721
"Fe",2115,8.46969448964148,0.536092781443711
"Fe",2116,13.2354338894407,0.0913817236552689
"Fe",2117,12.8094630185417,0.108378324335133
"Fe",2118,10.0796565159301,0.318936212757448
"Fe",2119,6.76052031143774,0.801639672065587
"Fe",2120,6.59291265052477,0.821035792841432
"Fe",2121,11.4693816712626,0.19496100779844
"Fe",2122,8.23500184063724,0.569086182763447
"Fe",2123,5.51744656040617,0.932013597280544
"Fe",2124,15.9072998064341,0.0265946810637872
"Fe",2125,6.61433523165084,0.818636272745451
"Fe",2126,8.11816249561764,0.586682663467307
"Fe",2127,7.00007779979552,0.765446910617876
"Fe",2128,9.29896425249078,0.412317536492701
"Fe",2129,10.8457395814485,0.245350929814037
"Fe",2130,9.69580921807807,0.366526694661068
"Fe",2131,9.6740078806465,0.368126374725055
"Fe",2132,8.2490659955283,0.567886422715457
"Fe",2133,3.59690663751451,0.99880023995201
"Fe",2134,6.62917794978281,0.816636672665467
"Fe",2135,7.53673854089587,0.682063587282543
"Fe",2136,8.90069078811675,0.471105778844231
"Fe",2137,9.00421960104569,0.454509098180364
"Fe",2138,8.33444794602137,0.556888622275545
"Fe",2139,13.1415043696433,0.0935812837432514
"Fe",2140,16.5813629340465,0.0191961607678464
"Fe",2141,5.81278672269465,0.907818436312737
"Fe",2142,7.49766163138526,0.690661867626475
"Fe",2143,12.1055554930568,0.150169966006799
"Fe",2144,10.1680041355062,0.311337732453509
"Fe",2145,12.4671299967742,0.126374725054989
"Fe",2146,7.79199451711213,0.639472105578884
"Fe",2147,6.51858172060378,0.830233953209358
"Fe",2148,9.08843204057902,0.44251149770046
"Fe",2149,6.88278361279075,0.785242951409718
"Fe",2150,11.7312005977862,0.176164767046591
"Fe",2151,7.2712729158107,0.722855428914217
"Fe",2152,8.89801940365305,0.471705658868226
"Fe",2153,8.74772816087366,0.495100979804039
"Fe",2154,4.9893329592482,0.969006198760248
"Fe",2155,9.51386300664845,0.385322935412917
"Fe",2156,5.64072194857943,0.921615676864627
"Fe",2157,14.2893713221477,0.0557888422315537
"Fe",2158,7.16412496586523,0.740251949610078
"Fe",2159,6.99693363520544,0.765846830633873
"Fe",2160,6.7072650090364,0.808038392321536
"Fe",2161,7.02600745068665,0.761047790441912
"Fe",2162,11.8626845584466,0.165766846630674
"Fe",2163,9.94484334602026,0.335532893421316
"Fe",2164,8.43596710455301,0.540691861627674
"Fe",2165,4.72167605312913,0.981803639272146
"Fe",2166,13.5532337609276,0.0815836832633473
"Fe",2167,7.15631632435273,0.740851829634073
"Fe",2168,6.32487534302709,0.851629674065187
"Fe",2169,11.1010961386426,0.224555088982204
"Fe",2170,5.57548579488227,0.929014197160568
"Fe",2171,4.8361626499601,0.977604479104179
"Fe",2172,7.96103300518601,0.609478104379124
"Fe",2173,6.13319186510819,0.874425114977005
"Fe",2174,9.22965225880978,0.42251549690062
"Fe",2175,7.90199183916175,0.619276144771046
"Fe",2176,7.58194783576053,0.674265146970606
"Fe",2177,11.8627395494171,0.165766846630674
"Fe",2178,10.5865092583958,0.270145970805839
"Fe",2179,9.56659907203678,0.381323735252949
"Fe",2180,6.52800637082484,0.829434113177364
"Fe",2181,15.3787989527553,0.0325934813037392
"Fe",2182,8.84812339721231,0.47870425914817
"Fe",2183,13.0107000926407,0.0987802439512098
"Fe",2184,9.07919798016334,0.444511097780444
"Fe",2185,7.81666421665614,0.637072585482903
"Fe",2186,4.3657420900326,0.99120175964807
"Fe",2187,10.6803426402956,0.259748050389922
"Fe",2188,7.86919357493309,0.625074985002999
"Fe",2189,7.72604104477477,0.649270145970806
"Fe",2190,8.74687667735819,0.495300939812038
"Fe",2191,8.98434158906959,0.45750849830034
"Fe",2192,8.83874228569462,0.480303939212158
"Fe",2193,4.54008318187638,0.98620275944811
"Fe",2194,10.2092796582474,0.306338732253549
"Fe",2195,7.53084805134728,0.683063387322535
"Fe",2196,12.1080086817194,0.1499700059988
"Fe",2197,8.10642643194601,0.588282343531294
"Fe",2198,5.28865524727183,0.950409918016397
"Fe",2199,13.0784830317119,0.096380723855229
"Fe",2200,6.57899969882158,0.822435512897421
"Fe",2201,17.7983652806083,0.0103979204159168
"Fe",2202,12.9954209705371,0.0997800439912018
"Fe",2203,9.10352332786906,0.441511697660468
"Fe",2204,5.2837551169408,0.950409918016397
"Fe",2205,6.08218177434969,0.880423915216957
"Fe",2206,8.64033321855919,0.510497900419916
"Fe",2207,8.48188473431969,0.534293141371726
"Fe",2208,7.05847890478529,0.757248550289942
"Fe",2209,11.1753185299872,0.21875624875025
"Fe",2210,6.57759323631976,0.822835432913417
"Fe",2211,5.28462603962393,0.950409918016397
"Fe",2212,11.4269595905293,0.19876024795041
"Fe",2213,8.83857046764751,0.480303939212158
"Fe",2214,12.3077897609706,0.137172565486903
"Fe",2215,10.3688148460966,0.288142371525695
"Fe",2216,4.87467917731252,0.976404719056189
"Fe",2217,15.5835127623835,0.0297940411917616
"Fe",2218,7.13249445797371,0.744051189762048
"Fe",2219,11.309484349369,0.208158368326335
"Fe",2220,9.92135798728668,0.338932213557289
"Fe",2221,12.2931856002555,0.137572485502899
"Fe",2222,12.5479448664491,0.121575684863027
"Fe",2223,7.27154364997821,0.722855428914217
"Fe",2224,7.76081352265351,0.645270945810838
"Fe",2225,6.3831162308191,0.84503099380124
"Fe",2226,6.41034524135677,0.842431513697261
"Fe",2227,6.75704833914146,0.802239552089582
"Fe",2228,5.48247012454543,0.934013197360528
"Fe",2229,10.8372752921939,0.246150769846031
"Fe",2230,11.3844319826457,0.201559688062388
"Fe",2231,6.25352444413588,0.860427914417117
"Fe",2232,16.0606593524198,0.0243951209758048
"Fe",2233,9.79872699022357,0.35252949410118
"Fe",2234,6.78305204140349,0.799440111977604
"Fe",2235,11.9584027616772,0.159768046390722
"Fe",2236,9.88353934370733,0.34253149370126
"Fe",2237,7.63657308099309,0.662067586482703
"Fe",2238,7.58784126388471,0.672865426914617
"Fe",2239,7.24924050101308,0.725454909018196
"Fe",2240,11.0366413465617,0.229554089182164
"Fe",2241,7.55068950047897,0.679664067186563
"Fe",2242,7.73566169815757,0.648270345930814
"Fe",2243,6.43367369848053,0.839632073585283
"Fe",2244,8.04495763910612,0.596480703859228
"Fe",2245,6.97416268434895,0.769446110777844
"Fe",2246,11.2492557437627,0.211957608478304
"Fe",2247,11.9210708240896,0.161967606478704
"Fe",2248,9.98943211375226,0.329934013197361
"Fe",2249,16.1171732119069,0.0237952409518096
"Fe",2250,10.2810755998493,0.296740651869626
"Fe",2251,6.65071254170404,0.814437112577485
"Fe",2252,7.70364526701312,0.65126974605079
"Fe",2253,8.27878823361991,0.56368726254749
"Fe",2254,13.4102428289514,0.0875824835032993
"Fe",2255,12.7242045766824,0.112177564487103
"Fe",2256,9.84458088216007,0.346530693861228
"Fe",2257,11.5016772955652,0.192161567686463
"Fe",2258,13.5358509424302,0.0825834833033393
"Fe",2259,12.6515871456885,0.115576884623075
"Fe",2260,12.5744566542002,0.119376124775045
"Fe",2261,6.16868634610353,0.870625874825035
"Fe",2262,6.94620705711597,0.774645070985803
"Fe",2263,10.398680208363,0.284743051389722
"Fe",2264,9.93574218111181,0.336932613477305
"Fe",2265,10.247049391169,0.302139572085583
"Fe",2266,13.6391783902478,0.0777844431113777
"Fe",2267,9.91252239780832,0.339532093581284
"Fe",2268,7.45003580591424,0.695860827834433
"Fe",2269,13.016250751389,0.0985802839432114
"Fe",2270,6.59700600858258,0.820635872825435
"Fe",2271,10.6357713703587,0.264747050589882
"Fe",2272,10.6178769734651,0.266746650669866
"Fe",2273,7.85233827790071,0.629074185162967
"Fe",2274,9.25479558096632,0.420715856828634
"Fe",2275,8.97088050000428,0.459908018396321
"Fe",2276,7.24875170855341,0.725454909018196
"Fe",2277,10.0097870453025,0.327334533093381
"Fe",2278,9.48079065137142,0.390321935612877
"Fe",2279,8.05616965522213,0.594681063787243
"Fe",2280,7.46247224063742,0.694261147770446
"Fe",2281,6.67156015144826,0.812437512497501
"Fe",2282,11.7218033941678,0.176364727054589
"Fe",2283,7.31944875973537,0.714657068586283
"Fe",2284,10.7905118324472,0.249950009998
"Fe",2285,6.81485693391548,0.795840831833633
"Fe",2286,5.21430022383893,0.956408718256349
"Fe",2287,7.13875705303968,0.743251349730054
"Fe",2288,5.77501702736748,0.910617876424715
"Fe",2289,10.0781992403859,0.318936212757448
"Fe",2290,7.52190687359797,0.685062987402519
"Fe",2291,5.08243518796291,0.965606878624275
"Fe",2292,4.09051877315275,0.994401119776045
"Fe",2293,17.5270850705402,0.0115976804639072
"Fe",2294,8.40558390491395,0.546090781843631
"Fe",2295,6.5618199903499,0.824835032993401
"Fe",2296,7.38701785434779,0.70625874825035
"Fe",2297,12.624368864036,0.116976604679064
"Fe",2298,11.2899903349339,0.209358128374325
"Fe",2299,12.7852029453604,0.10877824435113
"Fe",2300,10.2677253509796,0.298940211957609
"Fe",2301,11.420174600775,0.199360127974405
"Fe",2302,6.26399390546638,0.858028394321136
"Fe",2303,9.89923874056478,0.340731853629274
"Fe",2304,14.5631114369213,0.0501899620075985
"Fe",2305,8.41730875676336,0.543891221755649
"Fe",2306,12.9691841956167,0.100379924015197
"Fe",2307,8.77546014145224,0.490901819636073
"Fe",2308,6.74391033315884,0.804039192161568
"Fe",2309,6.32233428949127,0.852229554089182
"Fe",2310,6.65954422057467,0.813237352529494
"Fe",2311,13.2628941616272,0.0907818436312737
"Fe",2312,17.2422695792862,0.013997200559888
"Fe",2313,5.69459762898973,0.916816636672665
"Fe",2314,11.5987138756581,0.185162967406519
"Fe",2315,9.67138473708201,0.369126174765047
"Fe",2316,8.00715663872279,0.602679464107179
"Fe",2317,10.1681868234082,0.311137772445511
"Fe",2318,11.6389756314543,0.182963407318536
"Fe",2319,7.51902460509481,0.685662867426515
"Fe",2320,7.49698864593361,0.690661867626475
"Fe",2321,9.50206135863806,0.387122575484903
"Fe",2322,7.39252933324929,0.705858828234353
"Fe",2323,11.4720079144571,0.19496100779844
"Fe",2324,9.70595294784971,0.364927014597081
"Fe",2325,8.08472904426409,0.590681863627275
"Fe",2326,10.8760759409357,0.243551289742052
"Fe",2327,7.6369551929233,0.662067586482703
"Fe",2328,6.17696864824859,0.87002599480104
"Fe",2329,8.30591076913163,0.560287942411518
"Fe",2330,19.1469475602359,0.00639872025594881
"Fe",2331,8.36149676332161,0.553289342131574
"Fe",2332,9.86686116370787,0.344931013797241
"Fe",2333,9.35045458556374,0.405318936212757
"Fe",2334,18.8792612049574,0.00679864027194561
"Fe",2335,9.89782198801964,0.340731853629274
"Fe",2336,8.9050793404746,0.470905818836233
"Fe",2337,5.60182711285594,0.927414517096581
"Fe",2338,7.2938797681949,0.718856228754249
"Fe",2339,17.5943637119392,0.0115976804639072
"Fe",2340,6.15681853154479,0.872825434913017
"Fe",2341,5.99119516014414,0.891821635672865
"Fe",2342,6.93394874892505,0.776644671065787
"Fe",2343,10.1409677873066,0.313537292541492
"Fe",2344,8.53017479181591,0.527094581083783
"Fe",2345,10.7593127292368,0.253349330133973
"Fe",2346,6.68127154101424,0.811837632473505
"Fe",2347,4.67531446175336,0.983003399320136
"Fe",2348,13.5673932943969,0.0805838832233553
"Fe",2349,22.0768905952665,0.0015996800639872
"Fe",2350,9.00973440928547,0.45370925814837
"Fe",2351,8.38040571673695,0.550089982003599
"Fe",2352,10.0155732332394,0.326534693061388
"Fe",2353,7.400945050264,0.704659068186363
"Fe",2354,5.72803495081642,0.914217156568686
"Fe",2355,8.52037426005981,0.52869426114777
"Fe",2356,5.44769661199879,0.937012597480504
"Fe",2357,11.1450776183626,0.220555888822236
"Fe",2358,11.2757395029666,0.210357928414317
"Fe",2359,14.3653782039583,0.0545890821835633
"Fe",2360,8.08385421997949,0.590681863627275
"Fe",2361,12.6647648021194,0.114777044591082
"Fe",2362,8.64566990983376,0.510297940411918
"Fe",2363,14.0842850700433,0.0621875624875025
"Fe",2364,6.11869164574676,0.876024795040992
"Fe",2365,8.41960315807395,0.543091381723655
"Fe",2366,6.83102373651622,0.792841431713657
"Fe",2367,11.97540082736,0.158568286342731
"Fe",2368,4.690208173809,0.983003399320136
"Fe",2369,7.32754180803934,0.713857228554289
"Fe",2370,8.50510431339117,0.530493901219756
"Fe",2371,9.18910203860062,0.428314337132573
"Fe",2372,6.66916739618389,0.812637472505499
"Fe",2373,7.4409263262163,0.697660467906419
"Fe",2374,7.781369049272,0.641071785642871
"Fe",2375,9.20598231669248,0.426514697060588
"Fe",2376,10.6924950238336,0.25874825034993
"Fe",2377,11.4170720750298,0.199360127974405
"Fe",2378,7.92898872146552,0.613877224555089
"Fe",2379,6.30567978823902,0.853629274145171
"Fe",2380,4.59917564723693,0.984803039392122
"Fe",2381,11.0426016495732,0.228954209158168
"Fe",2382,5.96723408438444,0.893421315736853
"Fe",2383,7.3079803180195,0.716656668666267
"Fe",2384,7.49845095612906,0.690461907618476
"Fe",2385,6.80027642860517,0.79744051189762
"Fe",2386,11.5848019620493,0.186362727454509
"Fe",2387,7.98483482652449,0.607278544291142
"Fe",2388,5.79371534081267,0.909018196360728
"Fe",2389,7.21739562852053,0.732053589282144
"Fe",2390,19.4146784230969,0.00519896020795841
"Fe",2391,12.3271986915122,0.135172965406919
"Fe",2392,9.51852664712624,0.384923015396921
"Fe",2393,6.67306692367802,0.812237552489502
"Fe",2394,5.32624569051012,0.947410517896421
"Fe",2395,11.5666285964988,0.187962407518496
"Fe",2396,6.36206782842281,0.847430513897221
"Fe",2397,10.1579978873844,0.311937612477505
"Fe",2398,9.52505146671763,0.384123175364927
"Fe",2399,3.42601611626793,0.999400119976005
"Fe",2400,7.07596585806377,0.753849230153969
"Fe",2401,6.86523669596366,0.787442511497701
"Fe",2402,6.74645031820125,0.803639272145571
"Fe",2403,11.1193295523788,0.223155368926215
"Fe",2404,7.15174491617313,0.741651669666067
"Fe",2405,14.1579815977626,0.0599880023995201
"Fe",2406,5.85204827253173,0.904219156168766
"Fe",2407,8.98324380718066,0.457908418316337
"Fe",2408,6.97674323230822,0.768446310737852
"Fe",2409,15.5251454676289,0.0305938812237553
"Fe",2410,10.7775070325007,0.251549690061988
"Fe",2411,8.51637681563551,0.529894021195761
"Fe",2412,9.93626844069811,0.336932613477305
"Fe",2413,12.7652700456026,0.10997800439912
"Fe",2414,10.6834441633146,0.259148170365927
"Fe",2415,9.44366776022329,0.394721055788842
"Fe",2416,8.06820587659357,0.593081383723255
"Fe",2417,4.93612789922619,0.972205558888222
"Fe",2418,14.1228126561655,0.0609878024395121
"Fe",2419,7.95128515046338,0.610677864427115
"Fe",2420,14.7337017601421,0.0455908818236353
"Fe",2421,12.9124786490634,0.103179364127175
"Fe",2422,14.3096168437028,0.0553889222155569
"Fe",2423,8.05992438491808,0.594481103779244
"Fe",2424,16.6474134444984,0.0187962407518496
"Fe",2425,11.1886396336986,0.21755648870226
"Fe",2426,8.19347600757632,0.574285142971406
"Fe",2427,6.36259957203714,0.847430513897221
"Fe",2428,8.28953552244559,0.5624875024995
"Fe",2429,11.9153218395552,0.162567486502699
"Fe",2430,11.5847048198511,0.186362727454509
"Fe",2431,11.714638801286,0.177164567086583
"Fe",2432,5.82688371087448,0.905618876224755
"Fe",2433,10.4945654056745,0.277744451109778
"Fe",2434,12.0785518617889,0.152969406118776
"Fe",2435,12.297951496912,0.137372525494901
"Fe",2436,4.71290560228624,0.982003599280144
"Fe",2437,10.7293411016889,0.255748850229954
"Fe",2438,6.35066437477596,0.848830233953209
"Fe",2439,5.17386181352872,0.959608078384323
"Fe",2440,8.75836692144921,0.493101379724055
"Fe",2441,7.51912579562944,0.685662867426515
"Fe",2442,5.60534602719599,0.926814637072585
"Fe",2443,8.45382487662542,0.538492301539692
"Fe",2444,11.3288507646395,0.206558688262348
"Fe",2445,11.8111538819938,0.16876624675065
"Fe",2446,8.90707220669344,0.470905818836233
"Fe",2447,6.75803638592802,0.802039592081584
"Fe",2448,6.3702451857223,0.845830833833233
"Fe",2449,5.7277813691552,0.914217156568686
"Fe",2450,9.89212348908586,0.341531693661268
"Fe",2451,8.64423876904848,0.510297940411918
"Fe",2452,7.14386291048646,0.742651469706059
"Fe",2453,10.0470499350616,0.323535292941412
"Fe",2454,5.65091211542176,0.919416116776645
"Fe",2455,10.3879713672048,0.285742851429714
"Fe",2456,8.0889426432752,0.590081983603279
"Fe",2457,7.13465333297199,0.743651269746051
"Fe",2458,6.78649837826416,0.799040191961608
"Fe",2459,9.86938332589008,0.344331133773245
"Fe",2460,8.61255960623615,0.513897220555889
"Fe",2461,7.68092367942845,0.655468906218756
"Fe",2462,7.05396889635398,0.757648470305939
"Fe",2463,10.7018116714401,0.257748450309938
"Fe",2464,7.82861211924714,0.634673065386923
"Fe",2465,9.17540362984244,0.430713857228554
"Fe",2466,7.85164264607172,0.629274145170966
"Fe",2467,17.2585227761815,0.0137972405518896
"Fe",2468,9.87326252896823,0.34373125374925
"Fe",2469,6.94325020786428,0.774845030993801
"Fe",2470,11.4805370536519,0.194761047790442
"Fe",2471,9.88199092064806,0.342731453709258
"Fe",2472,8.49431253874073,0.532693461307738
"Fe",2473,5.42574197275448,0.938212357528494
"Fe",2474,9.68810160033323,0.367126574685063
"Fe",2475,6.76943201733553,0.800839832033593
"Fe",2476,6.35002908057342,0.848830233953209
"Fe",2477,10.5916583121192,0.269746050789842
"Fe",2478,12.8966859221549,0.104179164167167
"Fe",2479,8.50270229911602,0.530693861227754
"Fe",2480,12.1270028732483,0.149370125974805
"Fe",2481,10.6956120036847,0.258148370325935
"Fe",2482,11.3667293914628,0.203359328134373
"Fe",2483,12.3089018794692,0.137172565486903
"Fe",2484,7.78363469515284,0.640871825634873
"Fe",2485,7.80997681453366,0.637872425514897
"Fe",2486,4.90847967056052,0.974405118976205
"Fe",2487,7.49047061503592,0.692061587682464
"Fe",2488,6.29360806121863,0.854429114177165
"Fe",2489,9.80005642487856,0.352329534093181
"Fe",2490,7.45608898846655,0.695260947810438
"Fe",2491,10.0681894878343,0.320735852829434
"Fe",2492,8.62078913970151,0.5124975004999
"Fe",2493,8.38534352357649,0.548290341931614
"Fe",2494,7.47081392205962,0.693461307738452
"Fe",2495,8.95820817070097,0.462307538492302
"Fe",2496,7.79535670197529,0.639272145570886
"Fe",2497,7.22485283831821,0.730453909218156
"Fe",2498,8.3425584673914,0.556088782243551
"Fe",2499,12.6195765658909,0.117176564687063
"Fe",2500,7.54491861045167,0.680463907218556
"Fe",2501,11.9434383580875,0.160167966406719
"Fe",2502,10.6096403812722,0.267946410717856
"Fe",2503,12.9183643811618,0.103179364127175
"Fe",2504,10.4903205700745,0.277944411117776
"Fe",2505,11.4136465223099,0.1999600079984
"Fe",2506,17.2623623620489,0.0137972405518896
"Fe",2507,11.2073967296433,0.216356728654269
"Fe",2508,6.25589257347167,0.86002799440112
"Fe",2509,7.0067633975045,0.764047190561888
"Fe",2510,8.57972147917434,0.518496300739852
"Fe",2511,14.2028685987628,0.0581883623275345
"Fe",2512,10.721871206707,0.256348730253949
"Fe",2513,7.04886261179522,0.757848430313937
"Fe",2514,10.2329337439901,0.304139172165567
"Fe",2515,5.86241628175108,0.903619276144771
"Fe",2516,8.92942082451626,0.467906418716257
"Fe",2517,6.34609080143078,0.849430113977205
"Fe",2518,7.52846003117187,0.683663267346531
"Fe",2519,9.44755772408561,0.393921215756849
"Fe",2520,8.03704455751965,0.597280543891222
"Fe",2521,5.36188477195377,0.944411117776445
"Fe",2522,8.58164651895842,0.518096380723855
"Fe",2523,17.1696604897798,0.0147970405918816
"Fe",2524,11.5472305712127,0.188962207558488
"Fe",2525,8.94343700702922,0.465106978604279
"Fe",2526,8.91628849436509,0.468906218756249
"Fe",2527,11.7682165933594,0.171965606878624
"Fe",2528,10.9574956428034,0.235752849430114
"Fe",2529,8.46448571984823,0.537292541491702
"Fe",2530,14.3330861691695,0.0551889622075585
"Fe",2531,10.7391586987462,0.255148970205959
"Fe",2532,12.6862157319992,0.11377724455109
"Fe",2533,6.01757097425497,0.888822235552889
"Fe",2534,8.44792891727184,0.539092181563687
"Fe",2535,10.0457545863497,0.32373525294941
"Fe",2536,7.24291413230529,0.727254549090182
"Fe",2537,6.84421036660699,0.79004199160168
"Fe",2538,10.7527877906524,0.253949210157968
"Fe",2539,10.2514167214447,0.301139772045591
"Fe",2540,8.66406471321561,0.506498700259948
"Fe",2541,17.3260747181429,0.0133973205358928
"Fe",2542,8.13089160592116,0.585482903419316
"Fe",2543,6.79688416358087,0.797840431913617
"Fe",2544,7.59571914735278,0.670265946810638
"Fe",2545,8.04057226644633,0.596480703859228
"Fe",2546,10.095874014597,0.317136572685463
"Fe",2547,10.505066356987,0.277344531093781
"Fe",2548,4.15611864453604,0.994001199760048
"Fe",2549,6.59750668178589,0.820635872825435
"Fe",2550,5.05650411291174,0.966606678664267
"Fe",2551,8.16691773512795,0.577884423115377
"Fe",2552,6.96435118270713,0.770845830833833
"Fe",2553,7.50725509676695,0.688462307538492
"Fe",2554,13.8071151199611,0.0727854429114177
"Fe",2555,7.81213133203258,0.6374725054989
"Fe",2556,9.25881577059468,0.420115976804639
"Fe",2557,10.8371695077534,0.246150769846031
"Fe",2558,12.7595816839293,0.110377924415117
"Fe",2559,9.0888899535951,0.44251149770046
"Fe",2560,6.90417759522887,0.781443711257748
"Fe",2561,5.89948087061808,0.900819836032793
"Fe",2562,5.82573298820049,0.905618876224755
"Fe",2563,7.82759999851966,0.635072985402919
"Fe",2564,12.2108752759135,0.142771445710858
"Fe",2565,11.3814438346205,0.201959608078384
"Fe",2566,7.03141470113601,0.760647870425915
"Fe",2567,10.2511747351977,0.301339732053589
"Fe",2568,11.166514434581,0.21875624875025
"Fe",2569,6.96707262900858,0.770445910817836
"Fe",2570,8.95189573743113,0.464307138572286
"Fe",2571,7.95496925229924,0.609878024395121
"Fe",2572,8.52848973919305,0.527294541091782
"Fe",2573,11.064284075325,0.226354729054189
"Fe",2574,12.4903334451762,0.124975004999
"Fe",2575,7.44495664370302,0.69746050789842
"Fe",2576,9.88591964479355,0.342331533693261
"Fe",2577,9.08138073577297,0.44371125774845
"Fe",2578,8.18840264675416,0.575084983003399
"Fe",2579,7.68674556704715,0.654269146170766
"Fe",2580,6.1376689614292,0.873825234953009
"Fe",2581,10.3642891650839,0.288542291541692
"Fe",2582,8.39552845881164,0.54749050189962
"Fe",2583,6.46101562685702,0.836632673465307
"Fe",2584,13.7276811930991,0.0743851229754049
"Fe",2585,7.06796574097484,0.756048790241952
"Fe",2586,7.99948915300675,0.605278944211158
"Fe",2587,8.60584976415615,0.514897020595881
"Fe",2588,13.201401716867,0.092381523695261
"Fe",2589,4.70883272088511,0.982003599280144
"Fe",2590,4.46892548909088,0.988202359528094
"Fe",2591,7.77007798521564,0.643671265746851
"Fe",2592,13.5196092103743,0.0837832433513297
"Fe",2593,10.0783134528142,0.318936212757448
"Fe",2594,6.9243167834932,0.778444311137772
"Fe",2595,6.51932429360232,0.830233953209358
"Fe",2596,8.23046456799943,0.570485902819436
"Fe",2597,10.9752645827733,0.234753049390122
"Fe",2598,7.96683280540179,0.609078184363127
"Fe",2599,7.381843732985,0.707058588282344
"Fe",2600,9.28510359019134,0.415516896620676
"Fe",2601,7.02117960720949,0.761447710457908
"Fe",2602,9.68465345554097,0.367726454709058
"Fe",2603,16.3283282155905,0.021995600879824
"Fe",2604,8.387493550187,0.547890421915617
"Fe",2605,7.35757691851663,0.709458108378324
"Fe",2606,10.3474127048477,0.289742051589682
"Fe",2607,6.99296052662447,0.766446710657868
"Fe",2608,8.15347662510871,0.580483903219356
"Fe",2609,8.53987276450621,0.525694861027794
"Fe",2610,6.10269324061787,0.877624475104979
"Fe",2611,6.87001064692821,0.786842631473705
"Fe",2612,9.1575836954691,0.433113377324535
"Fe",2613,5.75987523112275,0.911817636472705
"Fe",2614,8.89950709423465,0.47130573885223
"Fe",2615,10.2529098464641,0.300739852029594
"Fe",2616,6.97922286592626,0.768046390721856
"Fe",2617,8.6838086579601,0.504099180163967
"Fe",2618,7.31974454021423,0.714657068586283
"Fe",2619,9.1243580210064,0.438312337532493
"Fe",2620,8.40770457016353,0.545690861827634
"Fe",2621,8.15166264200428,0.580483903219356
"Fe",2622,7.18237503738203,0.736452709458108
"Fe",2623,7.40600511406751,0.703859228154369
"Fe",2624,10.9151457674941,0.239752049590082
"Fe",2625,9.06863910608816,0.445310937812438
"Fe",2626,13.6818620883934,0.0759848030393921
"Fe",2627,8.87007336079347,0.475904819036193
"Fe",2628,9.13440649049926,0.437112577484503
"Fe",2629,7.0992668536812,0.750649870025995
"Fe",2630,6.43335882773226,0.839632073585283
"Fe",2631,9.48402299779389,0.390121975604879
"Fe",2632,9.40597534375365,0.399920015996801
"Fe",2633,19.1602279448484,0.00619876024795041
"Fe",2634,14.1108557648026,0.0615876824635073
"Fe",2635,8.49837956932177,0.531693661267746
"Fe",2636,6.6005482108684,0.82003599280144
"Fe",2637,13.4130562107496,0.0873825234953009
"Fe",2638,11.9432407776006,0.160167966406719
"Fe",2639,7.90192860277878,0.619476104779044
"Fe",2640,6.80998597868749,0.796040791841632
"Fe",2641,9.76674636102942,0.35752849430114
"Fe",2642,11.7094703436815,0.177964407118576
"Fe",2643,7.62489336730701,0.663467306538692
"Fe",2644,10.8653223740758,0.244151169766047
"Fe",2645,9.14878589962413,0.435112977404519
"Fe",2646,8.56898651033626,0.52129574085183
"Fe",2647,9.50746746420216,0.386322735452909
"Fe",2648,7.69952903694843,0.651669666066787
"Fe",2649,7.15179458379714,0.741651669666067
"Fe",2650,8.04866255100356,0.595480903819236
"Fe",2651,9.14377189562749,0.435912817436513
"Fe",2652,12.0323909345396,0.156368726254749
"Fe",2653,8.85213846297867,0.478304339132174
"Fe",2654,6.75986156781356,0.801839632073585
"Fe",2655,7.02202471257667,0.76124775044991
"Fe",2656,8.62013451008235,0.5124975004999
"Fe",2657,10.802164218252,0.248950209958008
"Fe",2658,6.3322826698415,0.851029794041192
"Fe",2659,12.1838279540342,0.14497100579884
"Fe",2660,9.43234360289628,0.396320735852829
"Fe",2661,7.11526329840132,0.747850429914017
"Fe",2662,8.12762408545514,0.585882823435313
"Fe",2663,7.15774353497309,0.740651869626075
"Fe",2664,8.74696892742216,0.495300939812038
"Fe",2665,5.43241462040007,0.937812437512498
"Fe",2666,8.10346813062901,0.588682263547291
"Fe",2667,6.39374880715897,0.843831233753249
"Fe",2668,6.3040496050009,0.853629274145171
"Fe",2669,12.146632282834,0.148570285942811
"Fe",2670,7.6659123296765,0.658068386322735
"Fe",2671,8.96765427170126,0.460107978404319
"Fe",2672,4.75189993606872,0.980603879224155
"Fe",2673,10.9230453475103,0.238952209558088
"Fe",2674,13.8495394330738,0.0715856828634273
"Fe",2675,6.71289649770662,0.80743851229754
"Fe",2676,4.10983617740166,0.994201159768046
"Fe",2677,7.43707380194539,0.698060387922416
"Fe",2678,9.03658804630425,0.449710057988402
"Fe",2679,8.87952358509654,0.474305138972206
"Fe",2680,9.5383876540842,0.383123375324935
"Fe",2681,9.98419012707535,0.330733853229354
"Fe",2682,9.26486287865825,0.419316136772645
"Fe",2683,9.04104031873442,0.448510297940412
"Fe",2684,12.0586520252557,0.154169166166767
"Fe",2685,11.4151679385249,0.199760047990402
"Fe",2686,7.742974005127,0.646870625874825
"Fe",2687,10.7766326042653,0.251749650069986
"Fe",2688,7.2915399732498,0.719256148770246
"Fe",2689,11.0713782199753,0.226154769046191
"Fe",2690,7.1425587917069,0.743051389722056
"Fe",2691,7.57009608177574,0.67626474705059
"Fe",2692,12.1974074965597,0.143171365726855
"Fe",2693,6.83574435767537,0.791841631673665
"Fe",2694,7.77228106685089,0.643471305738852
"Fe",2695,7.76625276442556,0.644071185762847
"Fe",2696,9.29715025397638,0.412317536492701
"Fe",2697,9.86825346422563,0.344731053789242
"Fe",2698,10.05277320936,0.323135372925415
"Fe",2699,6.67804806167985,0.812037592481504
"Fe",2700,6.20511530410937,0.864627074585083
"Fe",2701,4.08419916416011,0.994601079784043
"Fe",2702,6.79221692587029,0.797840431913617
"Fe",2703,11.2488031539673,0.211957608478304
"Fe",2704,10.5674993500348,0.271945610877824
"Fe",2705,5.66990113031476,0.918416316736653
"Fe",2706,7.98897739941307,0.607078584283143
"Fe",2707,12.431841181059,0.128374325134973
"Fe",2708,7.07272107668607,0.754849030193961
"Fe",2709,7.07542169679257,0.754249150169966
"Fe",2710,13.8066663669194,0.0727854429114177
"Fe",2711,7.79562439925425,0.639272145570886
"Fe",2712,8.32932961140114,0.557288542291542
"Fe",2713,9.28133815367264,0.415916816636673
"Fe",2714,13.393207182777,0.0877824435112977
"Fe",2715,7.27376165073579,0.722255548890222
"Fe",2716,7.93341098791632,0.613477304539092
"Fe",2717,8.26701181037569,0.565486902619476
"Fe",2718,6.73440862699087,0.80503899220156
"Fe",2719,10.3943771763359,0.285542891421716
"Fe",2720,7.05753723997171,0.757248550289942
"Fe",2721,4.64058002134948,0.984403119376125
"Fe",2722,9.56939533482497,0.381123775244951
"Fe",2723,7.44189158990588,0.697660467906419
"Fe",2724,8.26180157686284,0.566086782643471
"Fe",2725,14.5662397758682,0.0501899620075985
"Fe",2726,8.01335838675163,0.601479704059188
"Fe",2727,6.04557232077013,0.885622875424915
"Fe",2728,9.30850844544165,0.410917816436713
"Fe",2729,7.11728504715052,0.747650469906019
"Fe",2730,12.3488645605277,0.13377324535093
"Fe",2731,8.38269210295897,0.548890221955609
"Fe",2732,9.76410437419783,0.35752849430114
"Fe",2733,11.2041314692925,0.216956608678264
"Fe",2734,10.3737336553803,0.287742451509698
"Fe",2735,11.0640897950151,0.226354729054189
"Fe",2736,8.17446226695418,0.57628474305139
"Fe",2737,9.23678405748021,0.422115576884623
"Fe",2738,6.85677585578807,0.788642271545691
"Fe",2739,5.64439895476195,0.921415716856629
"Fe",2740,10.5043256076742,0.277344531093781
"Fe",2741,11.3921226381672,0.201159768046391
"Fe",2742,12.6068197780627,0.117976404719056
"Fe",2743,8.18237748612583,0.575684863027395
"Fe",2744,7.02576260741807,0.761047790441912
"Fe",2745,5.23232420886862,0.955808838232354
"Fe",2746,10.1801366202554,0.309938012397521
"Fe",2747,7.25478743940735,0.725254949010198
"Fe",2748,10.7202457155352,0.256548690261948
"Fe",2749,13.7879529586927,0.0729854029194161
"Fe",2750,7.36894919321543,0.708058388322336
"Fe",2751,12.629532321728,0.116776644671066
"Fe",2752,6.83543073091556,0.792041591681664
"Fe",2753,9.60089383074541,0.376724655068986
"Fe",2754,6.26164514360789,0.858428314337133
"Fe",2755,7.93145044040733,0.613477304539092
"Fe",2756,10.3151734186422,0.293141371725655
"Fe",2757,10.7788023226043,0.251349730053989
"Fe",2758,11.3555642274276,0.204159168166367
"Fe",2759,14.7894301228643,0.0451909618076385
"Fe",2760,8.38307360801841,0.548890221955609
"Fe",2761,9.29601920625572,0.412717456508698
"Fe",2762,7.10691771218916,0.749650069986003
"Fe",2763,8.62502450069445,0.511897620475905
"Fe",2764,10.6453894751307,0.26374725054989
"Fe",2765,12.1570189642284,0.147970405918816
"Fe",2766,9.24503156807938,0.421715656868626
"Fe",2767,9.03541165404118,0.449710057988402
"Fe",2768,7.2290810516721,0.729654069186163
"Fe",2769,9.16781273814595,0.43131373725255
"Fe",2770,5.56996634001857,0.929014197160568
"Fe",2771,7.83427085123117,0.633273345330934
"Fe",2772,22.0243021309502,0.0015996800639872
"Fe",2773,8.63520186317893,0.511097780443911
"Fe",2774,10.8391455158967,0.246150769846031
"Fe",2775,8.53345593216935,0.526694661067786
"Fe",2776,7.59712455257596,0.67006598680264
"Fe",2777,11.5931171924558,0.185562887422516
"Fe",2778,5.31249643837634,0.948210357928414
"Fe",2779,6.67697621126996,0.812037592481504
"Fe",2780,6.88254460851917,0.785242951409718
"Fe",2781,9.53414999953108,0.383323335332933
"Fe",2782,7.9142684105735,0.617876424715057
"Fe",2783,4.9933688045015,0.969006198760248
"Fe",2784,7.41201126860756,0.703259348130374
"Fe",2785,8.35097270289938,0.554489102179564
"Fe",2786,6.96521663671552,0.770845830833833
"Fe",2787,12.3929515259469,0.130373925214957
"Fe",2788,6.81361371935708,0.795840831833633
"Fe",2789,8.91912318333468,0.468906218756249
"Fe",2790,9.9708533788945,0.33253349330134
"Fe",2791,7.52088281630648,0.685262947410518
"Fe",2792,5.84665843230101,0.904819036192761
"Fe",2793,6.42561546630404,0.84123175364927
"Fe",2794,11.8933725871793,0.163567286542691
"Fe",2795,7.93755967684207,0.612877424515097
"Fe",2796,5.7683018835437,0.911417716456709
"Fe",2797,11.5178826871286,0.190561887622476
"Fe",2798,10.5692605760238,0.271745650869826
"Fe",2799,8.79187824662949,0.488902219556089
"Fe",2800,8.39301338838331,0.54749050189962
"Fe",2801,8.18087092557761,0.576084783043391
"Fe",2802,8.67176994074794,0.505498900219956
"Fe",2803,11.9818102325895,0.158568286342731
"Fe",2804,8.49576333779838,0.532093581283743
"Fe",2805,15.4482997466559,0.0317936412717457
"Fe",2806,7.40301259044659,0.704459108178364
"Fe",2807,5.75333616459653,0.912817436512697
"Fe",2808,8.64608549588888,0.510297940411918
"Fe",2809,15.6894394461189,0.0283943211357728
"Fe",2810,6.04810854612015,0.885422915416917
"Fe",2811,8.25271275042644,0.566886622675465
"Fe",2812,7.81792713973269,0.636872625474905
"Fe",2813,8.00643464422802,0.602879424115177
"Fe",2814,7.657986616469,0.658868226354729
"Fe",2815,16.2741417604007,0.0225954809038192
"Fe",2816,6.18637616508553,0.868426314737053
"Fe",2817,14.3745078715318,0.0545890821835633
"Fe",2818,9.80338687922227,0.351729654069186
"Fe",2819,8.60869390681822,0.514297140571886
"Fe",2820,9.51486458981648,0.385122975404919
"Fe",2821,11.0225884265386,0.230953809238152
"Fe",2822,11.1846276666673,0.218156368726255
"Fe",2823,10.4498537634262,0.280943811237752
"Fe",2824,10.9991198630404,0.232753449310138
"Fe",2825,5.29245035377494,0.949810037992401
"Fe",2826,12.4222249235695,0.12877424515097
"Fe",2827,7.38490129485609,0.70625874825035
"Fe",2828,8.56360964873191,0.522295540891822
"Fe",2829,13.932913829963,0.0675864827034593
"Fe",2830,7.61827951061488,0.665066986602679
"Fe",2831,6.84728385505653,0.789842031593681
"Fe",2832,11.2804054647412,0.210157968406319
"Fe",2833,13.2685418125575,0.0903819236152769
"Fe",2834,10.6487332979586,0.263547290541892
"Fe",2835,8.71701745415788,0.499300139972006
"Fe",2836,9.60954175217032,0.374925014997001
"Fe",2837,7.77417986189084,0.643471305738852
"Fe",2838,11.0012312733632,0.232153569286143
"Fe",2839,12.6117798669465,0.117976404719056
"Fe",2840,8.94764723139323,0.464707058588282
"Fe",2841,9.79500128587574,0.352729454109178
"Fe",2842,10.7323225668072,0.255548890221956
"Fe",2843,9.08781439371779,0.442711457708458
"Fe",2844,7.38479175370679,0.70625874825035
"Fe",2845,5.96197749499584,0.893821235752849
"Fe",2846,8.85844002214708,0.47750449910018
"Fe",2847,6.01831496469504,0.888822235552889
"Fe",2848,5.76152518004824,0.911817636472705
"Fe",2849,14.099638579227,0.0619876024795041
"Fe",2850,7.04328047805751,0.758648270345931
"Fe",2851,5.29766520125088,0.949410117976405
"Fe",2852,6.28923608661185,0.854829034193161
"Fe",2853,13.0497818540783,0.0969806038792242
"Fe",2854,9.31393692061309,0.409918016396721
"Fe",2855,8.71397726754083,0.499900019996001
"Fe",2856,12.171444234762,0.146570685862827
"Fe",2857,7.62285658815196,0.663667266546691
"Fe",2858,11.7571170155788,0.173565286942611
"Fe",2859,7.2962878098248,0.718656268746251
"Fe",2860,10.3036836179611,0.293941211757648
"Fe",2861,7.9887765320432,0.607078584283143
"Fe",2862,9.67884872089971,0.368126374725055
"Fe",2863,10.2722722073435,0.297940411917616
"Fe",2864,7.60818324115581,0.667266546690662
"Fe",2865,9.56652844704684,0.381323735252949
"Fe",2866,6.43662413075441,0.839432113577285
"Fe",2867,8.61195140658334,0.513897220555889
"Fe",2868,7.8295770097105,0.634473105378924
"Fe",2869,10.2232759594472,0.304739052189562
"Fe",2870,9.68855000666409,0.367126574685063
"Fe",2871,6.59910946409812,0.820435912817437
"Fe",2872,6.14167132845796,0.873625274945011
"Fe",2873,12.0311826666425,0.156368726254749
"Fe",2874,8.27872269778715,0.56368726254749
"Fe",2875,11.4178703433336,0.199360127974405
"Fe",2876,12.1144836542769,0.149770045990802
"Fe",2877,17.4605472478438,0.0121975604879024
"Fe",2878,8.07841570569545,0.59128174365127
"Fe",2879,6.62570896561883,0.816836632673465
"Fe",2880,7.53021005899117,0.683463307338532
"Fe",2881,7.80947897138313,0.637872425514897
"Fe",2882,9.02387994351798,0.452109578084383
"Fe",2883,7.87846299810084,0.624075184963007
"Fe",2884,9.23047413399973,0.42251549690062
"Fe",2885,6.28302659696038,0.855628874225155
"Fe",2886,8.41590739056866,0.544091181763647
"Fe",2887,13.8764475396773,0.0699860027994401
"Fe",2888,11.4412852934621,0.198160367926415
"Fe",2889,11.4941979785702,0.193961207758448
"Fe",2890,5.04997521992317,0.967006598680264
"Fe",2891,15.4471249783457,0.0319936012797441
"Fe",2892,13.322208865735,0.0893821235752849
"Fe",2893,8.08875615360873,0.590081983603279
"Fe",2894,10.6772141296887,0.259748050389922
"Fe",2895,7.92597805282702,0.614077184563087
"Fe",2896,6.31610394050304,0.852829434113177
"Fe",2897,10.1070472656471,0.316136772645471
"Fe",2898,7.59232221905089,0.671665666866627
"Fe",2899,7.92750470576567,0.614077184563087
"Fe",2900,5.30498556379214,0.948610277944411
"Fe",2901,10.4507256985895,0.280743851229754
"Fe",2902,6.11059468770503,0.87622475504899
"Fe",2903,5.38143047415664,0.942411517696461
"Fe",2904,9.94893252859583,0.335132973405319
"Fe",2905,11.7820240548338,0.170565886822635
"Fe",2906,13.0611449235373,0.0967806438712258
"Fe",2907,4.71389404069002,0.982003599280144
"Fe",2908,5.17410840282145,0.959608078384323
"Fe",2909,20.9971135264155,0.0027994401119776
"Fe",2910,7.65478327750546,0.659468106378724
"Fe",2911,10.3831352903607,0.286142771445711
"Fe",2912,8.27027445753842,0.565086982603479
"Fe",2913,10.400468977819,0.284743051389722
"Fe",2914,9.80272792801206,0.351729654069186
"Fe",2915,7.54904164879784,0.679664067186563
"Fe",2916,6.85622908190311,0.788642271545691
"Fe",2917,7.74156573994259,0.646870625874825
"Fe",2918,7.04374850950465,0.758648270345931
"Fe",2919,15.5018353693439,0.0307938412317536
"Fe",2920,10.4064133593252,0.284543091381724
"Fe",2921,10.6468907775944,0.263547290541892
"Fe",2922,12.7235797011215,0.112177564487103
"Fe",2923,7.38630051639396,0.70625874825035
"Fe",2924,6.72588567611172,0.805638872225555
"Fe",2925,6.95264092958627,0.773645270945811
"Fe",2926,8.32095103879354,0.558288342331534
"Fe",2927,10.4389299868101,0.282343531293741
"Fe",2928,9.15764682388036,0.433113377324535
"Fe",2929,9.02353984726994,0.452309538092382
"Fe",2930,5.72103361829949,0.915216956608678
"Fe",2931,8.80479889280221,0.486502699460108
"Fe",2932,9.08559964551914,0.442911417716457
"Fe",2933,15.1566066621284,0.0357928414317137
"Fe",2934,6.01304430846093,0.889422115576885
"Fe",2935,7.19300605896751,0.735252949410118
"Fe",2936,10.6020746321712,0.268146370725855
"Fe",2937,10.5246206924342,0.274745050989802
"Fe",2938,14.9532941740116,0.0411917616476705
"Fe",2939,7.80568361474258,0.638272345530894
"Fe",2940,8.2764404042186,0.564087182563487
"Fe",2941,14.5539122561327,0.0505898820235953
"Fe",2942,7.83998127742203,0.632073585282943
"Fe",2943,6.82629134331603,0.793441311737652
"Fe",2944,11.2642161407137,0.210957808438312
"Fe",2945,10.1913857672669,0.308338332333533
"Fe",2946,11.8635225546989,0.165766846630674
"Fe",2947,6.21590349701511,0.863427314537093
"Fe",2948,8.53999962131752,0.525694861027794
"Fe",2949,7.53056512357554,0.683063387322535
"Fe",2950,17.1073101413955,0.0155968806238752
"Fe",2951,9.83084797170284,0.347330533893221
"Fe",2952,12.1300691598116,0.148970205958808
"Fe",2953,9.69176719047636,0.366726654669066
"Fe",2954,7.01158426374863,0.763847230553889
"Fe",2955,11.7612995410689,0.173165366926615
"Fe",2956,10.2743315377387,0.29754049190162
"Fe",2957,9.35965076197016,0.404119176164767
"Fe",2958,6.93955545269978,0.775444911017796
"Fe",2959,9.08798684723456,0.44251149770046
"Fe",2960,10.2600378120583,0.2999400119976
"Fe",2961,5.770270341307,0.91121775644871
"Fe",2962,9.03414396682516,0.449910017996401
"Fe",2963,5.22642206148879,0.956008798240352
"Fe",2964,6.08744937959862,0.879824035192961
"Fe",2965,16.6375252167311,0.018996200759848
"Fe",2966,7.00632013602268,0.764047190561888
"Fe",2967,7.26338757581294,0.723655268946211
"Fe",2968,5.71606647581862,0.915616876624675
"Fe",2969,10.580654542689,0.270745850829834
"Fe",2970,7.60226268958712,0.668866226754649
"Fe",2971,11.3341612843412,0.206158768246351
"Fe",2972,8.21427544823413,0.571685662867427
"Fe",2973,9.86727638283966,0.344931013797241
"Fe",2974,12.9918301245976,0.0997800439912018
"Fe",2975,15.8774929472117,0.0267946410717856
"Fe",2976,6.93617359208679,0.776444711057788
"Fe",2977,9.42606128663678,0.397120575884823
"Fe",2978,7.2493956999179,0.725254949010198
"Fe",2979,8.19533615322283,0.573685262947411
"Fe",2980,7.86497625019817,0.626074785042991
"Fe",2981,7.12343234356965,0.746050789842032
"Fe",2982,6.28597911608296,0.85502899420116
"Fe",2983,10.1228079204855,0.315136972605479
"Fe",2984,8.42441645326733,0.542691461707658
"Fe",2985,7.5556819859577,0.679064187162567
"Fe",2986,7.16969064104823,0.738652269546091
"Fe",2987,6.82094929806738,0.794841031793641
"Fe",2988,8.95559029471389,0.462707458508298
"Fe",2989,10.1845922124306,0.309538092381524
"Fe",2990,11.1246488451879,0.222755448910218
"Fe",2991,7.27354730048935,0.722255548890222
"Fe",2992,7.99361612558121,0.60627874425115
"Fe",2993,11.3861079193673,0.201359728054389
"Fe",2994,10.3351567950193,0.290941811637672
"Fe",2995,12.3944772617866,0.130373925214957
"Fe",2996,6.28931393854504,0.854829034193161
"Fe",2997,8.44043832129492,0.540291941611678
"Fe",2998,13.0950388277578,0.0961807638472306
"Fe",2999,11.7617472527941,0.172965406918616
"Fe",3000,10.7246598283665,0.256148770245951
"Fe",3001,8.82524555305491,0.482903419316137
"Fe",3002,10.2744943116725,0.297340531893621
"Fe",3003,4.46302055643787,0.988402319536093
"Fe",3004,7.92222379755123,0.615476904619076
"Fe",3005,6.60006815069642,0.820235952809438
"Fe",3006,12.9424652413269,0.101579684063187
"Fe",3007,9.35545058807881,0.404519096180764
"Fe",3008,16.6700304475556,0.0185962807438512
"Fe",3009,5.52238354509984,0.931613677264547
"Fe",3010,11.5092744219555,0.191161767646471
"Fe",3011,7.57433196323151,0.675464907018596
"Fe",3012,13.443415479883,0.0867826434713057
"Fe",3013,5.15848573086984,0.961007798440312
"Fe",3014,8.78714995470722,0.489302139572086
"Fe",3015,11.8196200022911,0.168366326734653
"Fe",3016,9.15568545085193,0.433913217356529
"Fe",3017,10.0916095104464,0.317336532693461
"Fe",3018,10.1451799731089,0.313537292541492
"Fe",3019,6.73482632438984,0.80503899220156
"Fe",3020,11.1921093913615,0.21755648870226
"Fe",3021,9.27017637785815,0.418316336732653
"Fe",3022,8.64836825739542,0.510097980403919
"Fe",3023,8.91009707191469,0.470305938812238
"Fe",3024,8.28931168556201,0.5624875024995
"Fe",3025,10.9551845079453,0.235952809438112
"Fe",3026,8.12762158698274,0.585882823435313
"Fe",3027,8.83701259376306,0.480903819236153
"Fe",3028,7.5018199004727,0.690261947610478
"Fe",3029,9.678326477459,0.368126374725055
"Fe",3030,12.8320536530304,0.106978604279144
"Fe",3031,8.95352769523151,0.464107178564287
"Fe",3032,6.13839437425497,0.873825234953009
"Fe",3033,8.33234356296813,0.557088582283543
"Fe",3034,13.7220263670435,0.0743851229754049
"Fe",3035,9.24330988713425,0.421715656868626
"Fe",3036,8.27230215150868,0.564487102579484
"Fe",3037,5.57508535567848,0.929014197160568
"Fe",3038,14.0231342983456,0.0645870825834833
"Fe",3039,4.70235760858799,0.982403519296141
"Fe",3040,7.48406888051198,0.692261547690462
"Fe",3041,6.93436998005419,0.776444711057788
"Fe",3042,6.76434185587479,0.801439712057588
"Fe",3043,7.60169310986615,0.668866226754649
"Fe",3044,10.2815275167532,0.296740651869626
"Fe",3045,7.28016552090918,0.721655668866227
"Fe",3046,9.69458269290024,0.366726654669066
"Fe",3047,11.1594208262601,0.219156168766247
"Fe",3048,5.60075896431252,0.927414517096581
"Fe",3049,8.13551744869079,0.583483303339332
"Fe",3050,13.4051530257609,0.0877824435112977
"Fe",3051,6.96519796302607,0.770845830833833
"Fe",3052,10.842589414427,0.245750849830034
"Fe",3053,6.65720476029745,0.813637272545491
"Fe",3054,15.2597593301384,0.0335932813437313
"Fe",3055,6.32424918633245,0.851629674065187
"Fe",3056,8.16839018455525,0.57748450309938
"Fe",3057,10.5291546791364,0.274545090981804
"Fe",3058,7.63222429108771,0.6624675064987
"Fe",3059,3.71070984004101,0.998400319936013
"Fe",3060,11.4686599343609,0.19496100779844
"Fe",3061,6.37077562722013,0.845830833833233
"Fe",3062,6.12916803285566,0.874825034993001
"Fe",3063,7.67503308331558,0.65626874625075
"Fe",3064,9.06551386336665,0.445710857828434
"Fe",3065,8.37142379933091,0.55128974205159
"Fe",3066,10.5470422006495,0.27254549090182
"Fe",3067,6.74805608665685,0.803439312137572
"Fe",3068,8.15459977798051,0.580483903219356
"Fe",3069,7.45158745671861,0.695660867826435
"Fe",3070,12.0089609792857,0.157568486302739
"Fe",3071,6.64923330118123,0.814637072585483
"Fe",3072,8.91122801546547,0.469906018796241
"Fe",3073,6.72621405113591,0.805438912217556
"Fe",3074,10.6618601182947,0.261947610477904
"Fe",3075,6.1279468243614,0.875024995001
"Fe",3076,7.2644992665121,0.723655268946211
"Fe",3077,4.70393796747175,0.982403519296141
"Fe",3078,7.49298486429643,0.691861627674465
"Fe",3079,6.70205775200978,0.808838232353529
"Fe",3080,5.39209858597926,0.941411717656469
"Fe",3081,9.44543407713977,0.394121175764847
"Fe",3082,9.5171351134922,0.384923015396921
"Fe",3083,5.32515470888161,0.947410517896421
"Fe",3084,3.86656261934291,0.997800439912018
"Fe",3085,11.1276424901206,0.222155568886223
"Fe",3086,13.8785814412528,0.0697860427914417
"Fe",3087,9.07576731960907,0.444911017796441
"Fe",3088,12.7422029965205,0.110777844431114
"Fe",3089,14.509739788328,0.0517896420715857
"Fe",3090,10.0786850667351,0.318936212757448
"Fe",3091,11.0875944829344,0.2249550089982
"Fe",3092,7.34244173939194,0.712057588482303
"Fe",3093,6.90817634652268,0.781443711257748
"Fe",3094,12.2374447958085,0.141171765646871
"Fe",3095,14.0948981309554,0.0619876024795041
"Fe",3096,6.8244145547569,0.794041191761648
"Fe",3097,11.1522392692012,0.21995600879824
"Fe",3098,21.1955331014282,0.0021995600879824
"Fe",3099,11.243485024156,0.212157568486303
"Fe",3100,5.03691158786046,0.967206558688262
"Fe",3101,11.257502270456,0.211157768446311
"Fe",3102,9.08278836253047,0.44371125774845
"Fe",3103,7.73098290442206,0.648470305938812
"Fe",3104,5.94993556161177,0.895620875824835
"Fe",3105,13.9839607407509,0.0665866826634673
"Fe",3106,12.0937125904901,0.151969606078784
"Fe",3107,5.13554962936234,0.962207558488302
"Fe",3108,12.4641153041493,0.126374725054989
"Fe",3109,6.60942882992495,0.819436112777445
"Fe",3110,7.5477074443244,0.679664067186563
"Fe",3111,8.03061728789353,0.598680263947211
"Fe",3112,7.06445177176826,0.756648670265947
"Fe",3113,7.17582697350855,0.737252549490102
"Fe",3114,9.9814881132329,0.331133773245351
"Fe",3115,7.41150679305105,0.703459308138372
"Fe",3116,14.0333101976781,0.0643871225754849
"Fe",3117,9.10887933509974,0.44131173765247
"Fe",3118,11.7319632873957,0.176164767046591
"Fe",3119,5.66342276422371,0.919016196760648
"Fe",3120,10.8556900054746,0.244551089782044
"Fe",3121,6.02753189148365,0.887622475504899
"Fe",3122,7.26245421818857,0.724055188962208
"Fe",3123,8.6410973918365,0.510297940411918
"Fe",3124,8.83581871317045,0.48130373925215
"Fe",3125,13.2361138579083,0.0913817236552689
"Fe",3126,9.4763467031205,0.390721855628874
"Fe",3127,8.03677717411367,0.597280543891222
"Fe",3128,9.40530050911701,0.399920015996801
"Fe",3129,11.0759120400942,0.225354929014197
"Fe",3130,5.69657439918078,0.916816636672665
"Fe",3131,12.8442193878529,0.106978604279144
"Fe",3132,6.07647259456002,0.880823835232953
"Fe",3133,8.60134704481862,0.51629674065187
"Fe",3134,9.26345380083299,0.419516096780644
"Fe",3135,11.5037343626908,0.191961607678464
"Fe",3136,6.93312132548007,0.776644671065787
"Fe",3137,16.0917587025538,0.023995200959808
"Fe",3138,6.32977999319726,0.851629674065187
"Fe",3139,7.15999252490482,0.740651869626075
"Fe",3140,5.00765562701483,0.968406318736253
"Fe",3141,6.65576530071328,0.813837232553489
"Fe",3142,7.03331918944593,0.760247950409918
"Fe",3143,9.84437478503631,0.346530693861228
"Fe",3144,6.09180815560308,0.879624075184963
"Fe",3145,9.90061577103033,0.340731853629274
"Fe",3146,9.6024484886494,0.376324735052989
"Fe",3147,6.80142142110756,0.79744051189762
"Fe",3148,12.5388611752568,0.122175564887023
"Fe",3149,9.46561515017919,0.392121575684863
"Fe",3150,12.1550024502642,0.147970405918816
"Fe",3151,7.19567783679653,0.735252949410118
"Fe",3152,7.17759046919431,0.737052589482104
"Fe",3153,14.0462919861578,0.0641871625674865
"Fe",3154,13.0226195166668,0.0981803639272146
"Fe",3155,7.09960935677586,0.750649870025995
"Fe",3156,5.33681140748578,0.946010797840432
"Fe",3157,9.09142241150701,0.442311537692462
"Fe",3158,8.82974385982035,0.48250349930014
"Fe",3159,5.88707909476497,0.901819636072785
"Fe",3160,8.78181322371239,0.489702059588082
"Fe",3161,6.3776307625015,0.845430913817237
"Fe",3162,12.1214368006053,0.149570085982803
"Fe",3163,8.32450692414338,0.557688462307539
"Fe",3164,7.16826279732379,0.739052189562088
"Fe",3165,10.4653226258867,0.279544091181764
"Fe",3166,7.58478345926363,0.673665266946611
"Fe",3167,11.5222146016548,0.190161967606479
"Fe",3168,10.1671614504493,0.311337732453509
"Fe",3169,11.481511693265,0.194761047790442
"Fe",3170,4.12681743608837,0.994001199760048
"Fe",3171,11.2578934749231,0.211157768446311
"Fe",3172,9.9872841052478,0.330533893221356
"Fe",3173,8.26843948930298,0.565086982603479
"Fe",3174,8.05904832577332,0.594681063787243
"Fe",3175,9.21021568377657,0.426114777044591
"Fe",3176,6.48946421765086,0.833233353329334
"Fe",3177,7.83122581710842,0.634073185362927
"Fe",3178,9.66730625024499,0.369126174765047
"Fe",3179,7.58642130758037,0.673065386922616
"Fe",3180,9.17126095729995,0.43131373725255
"Fe",3181,5.40173695401998,0.940411917616477
"Fe",3182,6.33233220766263,0.851029794041192
"Fe",3183,12.8094855214397,0.108378324335133
"Fe",3184,5.80166052509279,0.908418316336733
"Fe",3185,10.5063692036512,0.277144571085783
"Fe",3186,11.099535171069,0.224555088982204
"Fe",3187,9.53495317290697,0.383323335332933
"Fe",3188,8.95725370805047,0.462307538492302
"Fe",3189,6.85594774508445,0.788642271545691
"Fe",3190,9.30562288717749,0.411517696460708
"Fe",3191,8.77322516178079,0.491101779644071
"Fe",3192,8.48137652293366,0.534293141371726
"Fe",3193,3.72382047567729,0.998400319936013
"Fe",3194,8.73259280534165,0.49750049990002
"Fe",3195,9.52327643550143,0.384523095380924
"Fe",3196,9.01745535150127,0.452709458108378
"Fe",3197,18.8227009653138,0.00699860027994401
"Fe",3198,7.51620120853492,0.687062587482503
"Fe",3199,7.89466183233938,0.621475704859028
"Fe",3200,5.02956806217742,0.967606478704259
"Fe",3201,8.86360994294733,0.477104579084183
"Fe",3202,11.1091009951598,0.224155168966207
"Fe",3203,15.7515449451751,0.0273945210957808
"Fe",3204,7.31315973559634,0.715856828634273
"Fe",3205,7.7066811938611,0.650669866026795
"Fe",3206,9.85233872714144,0.346130773845231
"Fe",3207,6.06962997940425,0.881423715256949
"Fe",3208,7.49190041503505,0.691861627674465
"Fe",3209,9.13625695938833,0.436912617476505
"Fe",3210,11.0504189496771,0.228154369126175
"Fe",3211,8.41911544645149,0.543091381723655
"Fe",3212,9.4538881614028,0.393321335732853
"Fe",3213,8.95552560862653,0.462707458508298
"Fe",3214,7.3680984406096,0.708658268346331
"Fe",3215,9.15009762271421,0.434913017396521
"Fe",3216,8.16612288310071,0.577884423115377
"Fe",3217,12.1480134612415,0.148570285942811
"Fe",3218,8.06936022469608,0.59248150369926
"Fe",3219,9.23658827156103,0.422115576884623
"Fe",3220,13.3832832246761,0.0883823235352929
"Fe",3221,12.3408139568517,0.134373125374925
"Fe",3222,8.29967362394493,0.561087782443511
"Fe",3223,5.38858037663195,0.941811637672465
"Fe",3224,10.3473581412097,0.289742051589682
"Fe",3225,9.33356617877601,0.407718456308738
"Fe",3226,10.4038285697439,0.284543091381724
"Fe",3227,11.3695622338116,0.202959408118376
"Fe",3228,11.5338877795879,0.18996200759848
"Fe",3229,9.63902260328803,0.372325534893021
"Fe",3230,8.33058548812429,0.557088582283543
"Fe",3231,9.20132605065356,0.42751449710058
"Fe",3232,8.66417054566159,0.506498700259948
"Fe",3233,10.8943994677613,0.242151569686063
"Fe",3234,13.4904893636374,0.0845830833833233
"Fe",3235,7.97845734965608,0.608278344331134
"Fe",3236,5.60517163601403,0.927014597080584
"Fe",3237,8.44422091540045,0.539692061587682
"Fe",3238,6.08553632162514,0.88002399520096
"Fe",3239,9.45413591483143,0.393321335732853
"Fe",3240,5.2833097234801,0.950409918016397
"Fe",3241,3.94278408740578,0.996800639872026
"Fe",3242,11.6329986811893,0.183163367326535
"Fe",3243,16.2215072005027,0.0233953209358128
"Fe",3244,6.80434843478983,0.797040591881624
"Fe",3245,8.6641695779024,0.506498700259948
"Fe",3246,8.8143419952689,0.485302939412118
"Fe",3247,9.84886715132325,0.346130773845231
"Fe",3248,11.3366381444229,0.206158768246351
"Fe",3249,11.6346935601424,0.182963407318536
"Fe",3250,12.9269921818357,0.102579484103179
"Fe",3251,11.7111312335801,0.177564487102579
"Fe",3252,14.6646548113743,0.0481903619276145
"Fe",3253,5.44305688051313,0.937212557488502
"Fe",3254,8.45617883834846,0.537892421515697
"Fe",3255,8.59789091242033,0.51629674065187
"Fe",3256,6.01522095267549,0.889422115576885
"Fe",3257,11.5328789754644,0.18996200759848
"Fe",3258,6.2939239243326,0.854429114177165
"Fe",3259,11.3655102869768,0.203359328134373
"Fe",3260,7.23819837901064,0.728454309138172
"Fe",3261,8.54870655216251,0.524495100979804
"Fe",3262,7.05934107768036,0.757048590281944
"Fe",3263,17.5572626201302,0.0115976804639072
"Fe",3264,6.49359981535711,0.832633473305339
"Fe",3265,4.99218230893499,0.969006198760248
"Fe",3266,8.97022819788182,0.459908018396321
"Fe",3267,9.80142067940142,0.351929614077185
"Fe",3268,12.7953563803,0.108378324335133
"Fe",3269,10.0594509195667,0.322735452909418
"Fe",3270,11.0360822586854,0.229554089182164
"Fe",3271,11.3527756130531,0.204159168166367
"Fe",3272,10.1290786689143,0.314537092581484
"Fe",3273,7.48829719902207,0.692061587682464
"Fe",3274,11.4857002642106,0.194361127774445
"Fe",3275,9.05437473212572,0.447310537892422
"Fe",3276,10.4315825492478,0.282943411317736
"Fe",3277,6.01206831178088,0.889622075584883
"Fe",3278,7.36045817951646,0.709258148370326
"Fe",3279,4.03451020215893,0.996000799840032
"Fe",3280,15.1228676495371,0.0365926814637073
"Fe",3281,8.1866472732749,0.575084983003399
"Fe",3282,8.70726279973894,0.501099780043991
"Fe",3283,5.20536909167288,0.957008598280344
"Fe",3284,7.13191961762604,0.744251149770046
"Fe",3285,7.10489927809871,0.749850029994001
"Fe",3286,9.98265595591354,0.330733853229354
"Fe",3287,8.85901295489955,0.477304539092182
"Fe",3288,8.67563994959303,0.504699060187962
"Fe",3289,9.4571281451822,0.393121375724855
"Fe",3290,11.4976108390452,0.192961407718456
"Fe",3291,12.3213110277327,0.135572885422915
"Fe",3292,8.51924625100381,0.52869426114777
"Fe",3293,12.8459923093816,0.106978604279144
"Fe",3294,8.75078592371665,0.494901019796041
"Fe",3295,13.4793104468178,0.0847830433913217
"Fe",3296,11.587921187075,0.185762847430514
"Fe",3297,11.6214779016694,0.18376324735053
"Fe",3298,10.4119867702229,0.284343131373725
"Fe",3299,8.42138636378957,0.543091381723655
"Fe",3300,14.7257127154371,0.0457908418316337
"Fe",3301,10.1548672402014,0.312337532493501
"Fe",3302,8.70101023967109,0.501499700059988
"Fe",3303,6.80201724479218,0.79744051189762
"Fe",3304,12.4284783427892,0.128574285142971
"Fe",3305,7.58821922441027,0.67246550689862
"Fe",3306,9.64439208305106,0.370925814837033
"Fe",3307,14.3500169764883,0.0545890821835633
"Fe",3308,7.54343370281325,0.680463907218556
"Fe",3309,5.83016816173264,0.905418916216757
"Fe",3310,11.2900290607788,0.209358128374325
"Fe",3311,8.12621248002773,0.585882823435313
"Fe",3312,4.07204798581148,0.995200959808038
"Fe",3313,12.4597336282898,0.126974605078984
"Fe",3314,9.35380409381455,0.404919016196761
"Fe",3315,8.07943996862875,0.59128174365127
"Fe",3316,8.25387663595399,0.566886622675465
"Fe",3317,7.50280293806512,0.690261947610478
"Fe",3318,13.1112374144582,0.0955808838232353
"Fe",3319,6.42269846799158,0.841631673665267
"Fe",3320,10.443834020108,0.281943611277744
"Fe",3321,10.1278580491329,0.314737052589482
"Fe",3322,9.4595437515969,0.392721455708858
"Fe",3323,13.2642241422213,0.0907818436312737
"Fe",3324,10.2944901226355,0.29494101179764
"Fe",3325,6.14396292971389,0.873625274945011
"Fe",3326,9.52891575436472,0.383923215356929
"Fe",3327,9.54587327091591,0.382723455308938
"Fe",3328,7.68692783191733,0.654269146170766
"Fe",3329,17.6065488211786,0.0115976804639072
"Fe",3330,6.96574144470853,0.770845830833833
"Fe",3331,7.72558365030972,0.649270145970806
"Fe",3332,11.1644924944632,0.21875624875025
"Fe",3333,8.81400751923815,0.485302939412118
"Fe",3334,12.8875986382757,0.104579084183163
"Fe",3335,8.2419934411918,0.568286342731454
"Fe",3336,5.38538572738716,0.942411517696461
"Fe",3337,5.26153345079163,0.952409518096381
"Fe",3338,8.8967488383872,0.471705658868226
"Fe",3339,7.12847323215053,0.745250949810038
"Fe",3340,9.30170272731471,0.411717656468706
"Fe",3341,5.49408615287756,0.933013397320536
"Fe",3342,6.96994552000916,0.77004599080184
"Fe",3343,11.2719459381599,0.210757848430314
"Fe",3344,6.22965449113397,0.862427514497101
"Fe",3345,7.89834872946514,0.620675864827035
"Fe",3346,9.10617617571729,0.441511697660468
"Fe",3347,8.68036207175177,0.504699060187962
"Fe",3348,5.45095966331453,0.937012597480504
"Fe",3349,9.30378150958973,0.411717656468706
"Fe",3350,10.2176695300772,0.305538892221556
"Fe",3351,6.97226929850311,0.769846030793841
"Fe",3352,8.16720774289135,0.57748450309938
"Fe",3353,8.3056936330118,0.560287942411518
"Fe",3354,7.811159256585,0.637672465506899
"Fe",3355,7.14738165092635,0.742251549690062
"Fe",3356,5.49144589963146,0.933413317336533
"Fe",3357,9.47237756611199,0.391321735652869
"Fe",3358,11.1655438287965,0.21875624875025
"Fe",3359,5.49275601504846,0.933213357328534
"Fe",3360,6.82296529028055,0.794441111777644
"Fe",3361,5.62086401733166,0.924215156968606
"Fe",3362,5.34013015338056,0.945610877824435
"Fe",3363,14.955424793927,0.0409918016396721
"Fe",3364,8.03397108764818,0.597680463907219
"Fe",3365,15.0642310596791,0.0385922815436913
"Fe",3366,8.13390332632284,0.584083183363327
"Fe",3367,4.5794381740611,0.98500299940012
"Fe",3368,11.0002942336456,0.232353529294141
"Fe",3369,6.82701409825043,0.793441311737652
"Fe",3370,4.17504572731619,0.994001199760048
"Fe",3371,9.10260429758358,0.441511697660468
"Fe",3372,5.15387139324804,0.961607678464307
"Fe",3373,9.46553409536605,0.392121575684863
"Fe",3374,5.40847864688803,0.939812037592482
"Fe",3375,15.031036690202,0.0395920815836833
"Fe",3376,6.67071040521415,0.812437512497501
"Fe",3377,6.78357857250458,0.799440111977604
"Fe",3378,7.20908367360724,0.733253349330134
"Fe",3379,10.4973735288373,0.27754449110178
"Fe",3380,8.92618636396008,0.46870625874825
"Fe",3381,10.3538581196325,0.289342131573685
"Fe",3382,7.90712864478436,0.619076184763047
"Fe",3383,9.16752901183915,0.43131373725255
"Fe",3384,9.13189082756827,0.437112577484503
"Fe",3385,10.8600461837593,0.244351129774045
"Fe",3386,10.4327433431505,0.282943411317736
"Fe",3387,4.56863060812768,0.985602879424115
"Fe",3388,3.77371287982535,0.998200359928014
"Fe",3389,10.0438309941334,0.323935212957409
"Fe",3390,5.77365034609389,0.910817836432713
"Fe",3391,9.01760113373763,0.452709458108378
"Fe",3392,9.05486166392339,0.447310537892422
"Fe",3393,7.84609639494761,0.63127374525095
"Fe",3394,14.6122119466782,0.0491901619676065
"Fe",3395,9.5164917953,0.385122975404919
"Fe",3396,8.80321959680018,0.486902619476105
"Fe",3397,8.93960033254865,0.466506698660268
"Fe",3398,10.5504180472027,0.27254549090182
"Fe",3399,9.73676056587436,0.360527894421116
"Fe",3400,5.2193204073223,0.956408718256349
"Fe",3401,12.0864733468033,0.152769446110778
"Fe",3402,8.28189112058118,0.563287342531494
"Fe",3403,11.7689428311883,0.171965606878624
"Fe",3404,6.56250303777901,0.824835032993401
"Fe",3405,9.20855354419641,0.426314737052589
"Fe",3406,8.87427723504771,0.475104979004199
"Fe",3407,9.49344727115462,0.38872225554889
"Fe",3408,4.12107803051212,0.994201159768046
"Fe",3409,10.9167943087626,0.239552089582084
"Fe",3410,14.3775700557361,0.0541891621675665
"Fe",3411,10.8616266007188,0.244351129774045
"Fe",3412,9.55453158075233,0.382323535292941
"Fe",3413,5.87273463243272,0.902619476104779
"Fe",3414,10.9914780523233,0.233353329334133
"Fe",3415,7.16727392898133,0.739252149570086
"Fe",3416,8.31136981367212,0.559688062387522
"Fe",3417,7.21276207652056,0.732653469306139
"Fe",3418,6.58217212602784,0.821635672865427
"Fe",3419,7.56608466649611,0.676864627074585
"Fe",3420,9.21908331619417,0.425514897020596
"Fe",3421,23.0548526144875,0.0011997600479904
"Fe",3422,4.12517590087242,0.994001199760048
"Fe",3423,7.1809079384997,0.736852629474105
"Fe",3424,9.27033713948583,0.418316336732653
"Fe",3425,10.103048285412,0.316136772645471
"Fe",3426,5.06337846936185,0.966406718656269
"Fe",3427,10.7900374471897,0.249950009998
"Fe",3428,8.32199743071945,0.558288342331534
"Fe",3429,8.36561135413817,0.552689462107579
"Fe",3430,5.20110592907405,0.957208558288342
"Fe",3431,25.6933417789965,0.000599880023995201
"Fe",3432,5.89485939564494,0.90121975604879
"Fe",3433,9.36686899351142,0.402319536092781
"Fe",3434,9.15007560449959,0.434913017396521
"Fe",3435,7.81538068123916,0.637272545490902
"Fe",3436,6.8753387188622,0.78624275144971
"Fe",3437,6.40493396449261,0.843031393721256
"Fe",3438,12.8833527631164,0.10497900419916
"Fe",3439,10.1057339983555,0.316136772645471
"Fe",3440,13.0314079777282,0.0979804039192162
"Fe",3441,16.9965008060274,0.0161967606478704
"Fe",3442,8.58351376950264,0.517696460707858
"Fe",3443,8.33124702727125,0.557088582283543
"Fe",3444,15.108783470013,0.0369926014797041
"Fe",3445,8.75411227228315,0.493901219756049
"Fe",3446,12.4853989731837,0.125374925014997
"Fe",3447,6.83767009146362,0.791441711657668
"Fe",3448,18.1519078283291,0.00919816036792642
"Fe",3449,7.39581641677501,0.705458908218356
"Fe",3450,9.4338824280556,0.395920815836833
"Fe",3451,7.8573713612916,0.628274345130974
"Fe",3452,7.06690681951162,0.75624875024995
"Fe",3453,5.44869679842881,0.937012597480504
"Fe",3454,11.0472631060523,0.228354329134173
"Fe",3455,11.1334787758592,0.221555688862228
"Fe",3456,8.37336208587166,0.551089782043591
"Fe",3457,13.0794416784256,0.096380723855229
"Fe",3458,6.51898332124665,0.830233953209358
"Fe",3459,7.21467829427303,0.73245350929814
"Fe",3460,9.37308508070527,0.401919616076785
"Fe",3461,4.86855811535378,0.976404719056189
"Fe",3462,7.51892718663643,0.685862827434513
"Fe",3463,7.31013894285152,0.71625674865027
"Fe",3464,2.85492363116526,1
"Fe",3465,9.66689084355019,0.369126174765047
"Fe",3466,11.2427028061929,0.212157568486303
"Fe",3467,7.25066144154212,0.725254949010198
"Fe",3468,8.15620221969627,0.579884023195361
"Fe",3469,8.98734230785112,0.457108578284343
"Fe",3470,11.6540417740674,0.182163567286543
"Fe",3471,5.00905474673118,0.968406318736253
"Fe",3472,12.4049996187223,0.129574085182963
"Fe",3473,4.7492459440455,0.980803839232154
"Fe",3474,9.70485856329958,0.365326934613077
"Fe",3475,11.1987400785727,0.217356528694261
"Fe",3476,6.62139469552901,0.817236552689462
"Fe",3477,5.35913309872214,0.944611077784443
"Fe",3478,9.90769254576611,0.340331933613277
"Fe",3479,9.12993907038381,0.437712457508498
"Fe",3480,10.5332197577577,0.273945210957808
"Fe",3481,7.99938793990256,0.605278944211158
"Fe",3482,12.0963328374951,0.150969806038792
"Fe",3483,8.04931978193244,0.595480903819236
"Fe",3484,9.62706414675287,0.373525294941012
"Fe",3485,9.87902996424677,0.342931413717257
"Fe",3486,6.90928279872159,0.78124375124975
"Fe",3487,6.40326222049092,0.843031393721256
"Fe",3488,12.3598741591442,0.132773445310938
"Fe",3489,5.98962368871562,0.891821635672865
"Fe",3490,11.5600161266989,0.188162367526495
"Fe",3491,8.02719631857357,0.598880223955209
"Fe",3492,15.9579787062593,0.0261947610477904
"Fe",3493,11.5135022061806,0.190961807638472
"Fe",3494,7.20477149196154,0.734053189362128
"Fe",3495,10.690628210312,0.25874825034993
"Fe",3496,8.98637037607459,0.457308538292342
"Fe",3497,17.3058469359009,0.0133973205358928
"Fe",3498,13.8043770248309,0.0727854429114177
"Fe",3499,8.63154790008898,0.51129774045191
"Fe",3500,14.2189711798454,0.0579884023195361
"Fe",3501,20.0766068525939,0.00419916016796641
"Fe",3502,17.9911325001742,0.00959808038392321
"Fe",3503,6.83051973365485,0.793041391721656
"Fe",3504,7.92011079103989,0.615876824635073
"Fe",3505,7.84631309919982,0.630873825234953
"Fe",3506,5.74128187389617,0.913417316536693
"Fe",3507,11.26609476895,0.210957808438312
"Fe",3508,7.90237434803564,0.619276144771046
"Fe",3509,10.9160300152631,0.239552089582084
"Fe",3510,5.17711077887208,0.959408118376325
"Fe",3511,7.02283783875635,0.76124775044991
"Fe",3512,8.80681996981664,0.486102779444111
"Fe",3513,15.613969143474,0.028994201159768
"Fe",3514,6.62448133790355,0.816836632673465
"Fe",3515,11.9107095610097,0.162767446510698
"Fe",3516,11.0473583715537,0.228354329134173
"Fe",3517,17.3892284211516,0.012997400519896
"Fe",3518,13.0121087738778,0.0987802439512098
"Fe",3519,7.38327848479551,0.706658668266347
"Fe",3520,7.51651325314896,0.686662667466507
"Fe",3521,9.18035927970118,0.429714057188562
"Fe",3522,12.5433718352958,0.121575684863027
"Fe",3523,10.6674291889653,0.260947810437912
"Fe",3524,13.1163004678254,0.0947810437912417
"Fe",3525,5.04646609982345,0.967006598680264
"Fe",3526,7.50702708246641,0.688462307538492
"Fe",3527,9.6792621179394,0.368126374725055
"Fe",3528,8.92368455497811,0.46870625874825
"Fe",3529,6.50887431413484,0.83123375324935
"Fe",3530,6.58187641242208,0.821635672865427
"Fe",3531,13.1980079017342,0.092381523695261
"Fe",3532,9.41025301709465,0.399720055988802
"Fe",3533,14.7803945230043,0.0451909618076385
"Fe",3534,10.6991733924293,0.257748450309938
"Fe",3535,7.21514305267073,0.732253549290142
"Fe",3536,5.57004686037817,0.929014197160568
"Fe",3537,8.43300102982488,0.541091781643671
"Fe",3538,9.47311312511624,0.390921815636873
"Fe",3539,8.71062648905678,0.500699860027994
"Fe",3540,10.3050314588305,0.29374125174965
"Fe",3541,10.7823962490271,0.250549890021996
"Fe",3542,8.79268847711828,0.488902219556089
"Fe",3543,8.96286332339383,0.461507698460308
"Fe",3544,9.18923739497987,0.428314337132573
"Fe",3545,15.3423515414145,0.0327934413117376
"Fe",3546,4.9155826610203,0.973605278944211
"Fe",3547,7.20505795084834,0.734053189362128
"Fe",3548,9.49257838641574,0.388922215556889
"Fe",3549,3.52748380431993,0.999400119976005
"Fe",3550,6.79511456017181,0.797840431913617
"Fe",3551,10.2873555009661,0.296340731853629
"Fe",3552,9.28241517045439,0.415916816636673
"Fe",3553,10.0297102888221,0.325134973005399
"Fe",3554,9.70638645878742,0.364727054589082
"Fe",3555,10.7512001418068,0.254149170165967
"Fe",3556,11.3361836989238,0.206158768246351
"Fe",3557,7.97877492873081,0.608278344331134
"Fe",3558,10.4296123939949,0.283143371325735
"Fe",3559,15.6598211828525,0.0287942411517696
"Fe",3560,10.900906244705,0.241751649670066
"Fe",3561,12.4958036556456,0.124375124975005
"Fe",3562,13.1390221309247,0.0939812037592481
"Fe",3563,8.28821415179959,0.5624875024995
"Fe",3564,12.6897166339596,0.113577284543091
"Fe",3565,9.11492841334621,0.440111977604479
"Fe",3566,11.5520260119319,0.188962207558488
"Fe",3567,10.6761670720504,0.25994801039792
"Fe",3568,7.86468497550689,0.626074785042991
"Fe",3569,9.15167501488395,0.434713057388522
"Fe",3570,7.65895495463391,0.658668266346731
"Fe",3571,16.2165724605121,0.0233953209358128
"Fe",3572,13.940921199269,0.0671865626874625
"Fe",3573,16.8988543498381,0.016996600679864
"Fe",3574,7.2188041243117,0.731853629274145
"Fe",3575,8.56532587086127,0.521895620875825
"Fe",3576,5.86543171906843,0.903419316136773
"Fe",3577,8.84423677321681,0.479504099180164
"Fe",3578,12.6869194343798,0.11377724455109
"Fe",3579,4.4248221786317,0.989402119576085
"Fe",3580,4.51639650408049,0.986802639472106
"Fe",3581,5.46790336654411,0.935412917416517
"Fe",3582,11.5363707182523,0.189762047590482
"Fe",3583,17.9557167241927,0.00959808038392321
"Fe",3584,9.24832599232869,0.421315736852629
"Fe",3585,15.5623968170669,0.0303939212157568
"Fe",3586,12.3747372479725,0.131773645270946
"Fe",3587,5.35850005608719,0.944811037792441
"Fe",3588,11.7933049011526,0.16996600679864
"Fe",3589,8.91318720008823,0.469506098780244
"Fe",3590,11.6460645647741,0.182563487302539
"Fe",3591,10.1398613304907,0.31373725254949
"Fe",3592,7.73080582040399,0.648470305938812
"Fe",3593,4.59926596954028,0.984803039392122
"Fe",3594,7.10465778404591,0.749850029994001
"Fe",3595,12.6230487414215,0.116976604679064
"Fe",3596,5.46613810537474,0.935812837432514
"Fe",3597,9.49390627552131,0.38872225554889
"Fe",3598,7.39388576416623,0.705858828234353
"Fe",3599,8.0704933722713,0.59248150369926
"Fe",3600,7.53086019538571,0.683063387322535
"Fe",3601,10.9596639911913,0.235552889422116
"Fe",3602,9.62521018529048,0.373525294941012
"Fe",3603,5.61630508422067,0.924415116976605
"Fe",3604,8.89789797321532,0.471705658868226
"Fe",3605,10.211351454832,0.306138772245551
"Fe",3606,8.70158087976107,0.501499700059988
"Fe",3607,7.9674503764997,0.609078184363127
"Fe",3608,8.82457158514489,0.482903419316137
"Fe",3609,9.27280677892759,0.417716456708658
"Fe",3610,7.30979438398555,0.716456708658268
"Fe",3611,9.65394841154705,0.370325934813037
"Fe",3612,12.2092315157017,0.142771445710858
"Fe",3613,14.2478439047358,0.0573885222955409
"Fe",3614,7.45071113772818,0.695660867826435
"Fe",3615,13.1223535453076,0.0945810837832434
"Fe",3616,11.2838706091391,0.209558088382324
"Fe",3617,9.0196335663143,0.45250949810038
"Fe",3618,10.7780603872812,0.251549690061988
"Fe",3619,9.59802221327973,0.376924615076985
"Fe",3620,7.66559598995116,0.658068386322735
"Fe",3621,9.39694087091021,0.400519896020796
"Fe",3622,7.08413299014799,0.753249350129974
"Fe",3623,13.3366804770274,0.0893821235752849
"Fe",3624,13.8598562915406,0.0707858428314337
"Fe",3625,6.7712590627051,0.800639872025595
"Fe",3626,12.5700215213799,0.119776044791042
"Fe",3627,3.9037156100698,0.997200559888022
"Fe",3628,8.96094854682562,0.461707658468306
"Fe",3629,11.1376994317841,0.221355728854229
"Fe",3630,13.1526406676622,0.0933813237352529
"Fe",3631,10.9108349811769,0.240151969606079
"Fe",3632,7.64750378911202,0.660067986402719
"Fe",3633,7.32822908237426,0.713857228554289
"Fe",3634,6.42553473806373,0.84123175364927
"Fe",3635,9.00195828756603,0.455108978204359
"Fe",3636,10.2615512526314,0.2999400119976
"Fe",3637,13.583446941384,0.0795840831833633
"Fe",3638,5.96245771510434,0.893821235752849
"Fe",3639,15.8624484072876,0.0267946410717856
"Fe",3640,5.12953686843269,0.962207558488302
"Fe",3641,15.1500258047731,0.0357928414317137
"Fe",3642,10.0623045783765,0.322135572885423
"Fe",3643,6.39144662594802,0.844231153769246
"Fe",3644,5.79153629131957,0.909218156368726
"Fe",3645,5.97692041807613,0.892221555688862
"Fe",3646,8.95348191209774,0.464107178564287
"Fe",3647,9.69957640433904,0.366126774645071
"Fe",3648,15.3970674779453,0.0323935212957408
"Fe",3649,8.18735800347665,0.575084983003399
"Fe",3650,6.83997582251882,0.791041791641672
"Fe",3651,7.29721619913741,0.718656268746251
"Fe",3652,13.0268163878106,0.0981803639272146
"Fe",3653,7.39619860755499,0.705458908218356
"Fe",3654,8.55371379338266,0.524495100979804
"Fe",3655,13.0227869411962,0.0981803639272146
"Fe",3656,7.94275070317323,0.612277544491102
"Fe",3657,6.21403481966939,0.863627274545091
"Fe",3658,10.6778045399145,0.259748050389922
"Fe",3659,8.91075122594637,0.470105978804239
"Fe",3660,10.2637045677867,0.299540091981604
"Fe",3661,11.3236947166303,0.206958608278344
"Fe",3662,6.90925817131662,0.78124375124975
"Fe",3663,9.58338870407854,0.378924215156969
"Fe",3664,9.72493095925017,0.362127574485103
"Fe",3665,11.9131766014471,0.162767446510698
"Fe",3666,7.94702284985172,0.611477704459108
"Fe",3667,16.4271335662907,0.0207958408318336
"Fe",3668,8.50735370685513,0.530493901219756
"Fe",3669,8.99809674149742,0.455508898220356
"Fe",3670,7.55804073046168,0.679064187162567
"Fe",3671,5.11296820691831,0.962807438512298
"Fe",3672,7.41390931940464,0.703059388122376
"Fe",3673,12.0578122285607,0.154169166166767
"Fe",3674,10.5060171742366,0.277344531093781
"Fe",3675,12.8364589049574,0.106978604279144
"Fe",3676,5.42630907278792,0.938212357528494
"Fe",3677,5.0150953932224,0.967806438712258
"Fe",3678,8.70521163846669,0.50129974005199
"Fe",3679,10.2275553504115,0.304739052189562
"Fe",3680,11.5274589193389,0.190161967606479
"Fe",3681,5.84750787777691,0.904819036192761
"Fe",3682,9.64131237397481,0.371325734853029
"Fe",3683,8.7020501260715,0.501499700059988
"Fe",3684,8.11791396275223,0.586682663467307
"Fe",3685,7.8637072248893,0.626674665066987
"Fe",3686,8.27172977748825,0.564687062587482
"Fe",3687,13.0946817108875,0.0961807638472306
"Fe",3688,8.08377801749117,0.590681863627275
"Fe",3689,5.98311115685837,0.892021595680864
"Fe",3690,4.2493435425263,0.993001399720056
"Fe",3691,9.70598787012108,0.364927014597081
"Fe",3692,11.1222994094184,0.222955408918216
"Fe",3693,4.41295671974316,0.989602079584083
"Fe",3694,10.2525627602519,0.300739852029594
"Fe",3695,5.83137828928,0.905418916216757
"Fe",3696,12.3766278265268,0.131773645270946
"Fe",3697,15.5004831707246,0.0307938412317536
"Fe",3698,5.11325692724644,0.962807438512298
"Fe",3699,10.5958948043464,0.268946210757848
"Fe",3700,9.03473379469435,0.449910017996401
"Fe",3701,11.7914038925251,0.170165966806639
"Fe",3702,9.88183667669202,0.342731453709258
"Fe",3703,8.79451094994693,0.488302339532094
"Fe",3704,20.8201857622489,0.0031993601279744
"Fe",3705,8.31131349744325,0.559688062387522
"Fe",3706,7.44862723939869,0.69626074785043
"Fe",3707,13.1009428742254,0.0959808038392322
"Fe",3708,11.5768936814747,0.186962607478504
"Fe",3709,5.50251962239142,0.932613477304539
"Fe",3710,13.7503069183254,0.0741851629674065
"Fe",3711,10.3268782932331,0.291741651669666
"Fe",3712,11.8918557713303,0.16376724655069
"Fe",3713,10.7647572332108,0.253349330133973
"Fe",3714,8.23742635201543,0.569086182763447
"Fe",3715,10.093765601393,0.317136572685463
"Fe",3716,8.11147367077123,0.587682463507299
"Fe",3717,9.30531431606607,0.411517696460708
"Fe",3718,6.37744388529521,0.845430913817237
"Fe",3719,10.8206738152787,0.24755048990202
"Fe",3720,10.6131332570508,0.26754649070186
"Fe",3721,8.58835452519884,0.517096580683863
"Fe",3722,17.4324749774588,0.0125974805038992
"Fe",3723,7.092729713929,0.751449710057988
"Fe",3724,6.29286986949099,0.854629074185163
"Fe",3725,10.6834151540037,0.259148170365927
"Fe",3726,10.623945043893,0.266146770645871
"Fe",3727,9.4520802349474,0.393321335732853
"Fe",3728,6.79445227578773,0.797840431913617
"Fe",3729,9.75854630785588,0.357928414317137
"Fe",3730,9.28766197531513,0.415116976604679
"Fe",3731,6.64462926437213,0.815436912617477
"Fe",3732,6.49006472855802,0.833033393321336
"Fe",3733,10.6891950677806,0.25874825034993
"Fe",3734,8.69668083599026,0.502099580083983
"Fe",3735,11.5612686099567,0.188162367526495
"Fe",3736,8.32888251032286,0.557288542291542
"Fe",3737,4.17587301733367,0.99380123975205
"Fe",3738,10.391302137002,0.285542891421716
"Fe",3739,9.71599888059839,0.3625274945011
"Fe",3740,12.57584751504,0.119176164767047
"Fe",3741,10.6612464732517,0.261947610477904
"Fe",3742,6.02973149565162,0.887622475504899
"Fe",3743,5.21508859064582,0.956408718256349
"Fe",3744,5.85969537113129,0.903819236152769
"Fe",3745,12.96612955617,0.100379924015197
"Fe",3746,5.37433275547696,0.943011397720456
"Fe",3747,12.7658341196386,0.10997800439912
"Fe",3748,8.88919880838222,0.472705458908218
"Fe",3749,8.63844221386799,0.510697860427914
"Fe",3750,6.21664740809987,0.863427314537093
"Fe",3751,10.3323456738219,0.290941811637672
"Fe",3752,8.2154099852774,0.571685662867427
"Fe",3753,7.29443195816182,0.718856228754249
"Fe",3754,6.17097590298926,0.870425914817037
"Fe",3755,11.8421548370637,0.166766646670666
"Fe",3756,10.5528655224864,0.272345530893821
"Fe",3757,6.28431131808689,0.855628874225155
"Fe",3758,16.4989092980393,0.01999600079984
"Fe",3759,7.13155822064218,0.744451109778044
"Fe",3760,7.60415072635917,0.668666266746651
"Fe",3761,4.65160057525256,0.98380323935213
"Fe",3762,5.78578527019241,0.910217956408718
"Fe",3763,4.7051047250211,0.982403519296141
"Fe",3764,12.8278047806143,0.107378524295141
"Fe",3765,10.337331784559,0.290341931613677
"Fe",3766,15.2665381723651,0.0333933213357329
"Fe",3767,9.20044478179071,0.42751449710058
"Fe",3768,10.3761337102543,0.287742451509698
"Fe",3769,7.86012878738268,0.627674465106979
"Fe",3770,11.5315716344778,0.18996200759848
"Fe",3771,8.03186998283276,0.598480303939212
"Fe",3772,7.06346052185341,0.756648670265947
"Fe",3773,7.18020053341789,0.736852629474105
"Fe",3774,7.51821196711126,0.685862827434513
"Fe",3775,5.35204940729079,0.945410917816437
"Fe",3776,7.96599377576885,0.609478104379124
"Fe",3777,11.0105769985947,0.231553689262148
"Fe",3778,7.98854514691479,0.607078584283143
"Fe",3779,11.7840641999163,0.170565886822635
"Fe",3780,4.4633742676728,0.988402319536093
"Fe",3781,7.36686455975524,0.708658268346331
"Fe",3782,7.41684166707748,0.702059588082384
"Fe",3783,6.91115037051432,0.781043791241752
"Fe",3784,9.5588688293264,0.381923615276945
"Fe",3785,5.51076332844033,0.932213557288542
"Fe",3786,6.49959638698974,0.832233553289342
"Fe",3787,9.03791054534318,0.449510097980404
"Fe",3788,11.2268294177135,0.214157168566287
"Fe",3789,10.0382917022639,0.324335132973405
"Fe",3790,12.9049439412718,0.103179364127175
"Fe",3791,12.9097172422552,0.103179364127175
"Fe",3792,7.41857379812299,0.701659668066387
"Fe",3793,10.2864580221675,0.296340731853629
"Fe",3794,12.5074653575031,0.124175164967007
"Fe",3795,9.5613437398282,0.381523695260948
"Fe",3796,12.8449526677817,0.106978604279144
"Fe",3797,6.90781136849594,0.781443711257748
"Fe",3798,14.6444989229294,0.0481903619276145
"Fe",3799,12.5434747563388,0.121575684863027
"Fe",3800,14.2272451984723,0.0577884423115377
"Fe",3801,10.1790415169388,0.310337932413517
"Fe",3802,4.73301807176713,0.981603679264147
"Fe",3803,7.19546907375823,0.735252949410118
"Fe",3804,7.06960417298211,0.755448910217956
"Fe",3805,8.46932014732064,0.536492701459708
"Fe",3806,9.52459492122912,0.384123175364927
"Fe",3807,10.4177018521594,0.284143171365727
"Fe",3808,8.66505695120679,0.506498700259948
"Fe",3809,10.6067616007889,0.268146370725855
"Fe",3810,18.0541863614357,0.00959808038392321
"Fe",3811,10.984952665191,0.233553289342132
"Fe",3812,7.53569091198199,0.682263547290542
"Fe",3813,7.05143321101875,0.757648470305939
"Fe",3814,16.3971209256463,0.0215956808638272
"Fe",3815,10.1200021928236,0.315136972605479
"Fe",3816,8.4471221006736,0.539092181563687
"Fe",3817,8.86865064867513,0.476104779044191
"Fe",3818,13.6711287311178,0.0765846830633873
"Fe",3819,8.05214462002175,0.595080983803239
"Fe",3820,7.23734935831166,0.728654269146171
"Fe",3821,10.2712818330403,0.298140371925615
"Fe",3822,4.48106187675847,0.988202359528094
"Fe",3823,8.00843654795975,0.60247950409918
"Fe",3824,8.69689805982114,0.502099580083983
"Fe",3825,8.88121067141233,0.474105178964207
"Fe",3826,9.06150362481137,0.446510697860428
"Fe",3827,10.8671963008022,0.244151169766047
"Fe",3828,11.9140925660864,0.162567486502699
"Fe",3829,8.52453977340045,0.528294341131774
"Fe",3830,10.9861117198878,0.233553289342132
"Fe",3831,18.6229436552588,0.00759848030393921
"Fe",3832,8.172546148305,0.576884623075385
"Fe",3833,6.08192769130855,0.880623875224955
"Fe",3834,8.87904465997437,0.474505098980204
"Fe",3835,10.1220291350353,0.315136972605479
"Fe",3836,5.97722650221581,0.892221555688862
"Fe",3837,8.32930163430802,0.557288542291542
"Fe",3838,6.21900633358419,0.863227354529094
"Fe",3839,7.47164987124111,0.693461307738452
"Fe",3840,11.5072672269436,0.191361727654469
"Fe",3841,8.32308410918725,0.557888422315537
"Fe",3842,9.54494012083541,0.382923415316937
"Fe",3843,7.74079946727426,0.647270545890822
"Fe",3844,7.18219811352301,0.736452709458108
"Fe",3845,8.60681557807993,0.514497100579884
"Fe",3846,6.28381357876172,0.855628874225155
"Fe",3847,5.81288278754869,0.907818436312737
"Fe",3848,12.7351393255891,0.111777644471106
"Fe",3849,9.1385414815874,0.436912617476505
"Fe",3850,12.3019756809161,0.137372525494901
"Fe",3851,4.26280111687595,0.992601479704059
"Fe",3852,5.24535142518738,0.954209158168366
"Fe",3853,8.81538807544352,0.485102979404119
"Fe",3854,7.70079705629507,0.651469706058788
"Fe",3855,8.25891489095389,0.566486702659468
"Fe",3856,12.1683185724192,0.146570685862827
"Fe",3857,8.64624735978714,0.510297940411918
"Fe",3858,7.49151278247429,0.691861627674465
"Fe",3859,7.32592712043513,0.714057188562288
"Fe",3860,8.72645733806499,0.49870025994801
"Fe",3861,7.12269768248049,0.74625074985003
"Fe",3862,5.39260107401907,0.941411717656469
"Fe",3863,9.18432772244644,0.428914217156569
"Fe",3864,13.2843609823661,0.0903819236152769
"Fe",3865,5.55138193654896,0.930413917216557
"Fe",3866,17.3697840300639,0.0131973605278944
"Fe",3867,8.7218440713325,0.498900219956009
"Fe",3868,5.95935655777458,0.894221155768846
"Fe",3869,4.59559825769404,0.984803039392122
"Fe",3870,6.34766157851064,0.849230153969206
"Fe",3871,7.44421250932632,0.69746050789842
"Fe",3872,4.85170277356258,0.976804639072186
"Fe",3873,12.9968675137381,0.0997800439912018
"Fe",3874,4.76301452134416,0.980203959208158
"Fe",3875,5.82395212505673,0.905818836232753
"Fe",3876,11.4283517229249,0.19876024795041
"Fe",3877,12.9502593231546,0.101579684063187
"Fe",3878,6.56140916897718,0.824835032993401
"Fe",3879,7.32871351869386,0.713657268546291
"Fe",3880,11.545801536963,0.189162167566487
"Fe",3881,9.02529883577162,0.452109578084383
"Fe",3882,11.0961963044644,0.224555088982204
"Fe",3883,6.31688739283786,0.852829434113177
"Fe",3884,7.61260243413088,0.666066786642671
"Fe",3885,5.6763134758792,0.918416316736653
"Fe",3886,11.2342646299161,0.213557288542292
"Fe",3887,7.19775522927003,0.735252949410118
"Fe",3888,10.9767688779574,0.234753049390122
"Fe",3889,6.96352551649338,0.770845830833833
"Fe",3890,9.8483268262427,0.346130773845231
"Fe",3891,9.35282120108226,0.405118976204759
"Fe",3892,5.82248109204755,0.905818836232753
"Fe",3893,6.02085384217342,0.888622275544891
"Fe",3894,6.34592886635431,0.849430113977205
"Fe",3895,7.61633100533712,0.665466906618676
"Fe",3896,8.84470476822526,0.479304139172166
"Fe",3897,11.7079049303009,0.177964407118576
"Fe",3898,6.40333741878104,0.843031393721256
"Fe",3899,12.0275117181039,0.156368726254749
"Fe",3900,11.1948371785288,0.21755648870226
"Fe",3901,8.14932472189039,0.581083783243351
"Fe",3902,7.39388522558244,0.705858828234353
"Fe",3903,8.25330818551495,0.566886622675465
"Fe",3904,7.75938215579353,0.645670865826835
"Fe",3905,9.68711944516775,0.367326534693061
"Fe",3906,5.07765348955365,0.965606878624275
"Fe",3907,9.07405341889,0.445110977804439
"Fe",3908,7.04197027309596,0.758848230353929
"Fe",3909,4.92733517343646,0.973005398920216
"Fe",3910,6.97464244845551,0.769246150769846
"Fe",3911,8.51271067872216,0.530293941211758
"Fe",3912,8.9456599501992,0.464907018596281
"Fe",3913,9.04065131122729,0.44871025794841
"Fe",3914,9.60670307588535,0.375924815036993
"Fe",3915,14.3993994527849,0.0541891621675665
"Fe",3916,10.5541219292578,0.272345530893821
"Fe",3917,17.5567725994878,0.0115976804639072
"Fe",3918,9.01161182968841,0.453509298140372
"Fe",3919,6.25375088914834,0.860427914417117
"Fe",3920,13.4933003838025,0.0845830833833233
"Fe",3921,7.38463748984745,0.706458708258348
"Fe",3922,7.19596167050088,0.735252949410118
"Fe",3923,7.31176411921018,0.716056788642272
"Fe",3924,10.6456012491873,0.26374725054989
"Fe",3925,7.55256371648005,0.679464107178564
"Fe",3926,11.2029942031247,0.216956608678264
"Fe",3927,9.14016377667184,0.436712657468506
"Fe",3928,6.43666590899147,0.839432113577285
"Fe",3929,9.38121272551025,0.401119776044791
"Fe",3930,10.6107768067727,0.267946410717856
"Fe",3931,7.77524044772247,0.643071385722855
"Fe",3932,9.24516693750965,0.421715656868626
"Fe",3933,6.41002983152947,0.842431513697261
"Fe",3934,8.3193182896963,0.558488302339532
"Fe",3935,7.46135628066816,0.694461107778444
"Fe",3936,11.7467610813469,0.174565086982603
"Fe",3937,7.48573694954914,0.692261547690462
"Fe",3938,6.59872702414734,0.820435912817437
"Fe",3939,5.34429588298667,0.945410917816437
"Fe",3940,8.76541334504165,0.493101379724055
"Fe",3941,8.89976008945476,0.47130573885223
"Fe",3942,8.43463326840879,0.540891821635673
"Fe",3943,9.80798459301135,0.351329734053189
"Fe",3944,7.66875714701314,0.65746850629874
"Fe",3945,7.68789149689603,0.654269146170766
"Fe",3946,7.87322833683956,0.624875024995001
"Fe",3947,10.3933188112501,0.285542891421716
"Fe",3948,17.176275177919,0.0147970405918816
"Fe",3949,3.69471812541138,0.998400319936013
"Fe",3950,13.4088970215385,0.0875824835032993
"Fe",3951,7.0835666305791,0.753249350129974
"Fe",3952,10.0909778493633,0.317336532693461
"Fe",3953,11.1215310689671,0.222955408918216
"Fe",3954,8.40628703812919,0.546090781843631
"Fe",3955,9.42446371070665,0.397320535892821
"Fe",3956,14.131135939044,0.0609878024395121
"Fe",3957,7.80888920340777,0.637872425514897
"Fe",3958,9.34839398301827,0.405918816236753
"Fe",3959,6.66461253398077,0.813037392521496
"Fe",3960,11.3606367293483,0.203559288142372
"Fe",3961,8.9864047347879,0.457308538292342
"Fe",3962,10.8216062001623,0.24755048990202
"Fe",3963,6.96952697502036,0.770245950809838
"Fe",3964,9.5511292649413,0.382323535292941
"Fe",3965,10.7103281553936,0.256948610277944
"Fe",3966,8.41274476959143,0.544891021795641
"Fe",3967,8.72609594758526,0.49870025994801
"Fe",3968,6.66965622114094,0.812637472505499
"Fe",3969,8.73190311454488,0.497700459908018
"Fe",3970,13.036598557906,0.0977804439112178
"Fe",3971,7.06281276018944,0.756648670265947
"Fe",3972,7.27416543490324,0.722255548890222
"Fe",3973,7.97491513468688,0.608478304339132
"Fe",3974,12.6454300354975,0.115976804639072
"Fe",3975,7.29526892874881,0.718856228754249
"Fe",3976,12.5695051150794,0.119776044791042
"Fe",3977,16.2785621049064,0.0225954809038192
"Fe",3978,6.80302512550261,0.79744051189762
"Fe",3979,12.4068228596143,0.129374125174965
"Fe",3980,9.98017968565199,0.331333733253349
"Fe",3981,15.8340613402898,0.026994601079784
"Fe",3982,5.23838409607046,0.955408918216357
"Fe",3983,15.6690096109355,0.0285942811437712
"Fe",3984,10.3430968702404,0.290141971605679
"Fe",3985,6.97343960502118,0.769646070785843
"Fe",3986,14.5750929313931,0.0499900019996001
"Fe",3987,9.5422298127464,0.382923415316937
"Fe",3988,11.1831784042568,0.218556288742252
"Fe",3989,9.11041274008176,0.441111777644471
"Fe",3990,6.56518687456619,0.824035192961408
"Fe",3991,15.5797892600719,0.0297940411917616
"Fe",3992,6.02964840554728,0.887622475504899
"Fe",3993,11.7790014760566,0.171165766846631
"Fe",3994,17.0993320333378,0.0157968406318736
"Fe",3995,6.40194018956657,0.843031393721256
"Fe",3996,16.3472001691866,0.021995600879824
"Fe",3997,11.3117258246517,0.208158368326335
"Fe",3998,6.62911320988182,0.816636672665467
"Fe",3999,13.4848623287517,0.0845830833833233
"Fe",4000,11.8362038721391,0.166766646670666
"Fe",4001,10.7993808815299,0.248950209958008
"Fe",4002,8.49620503305331,0.531893621275745
"Fe",4003,8.66609145906014,0.506498700259948
"Fe",4004,7.91056767994084,0.618676264747051
"Fe",4005,7.95107570083613,0.610677864427115
"Fe",4006,6.30744431648515,0.853429314137173
"Fe",4007,7.14111732552414,0.743251349730054
"Fe",4008,8.87142029575256,0.475904819036193
"Fe",4009,9.01542750714052,0.453509298140372
"Fe",4010,9.41999957298626,0.39872025594881
"Fe",4011,7.49455405203224,0.69126174765047
"Fe",4012,6.84734752297481,0.789842031593681
"Fe",4013,5.60314206099446,0.927214557088582
"Fe",4014,10.2989785307861,0.294741051789642
"Fe",4015,4.81360269886875,0.978404319136173
"Fe",4016,10.1866707415811,0.308938212357528
"Fe",4017,5.78068856241137,0.910417916416717
"Fe",4018,7.82041335767016,0.636472705458908
"Fe",4019,12.4478045525679,0.128174365126975
"Fe",4020,11.6135841706567,0.184363127374525
"Fe",4021,8.59821895372286,0.51629674065187
"Fe",4022,8.36369814172699,0.553089382123575
"Fe",4023,10.3338860611811,0.290941811637672
"Fe",4024,6.95217539165895,0.773845230953809
"Fe",4025,6.48157884689306,0.834433113377325
"Fe",4026,3.43268034020232,0.999400119976005
"Fe",4027,9.42911493165249,0.397120575884823
"Fe",4028,6.60202724238752,0.819836032793441
"Fe",4029,9.50373307169747,0.387122575484903
"Fe",4030,10.4387753369354,0.282343531293741
"Fe",4031,5.55413168096658,0.930213957208558
"Fe",4032,7.32382191561115,0.714057188562288
"Fe",4033,14.8846595076695,0.0423915216956609
"Fe",4034,13.2036852200572,0.092381523695261
"Fe",4035,8.36544023549843,0.552689462107579
"Fe",4036,6.9988748670369,0.765846830633873
"Fe",4037,10.5570890043507,0.272145570885823
"Fe",4038,12.1427816920533,0.148570285942811
"Fe",4039,21.144590087116,0.0023995200959808
"Fe",4040,7.44353798884839,0.69746050789842
"Fe",4041,8.45243330013267,0.538492301539692
"Fe",4042,8.86609354995005,0.476504699060188
"Fe",4043,8.8756299801845,0.475104979004199
"Fe",4044,13.8178924644303,0.0721855628874225
"Fe",4045,6.74608484995312,0.803839232153569
"Fe",4046,6.17150101535908,0.870425914817037
"Fe",4047,10.1300105292565,0.314537092581484
"Fe",4048,12.3631999870234,0.132773445310938
"Fe",4049,4.89324023321187,0.975404919016197
"Fe",4050,8.31777623947067,0.558888222355529
"Fe",4051,7.14367622353276,0.742651469706059
"Fe",4052,10.0970750405057,0.317136572685463
"Fe",4053,10.9238287689453,0.238952209558088
"Fe",4054,9.53458854253952,0.383323335332933
"Fe",4055,11.713209729067,0.177564487102579
"Fe",4056,15.7785526971259,0.026994601079784
"Fe",4057,12.9884534780024,0.0999800039992002
"Fe",4058,7.86102689740258,0.62747450509898
"Fe",4059,6.50254802910251,0.831833633273345
"Fe",4060,7.13968848409449,0.743251349730054
"Fe",4061,12.6343141483207,0.116776644671066
"Fe",4062,10.3431222026475,0.290141971605679
"Fe",4063,9.40869690522106,0.399720055988802
"Fe",4064,12.6887826035707,0.113577284543091
"Fe",4065,6.30208442966733,0.853629274145171
"Fe",4066,8.35157445632743,0.554489102179564
"Fe",4067,17.3133989806848,0.0133973205358928
"Fe",4068,13.1992386476099,0.092381523695261
"Fe",4069,6.86386361708281,0.787642471505699
"Fe",4070,11.7082776796636,0.177964407118576
"Fe",4071,7.13555262581096,0.743651269746051
"Fe",4072,10.9082015525741,0.240351929614077
"Fe",4073,10.6877092712265,0.25874825034993
"Fe",4074,12.0098823874387,0.157568486302739
"Fe",4075,6.19248861757498,0.867226554689062
"Fe",4076,12.6032483749834,0.118176364727055
"Fe",4077,9.57175070739945,0.380523895220956
"Fe",4078,12.27110872627,0.138972205558888
"Fe",4079,7.15675299533135,0.740651869626075
"Fe",4080,3.67042197966927,0.998600279944011
"Fe",4081,9.09568551404766,0.442311537692462
"Fe",4082,7.51721865827426,0.68626274745051
"Fe",4083,6.01799044766065,0.888822235552889
"Fe",4084,6.9801453340732,0.767846430713857
"Fe",4085,16.1026392569724,0.023995200959808
"Fe",4086,7.62759768541903,0.662667466506699
"Fe",4087,17.5901859896918,0.0115976804639072
"Fe",4088,6.10549791422542,0.876824635072985
"Fe",4089,6.58997937231427,0.821435712857429
"Fe",4090,11.8212297180651,0.168366326734653
"Fe",4091,12.3263274664448,0.135172965406919
"Fe",4092,11.3530152979516,0.204159168166367
"Fe",4093,6.00926846733978,0.89002199560088
"Fe",4094,8.7010186228683,0.501499700059988
"Fe",4095,5.88233817334674,0.901819636072785
"Fe",4096,8.68590173910817,0.503899220155969
"Fe",4097,12.0789878907075,0.152969406118776
"Fe",4098,8.97516521959447,0.459108178364327
"Fe",4099,6.25060899785188,0.860627874425115
"Fe",4100,8.3847763534701,0.548490301939612
"Fe",4101,8.74059313499666,0.496700659868026
"Fe",4102,10.6443537846181,0.263947210557888
"Fe",4103,7.96428759343894,0.609478104379124
"Fe",4104,7.60412958919025,0.668666266746651
"Fe",4105,12.0075229818787,0.157568486302739
"Fe",4106,9.40756955969997,0.399720055988802
"Fe",4107,9.88508383734398,0.342331533693261
"Fe",4108,6.22324309701597,0.863027394521096
"Fe",4109,9.61016471660928,0.374925014997001
"Fe",4110,8.67262468603008,0.505298940211958
"Fe",4111,13.4481176913806,0.0863827234553089
"Fe",4112,7.56249337965795,0.677264547090582
"Fe",4113,5.15588571963585,0.961607678464307
"Fe",4114,7.88232581370711,0.623075384923015
"Fe",4115,10.3197841612956,0.292341531693661
"Fe",4116,7.58598438266534,0.673065386922616
"Fe",4117,13.1500387500693,0.0933813237352529
"Fe",4118,9.16802506158163,0.43131373725255
"Fe",4119,9.01539159243549,0.453509298140372
"Fe",4120,13.9215038223779,0.0675864827034593
"Fe",4121,9.83108811578171,0.347330533893221
"Fe",4122,18.4210029193892,0.00819836032793441
"Fe",4123,12.1392228703301,0.148570285942811
"Fe",4124,10.3121865130789,0.293341331733653
"Fe",4125,10.1407985306315,0.313537292541492
"Fe",4126,9.96172821750022,0.334133173365327
"Fe",4127,9.05616006194512,0.447310537892422
"Fe",4128,7.37986856967498,0.707258548290342
"Fe",4129,9.22616179346687,0.423915216956609
"Fe",4130,9.54545921356669,0.382723455308938
"Fe",4131,8.76211098809731,0.493101379724055
"Fe",4132,14.4115167890733,0.0539892021595681
"Fe",4133,8.2117683393206,0.571885622875425
"Fe",4134,9.85998662292511,0.345330933813237
"Fe",4135,6.84367003842954,0.790241951609678
"Fe",4136,4.0665707816824,0.995200959808038
"Fe",4137,7.51641505247383,0.686862627474505
"Fe",4138,6.20324211742951,0.864627074585083
"Fe",4139,11.9386537754843,0.160367926414717
"Fe",4140,9.59296705003149,0.377924415116977
"Fe",4141,14.1086340957648,0.0615876824635073
"Fe",4142,7.67761897519489,0.655868826234753
"Fe",4143,5.30646574826457,0.948610277944411
"Fe",4144,10.6233226561553,0.266346730653869
"Fe",4145,11.6752681222015,0.180163967206559
"Fe",4146,12.2201270607042,0.142371525694861
"Fe",4147,12.6858288595881,0.11377724455109
"Fe",4148,6.63139866420056,0.816436712657469
"Fe",4149,10.5914962314081,0.269746050789842
"Fe",4150,6.26391235317243,0.858028394321136
"Fe",4151,7.90089609450303,0.619476104779044
"Fe",4152,7.44327951927721,0.697660467906419
"Fe",4153,4.80668987680559,0.979004199160168
"Fe",4154,8.48664297754439,0.53369326134773
"Fe",4155,7.03212800928274,0.760647870425915
"Fe",4156,6.24567412795564,0.86122775444911
"Fe",4157,8.73304546893382,0.49750049990002
"Fe",4158,7.80574548895015,0.638272345530894
"Fe",4159,12.3293991394342,0.135172965406919
"Fe",4160,7.86897919034911,0.625074985002999
"Fe",4161,8.6157288657113,0.513497300539892
"Fe",4162,8.41661392323627,0.543891221755649
"Fe",4163,11.2032157525753,0.216956608678264
"Fe",4164,7.1866307721711,0.736052789442112
"Fe",4165,9.33975540469558,0.406918616276745
"Fe",4166,9.41759832690943,0.398920215956809
"Fe",4167,8.22079449557582,0.57128574285143
"Fe",4168,6.80637049453273,0.796640671865627
"Fe",4169,7.66529273782692,0.658068386322735
"Fe",4170,8.01439814784075,0.60127974405119
"Fe",4171,9.10637404969626,0.441511697660468
"Fe",4172,9.87824021881852,0.342931413717257
"Fe",4173,7.6023385231785,0.668866226754649
"Fe",4174,9.06949486597554,0.445310937812438
"Fe",4175,13.9710763905264,0.0665866826634673
"Fe",4176,10.0880728123818,0.317936412717456
"Fe",4177,7.01239612237572,0.763847230553889
"Fe",4178,19.109125953746,0.00639872025594881
"Fe",4179,5.62267373722406,0.924215156968606
"Fe",4180,8.91697025168114,0.468906218756249
"Fe",4181,6.78092746860585,0.799640071985603
"Fe",4182,8.13729019466132,0.583083383323335
"Fe",4183,11.0194984035658,0.230953809238152
"Fe",4184,10.0685607173829,0.320735852829434
"Fe",4185,8.10131082010716,0.588882223555289
"Fe",4186,10.4853744899206,0.278144371125775
"Fe",4187,6.79955555243666,0.79744051189762
"Fe",4188,7.6161514931139,0.665466906618676
"Fe",4189,10.1825908567189,0.309938012397521
"Fe",4190,14.6363286741814,0.0487902419516097
"Fe",4191,13.0395226957952,0.0975804839032194
"Fe",4192,7.93390733036742,0.613477304539092
"Fe",4193,22.7882446307904,0.0013997200559888
"Fe",4194,9.33657381701659,0.407718456308738
"Fe",4195,9.29002725539721,0.414717056588682
"Fe",4196,6.9011115090558,0.781843631273745
"Fe",4197,8.95251383752819,0.464307138572286
"Fe",4198,6.99848350977535,0.765846830633873
"Fe",4199,7.49048647593413,0.692061587682464
"Fe",4200,6.82957469274099,0.793241351729654
"Fe",4201,6.05858306995972,0.883423315336933
"Fe",4202,10.2611948385559,0.2999400119976
"Fe",4203,7.59974201767422,0.669066186762648
"Fe",4204,6.42502035814022,0.84123175364927
"Fe",4205,14.0229001045451,0.0645870825834833
"Fe",4206,14.4670145700432,0.0527894421115777
"Fe",4207,9.05389865256339,0.447310537892422
"Fe",4208,8.98480119517657,0.45750849830034
"Fe",4209,9.63751501968406,0.37252549490102
"Fe",4210,7.24437360920615,0.726654669066187
"Fe",4211,9.38081243425916,0.401119776044791
"Fe",4212,6.2927449496139,0.854629074185163
"Fe",4213,11.7317304885096,0.176164767046591
"Fe",4214,9.03045622117548,0.450909818036393
"Fe",4215,8.23783830400532,0.568886222755449
"Fe",4216,7.22167089438764,0.730853829234153
"Fe",4217,6.81473945628051,0.795840831833633
"Fe",4218,10.9305863851774,0.238552289542092
"Fe",4219,9.10791742845362,0.44131173765247
"Fe",4220,9.20045655692402,0.42751449710058
"Fe",4221,9.46822265255702,0.391721655668866
"Fe",4222,7.34154341768357,0.712057588482303
"Fe",4223,4.76445932843015,0.980203959208158
"Fe",4224,9.52636301805634,0.384123175364927
"Fe",4225,9.27261480068842,0.417716456708658
"Fe",4226,9.59513320210039,0.377724455108978
"Fe",4227,6.49629691754666,0.83243351329734
"Fe",4228,9.54605854520835,0.382723455308938
"Fe",4229,6.74492192683493,0.803839232153569
"Fe",4230,11.5889477456308,0.185562887422516
"Fe",4231,8.13982712178912,0.582683463307339
"Fe",4232,9.81049238006281,0.350129974005199
"Fe",4233,16.3730187134294,0.0215956808638272
"Fe",4234,9.0477040692206,0.448110377924415
"Fe",4235,6.67351448755693,0.812237552489502
"Fe",4236,6.65745679781909,0.813437312537493
"Fe",4237,7.15769649950889,0.740651869626075
"Fe",4238,10.8737051505241,0.243951209758048
"Fe",4239,4.80894372561301,0.979004199160168
"Fe",4240,6.26939497006342,0.856828634273145
"Fe",4241,7.6420982166872,0.661467706458708
"Fe",4242,10.5111943634721,0.276344731053789
"Fe",4243,7.78477602916476,0.640671865626875
"Fe",4244,8.12076124930186,0.586082783443311
"Fe",4245,7.04336547044241,0.758648270345931
"Fe",4246,8.87835154950396,0.474705058988202
"Fe",4247,8.53848120082026,0.525894821035793
"Fe",4248,10.3773330544743,0.287342531493701
"Fe",4249,7.47107555002455,0.693461307738452
"Fe",4250,7.12764156684344,0.745250949810038
"Fe",4251,7.47203701273912,0.693261347730454
"Fe",4252,8.21701620330299,0.571685662867427
"Fe",4253,7.06923501694143,0.755648870225955
"Fe",4254,13.4465199838932,0.0863827234553089
"Fe",4255,6.41554601447979,0.842031593681264
"Fe",4256,5.2977086405609,0.949410117976405
"Fe",4257,8.81931749507686,0.484703059388122
"Fe",4258,7.01812471362334,0.762647470505899
"Fe",4259,7.00345116573624,0.764647070585883
"Fe",4260,20.5406619643751,0.00359928014397121
"Fe",4261,6.63295840698794,0.81623675264947
"Fe",4262,13.8659419738447,0.0703859228154369
"Fe",4263,7.47964292066177,0.692861427714457
"Fe",4264,10.0653957677689,0.321135772845431
"Fe",4265,7.77001903981514,0.643671265746851
"Fe",4266,6.15722342793498,0.872625474905019
"Fe",4267,13.1044543891155,0.0957808438312338
"Fe",4268,7.48181173757064,0.692661467706459
"Fe",4269,20.6719077804439,0.0031993601279744
"Fe",4270,20.3628620011933,0.00359928014397121
"Fe",4271,11.1249582477981,0.222755448910218
"Fe",4272,11.9727378193316,0.15876824635073
"Fe",4273,5.18304774707755,0.959208158368326
"Fe",4274,9.92804168689963,0.338332333533293
"Fe",4275,6.02741243956265,0.887622475504899
"Fe",4276,6.47062055003559,0.835832833433313
"Fe",4277,4.31117814285884,0.991601679664067
"Fe",4278,12.8727843564338,0.105978804239152
"Fe",4279,5.77697962892492,0.910617876424715
"Fe",4280,7.81752454218349,0.637072585482903
"Fe",4281,10.8758708080385,0.243551289742052
"Fe",4282,10.1704010660053,0.310937812437513
"Fe",4283,10.8228197089254,0.24755048990202
"Fe",4284,5.61890203153862,0.924215156968606
"Fe",4285,5.67679753964021,0.918216356728654
"Fe",4286,8.86161210677517,0.477104579084183
"Fe",4287,7.91090384305824,0.618676264747051
"Fe",4288,5.03095793933289,0.967606478704259
"Fe",4289,7.27058810615176,0.723055388922216
"Fe",4290,5.48273194565408,0.934013197360528
"Fe",4291,9.62897937980034,0.373325334933013
"Fe",4292,6.20154656129384,0.865226954609078
"Fe",4293,7.11591280656253,0.747850429914017
"Fe",4294,7.06090552499253,0.756848630273945
"Fe",4295,5.96111171150413,0.894021195760848
"Fe",4296,10.5880552250598,0.26994601079784
"Fe",4297,9.02848302729038,0.451509698060388
"Fe",4298,9.98648554476407,0.330733853229354
"Fe",4299,6.52180818898439,0.83003399320136
"Fe",4300,14.5795090534821,0.0497900419916017
"Fe",4301,8.34493651616391,0.555488902219556
"Fe",4302,13.3756645541427,0.0887822435512897
"Fe",4303,21.2822156839668,0.0021995600879824
"Fe",4304,15.7220819712629,0.0277944411117776
"Fe",4305,8.97422071573402,0.459508098380324
"Fe",4306,10.0569949911901,0.322735452909418
"Fe",4307,7.0818036888987,0.753649270145971
"Fe",4308,10.0233050135223,0.326134773045391
"Fe",4309,12.5218922566947,0.122775444911018
"Fe",4310,6.1322486904771,0.874425114977005
"Fe",4311,7.97211497779887,0.608878224355129
"Fe",4312,6.89135473939731,0.783443311337732
"Fe",4313,9.32923583308531,0.408318336332733
"Fe",4314,8.50138221717336,0.530893821235753
"Fe",4315,5.25676021411832,0.952809438112378
"Fe",4316,11.0969772554128,0.224555088982204
"Fe",4317,8.08176541734542,0.591081783643271
"Fe",4318,8.31395335917077,0.559088182363527
"Fe",4319,10.0314668839157,0.325134973005399
"Fe",4320,10.7088911686195,0.257148570285943
"Fe",4321,5.38400753101052,0.942411517696461
"Fe",4322,10.7474922126765,0.254349130173965
"Fe",4323,9.90907723124917,0.339732053589282
"Fe",4324,9.9667541210973,0.333533293341332
"Fe",4325,6.36150535408842,0.847430513897221
"Fe",4326,8.3632121573109,0.553289342131574
"Fe",4327,13.2094489126799,0.0921815636872625
"Fe",4328,4.82587616748015,0.978204359128174
"Fe",4329,6.55836876778048,0.825234953009398
"Fe",4330,6.24104127345103,0.861427714457109
"Fe",4331,6.79178567897841,0.798240351929614
"Fe",4332,16.9869535869046,0.0161967606478704
"Fe",4333,6.1577163055004,0.872625474905019
"Fe",4334,7.14820695373783,0.742251549690062
"Fe",4335,6.17207513872413,0.870425914817037
"Fe",4336,7.98019607501544,0.608278344331134
"Fe",4337,7.85588912970067,0.628674265146971
"Fe",4338,12.334550640515,0.134573085382923
"Fe",4339,11.6647531703804,0.180963807238552
"Fe",4340,5.80781260179965,0.908018396320736
"Fe",4341,5.88042429211805,0.902019596080784
"Fe",4342,9.7484785120036,0.35872825434913
"Fe",4343,9.0006746689167,0.455308938212358
"Fe",4344,10.8270202229025,0.247150569886023
"Fe",4345,12.5433581644578,0.121575684863027
"Fe",4346,11.7975455138975,0.169766046790642
"Fe",4347,5.81623925377119,0.906618676264747
"Fe",4348,9.85626173988251,0.345930813837233
"Fe",4349,9.78209920187717,0.355728854229154
"Fe",4350,11.827361021146,0.167566486702659
"Fe",4351,4.86941405320579,0.976404719056189
"Fe",4352,6.44081183495675,0.838232353529294
"Fe",4353,6.91977674347143,0.779044191161768
"Fe",4354,7.46316653487344,0.694261147770446
"Fe",4355,6.99018662136226,0.767246550689862
"Fe",4356,7.83860798753264,0.632273545290942
"Fe",4357,10.2235600484293,0.304739052189562
"Fe",4358,7.53509864645619,0.682263547290542
"Fe",4359,6.3816526708479,0.84503099380124
"Fe",4360,13.3659697739882,0.0889822035592881
"Fe",4361,15.2683344416736,0.0333933213357329
"Fe",4362,9.90006510457678,0.340731853629274
"Fe",4363,13.5680441629195,0.0805838832233553
"Fe",4364,8.5558372110402,0.524495100979804
"Fe",4365,9.21090454460483,0.426114777044591
"Fe",4366,8.60376477142495,0.515496900619876
"Fe",4367,11.1152649254104,0.223555288942212
"Fe",4368,9.20417361933517,0.426914617076585
"Fe",4369,10.1583131343296,0.311937612477505
"Fe",4370,5.86170928330466,0.903619276144771
"Fe",4371,11.4219373724482,0.199360127974405
"Fe",4372,5.21068250293897,0.956608678264347
"Fe",4373,7.23332765373354,0.729254149170166
"Fe",4374,13.0855949817658,0.0961807638472306
"Fe",4375,5.66093316107356,0.919016196760648
"Fe",4376,8.4599501161683,0.5374925014997
"Fe",4377,7.16273030053101,0.740251949610078
"Fe",4378,7.50315775974167,0.690261947610478
"Fe",4379,6.43438759490553,0.839632073585283
"Fe",4380,15.2114266259139,0.0349930013997201
"Fe",4381,6.24506564587642,0.86122775444911
"Fe",4382,10.3574466721595,0.289142171565687
"Fe",4383,7.29523737220561,0.718856228754249
"Fe",4384,11.3303947376306,0.206558688262348
"Fe",4385,4.34781179007588,0.991601679664067
"Fe",4386,9.13951052447402,0.436912617476505
"Fe",4387,9.7397377725076,0.360127974405119
"Fe",4388,15.5828347740462,0.0297940411917616
"Fe",4389,7.72945632529323,0.648670265946811
"Fe",4390,9.8712143372417,0.344331133773245
"Fe",4391,12.1400119818904,0.148570285942811
"Fe",4392,7.35058742909023,0.711057788442311
"Fe",4393,5.45733044651215,0.936812637472506
"Fe",4394,12.0975955976236,0.150969806038792
"Fe",4395,12.5388219886106,0.122175564887023
"Fe",4396,5.17609813150733,0.959408118376325
"Fe",4397,12.6382853090675,0.116576684663067
"Fe",4398,8.37162854167875,0.55128974205159
"Fe",4399,8.24930635996176,0.567886422715457
"Fe",4400,8.44003620223444,0.540291941611678
"Fe",4401,7.95482186571815,0.609878024395121
"Fe",4402,8.47336206100809,0.535492901419716
"Fe",4403,8.80885904210905,0.485702859428114
"Fe",4404,6.79398746644404,0.797840431913617
"Fe",4405,14.4979430547933,0.0517896420715857
"Fe",4406,12.1141340956683,0.149770045990802
"Fe",4407,4.87050273474433,0.976404719056189
"Fe",4408,6.16187567207811,0.871425714857029
"Fe",4409,11.7535041333897,0.173965206958608
"Fe",4410,7.75522233626978,0.645870825834833
"Fe",4411,9.83688401013717,0.347130573885223
"Fe",4412,10.7980697468892,0.248950209958008
"Fe",4413,8.80985274907528,0.485502899420116
"Fe",4414,5.79625613421189,0.909018196360728
"Fe",4415,10.9427986695383,0.236952609478104
"Fe",4416,6.19768110174837,0.866026794641072
"Fe",4417,7.34284036569971,0.711857628474305
"Fe",4418,9.74512447329889,0.359128174365127
"Fe",4419,7.24488978727979,0.726454709058188
"Fe",4420,5.07946331033537,0.965606878624275
"Fe",4421,8.63453843181324,0.51129774045191
"Fe",4422,7.57189282976705,0.676064787042591
"Fe",4423,17.9589542496327,0.00959808038392321
"Fe",4424,8.77998393356378,0.490101979604079
"Fe",4425,14.499310395776,0.0517896420715857
"Fe",4426,9.77209071869007,0.356928614277145
"Fe",4427,11.9322707330442,0.161167766446711
"Fe",4428,8.92005120299044,0.468906218756249
"Fe",4429,8.06099914394937,0.594281143771246
"Fe",4430,9.48539968174131,0.390121975604879
"Fe",4431,12.7319286685894,0.111777644471106
"Fe",4432,12.3596852379713,0.132773445310938
"Fe",4433,4.36748409890117,0.99120175964807
"Fe",4434,10.6116349813283,0.267746450709858
"Fe",4435,6.90221809847318,0.781643671265747
"Fe",4436,13.0138217549435,0.0987802439512098
"Fe",4437,8.17936215012456,0.576084783043391
"Fe",4438,8.35305763921997,0.554089182163567
"Fe",4439,6.07603301767108,0.880823835232953
"Fe",4440,8.0318031495504,0.598480303939212
"Fe",4441,8.86755776132165,0.47630473905219
"Fe",4442,6.7425475754813,0.804039192161568
"Fe",4443,14.3140887037072,0.0553889222155569
"Fe",4444,10.424076360623,0.28374325134973
"Fe",4445,4.89147518420694,0.975404919016197
"Fe",4446,11.3235057825036,0.206958608278344
"Fe",4447,7.1751016971285,0.737252549490102
"Fe",4448,8.44029344548912,0.540291941611678
"Fe",4449,14.0388137918453,0.0643871225754849
"Fe",4450,12.2035274608187,0.142771445710858
"Fe",4451,7.18620514807012,0.73625274945011
"Fe",4452,7.81662106409533,0.637072585482903
"Fe",4453,9.06364084396515,0.446110777844431
"Fe",4454,5.10117242293575,0.963007398520296
"Fe",4455,7.79535116477891,0.639272145570886
"Fe",4456,11.930079764242,0.161167766446711
"Fe",4457,7.00242326267804,0.764847030593881
"Fe",4458,6.57921315843862,0.822435512897421
"Fe",4459,11.1106411408914,0.223955208958208
"Fe",4460,6.3838469541636,0.844831033793241
"Fe",4461,11.1166041470601,0.223355328934213
"Fe",4462,17.2287576067867,0.0141971605678864
"Fe",4463,7.49702916933117,0.690661867626475
"Fe",4464,9.75008323441656,0.35872825434913
"Fe",4465,10.7489202295932,0.254149170165967
"Fe",4466,16.2504039821563,0.022995400919816
"Fe",4467,8.4425999023932,0.539892021595681
"Fe",4468,8.92686877704276,0.468306338732254
"Fe",4469,8.65641402712745,0.508098380323935
"Fe",4470,8.24477832151692,0.568286342731454
"Fe",4471,12.8787363538965,0.105178964207159
"Fe",4472,10.9992743638902,0.23255348930214
"Fe",4473,3.91204323373401,0.996800639872026
"Fe",4474,7.12808640721732,0.745250949810038
"Fe",4475,7.40777217565241,0.703859228154369
"Fe",4476,10.2089697778419,0.306338732253549
"Fe",4477,8.68470874338857,0.504099180163967
"Fe",4478,11.0405773953665,0.229554089182164
"Fe",4479,8.15371634594328,0.580483903219356
"Fe",4480,6.09707217127445,0.879024195160968
"Fe",4481,11.9005888891946,0.163167366526695
"Fe",4482,11.8054844638141,0.168966206758648
"Fe",4483,4.90384732042858,0.974605078984203
"Fe",4484,9.79382353127659,0.353129374125175
"Fe",4485,5.7217191734384,0.915216956608678
"Fe",4486,6.86627339699541,0.787442511497701
"Fe",4487,13.0248595908437,0.0981803639272146
"Fe",4488,13.1203846140974,0.0945810837832434
"Fe",4489,8.67682327911507,0.504699060187962
"Fe",4490,7.35136883319643,0.711057788442311
"Fe",4491,9.15370684966695,0.434513097380524
"Fe",4492,8.99374726585216,0.45630873825235
"Fe",4493,7.90691901066687,0.619076184763047
"Fe",4494,4.74779228667479,0.980803839232154
"Fe",4495,8.37299387282215,0.55128974205159
"Fe",4496,13.9399065770972,0.0673865226954609
"Fe",4497,12.5778780972304,0.118976204759048
"Fe",4498,11.367990504915,0.202959408118376
"Fe",4499,7.74381598127437,0.646870625874825
"Fe",4500,7.7971560315237,0.639272145570886
"Fe",4501,7.62507735334913,0.663467306538692
"Fe",4502,7.49075164288621,0.691861627674465
"Fe",4503,6.4156130430612,0.842031593681264
"Fe",4504,6.78828805108921,0.798840231953609
"Fe",4505,12.4450431303429,0.128174365126975
"Fe",4506,10.1182678466668,0.315336932613477
"Fe",4507,9.64577235651214,0.370925814837033
"Fe",4508,8.04150074981325,0.596480703859228
"Fe",4509,7.56083554915767,0.678264347130574
"Fe",4510,8.52420520708577,0.528494301139772
"Fe",4511,12.7823178314526,0.108978204359128
"Fe",4512,6.60279150563014,0.819836032793441
"Fe",4513,10.2355784887112,0.303939212157568
"Fe",4514,9.88546680929451,0.342331533693261
"Fe",4515,7.68984203089465,0.654269146170766
"Fe",4516,7.94792162481329,0.611077784443111
"Fe",4517,11.0863946306974,0.2249550089982
"Fe",4518,6.7069656361154,0.808438312337532
"Fe",4519,7.56766189533153,0.676864627074585
"Fe",4520,5.98722840557497,0.891821635672865
"Fe",4521,7.00579899036151,0.764247150569886
"Fe",4522,8.60206883454921,0.515896820635873
"Fe",4523,6.82283772518838,0.794441111777644
"Fe",4524,8.42238426472025,0.543091381723655
"Fe",4525,7.58650519256113,0.673065386922616
"Fe",4526,10.8546536741514,0.244551089782044
"Fe",4527,11.1662497515563,0.21875624875025
"Fe",4528,10.0482109139409,0.323335332933413
"Fe",4529,5.29188232196844,0.9500099980004
"Fe",4530,14.3412637884464,0.0549890021995601
"Fe",4531,6.45660224838437,0.837032593481304
"Fe",4532,12.2353914153922,0.141371725654869
"Fe",4533,18.1651450810851,0.00919816036792642
"Fe",4534,4.94623520283588,0.97120575884823
"Fe",4535,18.5168919233132,0.00799840031993601
"Fe",4536,11.1764653201499,0.21875624875025
"Fe",4537,10.6267276788389,0.265946810637872
"Fe",4538,7.93282574629106,0.613477304539092
"Fe",4539,4.0910756309386,0.994401119776045
"Fe",4540,9.85108238307518,0.346130773845231
"Fe",4541,6.41840523888305,0.842031593681264
"Fe",4542,12.7327177647161,0.111777644471106
"Fe",4543,12.7107092561094,0.112577484503099
"Fe",4544,8.29908770877253,0.561087782443511
"Fe",4545,7.89596041211922,0.621075784843031
"Fe",4546,5.28444677332308,0.950409918016397
"Fe",4547,8.40844988673607,0.545690861827634
"Fe",4548,7.64845207615039,0.660067986402719
"Fe",4549,10.8741312754048,0.243951209758048
"Fe",4550,5.99479923573475,0.891421715656869
"Fe",4551,7.93208062142935,0.613477304539092
"Fe",4552,9.70342284499492,0.365526894621076
"Fe",4553,13.388068201246,0.0881823635272945
"Fe",4554,7.70671814126504,0.650669866026795
"Fe",4555,10.1943342978454,0.308338332333533
"Fe",4556,9.39362872899446,0.400919816036793
"Fe",4557,7.4121102731244,0.703259348130374
"Fe",4558,8.52336759719864,0.528494301139772
"Fe",4559,8.15846573339519,0.579084183163367
"Fe",4560,6.70041822551897,0.809438112377524
"Fe",4561,10.9921394625665,0.233153369326135
"Fe",4562,7.92012222653628,0.615876824635073
"Fe",4563,10.1113413265841,0.315336932613477
"Fe",4564,9.0351399955531,0.449710057988402
"Fe",4565,9.364785679589,0.402319536092781
"Fe",4566,5.5759591568802,0.929014197160568
"Fe",4567,7.4018699749071,0.704659068186363
"Fe",4568,6.15588006545769,0.873025394921016
"Fe",4569,7.44829724964447,0.69626074785043
"Fe",4570,7.49434154468784,0.69126174765047
"Fe",4571,4.85080202978884,0.976804639072186
"Fe",4572,9.08648543181006,0.442711457708458
"Fe",4573,14.6766587906269,0.0477904419116177
"Fe",4574,3.66148988751206,0.998600279944011
"Fe",4575,10.1844659270537,0.309538092381524
"Fe",4576,9.46028220847975,0.392721455708858
"Fe",4577,8.3547417024208,0.554089182163567
"Fe",4578,9.57887267247708,0.379524095180964
"Fe",4579,9.14567518008917,0.435312937412517
"Fe",4580,7.88608297358633,0.622675464907019
"Fe",4581,7.25275999655901,0.725254949010198
"Fe",4582,8.3822646571418,0.549090181963607
"Fe",4583,11.3560274004248,0.203959208158368
"Fe",4584,5.45428576176397,0.937012597480504
"Fe",4585,8.77262671347322,0.491701659668066
"Fe",4586,7.05258401712163,0.757648470305939
"Fe",4587,7.89737917764884,0.620875824835033
"Fe",4588,8.14470503415308,0.581883623275345
"Fe",4589,8.89918658137398,0.471505698860228
"Fe",4590,15.0811722797257,0.0379924015196961
"Fe",4591,6.71723319657693,0.806638672265547
"Fe",4592,6.92164496928388,0.778844231153769
"Fe",4593,7.14063801660667,0.743251349730054
"Fe",4594,9.05941142442686,0.446710657868426
"Fe",4595,12.6207537740854,0.117176564687063
"Fe",4596,10.945363197874,0.236952609478104
"Fe",4597,3.94529503730115,0.996800639872026
"Fe",4598,5.86246813935685,0.903619276144771
"Fe",4599,9.50219458601111,0.387122575484903
"Fe",4600,12.1276551213137,0.149370125974805
"Fe",4601,6.92301344522164,0.778644271145771
"Fe",4602,7.62634858385846,0.663067386522695
"Fe",4603,7.32784052135673,0.713857228554289
"Fe",4604,8.95923372593387,0.462107578484303
"Fe",4605,5.86934655768593,0.903019396120776
"Fe",4606,6.51591398420055,0.830433913217356
"Fe",4607,8.16971146003476,0.577084583083383
"Fe",4608,15.6409829677262,0.028994201159768
"Fe",4609,7.94946662868344,0.610877824435113
"Fe",4610,5.66604258286681,0.918816236752649
"Fe",4611,9.49044808081328,0.388922215556889
"Fe",4612,9.45672185796022,0.393121375724855
"Fe",4613,10.8713080127817,0.243951209758048
"Fe",4614,13.4371680788925,0.0869826034793041
"Fe",4615,8.77224034789023,0.491901619676065
"Fe",4616,8.51942948455428,0.52869426114777
"Fe",4617,6.03370374981372,0.887222555488902
"Fe",4618,14.8523826617906,0.0433913217356529
"Fe",4619,9.10358449680245,0.441511697660468
"Fe",4620,14.1482756883759,0.0601879624075185
"Fe",4621,8.20873549905468,0.572085582883423
"Fe",4622,6.92738977057954,0.777844431113777
"Fe",4623,7.14595584408772,0.74245150969806
"Fe",4624,9.19535295661818,0.427714457108578
"Fe",4625,10.0543800914807,0.322935412917417
"Fe",4626,7.56233212120881,0.67746450709858
"Fe",4627,10.03157362483,0.325134973005399
"Fe",4628,7.57337756669637,0.675664867026595
"Fe",4629,4.69085338874106,0.982803439312138
"Fe",4630,9.30792850253167,0.410917816436713
"Fe",4631,8.98375446849067,0.457908418316337
"Fe",4632,8.17871315317342,0.576084783043391
"Fe",4633,9.16886094584643,0.43131373725255
"Fe",4634,12.8640552303734,0.106378724255149
"Fe",4635,6.95157657598295,0.773845230953809
"Fe",4636,8.54844990166734,0.524495100979804
"Fe",4637,6.36480944007644,0.847030593881224
"Fe",4638,6.74559084571848,0.803839232153569
"Fe",4639,8.44202480342349,0.539892021595681
"Fe",4640,8.42035205698465,0.543091381723655
"Fe",4641,11.1830893293138,0.218556288742252
"Fe",4642,7.85395626494915,0.628674265146971
"Fe",4643,11.7387159122572,0.1749650069986
"Fe",4644,7.27266980232025,0.72245550889822
"Fe",4645,8.49200494583511,0.532893421315737
"Fe",4646,9.91764560637179,0.339132173565287
"Fe",4647,9.32609271672925,0.408318336332733
"Fe",4648,6.74074518061235,0.804439112177564
"Fe",4649,11.1164666590485,0.223355328934213
"Fe",4650,12.499096623466,0.124175164967007
"Fe",4651,9.44691193683303,0.393921215756849
"Fe",4652,17.1839636927185,0.0147970405918816
"Fe",4653,5.79207811957386,0.909218156368726
"Fe",4654,12.4865962841383,0.125174965006999
"Fe",4655,11.1239287371408,0.222955408918216
"Fe",4656,7.70697100937656,0.650669866026795
"Fe",4657,7.34874501369953,0.711457708458308
"Fe",4658,7.01694923221791,0.763247350529894
"Fe",4659,5.32379345141356,0.947410517896421
"Fe",4660,8.50217248840784,0.530693861227754
"Fe",4661,8.82429738054114,0.483103379324135
"Fe",4662,7.83186048962443,0.633873225354929
"Fe",4663,6.25489185948319,0.86002799440112
"Fe",4664,9.48827138573776,0.389322135572885
"Fe",4665,8.95770693143558,0.462307538492302
"Fe",4666,9.97227332249662,0.331933613277345
"Fe",4667,7.50860791329718,0.688262347530494
"Fe",4668,7.40894461937214,0.703859228154369
"Fe",4669,5.06388547160094,0.96620675864827
"Fe",4670,7.24347190642621,0.727054589082184
"Fe",4671,10.9103368773509,0.240151969606079
"Fe",4672,6.65732493625487,0.813437312537493
"Fe",4673,10.2777786364753,0.296940611877624
"Fe",4674,8.91339556087587,0.469506098780244
"Fe",4675,4.88380610149679,0.975804839032194
"Fe",4676,8.59488781601021,0.51629674065187
"Fe",4677,7.17483473481431,0.737252549490102
"Fe",4678,7.36692793992253,0.708658268346331
"Fe",4679,7.25219735786695,0.725254949010198
"Fe",4680,14.1475051076692,0.0601879624075185
"Fe",4681,8.73877114823182,0.496900619876025
"Fe",4682,11.4765335743905,0.194761047790442
"Fe",4683,12.176744946461,0.145570885822835
"Fe",4684,11.2509287477699,0.211757648470306
"Fe",4685,8.60152793769589,0.516096780643871
"Fe",4686,13.6702673903966,0.0767846430713857
"Fe",4687,5.02186431874534,0.967806438712258
"Fe",4688,15.0279303084252,0.0395920815836833
"Fe",4689,8.56870731362775,0.521495700859828
"Fe",4690,7.97391843845065,0.608478304339132
"Fe",4691,10.1943270030191,0.308338332333533
"Fe",4692,8.17303003781259,0.576684663067387
"Fe",4693,6.36738703254971,0.846430713857229
"Fe",4694,6.54011191256876,0.827034593081384
"Fe",4695,11.0396311615362,0.229554089182164
"Fe",4696,6.55682547556063,0.825634873025395
"Fe",4697,10.8671642350518,0.244151169766047
"Fe",4698,11.4264772850751,0.19876024795041
"Fe",4699,7.4701890534123,0.693461307738452
"Fe",4700,8.67423698948073,0.504899020195961
"Fe",4701,11.0905942915012,0.2249550089982
"Fe",4702,4.26802116385485,0.992601479704059
"Fe",4703,11.9375854055456,0.160367926414717
"Fe",4704,8.9202127865473,0.468906218756249
"Fe",4705,10.3793081394305,0.286742651469706
"Fe",4706,6.27349050463266,0.856828634273145
"Fe",4707,5.3752756500721,0.942811437712457
"Fe",4708,7.2626125887775,0.724055188962208
"Fe",4709,7.70024730536363,0.651469706058788
"Fe",4710,8.84097377067977,0.480303939212158
"Fe",4711,5.88767305286638,0.901819636072785
"Fe",4712,4.49637346073592,0.987802439512098
"Fe",4713,11.2524813337797,0.211757648470306
"Fe",4714,8.10510733648935,0.588282343531294
"Fe",4715,5.85698359020736,0.904019196160768
"Fe",4716,6.53619319146799,0.828034393121376
"Fe",4717,8.12883400299049,0.585882823435313
"Fe",4718,7.96790420798126,0.609078184363127
"Fe",4719,9.45009439930698,0.393521295740852
"Fe",4720,13.9677362298008,0.0667866426714657
"Fe",4721,11.1018826128543,0.224555088982204
"Fe",4722,12.7345278344168,0.111777644471106
"Fe",4723,11.2863203039653,0.209558088382324
"Fe",4724,5.56565916781109,0.929414117176565
"Fe",4725,10.6220305514363,0.266546690661868
"Fe",4726,7.19745324133078,0.735252949410118
"Fe",4727,5.80699461372772,0.908018396320736
"Fe",4728,9.07527289901182,0.444911017796441
"Fe",4729,5.57966365304122,0.928814237152569
"Fe",4730,6.47320269757941,0.835632873425315
"Fe",4731,6.09706739497952,0.879024195160968
"Fe",4732,9.28179375059398,0.415916816636673
"Fe",4733,7.25337687905241,0.725254949010198
"Fe",4734,9.1648029820708,0.432113577284543
"Fe",4735,6.29882129092474,0.853829234153169
"Fe",4736,6.51399584284286,0.830633873225355
"Fe",4737,7.88531371375154,0.622675464907019
"Fe",4738,9.47283650615077,0.391121775644871
"Fe",4739,8.53427292977362,0.526494701059788
"Fe",4740,7.85029599701866,0.629874025194961
"Fe",4741,7.8051754655998,0.638272345530894
"Fe",4742,11.6633429674881,0.180963807238552
"Fe",4743,10.5956721337993,0.268946210757848
"Fe",4744,10.1216719311265,0.315136972605479
"Fe",4745,10.1448558024424,0.313537292541492
"Fe",4746,7.80036819273764,0.638872225554889
"Fe",4747,8.00578010845322,0.603079384123175
"Fe",4748,8.20746267400489,0.572085582883423
"Fe",4749,8.39738626534447,0.547290541891622
"Fe",4750,14.872803610432,0.0427914417116577
"Fe",4751,9.08894672712938,0.44251149770046
"Fe",4752,14.6717103180955,0.0477904419116177
"Fe",4753,9.09803129029825,0.441911617676465
"Fe",4754,11.3305514186552,0.206558688262348
"Fe",4755,8.58938760343739,0.516896620675865
"Fe",4756,9.35807990198015,0.404319136172765
"Fe",4757,10.659029618092,0.262147570485903
"Fe",4758,7.98713750211206,0.607078584283143
"Fe",4759,8.13218677031296,0.585082983403319
"Fe",4760,7.99943925841799,0.605278944211158
"Fe",4761,9.64643441939685,0.370725854829034
"Fe",4762,5.18772418632577,0.959008198360328
"Fe",4763,8.66068336916121,0.507098580283943
"Fe",4764,8.64317141947902,0.510297940411918
"Fe",4765,14.0229720816326,0.0645870825834833
"Fe",4766,6.55653707339638,0.825634873025395
"Fe",4767,5.07680422117176,0.965606878624275
"Fe",4768,9.25401098698035,0.420715856828634
"Fe",4769,9.88112999199015,0.342731453709258
"Fe",4770,9.4098097719901,0.399720055988802
"Fe",4771,4.75139100033007,0.980603879224155
"Fe",4772,17.7216900677303,0.0105978804239152
"Fe",4773,11.8815395146346,0.164367126574685
"Fe",4774,11.6613309891447,0.181163767246551
"Fe",4775,14.1176671947949,0.0613877224555089
"Fe",4776,6.71760528410755,0.806638672265547
"Fe",4777,4.97368555587278,0.970205958808238
"Fe",4778,10.6508745216214,0.262747450509898
"Fe",4779,7.385941284902,0.70625874825035
"Fe",4780,7.38850717252041,0.706058788242352
"Fe",4781,17.5293860256023,0.0115976804639072
"Fe",4782,8.77876556070265,0.490501899620076
"Fe",4783,5.70442839452579,0.916416716656669
"Fe",4784,11.2172869668483,0.21495700859828
"Fe",4785,9.12058983916793,0.439112177564487
"Fe",4786,6.8837725778429,0.78504299140172
"Fe",4787,9.47780125269145,0.390321935612877
"Fe",4788,8.33670564770216,0.556688662267547
"Fe",4789,13.0677310447435,0.0965806838632274
"Fe",4790,13.4402439709043,0.0869826034793041
"Fe",4791,9.49589341069913,0.388122375524895
"Fe",4792,10.2321537812403,0.304139172165567
"Fe",4793,10.2876989214521,0.296340731853629
"Fe",4794,8.06831243870241,0.593081383723255
"Fe",4795,11.0488439337884,0.228154369126175
"Fe",4796,7.43512977343008,0.698660267946411
"Fe",4797,12.8664311038885,0.106378724255149
"Fe",4798,13.2718728845432,0.0903819236152769
"Fe",4799,7.38654803617918,0.70625874825035
"Fe",4800,9.05876788015493,0.447110577884423
"Fe",4801,8.74476668868326,0.495700859828034
"Fe",4802,7.69128148785447,0.654269146170766
"Fe",4803,6.0906192713403,0.879824035192961
"Fe",4804,9.02032388321493,0.45250949810038
"Fe",4805,8.51773792131843,0.529494101179764
"Fe",4806,6.0468541138886,0.885622875424915
"Fe",4807,10.9845407767492,0.233553289342132
"Fe",4808,7.5870531198334,0.673065386922616
"Fe",4809,10.1829811210054,0.309938012397521
"Fe",4810,11.7937442019433,0.169766046790642
"Fe",4811,10.0876814986823,0.317936412717456
"Fe",4812,13.8819985953909,0.0697860427914417
"Fe",4813,7.00558739912262,0.764247150569886
"Fe",4814,6.89273518990169,0.783043391321736
"Fe",4815,9.67854579356379,0.368126374725055
"Fe",4816,9.31787322364411,0.409518096380724
"Fe",4817,13.1349671135302,0.0943811237752449
"Fe",4818,9.862444029551,0.345330933813237
"Fe",4819,8.78887804214762,0.489102179564087
"Fe",4820,12.5203959692239,0.122775444911018
"Fe",4821,6.09261927278911,0.879624075184963
"Fe",4822,17.7626648425137,0.0103979204159168
"Fe",4823,16.3984004932571,0.0215956808638272
"Fe",4824,7.67579887150839,0.65626874625075
"Fe",4825,7.72709950146228,0.648870225954809
"Fe",4826,9.57656438860039,0.379724055188962
"Fe",4827,7.41538829653862,0.70245950809838
"Fe",4828,8.59466004442069,0.51629674065187
"Fe",4829,6.69074007974919,0.810637872425515
"Fe",4830,8.90271742632197,0.471105778844231
"Fe",4831,7.99852368861465,0.605678864227155
"Fe",4832,11.3779185619607,0.202359528094381
"Fe",4833,7.35275080028126,0.710857828434313
"Fe",4834,8.05731435560878,0.594681063787243
"Fe",4835,17.8849812254059,0.00959808038392321
"Fe",4836,10.8249940453717,0.247150569886023
"Fe",4837,10.2718867500312,0.297940411917616
"Fe",4838,9.32962020629191,0.408318336332733
"Fe",4839,4.87147697420569,0.976404719056189
"Fe",4840,12.4968256393111,0.124375124975005
"Fe",4841,4.32001776426401,0.991601679664067
"Fe",4842,7.8826285266144,0.623075384923015
"Fe",4843,6.89802382054827,0.78244351129774
"Fe",4844,5.91275672563771,0.899620075984803
"Fe",4845,7.42887099708128,0.699660067986403
"Fe",4846,8.62318256837469,0.512097580483903
"Fe",4847,6.62085009843065,0.817236552689462
"Fe",4848,8.31530644494416,0.559088182363527
"Fe",4849,6.18971147426578,0.868026394721056
"Fe",4850,15.2467424063259,0.0335932813437313
"Fe",4851,11.1373403528133,0.221355728854229
"Fe",4852,14.0850609984086,0.0621875624875025
"Fe",4853,7.87452745302491,0.624875024995001
"Fe",4854,6.19530977789893,0.867026594681064
"Fe",4855,13.2783591558282,0.0903819236152769
"Fe",4856,9.24043053496987,0.421715656868626
"Fe",4857,7.03495155367364,0.759848030393921
"Fe",4858,8.48070555732184,0.534493101379724
"Fe",4859,11.5515390131645,0.188962207558488
"Fe",4860,6.17878071147592,0.869626074785043
"Fe",4861,15.1893753691129,0.0351929614077185
"Fe",4862,8.4197743041052,0.543091381723655
"Fe",4863,9.9164870998186,0.339132173565287
"Fe",4864,10.1705171287738,0.310937812437513
"Fe",4865,6.41318208818183,0.842231553689262
"Fe",4866,6.88855692345564,0.784643071385723
"Fe",4867,5.37082299334932,0.943211357728454
"Fe",4868,8.20066328659988,0.573485302939412
"Fe",4869,7.38854550495336,0.706058788242352
"Fe",4870,7.1966321864538,0.735252949410118
"Fe",4871,9.25608707868869,0.420715856828634
"Fe",4872,6.90866853343977,0.78124375124975
"Fe",4873,5.43930515268906,0.937612477504499
"Fe",4874,4.65955113984535,0.983603279344131
"Fe",4875,10.7998082844217,0.248950209958008
"Fe",4876,7.69287257620795,0.653469306138772
"Fe",4877,8.4326559736302,0.541091781643671
"Fe",4878,6.82135462675654,0.794841031793641
"Fe",4879,9.00358886223219,0.454509098180364
"Fe",4880,8.02609245005249,0.598880223955209
"Fe",4881,8.11626301859289,0.587082583483303
"Fe",4882,9.19078319964831,0.428114377124575
"Fe",4883,5.83586367337642,0.90501899620076
"Fe",4884,8.32193390453062,0.558288342331534
"Fe",4885,10.8977121979849,0.241951609678064
"Fe",4886,8.81978221517076,0.484703059388122
"Fe",4887,10.2604064594337,0.2999400119976
"Fe",4888,4.02319157446655,0.996000799840032
"Fe",4889,6.60358935653643,0.819836032793441
"Fe",4890,10.2581983726533,0.300539892021596
"Fe",4891,10.1715718242663,0.310937812437513
"Fe",4892,8.96080451006296,0.461707658468306
"Fe",4893,14.4483509319268,0.0531893621275745
"Fe",4894,6.09328580099876,0.879624075184963
"Fe",4895,9.51232887551373,0.385522895420916
"Fe",4896,9.49047628868701,0.388922215556889
"Fe",4897,6.6010036681599,0.82003599280144
"Fe",4898,5.69892685025593,0.916816636672665
"Fe",4899,9.47720009648178,0.390521895620876
"Fe",4900,4.88827948358949,0.975404919016197
"Fe",4901,10.0019059462911,0.328534293141372
"Fe",4902,8.15812274831882,0.579284143171366
"Fe",4903,7.87038206612462,0.625074985002999
"Fe",4904,6.93400031361222,0.776644671065787
"Fe",4905,12.8375248523355,0.106978604279144
"Fe",4906,7.88970719076764,0.622075584883023
"Fe",4907,6.03554778171225,0.887022595480904
"Fe",4908,5.60906674120034,0.92621475704859
"Fe",4909,6.8392084008326,0.791041791641672
"Fe",4910,9.31502731460563,0.409918016396721
"Fe",4911,14.1301399724796,0.0609878024395121
"Fe",4912,12.9840316307387,0.0999800039992002
"Fe",4913,14.4146143229443,0.0537892421515697
"Fe",4914,10.610289280074,0.267946410717856
"Fe",4915,8.07933721489547,0.59128174365127
"Fe",4916,9.72383161963378,0.362327534493101
"Fe",4917,8.30049844132969,0.560887822435513
"Fe",4918,7.71670370604951,0.649870025994801
"Fe",4919,9.30259598639748,0.411717656468706
"Fe",4920,6.01802544949783,0.888822235552889
"Fe",4921,10.1147126266762,0.315336932613477
"Fe",4922,8.3460948711969,0.554889022195561
"Fe",4923,7.55452962772048,0.679264147170566
"Fe",4924,9.15362621322907,0.434513097380524
"Fe",4925,6.37019834044463,0.845830833833233
"Fe",4926,9.86963053555459,0.344331133773245
"Fe",4927,11.2856547852998,0.209558088382324
"Fe",4928,8.61688693365858,0.513497300539892
"Fe",4929,11.545650968966,0.189162167566487
"Fe",4930,7.94948768958989,0.610877824435113
"Fe",4931,11.8106569711817,0.16876624675065
"Fe",4932,6.02735976352986,0.887622475504899
"Fe",4933,14.2311866216922,0.0577884423115377
"Fe",4934,6.87700564760078,0.78624275144971
"Fe",4935,10.0836798565114,0.318136372725455
"Fe",4936,10.3980956496517,0.284743051389722
"Fe",4937,9.0499403571786,0.447310537892422
"Fe",4938,11.7482087452826,0.174365126974605
"Fe",4939,9.15164198718313,0.434713057388522
"Fe",4940,9.72242833322167,0.362327534493101
"Fe",4941,10.2515890055266,0.301139772045591
"Fe",4942,10.2590414839204,0.300139972005599
"Fe",4943,9.13514896794268,0.437112577484503
"Fe",4944,7.98024497950749,0.608278344331134
"Fe",4945,13.1661833856874,0.0931813637272546
"Fe",4946,6.8307828950004,0.792841431713657
"Fe",4947,4.3354115165784,0.991601679664067
"Fe",4948,5.82794722284848,0.905618876224755
"Fe",4949,6.19970716379777,0.865626874625075
"Fe",4950,7.33124038975387,0.713457308538292
"Fe",4951,6.86610551402924,0.787442511497701
"Fe",4952,13.593458498779,0.0795840831833633
"Fe",4953,11.288405236891,0.209358128374325
"Fe",4954,10.0152906908715,0.326534693061388
"Fe",4955,5.57329997053058,0.929014197160568
"Fe",4956,7.52636503029163,0.684263147370526
"Fe",4957,11.5916594164377,0.185562887422516
"Fe",4958,9.37808682275116,0.401519696060788
"Fe",4959,9.88923723850735,0.342131573685263
"Fe",4960,9.29184307221453,0.414317136572685
"Fe",4961,8.35243926706676,0.554489102179564
"Fe",4962,4.57732582599779,0.98500299940012
"Fe",4963,8.53545087573517,0.52629474105179
"Fe",4964,6.21606904081457,0.863427314537093
"Fe",4965,8.00371325517239,0.603679264147171
"Fe",4966,14.1458323844116,0.0601879624075185
"Fe",4967,11.5919317996737,0.185562887422516
"Fe",4968,8.49276808603787,0.532893421315737
"Fe",4969,6.09562970695482,0.879224155168966
"Fe",4970,7.1517702077746,0.741651669666067
"Fe",4971,10.1174299294505,0.315336932613477
"Fe",4972,11.9240494996612,0.161767646470706
"Fe",4973,7.805723277775,0.638272345530894
"Fe",4974,15.3063960615968,0.0331933613277345
"Fe",4975,10.3501177214779,0.289342131573685
"Fe",4976,7.83865553072056,0.632273545290942
"Fe",4977,14.2167213190909,0.0579884023195361
"Fe",4978,11.0705991671627,0.226154769046191
"Fe",4979,6.58584348898094,0.821435712857429
"Fe",4980,11.3415399141254,0.20495900819836
"Fe",4981,13.6406568009621,0.0777844431113777
"Fe",4982,4.66995738128784,0.983603279344131
"Fe",4983,10.9590034706816,0.235552889422116
"Fe",4984,10.6217696466203,0.266546690661868
"Fe",4985,6.35529849182436,0.848230353929214
"Fe",4986,5.10098308931671,0.963207358528294
"Fe",4987,5.53830990573613,0.931013797240552
"Fe",4988,10.6176913598526,0.266746650669866
"Fe",4989,7.69801720479896,0.652269546090782
"Fe",4990,10.1343641342929,0.314337132573485
"Fe",4991,4.43120155042183,0.989002199560088
"Fe",4992,5.16048948228615,0.961007798440312
"Fe",4993,8.6911005140864,0.502899420115977
"Fe",4994,9.81529179233073,0.34873025394921
"Fe",4995,4.12508109005985,0.994001199760048
"Fe",4996,8.5552997813779,0.524495100979804
"Fe",4997,10.4304815802271,0.282943411317736
"Fe",4998,9.66439167423883,0.369526094781044
"Fe",4999,14.5675564846793,0.0501899620075985
"Fe",5000,7.36690855391305,0.708658268346331
"Fe",5001,9.73217329186431,0.361527694461108
"Fe",5002,7.95315563903566,0.610277944411118
"Fe",5003,5.85220489911424,0.904219156168766
"Fe",5004,6.57427647011868,0.823035392921416
"Fe",5005,10.0756690268704,0.319736052789442
"Fe",5006,10.6936019776732,0.258548290341932
"Fe",5007,14.9066009990738,0.0417916416716657
"Fe",5008,7.9320679393366,0.613477304539092
"Fe",5009,8.70552782741282,0.50129974005199
"Fe",5010,8.5798274524262,0.518496300739852
"Fe",5011,10.8877687933268,0.242351529694061
"Fe",5012,12.0858865749526,0.152769446110778
"Fe",5013,9.1818900325423,0.429514097180564
"Fe",5014,12.3549978049105,0.133573285342931
"Fe",5015,8.77751038188983,0.490701859628074
"Fe",5016,10.9653000166992,0.235352929414117
"Fe",5017,13.0005999945843,0.0995800839832034
"Fe",5018,12.4927616105005,0.124575084983003
"Fe",5019,12.9305487929958,0.102179564087183
"Fe",5020,9.76723338617839,0.35752849430114
"Fe",5021,12.9708728682887,0.100379924015197
"Fe",5022,7.15000206045337,0.741851629674065
"Fe",5023,9.84881914082874,0.346130773845231
"Fe",5024,6.74825293376844,0.803439312137572
"Fe",5025,11.1218085715931,0.222955408918216
"Fe",5026,8.78769666840381,0.489302139572086
"Fe",5027,8.58437787672352,0.51749650069986
"Fe",5028,8.12105159423075,0.586082783443311
"Fe",5029,10.2001004986298,0.307338532293541
"Fe",5030,6.91474685082437,0.780243951209758
"Fe",5031,8.46348358812415,0.537292541491702
"Fe",5032,10.0092479645719,0.327334533093381
"Fe",5033,7.15362356464914,0.741051789642072
"Fe",5034,11.1364743383384,0.221355728854229
"Fe",5035,5.32302941229642,0.947410517896421
"Fe",5036,9.19779929865086,0.42751449710058
"Fe",5037,15.5279561243371,0.0305938812237553
"Fe",5038,8.39075913273516,0.547690461907618
"Fe",5039,4.59414656520227,0.984803039392122
"Fe",5040,15.9380200043974,0.0261947610477904
"Fe",5041,6.76242058547803,0.801439712057588
"Fe",5042,8.78361187618432,0.489502099580084
"Fe",5043,13.6506879205529,0.0775844831033793
"Fe",5044,8.80297096418008,0.486902619476105
"Fe",5045,11.8297319067097,0.167166566686663
"Fe",5046,5.81470267470718,0.907218556288742
"Fe",5047,9.80091477531454,0.352129574085183
"Fe",5048,9.18899198551563,0.428314337132573
"Fe",5049,8.19133217112619,0.574885022995401
"Fe",5050,13.0323541501307,0.0977804439112178
"Fe",5051,6.18046472002672,0.869626074785043
"Fe",5052,9.03053194731621,0.450909818036393
"Fe",5053,5.01703803669585,0.967806438712258
"Fe",5054,11.7196557433695,0.176964607078584
"Fe",5055,4.74415155928375,0.98120375924815
"Fe",5056,9.9348446471584,0.336932613477305
"Fe",5057,7.47743574627239,0.692861427714457
"Fe",5058,5.78560537452117,0.910217956408718
"Fe",5059,13.8093281911703,0.0727854429114177
"Fe",5060,8.97486521045218,0.459108178364327
"Fe",5061,18.8577479205191,0.00699860027994401
"Fe",5062,8.01629337897072,0.600879824035193
"Fe",5063,10.3627307885589,0.28874225154969
"Fe",5064,8.00443658415088,0.603479304139172
"Fe",5065,5.76658146917708,0.911617676464707
"Fe",5066,12.559726098935,0.120575884823035
"Fe",5067,7.0526738736317,0.757648470305939
"Fe",5068,6.1414990676291,0.873825234953009
"Fe",5069,5.82162462291933,0.906018796240752
"Fe",5070,10.2504935671452,0.301539692061588
"Fe",5071,7.80144974068608,0.638672265546891
"Fe",5072,8.77303325660495,0.491101779644071
"Fe",5073,10.8285512342069,0.246950609878024
"Fe",5074,10.3846380998799,0.285942811437712
"Fe",5075,11.4089465969887,0.200359928014397
"Fe",5076,14.1418414071513,0.0603879224155169
"Fe",5077,13.1894505167533,0.092381523695261
"Fe",5078,8.02250871501346,0.599480103979204
"Fe",5079,7.87089730046083,0.625074985002999
"Fe",5080,5.36015007655183,0.944411117776445
"Fe",5081,11.3462728596455,0.204759048190362
"Fe",5082,9.39538288132313,0.400719856028794
"Fe",5083,8.78283432233923,0.489502099580084
"Fe",5084,4.8451495416451,0.976804639072186
"Fe",5085,8.89214636654202,0.472305538892222
"Fe",5086,12.4924028452959,0.124575084983003
"Fe",5087,9.02695046981947,0.451909618076385
"Fe",5088,6.44561598067827,0.838232353529294
"Fe",5089,12.2218396925066,0.142371525694861
"Fe",5090,9.90180867024335,0.340731853629274
"Fe",5091,8.41352726156256,0.544891021795641
"Fe",5092,11.1581304307493,0.219356128774245
"Fe",5093,10.9455864217862,0.236952609478104
"Fe",5094,13.6858224026968,0.0757848430313937
"Fe",5095,8.3742009980258,0.550889822035593
"Fe",5096,9.49631075070349,0.388122375524895
"Fe",5097,8.45336373614859,0.538492301539692
"Fe",5098,7.31353983442204,0.715656868626275
"Fe",5099,13.9191391706955,0.0677864427114577
"Fe",5100,9.55939018639896,0.381923615276945
"Fe",5101,12.5483178390109,0.121575684863027
"Fe",5102,8.0960079521798,0.589482103579284
"Fe",5103,6.56604623752645,0.823835232953409
"Fe",5104,8.84052549244203,0.480303939212158
"Fe",5105,6.90556315029923,0.781443711257748
"Fe",5106,7.22803474550619,0.73005398920216
"Fe",5107,7.39731552236222,0.705458908218356
"Fe",5108,6.69290081132495,0.810637872425515
"Fe",5109,6.17486764140367,0.87002599480104
"Fe",5110,14.0611443388844,0.0631873625274945
"Fe",5111,7.39139771005776,0.706058788242352
"Fe",5112,14.2219769928153,0.0577884423115377
"Fe",5113,5.453969156648,0.937012597480504
"Fe",5114,6.59413129952424,0.821035792841432
"Fe",5115,6.56333011413557,0.824635072985403
"Fe",5116,10.2796838432025,0.296940611877624
"Fe",5117,5.40440664495068,0.94001199760048
"Fe",5118,7.75170467206095,0.64627074585083
"Fe",5119,8.05325424365739,0.595080983803239
"Fe",5120,8.24965191373599,0.567686462707458
"Fe",5121,11.898049480391,0.163167366526695
"Fe",5122,7.93749383920328,0.613077384523095
"Fe",5123,20.3571301598539,0.00359928014397121
"Fe",5124,13.9201396375455,0.0675864827034593
"Fe",5125,7.8885616482101,0.622075584883023
"Fe",5126,8.74072426579053,0.496700659868026
"Fe",5127,6.31595213522857,0.852829434113177
"Fe",5128,7.18131228198757,0.736852629474105
"Fe",5129,7.56068858280383,0.678264347130574
"Fe",5130,10.4002909287772,0.284743051389722
"Fe",5131,7.10938569254532,0.748850229954009
"Fe",5132,8.63295747831222,0.51129774045191
"Fe",5133,16.4219653579188,0.0207958408318336
"Fe",5134,6.09619960997327,0.879024195160968
"Fe",5135,8.60905170444533,0.514297140571886
"Fe",5136,6.25838971460783,0.859228154369126
"Fe",5137,6.12307352848129,0.875024995001
"Fe",5138,12.1277157514282,0.149370125974805
"Fe",5139,7.32303286713196,0.714057188562288
"Fe",5140,5.30669246320875,0.948610277944411
"Fe",5141,4.92818249767834,0.973005398920216
"Fe",5142,8.47765061953231,0.535292941411718
"Fe",5143,5.99228389118812,0.891621675664867
"Fe",5144,10.819523039642,0.24755048990202
"Fe",5145,11.362362060244,0.203359328134373
"Fe",5146,11.4052658221918,0.200559888022396
"Fe",5147,10.4093683751745,0.284343131373725
"Fe",5148,9.51079380411801,0.385922815436913
"Fe",5149,6.80003223057031,0.79744051189762
"Fe",5150,8.88560959936356,0.473305338932214
"Fe",5151,16.0995829323219,0.023995200959808
"Fe",5152,8.08478274578351,0.590681863627275
"Fe",5153,7.48510483615246,0.692261547690462
"Fe",5154,10.8718082647533,0.243951209758048
"Fe",5155,6.43987475783652,0.838432313537293
"Fe",5156,6.93140230109401,0.777644471105779
"Fe",5157,9.41674273785824,0.399120175964807
"Fe",5158,7.97023754109809,0.609078184363127
"Fe",5159,11.5772290019092,0.186962607478504
"Fe",5160,13.8531854754587,0.0713857228554289
"Fe",5161,12.3135207740459,0.136372725454909
"Fe",5162,7.04168805251678,0.758848230353929
"Fe",5163,5.54477607392096,0.930413917216557
"Fe",5164,21.0937405438068,0.0025994801039792
"Fe",5165,4.30667393940507,0.991601679664067
"Fe",5166,11.7725728510946,0.171765646870626
"Fe",5167,20.7572467258251,0.0031993601279744
"Fe",5168,5.16950769773027,0.96000799840032
"Fe",5169,5.72894331053007,0.914217156568686
"Fe",5170,9.19264036692198,0.427714457108578
"Fe",5171,8.85237404741278,0.478304339132174
"Fe",5172,4.83872576878528,0.977404519096181
"Fe",5173,7.77157512927462,0.643471305738852
"Fe",5174,8.14273547055492,0.582083583283343
"Fe",5175,10.838629497804,0.246150769846031
"Fe",5176,13.4736480268035,0.0851829634073185
"Fe",5177,4.84092236352961,0.977204559088182
"Fe",5178,9.86137079574993,0.345330933813237
"Fe",5179,9.37038243650656,0.402119576084783
"Fe",5180,13.3251281504979,0.0893821235752849
"Fe",5181,6.17741152883366,0.87002599480104
"Fe",5182,8.62762554929421,0.511697660467906
"Fe",5183,11.0947826613074,0.224555088982204
"Fe",5184,8.87250014850991,0.475704859028194
"Fe",5185,4.733479737967,0.981603679264147
"Fe",5186,9.72457238009262,0.362127574485103
"Fe",5187,12.7503951984734,0.110577884423115
"Fe",5188,11.6105349362149,0.184363127374525
"Fe",5189,5.44107270582955,0.937612477504499
"Fe",5190,5.36108163208871,0.944411117776445
"Fe",5191,5.7928901385576,0.909018196360728
"Fe",5192,7.4699543889612,0.693461307738452
"Fe",5193,8.70265380686712,0.501499700059988
"Fe",5194,12.2210626185008,0.142371525694861
"Fe",5195,7.59859171111674,0.669466106778644
"Fe",5196,10.2522250174426,0.300939812037592
"Fe",5197,8.38799639743073,0.547890421915617
"Fe",5198,10.8000399778026,0.248950209958008
"Fe",5199,7.342051204207,0.712057588482303
"Fe",5200,10.7831265299978,0.250549890021996
"Fe",5201,8.89757488814038,0.471705658868226
"Fe",5202,6.33141268556477,0.85122975404919
"Fe",5203,10.0725697655498,0.320135972805439
"Fe",5204,7.1079262961178,0.749450109978004
"Fe",5205,9.27107404060519,0.418116376724655
"Fe",5206,13.1253349181903,0.0945810837832434
"Fe",5207,8.0016147647072,0.604879024195161
"Fe",5208,8.50217640568115,0.530693861227754
"Fe",5209,5.21554768505459,0.956408718256349
"Fe",5210,11.3997250175095,0.200559888022396
"Fe",5211,13.9629317549804,0.0667866426714657
"Fe",5212,9.3450523749201,0.406318736252749
"Fe",5213,8.68259311590518,0.504699060187962
"Fe",5214,7.32059914531496,0.714657068586283
"Fe",5215,7.66357997649845,0.658068386322735
"Fe",5216,8.85436948677707,0.477904419116177
"Fe",5217,5.30964125840308,0.948410317936413
"Fe",5218,11.3473977685089,0.204759048190362
"Fe",5219,4.46712949708879,0.988202359528094
"Fe",5220,13.8935788281407,0.0693861227754449
"Fe",5221,12.4685252238756,0.126374725054989
"Fe",5222,7.97631008668964,0.608478304339132
"Fe",5223,8.7736945107356,0.491101779644071
"Fe",5224,6.21526415749349,0.863627274545091
"Fe",5225,10.6883679239533,0.25874825034993
"Fe",5226,10.1513016747039,0.312937412517497
"Fe",5227,14.9488314651297,0.0411917616476705
"Fe",5228,13.8066131321511,0.0727854429114177
"Fe",5229,7.96917359105538,0.609078184363127
"Fe",5230,8.99461255927238,0.45630873825235
"Fe",5231,15.3698281250318,0.0325934813037392
"Fe",5232,9.14483540312244,0.435712857428514
"Fe",5233,8.77103102460251,0.491901619676065
"Fe",5234,10.8763359442154,0.243551289742052
"Fe",5235,7.2459260332281,0.72625474905019
"Fe",5236,6.54940842047026,0.826034793041392
"Fe",5237,10.8016103871348,0.248950209958008
"Fe",5238,4.76370015772213,0.980203959208158
"Fe",5239,8.65265846834498,0.50869826034793
"Fe",5240,16.8322273104804,0.016996600679864
"Fe",5241,9.60936270746407,0.374925014997001
"Fe",5242,5.80775125209561,0.908018396320736
"Fe",5243,11.5610041452167,0.188162367526495
"Fe",5244,7.33938564211596,0.7124575084983
"Fe",5245,5.28524971407535,0.950409918016397
"Fe",5246,8.67667703152301,0.504699060187962
"Fe",5247,6.9529442531432,0.773645270945811
"Fe",5248,6.34258386829345,0.8500299940012
"Fe",5249,9.25340274625501,0.420915816836633
"Fe",5250,6.74839722539339,0.803439312137572
"Fe",5251,8.68738197403019,0.503299340131974
"Fe",5252,8.43060127542239,0.541491701659668
"Fe",5253,6.41236270346877,0.842231553689262
"Fe",5254,10.9579888107684,0.235752849430114
"Fe",5255,9.6525882917025,0.370325934813037
"Fe",5256,9.43466811597031,0.395720855828834
"Fe",5257,7.22671216698367,0.730453909218156
"Fe",5258,11.9056337352663,0.162767446510698
"Fe",5259,10.849133185046,0.245150969806039
"Fe",5260,6.23174049127488,0.862227554489102
"Fe",5261,17.3478493399384,0.0131973605278944
"Fe",5262,6.38120182450714,0.84503099380124
"Fe",5263,6.98444308459213,0.76744651069786
"Fe",5264,16.4123047971958,0.0211957608478304
"Fe",5265,12.2036619323287,0.142771445710858
"Fe",5266,4.24454646632498,0.993001399720056
"Fe",5267,11.7626095191945,0.172965406918616
"Fe",5268,3.47988174780508,0.999400119976005
"Fe",5269,12.4582959692113,0.126974605078984
"Fe",5270,8.84099351881176,0.480303939212158
"Fe",5271,7.78986934885216,0.639472105578884
"Fe",5272,8.22342131963873,0.571085782843431
"Fe",5273,9.77405381343203,0.356528694261148
"Fe",5274,9.48536346632588,0.390121975604879
"Fe",5275,15.0049498741028,0.0401919616076785
"Fe",5276,6.9574458161496,0.772245550889822
"Fe",5277,8.41901033203686,0.543291341731654
"Fe",5278,9.42762898962062,0.397120575884823
"Fe",5279,8.57925768574816,0.518496300739852
"Fe",5280,15.9475261485325,0.0261947610477904
"Fe",5281,9.56116470038833,0.381523695260948
"Fe",5282,6.27187944847515,0.856828634273145
"Fe",5283,11.195773287121,0.217356528694261
"Fe",5284,6.48922159511636,0.833433313337333
"Fe",5285,8.20646494163361,0.57248550289942
"Fe",5286,8.45515867418067,0.538092381523695
"Fe",5287,8.44319462075217,0.539892021595681
"Fe",5288,10.3181821601235,0.29254149170166
"Fe",5289,7.07447279349392,0.754449110177964
"Fe",5290,11.1863483334132,0.218156368726255
"Fe",5291,8.40327936337749,0.546490701859628
"Fe",5292,8.42683793327836,0.542091581683663
"Fe",5293,7.72939417353007,0.648670265946811
"Fe",5294,8.39870515804154,0.547290541891622
"Fe",5295,9.46126622971966,0.392721455708858
"Fe",5296,10.0306886347473,0.325134973005399
"Fe",5297,7.70141637284667,0.651469706058788
"Fe",5298,12.2058654828555,0.142771445710858
"Fe",5299,9.48233236355853,0.390121975604879
"Fe",5300,8.73352434878942,0.49750049990002
"Fe",5301,8.700342105331,0.501499700059988
"Fe",5302,8.11039442620682,0.587882423515297
"Fe",5303,7.84768819267234,0.630673865226955
"Fe",5304,10.5454494683714,0.27254549090182
"Fe",5305,8.65353929598493,0.508298340331934
"Fe",5306,7.77161300314324,0.643471305738852
"Fe",5307,19.1065794401446,0.00639872025594881
"Fe",5308,11.1243960888385,0.222955408918216
"Fe",5309,6.98107109562602,0.767646470705859
"Fe",5310,12.5179316532706,0.122975404919016
"Fe",5311,6.16586503354651,0.871025794841032
"Fe",5312,12.6882565205734,0.113577284543091
"Fe",5313,10.3262773757658,0.291741651669666
"Fe",5314,8.19647349853514,0.573685262947411
"Fe",5315,6.79706373623529,0.797840431913617
"Fe",5316,8.43480295045575,0.540891821635673
"Fe",5317,8.56918991292399,0.52129574085183
"Fe",5318,6.917015868519,0.779644071185763
"Fe",5319,8.96001026350436,0.461907618476305
"Fe",5320,5.86180757888533,0.903619276144771
"Fe",5321,9.38176618711032,0.401119776044791
"Fe",5322,13.232113065021,0.0915816836632673
"Fe",5323,8.39388657694181,0.54749050189962
"Fe",5324,9.62229140238425,0.373525294941012
"Fe",5325,10.314559002893,0.293141371725655
"Fe",5326,11.4125352631508,0.1999600079984
"Fe",5327,6.83066482772165,0.793041391721656
"Fe",5328,7.22146009924194,0.730853829234153
"Fe",5329,12.4501238958356,0.127974405118976
"Fe",5330,5.00200178321204,0.96880623875225
"Fe",5331,9.05190985233682,0.447310537892422
"Fe",5332,7.56891553470925,0.676664667066587
"Fe",5333,12.3527350068,0.133573285342931
"Fe",5334,5.48062514677032,0.934213157368526
"Fe",5335,8.18053716238657,0.576084783043391
"Fe",5336,11.63623624316,0.182963407318536
"Fe",5337,9.58229065453594,0.379124175164967
"Fe",5338,7.77689701199128,0.642271545690862
"Fe",5339,8.26261876556154,0.565686862627474
"Fe",5340,12.4410784875857,0.128174365126975
"Fe",5341,8.06435697019117,0.593481303739252
"Fe",5342,9.71145306363826,0.36372725454909
"Fe",5343,19.7833806338075,0.00479904019196161
"Fe",5344,10.4254427790422,0.283543291341732
"Fe",5345,11.3952847181065,0.200959808038392
"Fe",5346,10.1915471531135,0.308338332333533
"Fe",5347,4.76707673620217,0.980203959208158
"Fe",5348,5.96875082464916,0.893021395720856
"Fe",5349,6.06517595533714,0.882223555288942
"Fe",5350,6.09572116111411,0.879224155168966
"Fe",5351,11.2456279511813,0.212157568486303
"Fe",5352,6.27841044275661,0.856028794241152
"Fe",5353,6.87808059098697,0.78624275144971
"Fe",5354,8.28910602548513,0.5624875024995
"Fe",5355,12.0767969260835,0.153169366126775
"Fe",5356,12.7705271690973,0.10997800439912
"Fe",5357,11.5391221343214,0.189762047590482
"Fe",5358,18.7962300401627,0.00699860027994401
"Fe",5359,7.36612917469375,0.708658268346331
"Fe",5360,7.97026459521868,0.608878224355129
"Fe",5361,9.25427613587001,0.420715856828634
"Fe",5362,7.86133567527816,0.627274545090982
"Fe",5363,10.1130267266308,0.315336932613477
"Fe",5364,7.72396744570757,0.649670065986803
"Fe",5365,7.81264479587756,0.6374725054989
"Fe",5366,8.67142517268496,0.505498900219956
"Fe",5367,6.93466196446496,0.776444711057788
"Fe",5368,9.36292617181874,0.402919416116777
"Fe",5369,6.0892693879494,0.879824035192961
"Fe",5370,6.38231264685777,0.84503099380124
"Fe",5371,9.54073707470539,0.382923415316937
"Fe",5372,7.1605168517921,0.740651869626075
"Fe",5373,4.77038959352333,0.979604079184163
"Fe",5374,7.8450619235719,0.63127374525095
"Fe",5375,11.7092878948917,0.177964407118576
"Fe",5376,9.06690221248138,0.445710857828434
"Fe",5377,5.1246829797671,0.962207558488302
"Fe",5378,8.02183823933495,0.599480103979204
"Fe",5379,19.9914648414349,0.00419916016796641
"Fe",5380,10.7984205342033,0.248950209958008
"Fe",5381,8.46781643173642,0.536892621475705
"Fe",5382,6.95690891877013,0.772245550889822
"Fe",5383,7.10624286343835,0.749850029994001
"Fe",5384,8.85348793070389,0.477904419116177
"Fe",5385,13.2190074100173,0.0919816036792642
"Fe",5386,9.78690331517291,0.354529094181164
"Fe",5387,6.23112329724765,0.862227554489102
"Fe",5388,10.342066782723,0.290341931613677
"Fe",5389,18.3486161824567,0.00839832033593281
"Fe",5390,8.39352691409132,0.54749050189962
"Fe",5391,11.5799763391309,0.186562687462508
"Fe",5392,9.4114565260009,0.399720055988802
"Fe",5393,9.42256854419344,0.397720455908818
"Fe",5394,7.54594098777019,0.680263947210558
"Fe",5395,8.92047566082232,0.46870625874825
"Fe",5396,4.72229221071044,0.981803639272146
"Fe",5397,11.6435880161047,0.182763447310538
"Fe",5398,7.7310644998924,0.648470305938812
"Fe",5399,6.86894750049579,0.787042591481704
"Fe",5400,8.32754859192192,0.557688462307539
"Fe",5401,10.7424899413466,0.254749050189962
"Fe",5402,7.96356935187839,0.609478104379124
"Fe",5403,8.49483128780034,0.53249350129974
"Fe",5404,12.3511086337915,0.133573285342931
"Fe",5405,5.83087915429184,0.905418916216757
"Fe",5406,4.645965041473,0.984203159368126
"Fe",5407,8.15818762074016,0.579084183163367
"Fe",5408,7.58503178732272,0.673265346930614
"Fe",5409,11.6394958146242,0.182763447310538
"Fe",5410,6.15578269900033,0.873025394921016
"Fe",5411,3.88243551527653,0.997600479904019
"Fe",5412,10.500912740032,0.27754449110178
"Fe",5413,14.0301071212814,0.0643871225754849
"Fe",5414,9.42050552551405,0.398120375924815
"Fe",5415,11.5276997480052,0.190161967606479
"Fe",5416,7.21826618447267,0.732053589282144
"Fe",5417,20.129920902878,0.00399920015996801
"Fe",5418,5.1442894711904,0.961807638472306
"Fe",5419,10.0437173605338,0.323935212957409
"Fe",5420,9.2689504308938,0.418316336732653
"Fe",5421,7.19225902673134,0.735252949410118
"Fe",5422,9.47994185814937,0.390321935612877
"Fe",5423,12.8421314113317,0.106978604279144
"Fe",5424,8.97034244147676,0.459908018396321
"Fe",5425,9.03707753831569,0.449710057988402
"Fe",5426,12.2047623459218,0.142771445710858
"Fe",5427,6.10272212046391,0.877624475104979
"Fe",5428,7.66979617915243,0.657268546290742
"Fe",5429,9.26450915287111,0.419316136772645
"Fe",5430,5.23610245985327,0.955808838232354
"Fe",5431,9.87679653407676,0.343531293741252
"Fe",5432,4.41639465759513,0.989402119576085
"Fe",5433,12.5270210515113,0.122775444911018
"Fe",5434,8.4454092216819,0.539492101579684
"Fe",5435,10.5856399788172,0.270145970805839
"Fe",5436,10.7183224592789,0.256948610277944
"Fe",5437,10.3793195524511,0.286742651469706
"Fe",5438,9.91297755424594,0.339332133573285
"Fe",5439,14.214777954121,0.0579884023195361
"Fe",5440,5.86044600628642,0.903819236152769
"Fe",5441,13.6848723243317,0.0757848430313937
"Fe",5442,5.45330762426713,0.937012597480504
"Fe",5443,12.5534232276241,0.121375724855029
"Fe",5444,5.71317428487171,0.915816836632673
"Fe",5445,7.8039204530842,0.638472305538892
"Fe",5446,5.46921754437886,0.935412917416517
"Fe",5447,8.33359609852798,0.556888622275545
"Fe",5448,6.24347293136071,0.86122775444911
"Fe",5449,10.2362474913309,0.30373925214957
"Fe",5450,6.65258348265843,0.814237152569486
"Fe",5451,8.59255403288353,0.516896620675865
"Fe",5452,5.66353270900743,0.919016196760648
"Fe",5453,5.09819841165017,0.963407318536293
"Fe",5454,10.5542365654624,0.272345530893821
"Fe",5455,10.2765881333722,0.297140571885623
"Fe",5456,11.1575885244172,0.219556088782244
"Fe",5457,3.30823482998017,0.999800039992002
"Fe",5458,8.11991161688783,0.586082783443311
"Fe",5459,10.3935701797942,0.285542891421716
"Fe",5460,8.54592533543808,0.524695060987802
"Fe",5461,6.88411432202872,0.78504299140172
"Fe",5462,7.13125638705986,0.744651069786043
"Fe",5463,7.40813534613827,0.703859228154369
"Fe",5464,19.1501818268379,0.00639872025594881
"Fe",5465,4.50258862433972,0.987802439512098
"Fe",5466,5.41308222678691,0.93881223755249
"Fe",5467,10.2669810854065,0.298940211957609
"Fe",5468,9.36528705313941,0.402319536092781
"Fe",5469,8.62129474333426,0.5124975004999
"Fe",5470,15.8854831316699,0.0265946810637872
"Fe",5471,9.44685633666191,0.393921215756849
"Fe",5472,9.27744910072255,0.416916616676665
"Fe",5473,13.1166624499503,0.0947810437912417
"Fe",5474,10.0281311840473,0.325534893021396
"Fe",5475,4.52138480207793,0.986802639472106
"Fe",5476,10.1724527895799,0.310937812437513
"Fe",5477,14.5890043680054,0.0495900819836033
"Fe",5478,4.23234273554181,0.993401319736053
"Fe",5479,7.16272292017733,0.740251949610078
"Fe",5480,11.9765362506028,0.158568286342731
"Fe",5481,9.4115239394138,0.399720055988802
"Fe",5482,7.97763651176035,0.608278344331134
"Fe",5483,10.231348218709,0.304139172165567
"Fe",5484,6.73048344300412,0.80503899220156
"Fe",5485,10.7465210909608,0.254349130173965
"Fe",5486,13.3865646085925,0.0881823635272945
"Fe",5487,7.90510663661331,0.619076184763047
"Fe",5488,8.29692101331861,0.561487702459508
"Fe",5489,9.83910462244526,0.347130573885223
"Fe",5490,8.27077482587899,0.564687062587482
"Fe",5491,10.104622365585,0.316136772645471
"Fe",5492,9.30762892795374,0.410917816436713
"Fe",5493,9.90684037652585,0.340331933613277
"Fe",5494,10.3251423208514,0.291741651669666
"Fe",5495,5.88145327776454,0.901819636072785
"Fe",5496,10.8719783113292,0.243951209758048
"Fe",5497,13.7445261117449,0.0741851629674065
"Fe",5498,7.80908300936974,0.637872425514897
"Fe",5499,4.31600893857703,0.991601679664067
"Fe",5500,8.08139003840483,0.591081783643271
"Fe",5501,11.7004677755398,0.178364327134573
"Fe",5502,13.0009931758127,0.0995800839832034
"Fe",5503,5.61643305339447,0.924415116976605
"Fe",5504,12.2575989809836,0.13997200559888
"Fe",5505,5.6919883833921,0.917016596680664
"Fe",5506,8.86729285869495,0.476504699060188
"Fe",5507,6.56236906613283,0.824835032993401
"Fe",5508,9.99018285296543,0.329934013197361
"Fe",5509,8.82923943032071,0.48250349930014
"Fe",5510,11.5004648347285,0.192161567686463
"Fe",5511,10.1191204280387,0.315136972605479
"Fe",5512,5.1944719247533,0.957808438312338
"Fe",5513,8.050294173867,0.595480903819236
"Fe",5514,9.7404541102309,0.359928014397121
"Fe",5515,10.6460346018452,0.26374725054989
"Fe",5516,10.0612309416904,0.322335532893421
"Fe",5517,11.7260767029612,0.176364727054589
"Fe",5518,7.32268427221993,0.714257148570286
"Fe",5519,5.2528211708935,0.953209358128374
"Fe",5520,12.043012862432,0.155368926214757
"Fe",5521,6.3945376562128,0.843831233753249
"Fe",5522,6.20627614483917,0.864427114577085
"Fe",5523,9.94772164050883,0.335332933413317
"Fe",5524,14.9867224322089,0.0401919616076785
"Fe",5525,11.248553121448,0.211957608478304
"Fe",5526,10.0784141091843,0.318936212757448
"Fe",5527,13.4332435891606,0.0869826034793041
"Fe",5528,7.37989514440935,0.707258548290342
"Fe",5529,11.9202960131239,0.161967606478704
"Fe",5530,10.2996340406517,0.294741051789642
"Fe",5531,11.7193578051914,0.176964607078584
"Fe",5532,6.54175688471193,0.826834633073385
"Fe",5533,6.27147064780922,0.856828634273145
"Fe",5534,9.04560925378092,0.448110377924415
"Fe",5535,6.00865337163415,0.89002199560088
"Fe",5536,12.57010046704,0.119776044791042
"Fe",5537,8.5421190150864,0.525694861027794
"Fe",5538,7.39994069017433,0.704859028194361
"Fe",5539,6.43972428013637,0.838432313537293
"Fe",5540,6.54562299175049,0.82623475304939
"Fe",5541,6.68585341101706,0.811437712457509
"Fe",5542,12.0592501933398,0.154169166166767
"Fe",5543,11.9398869343273,0.160367926414717
"Fe",5544,7.75595588255726,0.645870825834833
"Fe",5545,11.3818731204637,0.201959608078384
"Fe",5546,17.1835414476402,0.0147970405918816
"Fe",5547,12.8963967773249,0.104179164167167
"Fe",5548,13.7445513536202,0.0741851629674065
"Fe",5549,7.1777456569783,0.737052589482104
"Fe",5550,7.99953845497421,0.605278944211158
"Fe",5551,6.06857479120544,0.881823635272945
"Fe",5552,9.29362410261609,0.41371725654869
"Fe",5553,5.37546406368244,0.942811437712457
"Fe",5554,10.0551722646223,0.322735452909418
"Fe",5555,8.20578691883668,0.57248550289942
"Fe",5556,9.11443182265205,0.440111977604479
"Fe",5557,14.6455098691758,0.0481903619276145
"Fe",5558,6.3839583042604,0.844831033793241
"Fe",5559,9.50097066911613,0.387322535492901
"Fe",5560,18.7259385453086,0.00759848030393921
"Fe",5561,13.5560847083771,0.0815836832633473
"Fe",5562,9.6298629566767,0.373325334933013
"Fe",5563,6.89134793532838,0.783443311337732
"Fe",5564,8.11235558634064,0.587682463507299
"Fe",5565,12.5243643024468,0.122775444911018
"Fe",5566,6.40063018143496,0.843031393721256
"Fe",5567,9.48850991233121,0.389322135572885
"Fe",5568,6.18567379553826,0.868426314737053
"Fe",5569,10.8503278698142,0.245150969806039
"Fe",5570,16.5833881610419,0.018996200759848
"Fe",5571,11.6246082143789,0.183563287342531
"Fe",5572,8.38728864834863,0.547890421915617
"Fe",5573,6.14621092597224,0.873225354929014
"Fe",5574,6.76046772629996,0.801639672065587
"Fe",5575,6.9307788396855,0.777644471105779
"Fe",5576,10.8004171432453,0.248950209958008
"Fe",5577,7.25524444074944,0.725254949010198
"Fe",5578,9.75774509931122,0.357928414317137
"Fe",5579,15.1226805807122,0.0365926814637073
"Fe",5580,9.18250827206128,0.429514097180564
"Fe",5581,7.15630490621209,0.740851829634073
"Fe",5582,7.48554125469818,0.692261547690462
"Fe",5583,12.8256471294901,0.107378524295141
"Fe",5584,7.88503908197612,0.622675464907019
"Fe",5585,11.5396853568027,0.189562087582483
"Fe",5586,11.7728611447996,0.171765646870626
"Fe",5587,10.9856310448804,0.233553289342132
"Fe",5588,9.27330928423063,0.417716456708658
"Fe",5589,8.26012935143186,0.56628674265147
"Fe",5590,8.8448474818521,0.479304139172166
"Fe",5591,8.76279608040986,0.493101379724055
"Fe",5592,10.759895312581,0.253349330133973
"Fe",5593,10.0456614663998,0.32373525294941
"Fe",5594,5.39364121003729,0.94121175764847
"Fe",5595,12.9613934771381,0.100979804039192
"Fe",5596,8.81177133379393,0.485502899420116
"Fe",5597,6.54956362725923,0.826034793041392
"Fe",5598,7.56065541472847,0.678264347130574
"Fe",5599,11.4756974891364,0.194761047790442
"Fe",5600,6.48017567848908,0.834633073385323
"Fe",5601,9.03875980238882,0.449110177964407
"Fe",5602,9.48988226915719,0.388922215556889
"Fe",5603,8.35858026112695,0.553489302139572
"Fe",5604,8.66040689664834,0.507098580283943
"Fe",5605,8.68842599808764,0.503299340131974
"Fe",5606,5.86363822974883,0.903419316136773
"Fe",5607,8.6173089514968,0.513497300539892
"Fe",5608,11.7194113851793,0.176964607078584
"Fe",5609,7.8901919946708,0.621875624875025
"Fe",5610,10.3808289123631,0.286342731453709
"Fe",5611,7.91698021332445,0.617276544691062
"Fe",5612,9.14453978705956,0.435712857428514
"Fe",5613,6.57941397716637,0.822435512897421
"Fe",5614,9.54959546238925,0.38252349530094
"Fe",5615,11.0107328783369,0.231553689262148
"Fe",5616,7.89059246689098,0.621875624875025
"Fe",5617,8.15397212966343,0.580483903219356
"Fe",5618,12.0424546887093,0.155368926214757
"Fe",5619,11.2972856216371,0.20875824835033
"Fe",5620,5.59051296869595,0.928014397120576
"Fe",5621,4.71352433189429,0.982003599280144
"Fe",5622,7.4500024301889,0.695860827834433
"Fe",5623,8.27547046265997,0.564087182563487
"Fe",5624,10.2039238435418,0.307338532293541
"Fe",5625,6.94298380455004,0.7750449910018
"Fe",5626,6.70653194985437,0.808438312337532
"Fe",5627,11.9003504877363,0.163167366526695
"Fe",5628,7.32300740663473,0.714057188562288
"Fe",5629,9.51321137335665,0.385322935412917
"Fe",5630,9.76949150511842,0.357328534293141
"Fe",5631,11.4659751178332,0.19496100779844
"Fe",5632,6.4586938157604,0.836832633473305
"Fe",5633,9.23715402143378,0.421915616876625
"Fe",5634,10.5614872516756,0.272145570885823
"Fe",5635,13.7155550395725,0.0743851229754049
"Fe",5636,8.95206281444533,0.464307138572286
"Fe",5637,7.08199555041375,0.753649270145971
"Fe",5638,9.6329865026803,0.373125374925015
"Fe",5639,10.3444830076876,0.28994201159768
"Fe",5640,14.2837954850493,0.0557888422315537
"Fe",5641,9.40164693963021,0.399920015996801
"Fe",5642,9.83012435648996,0.34753049390122
"Fe",5643,14.6119978125941,0.0491901619676065
"Fe",5644,9.53580932643996,0.383323335332933
"Fe",5645,9.58617956902793,0.378324335132973
"Fe",5646,10.2949747385162,0.29494101179764
"Fe",5647,9.60180808373732,0.376724655068986
"Fe",5648,9.02577971456893,0.452109578084383
"Fe",5649,7.86263320428242,0.626874625074985
"Fe",5650,3.92844045511622,0.996800639872026
"Fe",5651,10.4758301498261,0.27874425114977
"Fe",5652,8.69048254056332,0.503099380123975
"Fe",5653,9.17239577532888,0.43131373725255
"Fe",5654,7.49730592241772,0.690661867626475
"Fe",5655,9.59280462672785,0.377924415116977
"Fe",5656,6.51495865766128,0.830633873225355
"Fe",5657,10.6878848063754,0.25874825034993
"Fe",5658,6.13899136378734,0.873825234953009
"Fe",5659,7.62813859894655,0.662667466506699
"Fe",5660,12.3606823612977,0.132773445310938
"Fe",5661,8.97622381966616,0.458908218356329
"Fe",5662,8.94607437671448,0.464907018596281
"Fe",5663,9.04753689759957,0.448110377924415
"Fe",5664,15.2995241571539,0.0331933613277345
"Fe",5665,5.83471196329083,0.905218956208758
"Fe",5666,9.09392282603702,0.442311537692462
"Fe",5667,11.8034285817404,0.169166166766647
"Fe",5668,11.3565499392628,0.203959208158368
"Fe",5669,6.73116281468842,0.80503899220156
"Fe",5670,14.157331131909,0.0599880023995201
"Fe",5671,6.06129101181327,0.882823435312937
"Fe",5672,13.2432509527098,0.0913817236552689
"Fe",5673,9.20183276291229,0.42751449710058
"Fe",5674,13.8540953129,0.0713857228554289
"Fe",5675,14.8913693399971,0.0423915216956609
"Fe",5676,3.76283299766163,0.998200359928014
"Fe",5677,9.70503011954683,0.365126974605079
"Fe",5678,8.57543374397849,0.519696060787842
"Fe",5679,12.6944164254717,0.113177364527095
"Fe",5680,7.94713362402567,0.61127774445111
"Fe",5681,10.2225911421376,0.304739052189562
"Fe",5682,11.3281437617683,0.206558688262348
"Fe",5683,11.6178275732947,0.184363127374525
"Fe",5684,6.5478770020496,0.826034793041392
"Fe",5685,12.0348082238032,0.156168766246751
"Fe",5686,12.2335109498074,0.141571685662867
"Fe",5687,6.79590639364062,0.797840431913617
"Fe",5688,5.55888968316955,0.93001399720056
"Fe",5689,13.598847990013,0.0789842031593681
"Fe",5690,7.82736625124136,0.635072985402919
"Fe",5691,7.2187922369794,0.731853629274145
"Fe",5692,9.61507386546512,0.374725054989002
"Fe",5693,6.46442890549402,0.836632673465307
"Fe",5694,7.82719478913856,0.635072985402919
"Fe",5695,15.1910787137633,0.0351929614077185
"Fe",5696,10.6417659394636,0.264347130573885
"Fe",5697,9.77164448461755,0.356928614277145
"Fe",5698,5.97612935662067,0.892221555688862
"Fe",5699,13.8458910284732,0.0715856828634273
"Fe",5700,9.27563316572298,0.417316536692661
"Fe",5701,4.66778799509379,0.983603279344131
"Fe",5702,5.30637620765378,0.948610277944411
"Fe",5703,5.27981186000719,0.950809838032393
"Fe",5704,10.4163364393658,0.284143171365727
"Fe",5705,7.86826847272127,0.625274945010998
"Fe",5706,11.5137210877211,0.190961807638472
"Fe",5707,8.25621876872697,0.566886622675465
"Fe",5708,18.8969018716731,0.00679864027194561
"Fe",5709,6.79928573986589,0.79744051189762
"Fe",5710,11.005045597304,0.231753649270146
"Fe",5711,9.44634489363008,0.394121175764847
"Fe",5712,9.58219606420892,0.379124175164967
"Fe",5713,8.16252714533745,0.578284343131374
"Fe",5714,8.86612046364068,0.476504699060188
"Fe",5715,13.1277753993336,0.0945810837832434
"Fe",5716,9.91024380674583,0.339732053589282
"Fe",5717,12.175072024276,0.145970805838832
"Fe",5718,7.59341284519135,0.67126574685063
"Fe",5719,9.68319201600426,0.367726454709058
"Fe",5720,8.66379867249827,0.506498700259948
"Fe",5721,9.0973932941597,0.441911617676465
"Fe",5722,14.6569135433017,0.0481903619276145
"Fe",5723,7.00804058301722,0.764047190561888
"Fe",5724,11.247044177847,0.211957608478304
"Fe",5725,12.5998171908535,0.118176364727055
"Fe",5726,7.10438062853447,0.749850029994001
"Fe",5727,11.7741626620279,0.171765646870626
"Fe",5728,13.7982424456432,0.0729854029194161
"Fe",5729,9.50916647409801,0.386322735452909
"Fe",5730,4.91592615870925,0.973605278944211
"Fe",5731,12.7657524855415,0.10997800439912
"Fe",5732,10.797592691144,0.248950209958008
"Fe",5733,10.8904678892389,0.242151569686063
"Fe",5734,12.1477013585301,0.148570285942811
"Fe",5735,5.99086621319259,0.891821635672865
"Fe",5736,13.4055235217953,0.0877824435112977
"Fe",5737,8.41409328446647,0.544891021795641
"Fe",5738,8.91110054768336,0.470105978804239
"Fe",5739,14.4435990779625,0.0533893221355729
"Fe",5740,10.1387211132701,0.31373725254949
"Fe",5741,11.1808590669288,0.218556288742252
"Fe",5742,8.52124270744937,0.52869426114777
"Fe",5743,7.06688027987849,0.75624875024995
"Fe",5744,10.702683829283,0.257748450309938
"Fe",5745,15.5808682523707,0.0297940411917616
"Fe",5746,7.72163239833083,0.649870025994801
"Fe",5747,11.7692480214542,0.171765646870626
"Fe",5748,10.2416872755205,0.302739452109578
"Fe",5749,13.1967828421082,0.092381523695261
"Fe",5750,6.82248407231486,0.794641071785643
"Fe",5751,8.85733082396436,0.477704459108178
"Fe",5752,8.97743421909655,0.458908218356329
"Fe",5753,11.7820216979208,0.170565886822635
"Fe",5754,8.82146200285996,0.484103179364127
"Fe",5755,13.9425174384693,0.0671865626874625
"Fe",5756,10.7216694903441,0.256348730253949
"Fe",5757,9.73044342217469,0.361727654469106
"Fe",5758,5.8956775612366,0.900819836032793
"Fe",5759,16.9721305051609,0.0163967206558688
"Fe",5760,11.4117789672464,0.200159968006399
"Fe",5761,11.4266749796806,0.19876024795041
"Fe",5762,13.0603278612695,0.0967806438712258
"Fe",5763,13.3935134430195,0.0877824435112977
"Fe",5764,16.9693608335953,0.0163967206558688
"Fe",5765,11.7508272263642,0.174165166966607
"Fe",5766,7.3269741635053,0.713857228554289
"Fe",5767,15.8330968460077,0.026994601079784
"Fe",5768,11.2636793851036,0.210957808438312
"Fe",5769,11.4503362600143,0.196560687862428
"Fe",5770,11.866886291331,0.165566886622675
"Fe",5771,13.4944250475941,0.0843831233753249
"Fe",5772,14.8014590621985,0.0449910017996401
"Fe",5773,7.45523863863949,0.695460907818436
"Fe",5774,4.53487178916626,0.98620275944811
"Fe",5775,13.554463251854,0.0815836832633473
"Fe",5776,9.4630075594082,0.39252149570086
"Fe",5777,6.13279455297442,0.874425114977005
"Fe",5778,6.7953617017773,0.797840431913617
"Fe",5779,8.23514006528629,0.569086182763447
"Fe",5780,6.33328759052728,0.851029794041192
"Fe",5781,10.2079356118143,0.306338732253549
"Fe",5782,12.4459995679798,0.128174365126975
"Fe",5783,5.95939663906157,0.894221155768846
"Fe",5784,9.64850679323192,0.370525894821036
"Fe",5785,10.6912442104489,0.25874825034993
"Fe",5786,7.67266664106603,0.656668666266747
"Fe",5787,10.9193756064274,0.239552089582084
"Fe",5788,12.6831367685577,0.113977204559088
"Fe",5789,10.046834021554,0.323535292941412
"Fe",5790,10.5792272282361,0.270745850829834
"Fe",5791,16.0600234926085,0.0243951209758048
"Fe",5792,5.52025481412841,0.931813637272546
"Fe",5793,8.73428702430095,0.49750049990002
"Fe",5794,9.31382714241326,0.409918016396721
"Fe",5795,8.55481068762651,0.524495100979804
"Fe",5796,13.4639687715758,0.0861827634473105
"Fe",5797,5.89975270996302,0.900819836032793
"Fe",5798,9.12854750794196,0.438112377524495
"Fe",5799,7.0215604184973,0.76124775044991
"Fe",5800,6.06609656809562,0.882023595280944
"Fe",5801,6.31671384686246,0.852829434113177
"Fe",5802,6.57532577148018,0.822835432913417
"Fe",5803,12.0619528941785,0.153969206158768
"Fe",5804,4.98676411722523,0.969006198760248
"Fe",5805,10.1002702912455,0.316736652669466
"Fe",5806,6.15019298429422,0.873225354929014
"Fe",5807,13.1930014092272,0.092381523695261
"Fe",5808,9.01393512059343,0.453509298140372
"Fe",5809,10.2601137764256,0.2999400119976
"Fe",5810,5.64620331250595,0.920615876824635
"Fe",5811,9.25648378454261,0.420715856828634
"Fe",5812,10.5254304318924,0.274745050989802
"Fe",5813,10.5765784000781,0.270945810837832
"Fe",5814,5.9010778138537,0.900419916016797
"Fe",5815,8.87779672353736,0.474705058988202
"Fe",5816,9.41913068120186,0.39872025594881
"Fe",5817,6.22162997118113,0.863227354529094
"Fe",5818,12.5766259092316,0.118976204759048
"Fe",5819,9.73049167764518,0.361727654469106
"Fe",5820,10.9418099492811,0.236952609478104
"Fe",5821,8.45859934908984,0.537892421515697
"Fe",5822,10.8329876160418,0.246750649870026
"Fe",5823,6.20160279096848,0.865226954609078
"Fe",5824,7.16064506501274,0.740651869626075
"Fe",5825,6.22531623667533,0.863027394521096
"Fe",5826,5.67252097360159,0.918416316736653
"Fe",5827,6.94109956946312,0.7750449910018
"Fe",5828,6.3216125526929,0.852429514097181
"Fe",5829,9.39369819346038,0.400919816036793
"Fe",5830,7.86353139163595,0.626674665066987
"Fe",5831,13.713681026315,0.0743851229754049
"Fe",5832,6.0399556716599,0.886422715456909
"Fe",5833,6.51139924999941,0.831033793241352
"Fe",5834,11.0874432331422,0.2249550089982
"Fe",5835,11.1393141477572,0.220955808838232
"Fe",5836,9.07112806200402,0.445310937812438
"Fe",5837,14.3890313954181,0.0541891621675665
"Fe",5838,9.2659711466888,0.418916216756649
"Fe",5839,6.94720782353548,0.774445110977804
"Fe",5840,12.3545710732713,0.133573285342931
"Fe",5841,9.74648028539525,0.35872825434913
"Fe",5842,7.14252636396759,0.743051389722056
"Fe",5843,7.51167893936054,0.688262347530494
"Fe",5844,16.9251889227693,0.0167966406718656
"Fe",5845,12.6712240057766,0.114777044591082
"Fe",5846,8.40851994018999,0.545690861827634
"Fe",5847,9.91585103058878,0.339332133573285
"Fe",5848,9.57637152275638,0.379724055188962
"Fe",5849,6.94579373970589,0.774645070985803
"Fe",5850,10.3454176325868,0.28994201159768
"Fe",5851,10.1515396469289,0.312937412517497
"Fe",5852,15.9436140616838,0.0261947610477904
"Fe",5853,6.32934607869089,0.851629674065187
"Fe",5854,11.4048311527463,0.200559888022396
"Fe",5855,9.03081881324368,0.450909818036393
"Fe",5856,7.94709312234107,0.611477704459108
"Fe",5857,7.91891664261234,0.616676664667067
"Fe",5858,11.4253558115346,0.198960207958408
"Fe",5859,10.1589905039005,0.311937612477505
"Fe",5860,12.487191732995,0.125174965006999
"Fe",5861,14.8487396187367,0.0435912817436513
"Fe",5862,19.0931990620336,0.00639872025594881
"Fe",5863,11.9564134762465,0.159768046390722
"Fe",5864,9.172198156912,0.43131373725255
"Fe",5865,7.91864294903866,0.616876624675065
"Fe",5866,8.63163331670802,0.51129774045191
"Fe",5867,11.3007761390195,0.20875824835033
"Fe",5868,5.30601753099401,0.948610277944411
"Fe",5869,9.74438402653681,0.359128174365127
"Fe",5870,11.778527805811,0.171165766846631
"Fe",5871,15.1995920731739,0.0351929614077185
"Fe",5872,8.06100936050166,0.594281143771246
"Fe",5873,6.84650855360047,0.79004199160168
"Fe",5874,14.5383970162482,0.0507898420315937
"Fe",5875,8.36670151891653,0.552689462107579
"Fe",5876,12.7664660270769,0.10997800439912
"Fe",5877,7.66900990590359,0.65746850629874
"Fe",5878,9.52841424026434,0.383923215356929
"Fe",5879,6.69475488325648,0.810437912417517
"Fe",5880,12.8027092457338,0.108378324335133
"Fe",5881,10.9381253952789,0.2375524895021
"Fe",5882,8.06929314234156,0.59248150369926
"Fe",5883,9.43986191582979,0.395320935812837
"Fe",5884,6.62734649648016,0.816836632673465
"Fe",5885,10.1947808682988,0.308138372325535
"Fe",5886,8.22972081839634,0.570485902819436
"Fe",5887,6.72130351167269,0.80623875224955
"Fe",5888,16.6321277349898,0.018996200759848
"Fe",5889,7.4910700482462,0.691861627674465
"Fe",5890,9.93213399035309,0.337932413517297
"Fe",5891,11.1643161385474,0.21875624875025
"Fe",5892,12.1024142281744,0.150369926014797
"Fe",5893,8.54638308105052,0.524695060987802
"Fe",5894,11.9909953134172,0.158568286342731
"Fe",5895,8.49042477460807,0.533493301339732
"Fe",5896,9.48756106248823,0.389522095580884
"Fe",5897,9.98776478945854,0.330333933213357
"Fe",5898,6.64791089302489,0.81503699260148
"Fe",5899,6.42111230925127,0.841631673665267
"Fe",5900,4.16009627256275,0.994001199760048
"Fe",5901,8.72953244806612,0.497900419916017
"Fe",5902,7.57423563970406,0.675464907018596
"Fe",5903,8.51701600427805,0.529694061187762
"Fe",5904,10.7513569166463,0.254149170165967
"Fe",5905,11.5703206689394,0.187762447510498
"Fe",5906,9.16218832746387,0.432713457308538
"Fe",5907,8.67528777936204,0.504899020195961
"Fe",5908,6.04506057406405,0.885822835432913
"Fe",5909,9.68484673660842,0.367726454709058
"Fe",5910,9.32866976670826,0.408318336332733
"Fe",5911,7.24483761800448,0.726454709058188
"Fe",5912,6.24695075828427,0.86122775444911
"Fe",5913,11.3198209197858,0.20755848830234
"Fe",5914,9.72059217523883,0.362327534493101
"Fe",5915,8.46719314957355,0.536892621475705
"Fe",5916,8.40231484965429,0.546690661867626
"Fe",5917,4.23045552934448,0.993401319736053
"Fe",5918,11.6676615189585,0.180563887222555
"Fe",5919,8.66044068770435,0.507098580283943
"Fe",5920,9.34104620335879,0.406718656268746
"Fe",5921,8.19860379344152,0.573685262947411
"Fe",5922,9.28447071593968,0.415516896620676
"Fe",5923,15.1293744871851,0.0363927214557089
"Fe",5924,6.93296153758428,0.777044591081784
"Fe",5925,7.46192355577682,0.694461107778444
"Fe",5926,11.0253270574493,0.230753849230154
"Fe",5927,12.9798066976856,0.0999800039992002
"Fe",5928,12.1356426196186,0.14877024595081
"Fe",5929,7.779575417985,0.641471705658868
"Fe",5930,8.15024636728214,0.580883823235353
"Fe",5931,11.2459279717379,0.212157568486303
"Fe",5932,4.0899319705795,0.994401119776045
"Fe",5933,8.83202163485663,0.481703659268146
"Fe",5934,7.02625328014204,0.761047790441912
"Fe",5935,5.83427282794003,0.905218956208758
"Fe",5936,4.95260227635751,0.970405918816237
"Fe",5937,12.1362944662359,0.14877024595081
"Fe",5938,7.56611689609164,0.676864627074585
"Fe",5939,17.6431208759055,0.010997800439912
"Fe",5940,6.96122602255082,0.77124575084983
"Fe",5941,9.62507067444568,0.373525294941012
"Fe",5942,8.90129685753732,0.471105778844231
"Fe",5943,10.5029485963429,0.27754449110178
"Fe",5944,6.40914249742073,0.842631473705259
"Fe",5945,12.1007774953666,0.150369926014797
"Fe",5946,3.82409063777934,0.997800439912018
"Fe",5947,5.95288156114832,0.895220955808838
"Fe",5948,7.52916254924,0.683663267346531
"Fe",5949,9.07104626570919,0.445310937812438
"Fe",5950,16.598603323305,0.018996200759848
"Fe",5951,13.2233112399094,0.0917816436712657
"Fe",5952,8.11520437835145,0.587082583483303
"Fe",5953,5.7123881062268,0.915816836632673
"Fe",5954,9.92121585463414,0.338932213557289
"Fe",5955,15.9855910470464,0.0255948810237952
"Fe",5956,11.1820762685054,0.218556288742252
"Fe",5957,6.71089065224717,0.807638472305539
"Fe",5958,10.1426642700699,0.313537292541492
"Fe",5959,9.11421461910345,0.440111977604479
"Fe",5960,10.2239554464904,0.304739052189562
"Fe",5961,8.71574198360287,0.499900019996001
"Fe",5962,8.05551816384479,0.595080983803239
"Fe",5963,12.5661820384682,0.11997600479904
"Fe",5964,5.34644873145172,0.945410917816437
"Fe",5965,6.00180076730933,0.891021795640872
"Fe",5966,4.75341761487721,0.980603879224155
"Fe",5967,7.70681411602689,0.650669866026795
"Fe",5968,5.15638985385576,0.961607678464307
"Fe",5969,5.53743644302187,0.931013797240552
"Fe",5970,11.3750127679438,0.202759448110378
"Fe",5971,8.40485032686234,0.546090781843631
"Fe",5972,14.1041545742082,0.0617876424715057
"Fe",5973,7.19095588599237,0.735252949410118
"Fe",5974,9.60444589510976,0.376124775044991
"Fe",5975,7.52892677425484,0.683663267346531
"Fe",5976,6.5324258765848,0.828434313137372
"Fe",5977,6.26467847572165,0.857828434313137
"Fe",5978,10.0880504311854,0.317936412717456
"Fe",5979,15.9167144778547,0.0263947210557888
"Fe",5980,9.97700435547964,0.331533693261348
"Fe",5981,9.93389850737034,0.337132573485303
"Fe",5982,6.54262776175889,0.82623475304939
"Fe",5983,8.34023928561126,0.55628874225155
"Fe",5984,8.04708037218226,0.595880823835233
"Fe",5985,6.67077429265169,0.812437512497501
"Fe",5986,6.89663101208433,0.782843431313737
"Fe",5987,9.69538820725745,0.366726654669066
"Fe",5988,5.32203194508079,0.947410517896421
"Fe",5989,8.18123662553117,0.576084783043391
"Fe",5990,8.35553492731711,0.553689262147571
"Fe",5991,6.19129593527336,0.867626474705059
"Fe",5992,7.19327238227461,0.735252949410118
"Fe",5993,8.66399328642603,0.506498700259948
"Fe",5994,10.7441080636216,0.254349130173965
"Fe",5995,10.7173430848099,0.256948610277944
"Fe",5996,6.91342372133428,0.781043791241752
"Fe",5997,4.35035150866904,0.991401719656069
"Fe",5998,8.71525108428077,0.499900019996001
"Fe",5999,7.7261899970959,0.649270145970806
"Fe",6000,11.9702531099656,0.159168166366727
"Fe",6001,9.60841519091073,0.375124975004999
"Fe",6002,6.43204733075169,0.839632073585283
"Fe",6003,12.5230287643635,0.122775444911018
"Fe",6004,7.05196678543368,0.757648470305939
"Fe",6005,18.5901961676202,0.00759848030393921
"Fe",6006,10.4762751717085,0.27874425114977
"Fe",6007,11.5180943273197,0.190561887622476
"Fe",6008,5.56374252837867,0.929614077184563
"Fe",6009,10.2008821584946,0.307338532293541
"Fe",6010,6.94369757090195,0.774845030993801
"Fe",6011,8.03326513126478,0.597880423915217
"Fe",6012,7.36606258213334,0.708658268346331
"Fe",6013,10.2098311188685,0.306338732253549
"Fe",6014,7.18162060913693,0.736852629474105
"Fe",6015,8.98076941983885,0.458308338332334
"Fe",6016,9.56069827178865,0.381523695260948
"Fe",6017,6.74740408821094,0.803639272145571
"Fe",6018,6.14957757124674,0.873225354929014
"Fe",6019,6.50303038835418,0.831833633273345
"Fe",6020,5.46339373960882,0.936012797440512
"Fe",6021,7.47301917230234,0.693261347730454
"Fe",6022,7.515740710697,0.6874625074985
"Fe",6023,12.841509779607,0.106978604279144
"Fe",6024,11.8603210169152,0.165766846630674
"Fe",6025,16.4598502425985,0.0203959208158368
"Fe",6026,11.7035942111887,0.177964407118576
"Fe",6027,6.54008463390167,0.827034593081384
"Fe",6028,12.0191617215284,0.156768646270746
"Fe",6029,8.89216798112867,0.472305538892222
"Fe",6030,9.51302518162277,0.385522895420916
"Fe",6031,9.95879547049151,0.334333133373325
"Fe",6032,6.16842332869149,0.870625874825035
"Fe",6033,11.9420995216328,0.160167966406719
"Fe",6034,10.0857342783317,0.317936412717456
"Fe",6035,15.1334540160513,0.0361927614477105
"Fe",6036,9.32215947679643,0.409118176364727
"Fe",6037,5.77955008252101,0.910417916416717
"Fe",6038,6.54246151597007,0.826434713057388
"Fe",6039,7.49888085944602,0.690461907618476
"Fe",6040,7.59181638789886,0.671665666866627
"Fe",6041,5.15804439643981,0.96120775844831
"Fe",6042,11.8592515071945,0.165766846630674
"Fe",6043,9.19342812986082,0.427714457108578
"Fe",6044,8.95239489686912,0.464307138572286
"Fe",6045,7.05379547495022,0.757648470305939
"Fe",6046,8.56850764643535,0.521495700859828
"Fe",6047,7.66045834406583,0.658668266346731
"Fe",6048,6.96625174073546,0.770845830833833
"Fe",6049,6.62517286917134,0.816836632673465
"Fe",6050,8.68148208287326,0.504699060187962
"Fe",6051,6.14433272021873,0.873425314937013
"Fe",6052,14.1504578317574,0.0601879624075185
"Fe",6053,8.01678451224632,0.600679864027195
"Fe",6054,9.7573664161678,0.357928414317137
"Fe",6055,13.4569000016567,0.0861827634473105
"Fe",6056,7.81758398160744,0.637072585482903
"Fe",6057,9.92112041162522,0.338932213557289
"Fe",6058,7.03891409133638,0.759048190361928
"Fe",6059,4.70365925547637,0.982403519296141
"Fe",6060,9.37238408566941,0.401919616076785
"Fe",6061,10.2842768016408,0.296740651869626
"Fe",6062,6.85494027217564,0.788642271545691
"Fe",6063,13.0995005389165,0.0959808038392322
"Fe",6064,7.66477644238185,0.658068386322735
"Fe",6065,11.6918070041339,0.178964207158568
"Fe",6066,10.4627774143229,0.279744051189762
"Fe",6067,10.0793670059397,0.318936212757448
"Fe",6068,7.06833433940045,0.755848830233953
"Fe",6069,23.3864603444809,0.000999800039992002
"Fe",6070,13.104461004222,0.0957808438312338
"Fe",6071,4.8094147522749,0.979004199160168
"Fe",6072,10.501523851273,0.27754449110178
"Fe",6073,9.12037730436737,0.439312137572485
"Fe",6074,8.86358990002252,0.477104579084183
"Fe",6075,7.81784086976586,0.637072585482903
"Fe",6076,10.4462704584474,0.281543691261748
"Fe",6077,13.9638234251164,0.0667866426714657
"Fe",6078,8.88925724874571,0.472705458908218
"Fe",6079,9.23466111729363,0.422115576884623
"Fe",6080,13.8724957311599,0.0701859628074385
"Fe",6081,10.7023527835441,0.257748450309938
"Fe",6082,7.19966157131847,0.735252949410118
"Fe",6083,12.7224661842819,0.112177564487103
"Fe",6084,12.7367216142142,0.111777644471106
"Fe",6085,9.16157997276827,0.432913417316537
"Fe",6086,14.5272680166333,0.0509898020395921
"Fe",6087,9.89712165590655,0.340731853629274
"Fe",6088,13.2237402287114,0.0917816436712657
"Fe",6089,11.131389813091,0.221555688862228
"Fe",6090,7.08921912737381,0.752249550089982
"Fe",6091,10.101659579314,0.316336732653469
"Fe",6092,6.07250210948112,0.88122375524895
"Fe",6093,7.73467753401422,0.648270345930814
"Fe",6094,8.57801625477532,0.519096180763847
"Fe",6095,5.56975020383203,0.929014197160568
"Fe",6096,7.90159634993572,0.619476104779044
"Fe",6097,4.40050134474163,0.990401919616077
"Fe",6098,5.59588307449292,0.927814437112577
"Fe",6099,5.79061878506974,0.909618076384723
"Fe",6100,9.82590941532081,0.347930413917217
"Fe",6101,9.52709676642704,0.384123175364927
"Fe",6102,5.83230822512667,0.905418916216757
"Fe",6103,8.1471243200144,0.581683663267347
"Fe",6104,9.28529283615208,0.415516896620676
"Fe",6105,7.68115562724853,0.655468906218756
"Fe",6106,8.37802760548084,0.550489902019596
"Fe",6107,4.86532009871945,0.976404719056189
"Fe",6108,9.13872219172427,0.436912617476505
"Fe",6109,6.79604678181437,0.797840431913617
"Fe",6110,7.89625347449373,0.621075784843031
"Fe",6111,9.27236757868405,0.417716456708658
"Fe",6112,19.8104263145726,0.00479904019196161
"Fe",6113,11.6826729340376,0.179164167166567
"Fe",6114,10.8924819537159,0.242151569686063
"Fe",6115,6.13934022380784,0.873825234953009
"Fe",6116,6.63549080281413,0.816036792641472
"Fe",6117,11.8657802512227,0.165766846630674
"Fe",6118,8.25766942622479,0.566486702659468
"Fe",6119,8.06351173828327,0.59368126374725
"Fe",6120,7.36271250406497,0.709058188362327
"Fe",6121,21.2695068274929,0.0021995600879824
"Fe",6122,8.51904652656657,0.52869426114777
"Fe",6123,8.16402769888177,0.577884423115377
"Fe",6124,9.45556362750142,0.393321335732853
"Fe",6125,11.193978535255,0.21755648870226
"Fe",6126,10.0958168782831,0.317136572685463
"Fe",6127,7.53591950944718,0.682063587282543
"Fe",6128,12.3315338099321,0.13497300539892
"Fe",6129,10.4525949703352,0.280743851229754
"Fe",6130,20.0944367033497,0.00419916016796641
"Fe",6131,6.70504213412417,0.808438312337532
"Fe",6132,14.6822985617324,0.0475904819036193
"Fe",6133,7.91025938836944,0.618876224755049
"Fe",6134,12.1351409921484,0.14877024595081
"Fe",6135,8.60178029981734,0.515896820635873
"Fe",6136,7.31949187795922,0.714657068586283
"Fe",6137,4.78663908848534,0.979404119176165
"Fe",6138,5.90888656690407,0.899820035992801
"Fe",6139,10.6404362082027,0.264347130573885
"Fe",6140,5.25817735927851,0.952609478104379
"Fe",6141,10.1842425567476,0.309538092381524
"Fe",6142,4.85341045223433,0.976804639072186
"Fe",6143,10.6621804863658,0.261747650469906
"Fe",6144,10.935707279272,0.238152369526095
"Fe",6145,9.67418661361245,0.368126374725055
"Fe",6146,9.94349749405148,0.335532893421316
"Fe",6147,6.98215592921832,0.767646470705859
"Fe",6148,8.05806493918669,0.594681063787243
"Fe",6149,8.07061079458163,0.59248150369926
"Fe",6150,8.65187852359435,0.509098180363927
"Fe",6151,8.53235098842731,0.526894621075785
"Fe",6152,9.98989189324578,0.329934013197361
"Fe",6153,11.259986576867,0.211157768446311
"Fe",6154,7.2770004617249,0.721855628874225
"Fe",6155,6.10024047213611,0.878624275144971
"Fe",6156,11.0978629015383,0.224555088982204
"Fe",6157,9.04619379400924,0.448110377924415
"Fe",6158,6.66615618049671,0.813037392521496
"Fe",6159,7.00075824470466,0.765246950609878
"Fe",6160,5.85819015840298,0.904019196160768
"Fe",6161,16.2563896783983,0.0227954409118176
"Fe",6162,10.2030863257734,0.307338532293541
"Fe",6163,10.6170060014137,0.266746650669866
"Fe",6164,7.17121767260835,0.738452309538092
"Fe",6165,10.3104709521328,0.293341331733653
"Fe",6166,8.5750586458619,0.519696060787842
"Fe",6167,7.33887646835556,0.7124575084983
"Fe",6168,8.87346068890167,0.475704859028194
"Fe",6169,6.38647475615898,0.844831033793241
"Fe",6170,6.08237237157019,0.880423915216957
"Fe",6171,8.6598571371465,0.507098580283943
"Fe",6172,15.4025580006592,0.0323935212957408
"Fe",6173,5.94775026985869,0.895820835832833
"Fe",6174,8.15394307648012,0.580483903219356
"Fe",6175,8.95668825094177,0.4625074985003
"Fe",6176,7.24402400270489,0.726854629074185
"Fe",6177,8.5660797190497,0.521895620875825
"Fe",6178,7.00005848870839,0.765446910617876
"Fe",6179,12.1257921187749,0.149370125974805
"Fe",6180,6.65895951849291,0.813237352529494
"Fe",6181,6.67858566965324,0.811837632473505
"Fe",6182,7.06386963166213,0.756648670265947
"Fe",6183,10.3987353258152,0.284743051389722
"Fe",6184,12.1261935127766,0.149370125974805
"Fe",6185,10.0844849408086,0.318136372725455
"Fe",6186,9.63176075468922,0.373125374925015
"Fe",6187,6.94788274813675,0.774445110977804
"Fe",6188,6.08307817535848,0.880223955208958
"Fe",6189,14.5619443258476,0.0501899620075985
"Fe",6190,13.8146364217579,0.0723855228954209
"Fe",6191,9.8714031700699,0.344331133773245
"Fe",6192,10.7728292668507,0.252349530093981
"Fe",6193,11.2185141943174,0.21495700859828
"Fe",6194,10.5019490868415,0.27754449110178
"Fe",6195,6.37688198239229,0.845430913817237
"Fe",6196,9.28359874257893,0.415516896620676
"Fe",6197,10.11522718559,0.315336932613477
"Fe",6198,9.88829264492563,0.342131573685263
"Fe",6199,8.79680176926163,0.487902419516097
"Fe",6200,11.685291560654,0.179164167166567
"Fe",6201,12.9633431224088,0.100779844031194
"Fe",6202,7.01944522953227,0.762047590481904
"Fe",6203,9.95405325906944,0.334733053389322
"Fe",6204,5.37437621676978,0.943011397720456
"Fe",6205,9.40141236302438,0.399920015996801
"Fe",6206,15.5301937357885,0.0305938812237553
"Fe",6207,7.91382566487584,0.617876424715057
"Fe",6208,6.13560760848375,0.874025194961008
"Fe",6209,8.5844829821942,0.51749650069986
"Fe",6210,9.23229468409576,0.42251549690062
"Fe",6211,7.0438990244871,0.758648270345931
"Fe",6212,14.4788363490986,0.0523895220955809
"Fe",6213,7.69597073657226,0.65246950609878
"Fe",6214,9.7522699938726,0.358528294341132
"Fe",6215,7.7102100991616,0.650469906018796
"Fe",6216,8.4038709667694,0.546090781843631
"Fe",6217,10.7811304599946,0.250549890021996
"Fe",6218,11.1946455715702,0.21755648870226
"Fe",6219,10.275856908792,0.297340531893621
"Fe",6220,8.57102016717076,0.520295940811838
"Fe",6221,5.71714370839121,0.915616876624675
"Fe",6222,5.41051836406587,0.939412117576485
"Fe",6223,7.94189057744475,0.612277544491102
"Fe",6224,6.02409331632711,0.887822435512897
"Fe",6225,12.1449625656681,0.148570285942811
"Fe",6226,9.99213086691825,0.329934013197361
"Fe",6227,7.77833685606163,0.641671665666867
"Fe",6228,7.02057646258973,0.761647670465907
"Fe",6229,9.13655039322299,0.436912617476505
"Fe",6230,11.652506068092,0.182163567286543
"Fe",6231,12.3358189815048,0.134373125374925
"Fe",6232,4.66012120098843,0.983603279344131
"Fe",6233,15.1684283970541,0.0357928414317137
"Fe",6234,12.143024112878,0.148570285942811
"Fe",6235,19.2424358936372,0.00559888022395521
"Fe",6236,8.27524842969484,0.564087182563487
"Fe",6237,4.5264721879843,0.986602679464107
"Fe",6238,3.94479800916574,0.996800639872026
"Fe",6239,13.6765239692562,0.0761847630473905
"Fe",6240,10.8022668867698,0.248950209958008
"Fe",6241,8.5007748522731,0.530893821235753
"Fe",6242,8.16959448146483,0.577084583083383
"Fe",6243,10.6102996229167,0.267946410717856
"Fe",6244,7.85206676736271,0.629274145170966
"Fe",6245,9.13915534544108,0.436912617476505
"Fe",6246,11.1524341757681,0.21995600879824
"Fe",6247,7.11737410882904,0.74745050989802
"Fe",6248,8.34233050862815,0.55628874225155
"Fe",6249,11.041457095934,0.229154169166167
"Fe",6250,11.2414785320479,0.212157568486303
"Fe",6251,7.79658576118035,0.639272145570886
"Fe",6252,9.79908232439473,0.352329534093181
"Fe",6253,7.15516229755085,0.741051789642072
"Fe",6254,8.93329479465123,0.467106578684263
"Fe",6255,9.90317013606452,0.340731853629274
"Fe",6256,10.2187163861446,0.305338932213557
"Fe",6257,9.41122773478475,0.399720055988802
"Fe",6258,8.05053248922957,0.595480903819236
"Fe",6259,7.41069358474408,0.703659268146371
"Fe",6260,6.65039905536804,0.814437112577485
"Fe",6261,7.81857233523766,0.636672665466907
"Fe",6262,7.12458771316082,0.746050789842032
"Fe",6263,12.6984963564138,0.112977404519096
"Fe",6264,8.91909837508422,0.468906218756249
"Fe",6265,15.787602599863,0.026994601079784
"Fe",6266,8.2731432052752,0.564287142571486
"Fe",6267,9.43357161309007,0.396120775844831
"Fe",6268,12.1734411116194,0.146370725854829
"Fe",6269,9.30250904790282,0.411717656468706
"Fe",6270,7.73623132693709,0.648070385922815
"Fe",6271,5.39642385238301,0.940611877624475
"Fe",6272,17.1927194360829,0.0143971205758848
"Fe",6273,5.50718495134721,0.932613477304539
"Fe",6274,6.9490647970128,0.774245150969806
"Fe",6275,10.2291351288648,0.304739052189562
"Fe",6276,8.83746477785809,0.480503899220156
"Fe",6277,9.41358688604251,0.399320135972805
"Fe",6278,5.45849494512589,0.936812637472506
"Fe",6279,7.20055560442486,0.734653069386123
"Fe",6280,14.5079033884485,0.0517896420715857
"Fe",6281,10.7444990309981,0.254349130173965
"Fe",6282,5.60699829503551,0.926614677064587
"Fe",6283,16.38870565754,0.0215956808638272
"Fe",6284,14.0437090865419,0.0641871625674865
"Fe",6285,12.566849813877,0.11997600479904
"Fe",6286,9.20451522467596,0.426714657068586
"Fe",6287,5.47145947611963,0.935412917416517
"Fe",6288,7.10941419977078,0.748850229954009
"Fe",6289,7.73157329079996,0.648470305938812
"Fe",6290,5.5023310262919,0.932613477304539
"Fe",6291,13.1340268118225,0.0943811237752449
"Fe",6292,8.72715320742327,0.498300339932014
"Fe",6293,8.46227364761336,0.5374925014997
"Fe",6294,4.76031873180804,0.980203959208158
"Fe",6295,5.46369878213147,0.936012797440512
"Fe",6296,7.15344620869328,0.741051789642072
"Fe",6297,8.01732320180713,0.600679864027195
"Fe",6298,12.795360058914,0.108378324335133
"Fe",6299,13.0307433632726,0.0979804039192162
"Fe",6300,6.40393954093219,0.843031393721256
"Fe",6301,7.32855973895778,0.713857228554289
"Fe",6302,5.59862747754121,0.927614477104579
"Fe",6303,9.13938547827769,0.436912617476505
"Fe",6304,8.53319498150367,0.526694661067786
"Fe",6305,6.3058446405015,0.853629274145171
"Fe",6306,12.6899473109188,0.113577284543091
"Fe",6307,10.6765299468665,0.25994801039792
"Fe",6308,11.9247218683103,0.161567686462707
"Fe",6309,6.55374001372104,0.825834833033393
"Fe",6310,6.64634648825154,0.81503699260148
"Fe",6311,10.5122115244006,0.276344731053789
"Fe",6312,6.92087320522168,0.778844231153769
"Fe",6313,7.55204924239251,0.679464107178564
"Fe",6314,10.5714065039267,0.271145770845831
"Fe",6315,4.9525879475955,0.970405918816237
"Fe",6316,9.9810149969322,0.331133773245351
"Fe",6317,9.88294564639472,0.34253149370126
"Fe",6318,7.52034557651584,0.685262947410518
"Fe",6319,7.12576512512922,0.745650869826035
"Fe",6320,6.98061680239954,0.767646470705859
"Fe",6321,7.36060974289703,0.709258148370326
"Fe",6322,7.29043349983823,0.719656068786243
"Fe",6323,9.76969510034743,0.357328534293141
"Fe",6324,9.00963983811033,0.45370925814837
"Fe",6325,12.9921563628254,0.0997800439912018
"Fe",6326,11.4728728961173,0.19496100779844
"Fe",6327,5.54300833971621,0.930613877224555
"Fe",6328,8.94775086176841,0.464507098580284
"Fe",6329,7.33645833351437,0.7124575084983
"Fe",6330,9.8022491437394,0.351929614077185
"Fe",6331,12.7336826592064,0.111777644471106
"Fe",6332,8.02403190412247,0.599080183963207
"Fe",6333,7.7032775095866,0.65126974605079
"Fe",6334,9.3399082932529,0.406918616276745
"Fe",6335,9.21335292218947,0.425914817036593
"Fe",6336,12.0199026320435,0.156568686262747
"Fe",6337,10.6564917616691,0.262347530493901
"Fe",6338,9.17463892520433,0.430713857228554
"Fe",6339,10.8734616979097,0.243951209758048
"Fe",6340,7.24194709180293,0.727254549090182
"Fe",6341,6.49165663543158,0.833033393321336
"Fe",6342,7.54859646682237,0.679664067186563
"Fe",6343,8.79551275279424,0.487902419516097
"Fe",6344,10.7889613806073,0.250149970005999
"Fe",6345,8.49264625107358,0.532893421315737
"Fe",6346,9.52372455767252,0.384523095380924
"Fe",6347,5.01097753522069,0.968006398720256
"Fe",6348,6.16664332225272,0.870825834833033
"Fe",6349,11.4902350356689,0.194161167766447
"Fe",6350,6.94504370625509,0.774645070985803
"Fe",6351,10.9582741101661,0.235552889422116
"Fe",6352,10.3654312086371,0.288342331533693
"Fe",6353,13.6059166071421,0.0789842031593681
"Fe",6354,14.4085595285541,0.0539892021595681
"Fe",6355,6.66604176618034,0.813037392521496
"Fe",6356,9.7188365405502,0.362327534493101
"Fe",6357,5.03470620026897,0.967206558688262
"Fe",6358,11.8515398780139,0.165966806638672
"Fe",6359,13.8855382018724,0.0697860427914417
"Fe",6360,11.4933302974932,0.194161167766447
"Fe",6361,10.0963531848414,0.317136572685463
"Fe",6362,11.4529925705421,0.196160767846431
"Fe",6363,11.1808391535,0.218556288742252
"Fe",6364,11.6471124330047,0.182563487302539
"Fe",6365,8.27856125727365,0.56368726254749
"Fe",6366,14.5701710473509,0.0501899620075985
"Fe",6367,18.9013696740416,0.00679864027194561
"Fe",6368,7.13946251264215,0.743251349730054
"Fe",6369,8.85822300859999,0.477704459108178
"Fe",6370,9.92076324456615,0.338932213557289
"Fe",6371,17.2741218118346,0.0137972405518896
"Fe",6372,5.00378850696094,0.96880623875225
"Fe",6373,6.05326982934413,0.884623075384923
"Fe",6374,5.94040201981321,0.896420715856829
"Fe",6375,10.0489423154566,0.323335332933413
"Fe",6376,10.0776758511354,0.319136172765447
"Fe",6377,8.1790505657338,0.576084783043391
"Fe",6378,8.16317831635854,0.578084383123375
"Fe",6379,7.7337597534833,0.648270345930814
"Fe",6380,5.0174693490753,0.967806438712258
"Fe",6381,8.65801173619164,0.507698460307938
"Fe",6382,7.44044493233613,0.697660467906419
"Fe",6383,7.91669480868867,0.617276544691062
"Fe",6384,6.16278664057933,0.871425714857029
"Fe",6385,9.04530790432244,0.448110377924415
"Fe",6386,19.4474122868581,0.00519896020795841
"Fe",6387,10.5439615975863,0.27254549090182
"Fe",6388,8.6321967265271,0.51129774045191
"Fe",6389,14.998994012923,0.0401919616076785
"Fe",6390,4.88938364981726,0.975404919016197
"Fe",6391,6.0437864441071,0.886022795440912
"Fe",6392,6.99361327690397,0.766446710657868
"Fe",6393,6.96131511788994,0.77124575084983
"Fe",6394,10.1639205321138,0.311337732453509
"Fe",6395,5.31282259710835,0.948210357928414
"Fe",6396,7.06310583943628,0.756648670265947
"Fe",6397,13.4681754463449,0.0857828434313137
"Fe",6398,6.88302271561329,0.785242951409718
"Fe",6399,9.04717236325286,0.448110377924415
"Fe",6400,9.06535362219631,0.445710857828434
"Fe",6401,10.0917176860552,0.317336532693461
"Fe",6402,8.39968649488742,0.547290541891622
"Fe",6403,9.76133669786691,0.357728454309138
"Fe",6404,5.10363027925439,0.963007398520296
"Fe",6405,10.7967311859542,0.248950209958008
"Fe",6406,13.298029056326,0.0901819636072786
"Fe",6407,8.48199428604053,0.534293141371726
"Fe",6408,7.28976757426818,0.719856028794241
"Fe",6409,5.2651994180647,0.951609678064387
"Fe",6410,5.18452147820005,0.959208158368326
"Fe",6411,6.36929319761589,0.846030793841232
"Fe",6412,5.58996583612313,0.928014397120576
"Fe",6413,15.928541980853,0.0261947610477904
"Fe",6414,13.498747801931,0.0843831233753249
"Fe",6415,6.54607995428567,0.826034793041392
"Fe",6416,6.08779257651929,0.879824035192961
"Fe",6417,7.79400872272237,0.639272145570886
"Fe",6418,7.40252378592712,0.704459108178364
"Fe",6419,8.67321496496595,0.505298940211958
"Fe",6420,15.0275495802417,0.0395920815836833
"Fe",6421,8.18075111824314,0.576084783043391
"Fe",6422,8.55250310484109,0.524495100979804
"Fe",6423,8.3800445573406,0.550289942011598
"Fe",6424,7.77118491980866,0.643471305738852
"Fe",6425,8.00141700594938,0.604879024195161
"Fe",6426,11.4027074125806,0.200559888022396
"Fe",6427,4.60311311413469,0.984603079384123
"Fe",6428,11.0716160160093,0.226154769046191
"Fe",6429,7.30054091254291,0.717856428714257
"Fe",6430,6.60592493374574,0.819636072785443
"Fe",6431,9.89688262530274,0.340731853629274
"Fe",6432,5.02854863853261,0.967606478704259
"Fe",6433,11.2032013814075,0.216956608678264
"Fe",6434,11.0112897818472,0.231553689262148
"Fe",6435,7.71348871939486,0.650269946010798
"Fe",6436,6.3542977230783,0.848630273945211
"Fe",6437,12.1688930458895,0.146570685862827
"Fe",6438,6.27704312569665,0.85622875424915
"Fe",6439,8.09183449686279,0.589882023595281
"Fe",6440,16.3564943450308,0.021995600879824
"Fe",6441,11.9886101570567,0.158568286342731
"Fe",6442,16.680419016065,0.0185962807438512
"Fe",6443,10.5726501390419,0.271145770845831
"Fe",6444,6.47398444605912,0.835632873425315
"Fe",6445,7.1597086301426,0.740651869626075
"Fe",6446,7.73514003718094,0.648270345930814
"Fe",6447,16.1384410342659,0.0237952409518096
"Fe",6448,7.24398273474861,0.726854629074185
"Fe",6449,9.39951836577569,0.400119976004799
"Fe",6450,8.98989365907869,0.456708658268346
"Fe",6451,14.9725828150511,0.0405918816236753
"Fe",6452,5.91186757895755,0.899620075984803
"Fe",6453,10.3024716909407,0.294141171765647
"Fe",6454,11.6729856326431,0.180363927214557
"Fe",6455,7.22457188098616,0.730453909218156
"Fe",6456,5.24472327848719,0.954209158168366
"Fe",6457,7.29216846276512,0.719256148770246
"Fe",6458,14.1539517065756,0.0601879624075185
"Fe",6459,11.5212383291628,0.190361927614477
"Fe",6460,5.42647473907482,0.938212357528494
"Fe",6461,6.32728399780964,0.851629674065187
"Fe",6462,10.1795980225566,0.310337932413517
"Fe",6463,10.6920946004142,0.25874825034993
"Fe",6464,6.50780498390002,0.831433713257348
"Fe",6465,7.79080282911895,0.639472105578884
"Fe",6466,10.6493480359166,0.263147370525895
"Fe",6467,6.03446609193605,0.887022595480904
"Fe",6468,9.94136495862278,0.336132773445311
"Fe",6469,7.65431446960997,0.659668066386723
"Fe",6470,7.50737343251424,0.688462307538492
"Fe",6471,6.12573292743383,0.875024995001
"Fe",6472,9.555107256578,0.382323535292941
"Fe",6473,5.62134409108944,0.924215156968606
"Fe",6474,5.6258976815715,0.923815236952609
"Fe",6475,10.0634682845332,0.322135572885423
"Fe",6476,5.86552081617339,0.903419316136773
"Fe",6477,10.9979930552406,0.232753449310138
"Fe",6478,4.58797021014567,0.984803039392122
"Fe",6479,7.11112172113744,0.748250349930014
"Fe",6480,13.4253288086807,0.0871825634873025
"Fe",6481,7.51920457174836,0.685462907418516
"Fe",6482,6.24074147867219,0.861427714457109
"Fe",6483,11.5337098918295,0.18996200759848
"Fe",6484,9.87881491370442,0.342931413717257
"Fe",6485,13.7351455034635,0.0741851629674065
"Fe",6486,7.71114151408685,0.650469906018796
"Fe",6487,9.0671256573024,0.445510897820436
"Fe",6488,7.337478095313,0.7124575084983
"Fe",6489,7.83544383753582,0.633273345330934
"Fe",6490,6.00115596978836,0.891021795640872
"Fe",6491,11.947455642129,0.160167966406719
"Fe",6492,12.7829247046246,0.108978204359128
"Fe",6493,3.65910732073743,0.998600279944011
"Fe",6494,15.3337914137244,0.0327934413117376
"Fe",6495,6.04159730233266,0.88622275544891
"Fe",6496,13.3747551866236,0.0887822435512897
"Fe",6497,16.5623796060739,0.0193961207758448
"Fe",6498,16.4062908101174,0.0213957208558288
"Fe",6499,8.12428195799416,0.585882823435313
"Fe",6500,7.35929370003757,0.709258148370326
"Fe",6501,8.38932501688254,0.547890421915617
"Fe",6502,8.08053474158865,0.59128174365127
"Fe",6503,7.3961048912131,0.705458908218356
"Fe",6504,10.537114150356,0.273545290941812
"Fe",6505,10.9162863599952,0.239552089582084
"Fe",6506,7.27432261463539,0.722255548890222
"Fe",6507,7.78902070725348,0.639472105578884
"Fe",6508,14.8967297766763,0.0423915216956609
"Fe",6509,9.98312961083357,0.330733853229354
"Fe",6510,5.8863813517022,0.901819636072785
"Fe",6511,6.05698141137154,0.883423315336933
"Fe",6512,9.67561661993773,0.368126374725055
"Fe",6513,6.52206757374671,0.83003399320136
"Fe",6514,7.22135578428527,0.730853829234153
"Fe",6515,8.15083853475076,0.580483903219356
"Fe",6516,6.4606561557967,0.836632673465307
"Fe",6517,12.8954800610881,0.104179164167167
"Fe",6518,8.29709824139296,0.561487702459508
"Fe",6519,7.22968936587372,0.729654069186163
"Fe",6520,6.75537660070006,0.802639472105579
"Fe",6521,5.08053357423884,0.965606878624275
"Fe",6522,9.0030603983619,0.454509098180364
"Fe",6523,9.00543361542199,0.454509098180364
"Fe",6524,10.4767730235467,0.27874425114977
"Fe",6525,9.08496438299642,0.443311337732454
"Fe",6526,6.11831979968761,0.876024795040992
"Fe",6527,4.98674856276506,0.969006198760248
"Fe",6528,7.79948017270959,0.638872225554889
"Fe",6529,10.6474813865755,0.263547290541892
"Fe",6530,13.2461815004636,0.0913817236552689
"Fe",6531,18.2818699079679,0.00879824035192961
"Fe",6532,7.30130374162492,0.717656468706259
"Fe",6533,6.63191097237677,0.816436712657469
"Fe",6534,10.5484760592985,0.27254549090182
"Fe",6535,5.09024927834236,0.964607078584283
"Fe",6536,10.7495694210555,0.254149170165967
"Fe",6537,12.7556054796,0.110577884423115
"Fe",6538,6.78269506530648,0.799440111977604
"Fe",6539,7.51759608309828,0.68626274745051
"Fe",6540,5.9343757997394,0.897820435912817
"Fe",6541,8.13808662439247,0.583083383323335
"Fe",6542,6.93777454181409,0.77624475104979
"Fe",6543,6.53423339678466,0.828434313137372
"Fe",6544,7.48937995194756,0.692061587682464
"Fe",6545,11.0924828823158,0.224755048990202
"Fe",6546,15.9182502284604,0.0263947210557888
"Fe",6547,11.2379774705013,0.212757448510298
"Fe",6548,14.9679723728692,0.0405918816236753
"Fe",6549,9.39814106258362,0.400119976004799
"Fe",6550,12.5278255420764,0.122775444911018
"Fe",6551,7.0624072840327,0.756648670265947
"Fe",6552,10.466301989089,0.279544091181764
"Fe",6553,8.28912106310835,0.5624875024995
"Fe",6554,12.1297586695559,0.149170165966807
"Fe",6555,20.3857946993554,0.00359928014397121
"Fe",6556,6.30775982554519,0.853429314137173
"Fe",6557,5.99095826444014,0.891821635672865
"Fe",6558,6.0712493304319,0.881423715256949
"Fe",6559,9.45915162021535,0.392721455708858
"Fe",6560,13.2646555103897,0.0907818436312737
"Fe",6561,11.3446130174825,0.204759048190362
"Fe",6562,9.21399864643718,0.425914817036593
"Fe",6563,7.70921082771078,0.650469906018796
"Fe",6564,4.24607563770036,0.993001399720056
"Fe",6565,6.28935978773558,0.854829034193161
"Fe",6566,7.7000277166388,0.651669666066787
"Fe",6567,6.64409945641216,0.815436912617477
"Fe",6568,8.58040922844941,0.518296340731854
"Fe",6569,8.39228762221626,0.54749050189962
"Fe",6570,6.36700926119241,0.846630673865227
"Fe",6571,11.9112352857849,0.162767446510698
"Fe",6572,10.213952387426,0.306138772245551
"Fe",6573,5.61119995008869,0.925414917016597
"Fe",6574,7.58245873203444,0.674065186962608
"Fe",6575,8.39129885213046,0.547690461907618
"Fe",6576,7.84979325366245,0.629874025194961
"Fe",6577,14.853088771661,0.0433913217356529
"Fe",6578,7.24265144333711,0.727254549090182
"Fe",6579,6.85216915389179,0.788642271545691
"Fe",6580,4.93060136194509,0.972605478904219
"Fe",6581,7.21321985825361,0.73245350929814
"Fe",6582,6.24417348337712,0.86122775444911
"Fe",6583,6.09380711064307,0.879624075184963
"Fe",6584,8.44058265749965,0.540291941611678
"Fe",6585,11.2748843360205,0.210557888422316
"Fe",6586,9.87587068099282,0.343531293741252
"Fe",6587,7.69027594685224,0.654269146170766
"Fe",6588,5.33981085440976,0.945610877824435
"Fe",6589,7.47620037912321,0.692861427714457
"Fe",6590,7.83307028090988,0.633273345330934
"Fe",6591,5.01651421990169,0.967806438712258
"Fe",6592,12.4581724870685,0.126974605078984
"Fe",6593,7.97310131411402,0.608878224355129
"Fe",6594,7.94854888961024,0.610877824435113
"Fe",6595,4.87931645665194,0.976004799040192
"Fe",6596,5.71597675513577,0.915616876624675
"Fe",6597,8.27898647444303,0.56368726254749
"Fe",6598,6.38197360880358,0.84503099380124
"Fe",6599,8.01661972205989,0.600679864027195
"Fe",6600,9.65566576206484,0.370125974805039
"Fe",6601,8.6236654436471,0.512097580483903
"Fe",6602,12.5319529304391,0.122775444911018
"Fe",6603,9.74549926020177,0.358928214357129
"Fe",6604,9.64275587242062,0.371125774845031
"Fe",6605,9.68133727826267,0.367926414717057
"Fe",6606,7.19970088019011,0.73505298940212
"Fe",6607,6.67609441710738,0.812037592481504
"Fe",6608,12.1136298950284,0.149770045990802
"Fe",6609,6.90719665647023,0.781443711257748
"Fe",6610,4.63529318473462,0.984403119376125
"Fe",6611,21.4560599783081,0.001999600079984
"Fe",6612,7.12725354443066,0.745450909818036
"Fe",6613,8.03162902651738,0.598480303939212
"Fe",6614,7.37346332714088,0.707858428314337
"Fe",6615,6.00796158880937,0.89002199560088
"Fe",6616,8.41815804087074,0.543891221755649
"Fe",6617,8.4219214428081,0.543091381723655
"Fe",6618,6.08054742198846,0.880623875224955
"Fe",6619,4.53527553237586,0.98620275944811
"Fe",6620,8.26870225123281,0.565086982603479
"Fe",6621,6.77037658870904,0.800839832033593
"Fe",6622,12.7691688837784,0.10997800439912
"Fe",6623,7.55805214070784,0.679064187162567
"Fe",6624,11.9471455800804,0.160167966406719
"Fe",6625,7.90044523488748,0.619676064787043
"Fe",6626,8.63697348151132,0.510897820435913
"Fe",6627,10.6583815559551,0.262147570485903
"Fe",6628,8.62751374549831,0.511697660467906
"Fe",6629,16.5997362686309,0.018996200759848
"Fe",6630,23.0099204791906,0.0011997600479904
"Fe",6631,10.3791510860272,0.287142571485703
"Fe",6632,7.94523793669936,0.611677664467107
"Fe",6633,7.1216035713154,0.74625074985003
"Fe",6634,12.6237528681503,0.116976604679064
"Fe",6635,8.43862956035676,0.540291941611678
"Fe",6636,8.11700836227811,0.586882623475305
"Fe",6637,9.22457319900695,0.424715056988602
"Fe",6638,9.39415773798925,0.400919816036793
"Fe",6639,8.061312763388,0.594281143771246
"Fe",6640,7.98893079168559,0.607078584283143
"Fe",6641,10.9405165658645,0.236952609478104
"Fe",6642,5.93592196686467,0.897420515896821
"Fe",6643,11.9966106459892,0.158168366326735
"Fe",6644,9.17356547958698,0.430913817236553
"Fe",6645,8.85237538335497,0.478304339132174
"Fe",6646,12.9958379557251,0.0997800439912018
"Fe",6647,11.4655301101956,0.19496100779844
"Fe",6648,12.7413160626119,0.110777844431114
"Fe",6649,7.9119706879904,0.618676264747051
"Fe",6650,8.66584546618193,0.506498700259948
"Fe",6651,8.84767156202855,0.478904219156169
"Fe",6652,8.48721385053224,0.53369326134773
"Fe",6653,8.45671872268238,0.537892421515697
"Fe",6654,10.4800088980597,0.278544291141772
"Fe",6655,7.72723051934231,0.648870225954809
"Fe",6656,7.20616446031494,0.733653269346131
"Fe",6657,10.302649518905,0.294141171765647
"Fe",6658,8.42223212575891,0.543091381723655
"Fe",6659,5.82593749716327,0.905618876224755
"Fe",6660,6.45841836173938,0.836832633473305
"Fe",6661,5.61373138144828,0.924815036992601
"Fe",6662,11.0397131506343,0.229554089182164
"Fe",6663,13.5527533015444,0.0815836832633473
"Fe",6664,14.5089161193499,0.0517896420715857
"Fe",6665,7.68902308079515,0.654269146170766
"Fe",6666,8.67162398807079,0.505498900219956
"Fe",6667,8.6256823928754,0.511897620475905
"Fe",6668,6.8457341765112,0.79004199160168
"Fe",6669,4.57163609617749,0.985602879424115
"Fe",6670,7.89998565619806,0.619876024795041
"Fe",6671,5.90361083645328,0.900419916016797
"Fe",6672,5.74532985879009,0.913017396520696
"Fe",6673,6.96981043231824,0.77004599080184
"Fe",6674,11.412063645767,0.200159968006399
"Fe",6675,7.50692621180656,0.688462307538492
"Fe",6676,8.77417816550397,0.491101779644071
"Fe",6677,17.8108525825171,0.0101979604079184
"Fe",6678,10.5195479333809,0.275744851029794
"Fe",6679,12.7244558016657,0.112177564487103
"Fe",6680,6.92048943488385,0.778844231153769
"Fe",6681,8.09245003195952,0.589882023595281
"Fe",6682,10.4581352320951,0.280343931213757
"Fe",6683,8.39319300071608,0.54749050189962
"Fe",6684,6.32107273944595,0.852629474105179
"Fe",6685,3.80693744899567,0.997800439912018
"Fe",6686,6.01653580569752,0.889222155568886
"Fe",6687,11.8245686175112,0.167966406718656
"Fe",6688,5.18168773568617,0.959208158368326
"Fe",6689,4.90057554762433,0.9750049990002
"Fe",6690,5.97875506804044,0.892221555688862
"Fe",6691,9.5233831899354,0.384523095380924
"Fe",6692,7.41924740225286,0.701459708058388
"Fe",6693,7.93012180506801,0.613477304539092
"Fe",6694,6.34236906989923,0.8500299940012
"Fe",6695,6.60511324300673,0.819636072785443
"Fe",6696,8.58562916764143,0.51749650069986
"Fe",6697,6.90147276466445,0.781643671265747
"Fe",6698,7.46452304154064,0.693861227754449
"Fe",6699,9.16532792243321,0.431913617276545
"Fe",6700,11.5126222990152,0.190961807638472
"Fe",6701,5.26526640083031,0.951609678064387
"Fe",6702,8.47552347157279,0.535292941411718
"Fe",6703,8.75479783038034,0.49370125974805
"Fe",6704,7.71281881650768,0.650469906018796
"Fe",6705,7.79562297267785,0.639272145570886
"Fe",6706,13.7960457950781,0.0729854029194161
"Fe",6707,8.40020719603802,0.547290541891622
"Fe",6708,13.6726188013643,0.0765846830633873
"Fe",6709,10.2136063154472,0.306138772245551
"Fe",6710,12.1104787824122,0.149770045990802
"Fe",6711,14.7229140727477,0.0459908018396321
"Fe",6712,6.18744388183879,0.868226354729054
"Fe",6713,15.0548791850604,0.0387922415516897
"Fe",6714,8.45549759726293,0.538092381523695
"Fe",6715,8.49541279137455,0.532093581283743
"Fe",6716,16.1945598659061,0.0237952409518096
"Fe",6717,13.5881981373887,0.0795840831833633
"Fe",6718,5.32993993623923,0.946810637872425
"Fe",6719,8.18022528156305,0.576084783043391
"Fe",6720,7.90497885188813,0.619076184763047
"Fe",6721,7.1351934624048,0.743651269746051
"Fe",6722,7.01233400738059,0.763847230553889
"Fe",6723,13.7505780802069,0.0741851629674065
"Fe",6724,5.33789181757592,0.945610877824435
"Fe",6725,9.1043763048315,0.441511697660468
"Fe",6726,5.36091926073453,0.944411117776445
"Fe",6727,10.538884036732,0.273345330933813
"Fe",6728,7.34369002364951,0.711857628474305
"Fe",6729,6.13514303632041,0.874225154969006
"Fe",6730,11.210320644965,0.215556888622276
"Fe",6731,7.77144085576489,0.643471305738852
"Fe",6732,5.66960861498077,0.918416316736653
"Fe",6733,5.99706700353565,0.89122175564887
"Fe",6734,6.49848640451037,0.832233553289342
"Fe",6735,11.3965001348166,0.200759848030394
"Fe",6736,6.50828199706473,0.83123375324935
"Fe",6737,9.19185670327883,0.427714457108578
"Fe",6738,8.17638543444471,0.57628474305139
"Fe",6739,9.3940518516944,0.400919816036793
"Fe",6740,8.63986710180868,0.510497900419916
"Fe",6741,6.42819384589706,0.840831833633273
"Fe",6742,8.02006430538269,0.600279944011198
"Fe",6743,11.4334993787884,0.198360327934413
"Fe",6744,10.1920684235443,0.308338332333533
"Fe",6745,10.318058096103,0.29254149170166
"Fe",6746,5.64986463102639,0.919616076784643
"Fe",6747,9.51684663181629,0.384923015396921
"Fe",6748,6.79190865091019,0.798240351929614
"Fe",6749,6.89946606051659,0.782043591281744
"Fe",6750,4.66681881752683,0.983603279344131
"Fe",6751,11.9540495401788,0.15996800639872
"Fe",6752,10.4712232912526,0.278944211157768
"Fe",6753,16.9368961563364,0.0167966406718656
"Fe",6754,6.21649711049361,0.863427314537093
"Fe",6755,8.57026263123166,0.520895820835833
"Fe",6756,8.49614066268552,0.531893621275745
"Fe",6757,7.23696754072895,0.728854229154169
"Fe",6758,9.29501489011642,0.412917416516697
"Fe",6759,13.4653395581157,0.0861827634473105
"Fe",6760,10.1228929967136,0.315136972605479
"Fe",6761,5.57682617833805,0.929014197160568
"Fe",6762,7.38674813609157,0.70625874825035
"Fe",6763,8.92915432916959,0.467906418716257
"Fe",6764,12.3949302001029,0.130373925214957
"Fe",6765,6.77690303407246,0.8000399920016
"Fe",6766,7.76005789635965,0.645670865826835
"Fe",6767,11.4074971853707,0.200559888022396
"Fe",6768,9.64929283387926,0.370525894821036
"Fe",6769,17.3145297380334,0.0133973205358928
"Fe",6770,16.1871559152275,0.0237952409518096
"Fe",6771,8.40789471602034,0.545690861827634
"Fe",6772,5.6797573081067,0.918016396720656
"Fe",6773,8.84310081993394,0.479904019196161
"Fe",6774,9.605375572371,0.376124775044991
"Fe",6775,11.1622181284024,0.21875624875025
"Fe",6776,10.9290716171726,0.23875224955009
"Fe",6777,12.4720030553801,0.125974805038992
"Fe",6778,12.6514953228879,0.115576884623075
"Fe",6779,8.68161348552445,0.504699060187962
"Fe",6780,8.60870502667578,0.514297140571886
"Fe",6781,9.44875770307394,0.39372125574885
"Fe",6782,8.10825167744852,0.588082383523295
"Fe",6783,7.52012791343489,0.685262947410518
"Fe",6784,8.53091526273741,0.527094581083783
"Fe",6785,11.4968369668201,0.193561287742452
"Fe",6786,4.17245202048039,0.994001199760048
"Fe",6787,7.26905369574305,0.723455308938212
"Fe",6788,9.79721953674311,0.35252949410118
"Fe",6789,10.2789911573091,0.296940611877624
"Fe",6790,5.16893181230527,0.96000799840032
"Fe",6791,9.18480195157329,0.428914217156569
"Fe",6792,13.2880619083017,0.0903819236152769
"Fe",6793,10.3386120006597,0.290341931613677
"Fe",6794,9.50454429323131,0.386922615476905
"Fe",6795,7.07486610619316,0.754249150169966
"Fe",6796,7.5396376146785,0.68126374725055
"Fe",6797,12.3089490794303,0.137172565486903
"Fe",6798,6.25856031631031,0.859228154369126
"Fe",6799,10.7722660414022,0.252349530093981
"Fe",6800,4.47849396840019,0.988202359528094
"Fe",6801,7.49145281314475,0.691861627674465
"Fe",6802,13.2764529605449,0.0903819236152769
"Fe",6803,8.06170339465501,0.594081183763247
"Fe",6804,8.4440981821152,0.539692061587682
"Fe",6805,11.9257447419667,0.161367726454709
"Fe",6806,8.11104183411911,0.587682463507299
"Fe",6807,10.4610611570211,0.27994401119776
"Fe",6808,9.83925641673748,0.347130573885223
"Fe",6809,8.69906747172419,0.502099580083983
"Fe",6810,12.87102269519,0.106178764247151
"Fe",6811,10.8137597700574,0.248150369926015
"Fe",6812,9.7193705075961,0.362327534493101
"Fe",6813,10.6602967017651,0.262147570485903
"Fe",6814,10.5317249009682,0.274345130973805
"Fe",6815,14.4721060704776,0.0525894821035793
"Fe",6816,7.36130102566833,0.709058188362327
"Fe",6817,5.3649298538781,0.944011197760448
"Fe",6818,4.87213454062986,0.976404719056189
"Fe",6819,5.37395322080798,0.943011397720456
"Fe",6820,5.41969585413727,0.938412317536493
"Fe",6821,10.7306736084244,0.255548890221956
"Fe",6822,5.96205729056638,0.893821235752849
"Fe",6823,9.94809323691064,0.335332933413317
"Fe",6824,11.093334709164,0.224755048990202
"Fe",6825,7.68430356219915,0.654669066186763
"Fe",6826,8.52407530310731,0.528494301139772
"Fe",6827,12.0985520874475,0.150569886022795
"Fe",6828,4.9432962341773,0.971405718856229
"Fe",6829,7.79372349664419,0.639272145570886
"Fe",6830,10.7463085079347,0.254349130173965
"Fe",6831,6.54284784006913,0.82623475304939
"Fe",6832,9.29898476332107,0.412317536492701
"Fe",6833,6.40939280777761,0.842631473705259
"Fe",6834,8.59601407677985,0.51629674065187
"Fe",6835,9.90435802207465,0.340731853629274
"Fe",6836,6.98517194845488,0.76744651069786
"Fe",6837,10.3435578940306,0.290141971605679
"Fe",6838,7.25660070521528,0.725254949010198
"Fe",6839,13.3062586222583,0.0901819636072786
"Fe",6840,11.4413855947934,0.198160367926415
"Fe",6841,9.71310412049519,0.363327334533093
"Fe",6842,7.20162832730455,0.734653069386123
"Fe",6843,5.42567581008618,0.938212357528494
"Fe",6844,8.36708791918434,0.552689462107579
"Fe",6845,10.0184358867459,0.326534693061388
"Fe",6846,10.947593771072,0.236952609478104
"Fe",6847,18.0958967638782,0.00959808038392321
"Fe",6848,5.00956534104873,0.968006398720256
"Fe",6849,11.1837214222186,0.218356328734253
"Fe",6850,10.9087807761904,0.240351929614077
"Fe",6851,8.25619891945468,0.566886622675465
"Fe",6852,10.2176139999158,0.305538892221556
"Fe",6853,5.94733312456333,0.895820835832833
"Fe",6854,11.0000808550074,0.23255348930214
"Fe",6855,9.04436719990048,0.448110377924415
"Fe",6856,9.5074881545149,0.386322735452909
"Fe",6857,10.2595983963329,0.300139972005599
"Fe",6858,8.85388236298536,0.477904419116177
"Fe",6859,9.69914311489089,0.366126774645071
"Fe",6860,6.24474232014572,0.86122775444911
"Fe",6861,6.28249171230243,0.855828834233153
"Fe",6862,8.24496579792194,0.568286342731454
"Fe",6863,9.72055031009903,0.362327534493101
"Fe",6864,10.2734843788351,0.29754049190162
"Fe",6865,12.2597780105816,0.139772045590882
"Fe",6866,11.7176698173094,0.176964607078584
"Fe",6867,8.52174311168042,0.52869426114777
"Fe",6868,5.99270164480004,0.891621675664867
"Fe",6869,10.7529562813836,0.253949210157968
"Fe",6870,11.3621325062411,0.203359328134373
"Fe",6871,9.21714499557507,0.425914817036593
"Fe",6872,12.1684655005471,0.146570685862827
"Fe",6873,14.2018641664853,0.0581883623275345
"Fe",6874,5.65059675647495,0.919416116776645
"Fe",6875,8.5611302340059,0.523495300939812
"Fe",6876,9.88837670692632,0.342131573685263
"Fe",6877,8.78992398586664,0.488902219556089
"Fe",6878,14.5927935701235,0.0495900819836033
"Fe",6879,8.49121489494274,0.533093381323735
"Fe",6880,11.920162691769,0.161967606478704
"Fe",6881,10.9582840865946,0.235552889422116
"Fe",6882,10.1656680847368,0.311337732453509
"Fe",6883,6.11557384086308,0.876024795040992
"Fe",6884,11.7352622310196,0.175764847030594
"Fe",6885,7.43945884639876,0.697660467906419
"Fe",6886,9.6443932451034,0.370925814837033
"Fe",6887,3.82080763292745,0.997800439912018
"Fe",6888,5.90711896384298,0.899820035992801
"Fe",6889,8.31734733900868,0.558888222355529
"Fe",6890,7.22983212696238,0.729654069186163
"Fe",6891,12.3640379172843,0.132573485302939
"Fe",6892,12.807999681313,0.108378324335133
"Fe",6893,6.4553373848334,0.837032593481304
"Fe",6894,6.48482858720475,0.834033193361328
"Fe",6895,9.9577242795304,0.334533093381324
"Fe",6896,7.14289428326074,0.742851429714057
"Fe",6897,4.77182975235655,0.979604079184163
"Fe",6898,4.98277570839721,0.969606078784243
"Fe",6899,10.425776848056,0.283543291341732
"Fe",6900,8.76569897790006,0.493101379724055
"Fe",6901,7.83949603940742,0.632273545290942
"Fe",6902,17.5403543079158,0.0115976804639072
"Fe",6903,9.23247095629006,0.42251549690062
"Fe",6904,16.4693879066022,0.0201959608078384
"Fe",6905,9.89675945140769,0.340731853629274
"Fe",6906,7.65917763935124,0.658668266346731
"Fe",6907,13.18146966691,0.0925814837032593
"Fe",6908,5.05177325323459,0.966806638672266
"Fe",6909,7.93935544634101,0.612677464507099
"Fe",6910,14.0867839200987,0.0621875624875025
"Fe",6911,9.74695842017766,0.35872825434913
"Fe",6912,6.43531672574355,0.839632073585283
"Fe",6913,7.41415611497396,0.702859428114377
"Fe",6914,12.2910573528047,0.137572485502899
"Fe",6915,7.89580015045667,0.621075784843031
"Fe",6916,11.0113971560341,0.231553689262148
"Fe",6917,13.216587573015,0.0921815636872625
"Fe",6918,7.58926201500395,0.672065586882624
"Fe",6919,9.76784976425463,0.357328534293141
"Fe",6920,15.0367400799672,0.0395920815836833
"Fe",6921,6.49840889873988,0.832233553289342
"Fe",6922,16.2003019098732,0.0235952809438112
"Fe",6923,4.55591928407677,0.985802839432114
"Fe",6924,8.9487664236172,0.464307138572286
"Fe",6925,6.87108671427819,0.786842631473705
"Fe",6926,17.9805497502927,0.00959808038392321
"Fe",6927,6.49218504937784,0.833033393321336
"Fe",6928,7.34206075941029,0.712057588482303
"Fe",6929,10.4037882682318,0.284543091381724
"Fe",6930,6.41414243421426,0.842231553689262
"Fe",6931,15.2437316811086,0.0337932413517297
"Fe",6932,8.17151486911715,0.577084583083383
"Fe",6933,11.6482751881375,0.182563487302539
"Fe",6934,17.0331500077939,0.015996800639872
"Fe",6935,7.04831040207029,0.758048390321936
"Fe",6936,10.433109164084,0.282943411317736
"Fe",6937,6.84720651662772,0.789842031593681
"Fe",6938,12.0322673377804,0.156368726254749
"Fe",6939,6.73907553848582,0.804439112177564
"Fe",6940,14.7775878643347,0.0451909618076385
"Fe",6941,10.2976644198384,0.294741051789642
"Fe",6942,6.42193885289535,0.841631673665267
"Fe",6943,8.90091293078024,0.471105778844231
"Fe",6944,6.81673160680774,0.795840831833633
"Fe",6945,9.28667425723239,0.415116976604679
"Fe",6946,10.3377043938924,0.290341931613677
"Fe",6947,7.9239115498612,0.615276944611078
"Fe",6948,11.9112497023539,0.162767446510698
"Fe",6949,4.46730600666055,0.988202359528094
"Fe",6950,8.76966404260267,0.492101579684063
"Fe",6951,8.74807062397986,0.495100979804039
"Fe",6952,7.89101853036203,0.621875624875025
"Fe",6953,10.2337068393558,0.303939212157568
"Fe",6954,7.06023024224237,0.756848630273945
"Fe",6955,9.96904304960771,0.333533293341332
"Fe",6956,13.8147139383744,0.0723855228954209
"Fe",6957,6.01782000310797,0.888822235552889
"Fe",6958,9.06287538733005,0.446110777844431
"Fe",6959,5.35687193739122,0.94501099780044
"Fe",6960,7.17386833322198,0.7374525094981
"Fe",6961,7.86383349043913,0.626474705058988
"Fe",6962,5.17766549749994,0.959408118376325
"Fe",6963,5.28915272265161,0.950409918016397
"Fe",6964,10.1013193540739,0.316736652669466
"Fe",6965,8.60993294221726,0.514297140571886
"Fe",6966,5.28442445646286,0.950409918016397
"Fe",6967,10.9853012645109,0.233553289342132
"Fe",6968,12.7811599211982,0.109378124375125
"Fe",6969,12.839828773406,0.106978604279144
"Fe",6970,7.10516268245092,0.749850029994001
"Fe",6971,9.72253128020091,0.362327534493101
"Fe",6972,13.6396270322407,0.0777844431113777
"Fe",6973,11.8502015559793,0.165966806638672
"Fe",6974,12.3935872424608,0.130373925214957
"Fe",6975,7.82663167892559,0.635072985402919
"Fe",6976,7.34043888503354,0.712257548490302
"Fe",6977,8.87507805946186,0.475104979004199
"Fe",6978,13.062797897293,0.0967806438712258
"Fe",6979,10.5546321595053,0.272345530893821
"Fe",6980,5.57699155339765,0.929014197160568
"Fe",6981,9.13612050904459,0.436912617476505
"Fe",6982,8.38329585338889,0.548690261947611
"Fe",6983,10.2866886729616,0.296340731853629
"Fe",6984,11.8131048499878,0.168566286742651
"Fe",6985,8.40872953282098,0.545490901819636
"Fe",6986,5.92224517298786,0.898620275944811
"Fe",6987,13.547516157553,0.0817836432713457
"Fe",6988,17.7062749551079,0.0105978804239152
"Fe",6989,5.26736806622304,0.951609678064387
"Fe",6990,8.11987361041528,0.58628274345131
"Fe",6991,9.21051521413932,0.426114777044591
"Fe",6992,6.12248488436055,0.875224955008998
"Fe",6993,9.16287624097805,0.43251349730054
"Fe",6994,9.11454192472527,0.440111977604479
"Fe",6995,5.56653474136286,0.929414117176565
"Fe",6996,8.76923173950152,0.492101579684063
"Fe",6997,11.1478789206272,0.220555888822236
"Fe",6998,10.6259371455045,0.265946810637872
"Fe",6999,6.90293566281971,0.781443711257748
"Fe",7000,10.281946902312,0.296740651869626
"Fe",7001,7.01104041255905,0.763847230553889
"Fe",7002,7.27964004884186,0.721655668866227
"Fe",7003,9.12819507485955,0.438112377524495
"Fe",7004,6.47249436932449,0.835632873425315
"Fe",7005,6.80966601050122,0.796040791841632
"Fe",7006,7.71543684275343,0.650069986002799
"Fe",7007,10.3426812925956,0.290141971605679
"Fe",7008,6.79552385602463,0.797840431913617
"Fe",7009,6.73038012076049,0.80503899220156
"Fe",7010,12.1305831006714,0.148970205958808
"Fe",7011,9.28318261285952,0.415716856628674
"Fe",7012,10.1864073440694,0.309138172365527
"Fe",7013,7.36767950322147,0.708658268346331
"Fe",7014,5.22933547156006,0.956008798240352
"Fe",7015,5.5542413330264,0.930213957208558
"Fe",7016,26.3541331721945,0.000399920015996801
"Fe",7017,9.09421977472502,0.442311537692462
"Fe",7018,12.462191909738,0.126574685062987
"Fe",7019,8.58578593838834,0.51749650069986
"Fe",7020,10.0406019731224,0.323935212957409
"Fe",7021,5.52208147811086,0.931613677264547
"Fe",7022,7.7758057279602,0.643071385722855
"Fe",7023,10.0094091604851,0.327334533093381
"Fe",7024,9.25923036797499,0.420115976804639
"Fe",7025,7.47492809364829,0.693061387722456
"Fe",7026,12.0512917251922,0.155168966206759
"Fe",7027,11.2830884947942,0.209758048390322
"Fe",7028,3.43038518172679,0.999400119976005
"Fe",7029,6.90461068453934,0.781443711257748
"Fe",7030,10.0493140944306,0.323335332933413
"Fe",7031,7.96600784445116,0.609478104379124
"Fe",7032,8.70494900634431,0.50129974005199
"Fe",7033,8.56593684053536,0.521895620875825
"Fe",7034,12.3398138262473,0.134373125374925
"Fe",7035,9.99026475887109,0.329934013197361
"Fe",7036,7.40328109505373,0.704459108178364
"Fe",7037,13.8586786323796,0.0707858428314337
"Fe",7038,6.00630143201059,0.890221955608878
"Fe",7039,7.63625502212224,0.662067586482703
"Fe",7040,10.3789715729743,0.287142571485703
"Fe",7041,10.256216929255,0.300539892021596
"Fe",7042,7.01552884879307,0.763647270545891
"Fe",7043,11.0519799256632,0.227954409118176
"Fe",7044,11.9242326892608,0.161567686462707
"Fe",7045,8.75736363998408,0.493301339732054
"Fe",7046,8.47684539883898,0.535292941411718
"Fe",7047,5.2425169765701,0.954809038192362
"Fe",7048,7.16060838218132,0.740651869626075
"Fe",7049,4.21734050453739,0.993401319736053
"Fe",7050,7.27303745533914,0.722255548890222
"Fe",7051,13.6899714762195,0.0757848430313937
"Fe",7052,12.8400768918722,0.106978604279144
"Fe",7053,8.59005991763576,0.516896620675865
"Fe",7054,5.99849438999348,0.89122175564887
"Fe",7055,10.8949018883431,0.241951609678064
"Fe",7056,11.0391074695804,0.229554089182164
"Fe",7057,7.92734250832905,0.614077184563087
"Fe",7058,3.98564485129012,0.99620075984803
"Fe",7059,14.7511491361329,0.0455908818236353
"Fe",7060,7.4854178004619,0.692261547690462
"Fe",7061,4.72629263763389,0.981803639272146
"Fe",7062,13.8917478474091,0.0695860827834433
"Fe",7063,12.9545159013553,0.101579684063187
"Fe",7064,8.32236808051459,0.558288342331534
"Fe",7065,10.3225023366839,0.291741651669666
"Fe",7066,7.18860012405038,0.735852829434113
"Fe",7067,8.58776378416837,0.517096580683863
"Fe",7068,8.03346705517586,0.597880423915217
"Fe",7069,8.59535691527228,0.51629674065187
"Fe",7070,15.9062255175771,0.0265946810637872
"Fe",7071,5.13030369982019,0.962207558488302
"Fe",7072,6.83296512340283,0.792641471705659
"Fe",7073,16.4358870814385,0.0205958808238352
"Fe",7074,10.7074696821227,0.257148570285943
"Fe",7075,6.5309194117938,0.828634273145371
"Fe",7076,7.12634056169486,0.745650869826035
"Fe",7077,7.96371115222817,0.609478104379124
"Fe",7078,8.79103139299286,0.488902219556089
"Fe",7079,9.37718976382675,0.401519696060788
"Fe",7080,11.719137832783,0.176964607078584
"Fe",7081,6.42962288156488,0.840231953609278
"Fe",7082,10.2808352394542,0.296740651869626
"Fe",7083,8.58243673541011,0.518096380723855
"Fe",7084,7.34970166643311,0.711057788442311
"Fe",7085,9.65385618754883,0.370325934813037
"Fe",7086,12.0451470652313,0.155368926214757
"Fe",7087,4.98382348685531,0.969606078784243
"Fe",7088,6.97189031748763,0.769846030793841
"Fe",7089,7.30800060434731,0.716656668666267
"Fe",7090,7.93108221975839,0.613477304539092
"Fe",7091,7.74878731807459,0.646470705858828
"Fe",7092,11.0279947541868,0.230353929214157
"Fe",7093,10.299553912896,0.294741051789642
"Fe",7094,18.2388927835156,0.00919816036792642
"Fe",7095,7.33655526218683,0.7124575084983
"Fe",7096,9.11492554527538,0.440111977604479
"Fe",7097,5.68929508759882,0.917416516696661
"Fe",7098,11.2736270178872,0.210757848430314
"Fe",7099,9.8577093979726,0.345530893821236
"Fe",7100,11.95748174382,0.159768046390722
"Fe",7101,8.41366390717798,0.544891021795641
"Fe",7102,11.1930188022117,0.21755648870226
"Fe",7103,6.92398766888766,0.778444311137772
"Fe",7104,9.63353357949933,0.372925414917017
"Fe",7105,7.69850177668189,0.652069586082783
"Fe",7106,9.37873883731072,0.401519696060788
"Fe",7107,5.37385545253161,0.943011397720456
"Fe",7108,7.88768674382436,0.62247550489902
"Fe",7109,12.2674205060595,0.139372125574885
"Fe",7110,7.43671876625356,0.698060387922416
"Fe",7111,7.90067353733019,0.619476104779044
"Fe",7112,8.81666583668883,0.484903019396121
"Fe",7113,8.49676879360533,0.531893621275745
"Fe",7114,8.30323975782716,0.560487902419516
"Fe",7115,7.24769554897432,0.725654869026195
"Fe",7116,7.1724591266217,0.737852429514097
"Fe",7117,8.72522851078509,0.49870025994801
"Fe",7118,6.98328442911495,0.76744651069786
"Fe",7119,6.00550188393177,0.890421915616877
"Fe",7120,13.6526119662129,0.0775844831033793
"Fe",7121,17.1830328012933,0.0147970405918816
"Fe",7122,7.19493117905873,0.735252949410118
"Fe",7123,8.57348925695578,0.520095980803839
"Fe",7124,7.31139686406111,0.716056788642272
"Fe",7125,11.6904613179093,0.178964207158568
"Fe",7126,7.605874184963,0.66746650669866
"Fe",7127,9.91297745920255,0.339332133573285
"Fe",7128,6.1636458799403,0.871425714857029
"Fe",7129,8.86060705404628,0.477304539092182
"Fe",7130,10.1497643640582,0.312937412517497
"Fe",7131,8.96149676543553,0.461707658468306
"Fe",7132,7.17699327108016,0.737052589482104
"Fe",7133,7.58995409926416,0.671865626874625
"Fe",7134,11.6629634311402,0.180963807238552
"Fe",7135,11.1235888629884,0.222955408918216
"Fe",7136,13.8015114828838,0.0727854429114177
"Fe",7137,7.64077496796969,0.661467706458708
"Fe",7138,9.98413622691618,0.330733853229354
"Fe",7139,10.1142162118378,0.315336932613477
"Fe",7140,15.443066821867,0.0319936012797441
"Fe",7141,7.21129416309446,0.732853429314137
"Fe",7142,6.08755166525521,0.879824035192961
"Fe",7143,10.5613570601231,0.272145570885823
"Fe",7144,7.77588494343746,0.642871425714857
"Fe",7145,8.6480922849662,0.510097980403919
"Fe",7146,14.4674227959102,0.0527894421115777
"Fe",7147,8.31116997081051,0.559688062387522
"Fe",7148,6.82206573708126,0.794841031793641
"Fe",7149,11.8354344496503,0.166766646670666
"Fe",7150,23.6392849148131,0.000799840031993601
"Fe",7151,3.94246170437768,0.996800639872026
"Fe",7152,9.63763999303609,0.37252549490102
"Fe",7153,9.95642569627873,0.334533093381324
"Fe",7154,12.3534437347731,0.133573285342931
"Fe",7155,10.8891098351554,0.242151569686063
"Fe",7156,8.43434738280908,0.540891821635673
"Fe",7157,9.45247515115176,0.393321335732853
"Fe",7158,16.3318849746327,0.021995600879824
"Fe",7159,8.3804883027498,0.550089982003599
"Fe",7160,9.75381629401701,0.358528294341132
"Fe",7161,11.8136524548597,0.168566286742651
"Fe",7162,8.08491074728187,0.590681863627275
"Fe",7163,8.21829366570748,0.571485702859428
"Fe",7164,14.4683508308038,0.0527894421115777
"Fe",7165,7.83547953626424,0.633273345330934
"Fe",7166,12.7724886637788,0.109778044391122
"Fe",7167,10.1538657388565,0.3125374925015
"Fe",7168,7.95124662402955,0.610677864427115
"Fe",7169,11.068093535724,0.226154769046191
"Fe",7170,8.12335508056321,0.585882823435313
"Fe",7171,10.7320484925944,0.255548890221956
"Fe",7172,13.3619009732512,0.0889822035592881
"Fe",7173,10.5063781233843,0.277144571085783
"Fe",7174,7.54372591948103,0.680463907218556
"Fe",7175,12.6856111849071,0.11377724455109
"Fe",7176,11.9799527559156,0.158568286342731
"Fe",7177,11.9722155409774,0.15876824635073
"Fe",7178,11.1142724017803,0.223555288942212
"Fe",7179,9.86689288485181,0.344931013797241
"Fe",7180,10.8400023671334,0.246150769846031
"Fe",7181,11.0448645250384,0.228554289142172
"Fe",7182,6.54246181136031,0.826434713057388
"Fe",7183,9.79613214519168,0.352729454109178
"Fe",7184,9.81835519378691,0.348530293941212
"Fe",7185,7.60220099874127,0.668866226754649
"Fe",7186,5.92312961827062,0.898620275944811
"Fe",7187,6.51077908911111,0.831033793241352
"Fe",7188,7.92265785602325,0.615276944611078
"Fe",7189,9.3528708336749,0.405118976204759
"Fe",7190,8.26083537821182,0.56628674265147
"Fe",7191,4.34666305474894,0.991601679664067
"Fe",7192,7.59040472290832,0.671865626874625
"Fe",7193,11.8889578783131,0.16376724655069
"Fe",7194,10.8780607958845,0.243151369726055
"Fe",7195,12.357854930816,0.132973405318936
"Fe",7196,12.0812859251837,0.152969406118776
"Fe",7197,6.22134237556816,0.863227354529094
"Fe",7198,6.88811267908164,0.784643071385723
"Fe",7199,13.5843009730216,0.0795840831833633
"Fe",7200,5.25258322821756,0.953209358128374
"Fe",7201,6.98093476137231,0.767646470705859
"Fe",7202,6.05142072554096,0.884623075384923
"Fe",7203,10.7898199056236,0.249950009998
"Fe",7204,8.20508098182208,0.572685462907419
"Fe",7205,6.46877490440016,0.835832833433313
"Fe",7206,5.7126555102376,0.915816836632673
"Fe",7207,10.7840176118018,0.250349930013997
"Fe",7208,9.51434542177631,0.385322935412917
"Fe",7209,13.3358417474037,0.0893821235752849
"Fe",7210,7.78813736588452,0.639672065586883
"Fe",7211,11.7010615251607,0.178364327134573
"Fe",7212,7.98914258893493,0.607078584283143
"Fe",7213,9.94803682904416,0.335332933413317
"Fe",7214,5.4291726778406,0.938012397520496
"Fe",7215,6.78056794934639,0.799640071985603
"Fe",7216,10.0662800095898,0.321135772845431
"Fe",7217,5.29853380142362,0.949210157968406
"Fe",7218,13.8253875586595,0.0719856028794241
"Fe",7219,11.2508575135376,0.211757648470306
"Fe",7220,7.48344593791731,0.69246150769846
"Fe",7221,4.56060552455384,0.985802839432114
"Fe",7222,5.79249321398035,0.909018196360728
"Fe",7223,13.5889813651644,0.0795840831833633
"Fe",7224,9.08098492038152,0.44371125774845
"Fe",7225,12.1668145515276,0.146770645870826
"Fe",7226,11.7265148232829,0.176364727054589
"Fe",7227,24.4912415473329,0.000599880023995201
"Fe",7228,4.72513542171598,0.981803639272146
"Fe",7229,8.1633973706958,0.578084383123375
"Fe",7230,9.58419569912596,0.378924215156969
"Fe",7231,9.05422851557873,0.447310537892422
"Fe",7232,6.17791507836407,0.87002599480104
"Fe",7233,6.65163510977976,0.814237152569486
"Fe",7234,9.71754597720638,0.3625274945011
"Fe",7235,9.18517752661245,0.428914217156569
"Fe",7236,11.6353475772666,0.182963407318536
"Fe",7237,12.607394664394,0.117976404719056
"Fe",7238,9.01469528617983,0.453509298140372
"Fe",7239,8.7360148381876,0.497300539892022
"Fe",7240,10.0386691252057,0.324335132973405
"Fe",7241,7.93074840320855,0.613477304539092
"Fe",7242,16.8513652258441,0.016996600679864
"Fe",7243,8.5319477705745,0.527094581083783
"Fe",7244,7.75119222274631,0.646470705858828
"Fe",7245,8.68261803064092,0.504699060187962
"Fe",7246,14.4676527392051,0.0527894421115777
"Fe",7247,7.01257016945635,0.763847230553889
"Fe",7248,7.61506867170814,0.665666866626675
"Fe",7249,9.8600804177523,0.345330933813237
"Fe",7250,10.353595243723,0.289342131573685
"Fe",7251,10.1619747012202,0.311337732453509
"Fe",7252,15.3809463506824,0.0325934813037392
"Fe",7253,7.49546347014845,0.691061787642472
"Fe",7254,6.99911132664027,0.765846830633873
"Fe",7255,8.84549517147749,0.479304139172166
"Fe",7256,8.20209510027047,0.573285342931414
"Fe",7257,6.81733280167452,0.795840831833633
"Fe",7258,7.73290319164747,0.648270345930814
"Fe",7259,10.7106767427018,0.256948610277944
"Fe",7260,6.61571906257251,0.818036392721456
"Fe",7261,8.16900255301229,0.577084583083383
"Fe",7262,5.15305641287627,0.961607678464307
"Fe",7263,8.23447072558875,0.569086182763447
"Fe",7264,12.6827084356735,0.113977204559088
"Fe",7265,10.7262463326938,0.255948810237952
"Fe",7266,9.86795648824005,0.344931013797241
"Fe",7267,7.32424075819333,0.714057188562288
"Fe",7268,12.5356039574362,0.122775444911018
"Fe",7269,11.9422182824199,0.160167966406719
"Fe",7270,12.1189308878679,0.149570085982803
"Fe",7271,11.8036569319472,0.169166166766647
"Fe",7272,16.6718093775579,0.0185962807438512
"Fe",7273,4.68218655011559,0.983003399320136
"Fe",7274,8.83199797809272,0.481703659268146
"Fe",7275,13.5635222590333,0.0805838832233553
"Fe",7276,8.28283232918153,0.563287342531494
"Fe",7277,14.5100671127366,0.0517896420715857
"Fe",7278,10.9660373570511,0.235352929414117
"Fe",7279,5.67507704149185,0.918416316736653
"Fe",7280,9.9248219697202,0.338332333533293
"Fe",7281,10.6620365694531,0.261947610477904
"Fe",7282,9.18238196851641,0.429514097180564
"Fe",7283,10.2880858058533,0.296340731853629
"Fe",7284,8.92565110374062,0.46870625874825
"Fe",7285,7.18976662606966,0.735452909418116
"Fe",7286,11.4784800079447,0.194761047790442
"Fe",7287,5.03330814794231,0.967206558688262
"Fe",7288,4.41480737570166,0.989602079584083
"Fe",7289,6.36647681698091,0.847030593881224
"Fe",7290,7.84398977919341,0.63127374525095
"Fe",7291,6.56508861364699,0.824035192961408
"Fe",7292,10.3890287625336,0.285542891421716
"Fe",7293,6.27540493459506,0.856428714257149
"Fe",7294,8.01338485830985,0.601479704059188
"Fe",7295,9.79251372381511,0.35372925414917
"Fe",7296,6.84127367772788,0.791041791641672
"Fe",7297,6.02257564651657,0.888222355528894
"Fe",7298,11.7102704304147,0.177764447110578
"Fe",7299,7.966954341416,0.609078184363127
"Fe",7300,10.1031858983414,0.316136772645471
"Fe",7301,13.1906777763793,0.092381523695261
"Fe",7302,5.94927905227584,0.895620875824835
"Fe",7303,8.30981107584631,0.559688062387522
"Fe",7304,8.25565334716619,0.566886622675465
"Fe",7305,10.8292220438811,0.246950609878024
"Fe",7306,10.4381127185491,0.282743451309738
"Fe",7307,6.13020024180381,0.874625074985003
"Fe",7308,10.375497463285,0.287742451509698
"Fe",7309,6.95566183509072,0.772845430913817
"Fe",7310,7.5928873452024,0.67126574685063
"Fe",7311,9.52860249620889,0.383923215356929
"Fe",7312,8.94266612825149,0.465306938612278
"Fe",7313,8.24485265824077,0.568286342731454
"Fe",7314,5.12540786220644,0.962207558488302
"Fe",7315,11.6057951917062,0.184763047390522
"Fe",7316,15.173620089757,0.0357928414317137
"Fe",7317,11.628683481541,0.183563287342531
"Fe",7318,8.72589206305227,0.49870025994801
"Fe",7319,11.4953332669155,0.19376124775045
"Fe",7320,6.86588801838809,0.787442511497701
"Fe",7321,10.421110713757,0.283943211357728
"Fe",7322,14.4894223645679,0.0521895620875825
"Fe",7323,11.8422625797178,0.166766646670666
"Fe",7324,8.51413609429983,0.530093981203759
"Fe",7325,10.6709788428936,0.260547890421916
"Fe",7326,7.56553593363968,0.676864627074585
"Fe",7327,6.68209041514288,0.811837632473505
"Fe",7328,15.4847135685243,0.0311937612477504
"Fe",7329,11.274421843826,0.210557888422316
"Fe",7330,10.8841522369718,0.24255148970206
"Fe",7331,16.2784309690505,0.0225954809038192
"Fe",7332,8.88161280986171,0.474105178964207
"Fe",7333,8.38653774599132,0.547890421915617
"Fe",7334,7.51788025818482,0.686062787442511
"Fe",7335,8.77778272337756,0.490701859628074
"Fe",7336,7.93004077900505,0.613477304539092
"Fe",7337,6.37217139755147,0.845830833833233
"Fe",7338,7.21427422331877,0.73245350929814
"Fe",7339,7.97720915320795,0.608478304339132
"Fe",7340,9.93507344395357,0.336932613477305
"Fe",7341,11.9328699472435,0.161167766446711
"Fe",7342,8.31213225114513,0.559488102379524
"Fe",7343,9.03424750569397,0.449910017996401
"Fe",7344,11.9344640861504,0.160967806438712
"Fe",7345,6.05753024441512,0.883423315336933
"Fe",7346,10.2760780070692,0.297140571885623
"Fe",7347,8.43643262192015,0.540691861627674
"Fe",7348,6.63104829211855,0.816436712657469
"Fe",7349,7.34181948797033,0.712057588482303
"Fe",7350,4.63080712056595,0.984403119376125
"Fe",7351,7.95493304157424,0.609878024395121
"Fe",7352,9.42166189759826,0.398120375924815
"Fe",7353,8.66917829553482,0.505898820235953
"Fe",7354,6.86713978818301,0.787242551489702
"Fe",7355,5.80544212554932,0.908218356328734
"Fe",7356,13.4488323043398,0.0863827234553089
"Fe",7357,10.2357158939343,0.303939212157568
"Fe",7358,7.14647726478321,0.74245150969806
"Fe",7359,8.88498902116245,0.473305338932214
"Fe",7360,10.8808067746113,0.242951409718056
"Fe",7361,9.75368903105343,0.358528294341132
"Fe",7362,6.29281695564595,0.854629074185163
"Fe",7363,9.56239862742112,0.381523695260948
"Fe",7364,5.9006993911055,0.900619876024795
"Fe",7365,6.13466855200531,0.874225154969006
"Fe",7366,8.18705189718136,0.575084983003399
"Fe",7367,5.90045891279659,0.900619876024795
"Fe",7368,13.5989581444593,0.0789842031593681
"Fe",7369,10.5394685228919,0.272945410917816
"Fe",7370,6.0874320315024,0.879824035192961
"Fe",7371,15.5747980775301,0.02999400119976
"Fe",7372,13.4361809471906,0.0869826034793041
"Fe",7373,13.621989508153,0.0781843631273745
"Fe",7374,7.13468334194454,0.743651269746051
"Fe",7375,9.56041933867584,0.381523695260948
"Fe",7376,9.76484756660761,0.35752849430114
"Fe",7377,10.6621082918828,0.261947610477904
"Fe",7378,7.94146137489636,0.612277544491102
"Fe",7379,9.88163872755007,0.342731453709258
"Fe",7380,7.27232316502091,0.72245550889822
"Fe",7381,7.76222619779567,0.645270945810838
"Fe",7382,8.87591214874408,0.475104979004199
"Fe",7383,8.35074584544833,0.554489102179564
"Fe",7384,5.85389035900261,0.904219156168766
"Fe",7385,17.3141082260144,0.0133973205358928
"Fe",7386,7.35783499749976,0.709258148370326
"Fe",7387,10.0330160427463,0.324735052989402
"Fe",7388,8.55838879815551,0.524095180963807
"Fe",7389,13.3942136140569,0.0877824435112977
"Fe",7390,13.013818499306,0.0987802439512098
"Fe",7391,17.8810195224999,0.00959808038392321
"Fe",7392,11.2461354304924,0.212157568486303
"Fe",7393,7.26911274696246,0.723455308938212
"Fe",7394,7.4625569965817,0.694261147770446
"Fe",7395,14.9370435812625,0.0411917616476705
"Fe",7396,8.22246630111181,0.57128574285143
"Fe",7397,8.51478746158566,0.530093981203759
"Fe",7398,9.01055947827982,0.45370925814837
"Fe",7399,6.79524123154471,0.797840431913617
"Fe",7400,8.15746421171914,0.579284143171366
"Fe",7401,7.37700552326834,0.70745850829834
"Fe",7402,6.92106886578676,0.778844231153769
"Fe",7403,9.0974184730531,0.441911617676465
"Fe",7404,10.9297979806528,0.23875224955009
"Fe",7405,7.29204157512913,0.719256148770246
"Fe",7406,8.85728902288423,0.477704459108178
"Fe",7407,5.33346429153156,0.946010797840432
"Fe",7408,8.91101112174684,0.470105978804239
"Fe",7409,7.09491158593789,0.75124975004999
"Fe",7410,7.08383207732035,0.753249350129974
"Fe",7411,7.28841012563461,0.720255948810238
"Fe",7412,6.83758936890845,0.791441711657668
"Fe",7413,9.92723467300704,0.338332333533293
"Fe",7414,15.7374055043419,0.0273945210957808
"Fe",7415,11.6596965117204,0.181163767246551
"Fe",7416,6.12118094850194,0.875424915016997
"Fe",7417,4.84262131508436,0.977204559088182
"Fe",7418,12.384621150683,0.131373725254949
"Fe",7419,6.80501946962173,0.796640671865627
"Fe",7420,12.9834367714647,0.0999800039992002
"Fe",7421,9.51711359035033,0.384923015396921
"Fe",7422,16.4256992450803,0.0207958408318336
"Fe",7423,10.4896316049779,0.277944411117776
"Fe",7424,8.53798113285492,0.525894821035793
"Fe",7425,4.99814768355344,0.96880623875225
"Fe",7426,11.6875238824471,0.179164167166567
"Fe",7427,8.26097253167529,0.56628674265147
"Fe",7428,10.5994562899508,0.268546290741852
"Fe",7429,9.7112310331448,0.36372725454909
"Fe",7430,6.10192496118827,0.877824435112977
"Fe",7431,10.906797046579,0.240551889622076
"Fe",7432,7.05817188276245,0.757248550289942
"Fe",7433,7.3549223416924,0.710457908418316
"Fe",7434,6.7844461411828,0.799040191961608
"Fe",7435,6.81447698345082,0.795840831833633
"Fe",7436,8.40134970426001,0.547090581883623
"Fe",7437,10.4812191702602,0.278344331133773
"Fe",7438,12.7134500765589,0.112577484503099
"Fe",7439,6.05959393927904,0.883023395320936
"Fe",7440,7.12036006757739,0.74625074985003
"Fe",7441,5.76472476976554,0.911617676464707
"Fe",7442,12.1411463443573,0.148570285942811
"Fe",7443,10.0542585034975,0.323135372925415
"Fe",7444,10.2765578071582,0.297140571885623
"Fe",7445,6.82541963043801,0.793441311737652
"Fe",7446,7.30376644420417,0.71745650869826
"Fe",7447,10.3717821311474,0.287942411517696
"Fe",7448,10.4275794901994,0.283543291341732
"Fe",7449,10.7851209013025,0.250349930013997
"Fe",7450,7.86393782210982,0.62627474505099
"Fe",7451,11.9073087465807,0.162767446510698
"Fe",7452,8.61449135220033,0.513497300539892
"Fe",7453,8.64275599647547,0.510297940411918
"Fe",7454,9.97073114699086,0.332733453309338
"Fe",7455,8.13019046245063,0.585682863427315
"Fe",7456,3.8637238313988,0.997800439912018
"Fe",7457,7.28417528731156,0.720255948810238
"Fe",7458,7.50092175886169,0.690261947610478
"Fe",7459,12.8553222027413,0.106578684263147
"Fe",7460,10.3206626356987,0.291941611677664
"Fe",7461,6.30717089966721,0.853429314137173
"Fe",7462,12.7496620508824,0.110577884423115
"Fe",7463,11.3279387621932,0.206558688262348
"Fe",7464,9.52586995740788,0.384123175364927
"Fe",7465,8.94576441081981,0.464907018596281
"Fe",7466,7.43220332704573,0.698860227954409
"Fe",7467,4.59997004433518,0.984803039392122
"Fe",7468,6.03338570768889,0.887222555488902
"Fe",7469,9.28538553856069,0.415516896620676
"Fe",7470,10.4008339147319,0.284743051389722
"Fe",7471,5.81852230444832,0.906418716256749
"Fe",7472,7.5329377235546,0.68246350729854
"Fe",7473,10.767274140844,0.253149370125975
"Fe",7474,7.9350674154586,0.613277344531094
"Fe",7475,8.32896138615664,0.557288542291542
"Fe",7476,5.85391361284252,0.904219156168766
"Fe",7477,13.1673603357151,0.0931813637272546
"Fe",7478,6.3434438284069,0.8500299940012
"Fe",7479,6.62612419888481,0.816836632673465
"Fe",7480,7.74720438840865,0.646670665866827
"Fe",7481,10.9676361659277,0.235352929414117
"Fe",7482,9.56381075639229,0.381523695260948
"Fe",7483,9.39464773413988,0.400919816036793
"Fe",7484,7.98259393466947,0.607878424315137
"Fe",7485,11.1351748812706,0.221355728854229
"Fe",7486,5.21383426519358,0.956608678264347
"Fe",7487,11.5799869335517,0.186562687462508
"Fe",7488,12.3973109885442,0.12997400519896
"Fe",7489,4.94830422688959,0.97120575884823
"Fe",7490,14.7953926947974,0.0451909618076385
"Fe",7491,5.68676863894147,0.917616476704659
"Fe",7492,16.105444912948,0.023995200959808
"Fe",7493,8.17259021606594,0.576884623075385
"Fe",7494,7.2231228581187,0.730853829234153
"Fe",7495,8.20586809531065,0.57248550289942
"Fe",7496,12.5017438883746,0.124175164967007
"Fe",7497,11.1571757986315,0.219556088782244
"Fe",7498,9.56271083547028,0.381523695260948
"Fe",7499,10.6505514801244,0.262747450509898
"Fe",7500,4.42605215901065,0.989202159568086
"Fe",7501,14.4494267159047,0.0531893621275745
"Fe",7502,10.7841423497132,0.250349930013997
"Fe",7503,8.1067900316697,0.588282343531294
"Fe",7504,5.93047319459694,0.897820435912817
"Fe",7505,8.97618188109462,0.458908218356329
"Fe",7506,6.83780345761011,0.791441711657668
"Fe",7507,12.0928426699829,0.151969606078784
"Fe",7508,6.07158797061818,0.881423715256949
"Fe",7509,13.1466560065467,0.0933813237352529
"Fe",7510,6.16207727971076,0.871425714857029
"Fe",7511,7.87820248245035,0.624075184963007
"Fe",7512,11.255848095731,0.211357728454309
"Fe",7513,6.03415190230979,0.887222555488902
"Fe",7514,5.16587036069848,0.960807838432314
"Fe",7515,11.7508648102806,0.174165166966607
"Fe",7516,6.90243022968744,0.781643671265747
"Fe",7517,15.59284526125,0.0293941211757648
"Fe",7518,7.44811874565738,0.69626074785043
"Fe",7519,8.37569002856577,0.550889822035593
"Fe",7520,13.9210559059238,0.0675864827034593
"Fe",7521,6.34000924195863,0.850229954009198
"Fe",7522,9.62769095067947,0.373525294941012
"Fe",7523,10.3028727801307,0.294141171765647
"Fe",7524,13.1316087308534,0.0945810837832434
"Fe",7525,10.205431866248,0.307138572285543
"Fe",7526,11.8455110071137,0.166366726654669
"Fe",7527,6.50690484473662,0.831433713257348
"Fe",7528,7.44387770814984,0.69746050789842
"Fe",7529,5.36793035069675,0.943811237752449
"Fe",7530,8.69951295145916,0.502099580083983
"Fe",7531,14.1676291265955,0.0597880423915217
"Fe",7532,6.25263681233986,0.860427914417117
"Fe",7533,4.44302503593968,0.98880223955209
"Fe",7534,14.0088069259756,0.0655868826234753
"Fe",7535,9.39175342209128,0.400919816036793
"Fe",7536,9.53258903588338,0.383523295340932
"Fe",7537,12.6925365553813,0.113577284543091
"Fe",7538,8.36828835978386,0.55248950209958
"Fe",7539,10.1932466624065,0.308338332333533
"Fe",7540,5.96797859395693,0.893221355728854
"Fe",7541,7.3815482394825,0.707058588282344
"Fe",7542,11.6048796115103,0.184763047390522
"Fe",7543,15.1078266191566,0.0369926014797041
"Fe",7544,12.4915540418289,0.124975004999
"Fe",7545,9.4459389251694,0.394121175764847
"Fe",7546,5.356765019151,0.94501099780044
"Fe",7547,10.3054848239559,0.29374125174965
"Fe",7548,4.31348500742661,0.991601679664067
"Fe",7549,16.0587528714306,0.0243951209758048
"Fe",7550,9.52518301634424,0.384123175364927
"Fe",7551,9.70142418628177,0.365926814637073
"Fe",7552,12.5369102829942,0.122375524895021
"Fe",7553,10.1148815572529,0.315336932613477
"Fe",7554,8.5571317533697,0.524295140971806
"Fe",7555,7.5640813144602,0.676864627074585
"Fe",7556,11.1454911755878,0.220555888822236
"Fe",7557,6.5752268626359,0.822835432913417
"Fe",7558,9.57277373526395,0.380523895220956
"Fe",7559,8.60321660366648,0.515696860627874
"Fe",7560,9.80300834945689,0.351729654069186
"Fe",7561,10.7919001958696,0.249750049990002
"Fe",7562,8.79461229078422,0.488102379524095
"Fe",7563,8.61621962775405,0.513497300539892
"Fe",7564,11.9679454068354,0.159168166366727
"Fe",7565,11.1910988380484,0.21755648870226
"Fe",7566,9.47738850064709,0.390321935612877
"Fe",7567,6.75637785435214,0.802239552089582
"Fe",7568,7.70301406336068,0.65126974605079
"Fe",7569,10.7481563767736,0.254149170165967
"Fe",7570,6.11900841116898,0.876024795040992
"Fe",7571,7.9661309827238,0.609278144371126
"Fe",7572,8.21122929724996,0.571885622875425
"Fe",7573,6.87221364583598,0.786642671465707
"Fe",7574,5.2265747304163,0.956008798240352
"Fe",7575,8.80827251086828,0.485702859428114
"Fe",7576,6.7870518271958,0.798840231953609
"Fe",7577,7.62425620932851,0.663467306538692
"Fe",7578,5.19971483314515,0.957208558288342
"Fe",7579,9.89076681097512,0.341731653669266
"Fe",7580,9.18509494814938,0.428914217156569
"Fe",7581,9.34795219250967,0.405918816236753
"Fe",7582,13.7553887108173,0.0741851629674065
"Fe",7583,11.1834653277561,0.218356328734253
"Fe",7584,11.8017150180655,0.169366126774645
"Fe",7585,8.81213426088436,0.485302939412118
"Fe",7586,10.3567050022646,0.289142171565687
"Fe",7587,6.37815104482891,0.845430913817237
"Fe",7588,7.2227057966638,0.730853829234153
"Fe",7589,10.5385137776464,0.273345330933813
"Fe",7590,6.614916718036,0.818636272745451
"Fe",7591,4.65277780581957,0.98380323935213
"Fe",7592,6.27659967774375,0.856428714257149
"Fe",7593,7.88595762268977,0.622675464907019
"Fe",7594,9.95964821796164,0.334333133373325
"Fe",7595,8.44199148455522,0.539892021595681
"Fe",7596,7.06990308367401,0.755448910217956
"Fe",7597,7.54954602097814,0.679664067186563
"Fe",7598,7.37222434708607,0.707858428314337
"Fe",7599,8.22392308338132,0.571085782843431
"Fe",7600,8.14600555857996,0.581683663267347
"Fe",7601,7.19489410953477,0.735252949410118
"Fe",7602,7.9018465335398,0.619476104779044
"Fe",7603,5.99854277064736,0.89122175564887
"Fe",7604,6.09188629207087,0.879624075184963
"Fe",7605,10.6390163825892,0.264347130573885
"Fe",7606,5.84012888303732,0.90501899620076
"Fe",7607,8.76070571651002,0.493101379724055
"Fe",7608,13.1318173090517,0.0945810837832434
"Fe",7609,4.4211958236755,0.989402119576085
"Fe",7610,8.37234721262041,0.55128974205159
"Fe",7611,8.26046544505093,0.56628674265147
"Fe",7612,8.38003054972498,0.550289942011598
"Fe",7613,8.62168513821075,0.5124975004999
"Fe",7614,13.5444658025253,0.0819836032793441
"Fe",7615,12.5255906288987,0.122775444911018
"Fe",7616,14.870962339733,0.0427914417116577
"Fe",7617,10.0516772472203,0.323135372925415
"Fe",7618,13.1979758394178,0.092381523695261
"Fe",7619,15.0791255338202,0.0379924015196961
"Fe",7620,8.33506576562993,0.556888622275545
"Fe",7621,9.08160443292024,0.44371125774845
"Fe",7622,5.4302330929568,0.938012397520496
"Fe",7623,7.54238514321497,0.680663867226555
"Fe",7624,6.09854071542168,0.878624275144971
"Fe",7625,16.5415699864139,0.0195960807838432
"Fe",7626,12.974994045581,0.100179964007199
"Fe",7627,10.7586488289296,0.253549290141972
"Fe",7628,7.31712331945334,0.715256948610278
"Fe",7629,10.3603955311639,0.289142171565687
"Fe",7630,8.34540156962495,0.555288942211558
"Fe",7631,9.65253338248229,0.370325934813037
"Fe",7632,10.2781421746921,0.296940611877624
"Fe",7633,8.03078229947434,0.598680263947211
"Fe",7634,9.33602379904067,0.407718456308738
"Fe",7635,8.899104726724,0.471505698860228
"Fe",7636,8.06466875091161,0.593481303739252
"Fe",7637,11.4068993076885,0.200559888022396
"Fe",7638,11.87721286111,0.164367126574685
"Fe",7639,11.7756808581332,0.171765646870626
"Fe",7640,9.35610063055856,0.404519096180764
"Fe",7641,6.26372847870675,0.858028394321136
"Fe",7642,12.5088137924613,0.123975204959008
"Fe",7643,9.63339751822483,0.372925414917017
"Fe",7644,11.1618546754593,0.21875624875025
"Fe",7645,8.41003906211822,0.545490901819636
"Fe",7646,11.0211272777028,0.230953809238152
"Fe",7647,9.51616043197895,0.385122975404919
"Fe",7648,4.45181903188433,0.988602279544091
"Fe",7649,7.03316999671469,0.760247950409918
"Fe",7650,9.21056219669401,0.426114777044591
"Fe",7651,9.11381495577061,0.440311937612477
"Fe",7652,4.94656492164208,0.97120575884823
"Fe",7653,7.35187454725965,0.710857828434313
"Fe",7654,7.42118592711603,0.700859828034393
"Fe",7655,6.1904927769192,0.867826434713057
"Fe",7656,9.22117933571749,0.425514897020596
"Fe",7657,9.64616248610761,0.370925814837033
"Fe",7658,8.83911135421275,0.480303939212158
"Fe",7659,10.9693048976779,0.23495300939812
"Fe",7660,8.57863772836208,0.51869626074785
"Fe",7661,8.20699992264051,0.572285542891422
"Fe",7662,7.2549575139266,0.725254949010198
"Fe",7663,7.99948730252186,0.605278944211158
"Fe",7664,10.2546735325118,0.300539892021596
"Fe",7665,15.7632201233816,0.0273945210957808
"Fe",7666,5.82109619111861,0.906018796240752
"Fe",7667,9.22374114188771,0.424915016996601
"Fe",7668,8.79121889502909,0.488902219556089
"Fe",7669,15.0766887764581,0.0379924015196961
"Fe",7670,10.6975545469394,0.257948410317936
"Fe",7671,10.6096452581148,0.267946410717856
"Fe",7672,14.4566774553041,0.0531893621275745
"Fe",7673,5.15958096730168,0.961007798440312
"Fe",7674,12.418763234368,0.128974205158968
"Fe",7675,16.2688917848815,0.0227954409118176
"Fe",7676,5.41181050432002,0.939012197560488
"Fe",7677,5.87918464994526,0.902219556088782
"Fe",7678,7.82840049874901,0.634873025394921
"Fe",7679,9.80182026299804,0.351929614077185
"Fe",7680,5.96877651171272,0.893021395720856
"Fe",7681,4.78088462424694,0.979604079184163
"Fe",7682,8.17456878952589,0.57628474305139
"Fe",7683,6.07254789277073,0.88122375524895
"Fe",7684,8.31980056111075,0.558488302339532
"Fe",7685,6.46884873814494,0.835832833433313
"Fe",7686,14.5141202771243,0.0513897220555889
"Fe",7687,6.37776340599487,0.845430913817237
"Fe",7688,12.6733338895517,0.114577084583083
"Fe",7689,6.53685926025975,0.827634473105379
"Fe",7690,5.86016553529487,0.903819236152769
"Fe",7691,7.31933458770737,0.714657068586283
"Fe",7692,7.01157507498002,0.763847230553889
"Fe",7693,8.48739616393428,0.53369326134773
"Fe",7694,10.2501439716907,0.301539692061588
"Fe",7695,8.79675021093627,0.487902419516097
"Fe",7696,8.6267615234014,0.511897620475905
"Fe",7697,6.02531644400807,0.887822435512897
"Fe",7698,5.4809203031447,0.934213157368526
"Fe",7699,5.29347372890192,0.949610077984403
"Fe",7700,10.9908310993362,0.233353329334133
"Fe",7701,5.92172307322211,0.898620275944811
"Fe",7702,6.08790843730091,0.879824035192961
"Fe",7703,11.2142040602001,0.215556888622276
"Fe",7704,8.06972249099582,0.59248150369926
"Fe",7705,7.05289088254821,0.757648470305939
"Fe",7706,6.23615845207217,0.861827634473105
"Fe",7707,6.94322943965173,0.774845030993801
"Fe",7708,8.42636378181254,0.542091581683663
"Fe",7709,7.30554377487758,0.717256548690262
"Fe",7710,10.0293611827353,0.325134973005399
"Fe",7711,12.3065281118236,0.137372525494901
"Fe",7712,8.9170960838477,0.468906218756249
"Fe",7713,11.4380829413847,0.198160367926415
"Fe",7714,9.45086779715359,0.393321335732853
"Fe",7715,7.36878681410269,0.708058388322336
"Fe",7716,12.7458211774071,0.110777844431114
"Fe",7717,9.80998024245929,0.350329934013197
"Fe",7718,9.48542822990112,0.390121975604879
"Fe",7719,6.81121003871525,0.795840831833633
"Fe",7720,5.41227514059517,0.939012197560488
"Fe",7721,9.67029314912446,0.369126174765047
"Fe",7722,9.43691200995363,0.395520895820836
"Fe",7723,6.5203240135283,0.830233953209358
"Fe",7724,12.5411404421243,0.122175564887023
"Fe",7725,8.56180935180191,0.523295340931814
"Fe",7726,5.00671268599433,0.968406318736253
"Fe",7727,12.2188479838818,0.142371525694861
"Fe",7728,10.141983781521,0.313537292541492
"Fe",7729,10.3680513094485,0.288142371525695
"Fe",7730,11.8719704872462,0.164767046590682
"Fe",7731,7.48544487326396,0.692261547690462
"Fe",7732,10.4889024890262,0.277944411117776
"Fe",7733,10.5832898213046,0.270545890821836
"Fe",7734,12.0683064571976,0.153569286142771
"Fe",7735,10.0382142332317,0.324335132973405
"Fe",7736,6.09090357698329,0.879624075184963
"Fe",7737,10.7406669726473,0.255148970205959
"Fe",7738,13.1781755987869,0.0927814437112578
"Fe",7739,8.61210757189664,0.513897220555889
"Fe",7740,15.6860932151804,0.0283943211357728
"Fe",7741,10.7345225258007,0.255348930213957
"Fe",7742,7.61041753447972,0.666466706658668
"Fe",7743,7.42096500136054,0.700859828034393
"Fe",7744,12.2396553051588,0.141171765646871
"Fe",7745,14.1609345297546,0.0599880023995201
"Fe",7746,12.4145449036873,0.129174165166967
"Fe",7747,8.86820076064055,0.476104779044191
"Fe",7748,5.97957913041077,0.892021595680864
"Fe",7749,8.35681353527139,0.553689262147571
"Fe",7750,6.48575243512821,0.834033193361328
"Fe",7751,8.084579375712,0.590681863627275
"Fe",7752,8.1105124686031,0.587882423515297
"Fe",7753,7.56930052658316,0.676664667066587
"Fe",7754,10.8601434029264,0.244351129774045
"Fe",7755,8.24602829217221,0.568286342731454
"Fe",7756,5.91840147496151,0.899020195960808
"Fe",7757,7.78739163903799,0.639872025594881
"Fe",7758,11.5434812615674,0.189362127574485
"Fe",7759,9.99068944379371,0.329934013197361
"Fe",7760,4.45325294273673,0.988602279544091
"Fe",7761,12.7918439229509,0.10877824435113
"Fe",7762,16.6031521706503,0.018996200759848
"Fe",7763,6.64123526994808,0.815636872625475
"Fe",7764,9.75076279032376,0.35872825434913
"Fe",7765,10.3882008370485,0.285542891421716
"Fe",7766,11.1447716399773,0.220555888822236
"Fe",7767,4.5243198025907,0.986602679464107
"Fe",7768,5.57965004813344,0.928814237152569
"Fe",7769,11.9333242418496,0.161167766446711
"Fe",7770,11.206935758549,0.216556688662268
"Fe",7771,12.6111421587464,0.117976404719056
"Fe",7772,7.86363212945793,0.626674665066987
"Fe",7773,10.1978569202531,0.30753849230154
"Fe",7774,9.05886984258532,0.447110577884423
"Fe",7775,8.34396568484286,0.555488902219556
"Fe",7776,4.82029779916665,0.978204359128174
"Fe",7777,12.0611981744421,0.153969206158768
"Fe",7778,6.99033238834093,0.767246550689862
"Fe",7779,10.8840402674722,0.24255148970206
"Fe",7780,6.66115146646567,0.813237352529494
"Fe",7781,7.79058358075687,0.639472105578884
"Fe",7782,4.63748393697617,0.984403119376125
"Fe",7783,4.85938653340909,0.976404719056189
"Fe",7784,10.1914895410033,0.308338332333533
"Fe",7785,7.90978618794117,0.618876224755049
"Fe",7786,9.24474197145972,0.421715656868626
"Fe",7787,7.58683157131827,0.673065386922616
"Fe",7788,9.20869138834095,0.426314737052589
"Fe",7789,11.1275128984808,0.222155568886223
"Fe",7790,10.9218452551675,0.239152169566087
"Fe",7791,8.30092629460644,0.560887822435513
"Fe",7792,12.0897249109473,0.152369526094781
"Fe",7793,8.54220171877316,0.525694861027794
"Fe",7794,8.03709096780062,0.597280543891222
"Fe",7795,6.35137976253611,0.848830233953209
"Fe",7796,16.6866657728284,0.0185962807438512
"Fe",7797,8.51113340791868,0.530293941211758
"Fe",7798,10.7377714234273,0.255148970205959
"Fe",7799,8.01005020105083,0.602079584083183
"Fe",7800,14.0570935511642,0.0637872425514897
"Fe",7801,11.6310636800575,0.183363327334533
"Fe",7802,7.49188910950093,0.691861627674465
"Fe",7803,9.49744944547891,0.388122375524895
"Fe",7804,5.21909729835369,0.956408718256349
"Fe",7805,9.39361406259954,0.400919816036793
"Fe",7806,12.9146823403078,0.103179364127175
"Fe",7807,7.84946827315153,0.630073985202959
"Fe",7808,7.87074806237527,0.625074985002999
"Fe",7809,9.06952450310939,0.445310937812438
"Fe",7810,5.24793844750408,0.95380923815237
"Fe",7811,5.70780680803648,0.916016796640672
"Fe",7812,13.7174196834822,0.0743851229754049
"Fe",7813,6.1308435564267,0.874425114977005
"Fe",7814,5.71099249740183,0.915816836632673
"Fe",7815,8.98799160784833,0.457108578284343
"Fe",7816,5.67892794907425,0.918216356728654
"Fe",7817,11.3784876960757,0.202359528094381
"Fe",7818,6.37928185639274,0.845430913817237
"Fe",7819,10.7080809276253,0.257148570285943
"Fe",7820,6.53377465617919,0.828434313137372
"Fe",7821,6.61040006452743,0.819436112777445
"Fe",7822,9.00288093518947,0.454909018196361
"Fe",7823,5.41823588605033,0.938412317536493
"Fe",7824,13.1562324187443,0.0933813237352529
"Fe",7825,9.28831432372138,0.414917016596681
"Fe",7826,6.40649316596449,0.843031393721256
"Fe",7827,9.32755709332037,0.408318336332733
"Fe",7828,3.03359309818737,1
"Fe",7829,9.02465745154407,0.452109578084383
"Fe",7830,7.54052318495138,0.680663867226555
"Fe",7831,7.44978375492809,0.695860827834433
"Fe",7832,5.82673068377728,0.905618876224755
"Fe",7833,10.6548534687563,0.262347530493901
"Fe",7834,15.0360701309657,0.0395920815836833
"Fe",7835,15.0805044827697,0.0379924015196961
"Fe",7836,10.2667864505763,0.299140171965607
"Fe",7837,5.2107893818694,0.956608678264347
"Fe",7838,8.48411039954766,0.534093181363727
"Fe",7839,7.9266259687268,0.614077184563087
"Fe",7840,7.57467793975169,0.675264947010598
"Fe",7841,6.4494240183075,0.837432513497301
"Fe",7842,12.0704334757179,0.153569286142771
"Fe",7843,9.64504810139587,0.370925814837033
"Fe",7844,5.59380825845236,0.927814437112577
"Fe",7845,8.22971467332542,0.570485902819436
"Fe",7846,11.1341592389282,0.221555688862228
"Fe",7847,7.31053814170642,0.716056788642272
"Fe",7848,8.04171014575462,0.596480703859228
"Fe",7849,9.23879622783781,0.421715656868626
"Fe",7850,10.9616093060774,0.235352929414117
"Fe",7851,7.0743940046664,0.754449110177964
"Fe",7852,10.1800951031807,0.309938012397521
"Fe",7853,10.4114984429227,0.284343131373725
"Fe",7854,6.08077399526974,0.880623875224955
"Fe",7855,5.27906431780971,0.950809838032393
"Fe",7856,11.5102034990952,0.190961807638472
"Fe",7857,9.08762940326235,0.442711457708458
"Fe",7858,8.62062177218465,0.5124975004999
"Fe",7859,5.94263544429046,0.896420715856829
"Fe",7860,8.83969088277948,0.480303939212158
"Fe",7861,12.2683535390511,0.139372125574885
"Fe",7862,6.80579794897127,0.796640671865627
"Fe",7863,12.8603921307258,0.106578684263147
"Fe",7864,7.11384787660893,0.747850429914017
"Fe",7865,13.9487447534667,0.0671865626874625
"Fe",7866,10.0916272611784,0.317336532693461
"Fe",7867,5.96513105140582,0.893621275744851
"Fe",7868,7.56641276564025,0.676864627074585
"Fe",7869,13.4378028104205,0.0869826034793041
"Fe",7870,8.26079223270304,0.56628674265147
"Fe",7871,7.19041488092529,0.735452909418116
"Fe",7872,7.87169133135421,0.624875024995001
"Fe",7873,12.5294913769158,0.122775444911018
"Fe",7874,6.76926263849856,0.800839832033593
"Fe",7875,11.0536285506327,0.227954409118176
"Fe",7876,10.9981176932823,0.232753449310138
"Fe",7877,9.67360616664226,0.368526294741052
"Fe",7878,10.0483511440316,0.323335332933413
"Fe",7879,13.8206023028979,0.0719856028794241
"Fe",7880,9.28737266026783,0.415116976604679
"Fe",7881,8.78061510511151,0.489702059588082
"Fe",7882,7.27442612045436,0.722255548890222
"Fe",7883,10.6100825847772,0.267946410717856
"Fe",7884,12.8707898696609,0.106178764247151
"Fe",7885,10.4741176911636,0.27874425114977
"Fe",7886,12.4946435947446,0.124375124975005
"Fe",7887,12.6189407936568,0.117376524695061
"Fe",7888,10.3026208493218,0.294141171765647
"Fe",7889,9.8768813025099,0.343531293741252
"Fe",7890,11.78029522804,0.170965806838632
"Fe",7891,13.5038166096442,0.0841831633673265
"Fe",7892,7.25516891663506,0.725254949010198
"Fe",7893,11.7287582026028,0.176364727054589
"Fe",7894,9.86315969290106,0.345330933813237
"Fe",7895,9.75580958404186,0.358328334333133
"Fe",7896,6.08098490154498,0.880623875224955
"Fe",7897,7.6261507412315,0.663067386522695
"Fe",7898,14.5136754157549,0.0513897220555889
"Fe",7899,7.57384928776048,0.675464907018596
"Fe",7900,10.6369372342955,0.264547090581884
"Fe",7901,9.67123026337259,0.369126174765047
"Fe",7902,10.8439159065944,0.245750849830034
"Fe",7903,6.56918710486977,0.823635272945411
"Fe",7904,7.56552218089863,0.676864627074585
"Fe",7905,13.1994456712028,0.092381523695261
"Fe",7906,8.39019071321182,0.547690461907618
"Fe",7907,8.17734431502609,0.57628474305139
"Fe",7908,5.81530102145078,0.907018596280744
"Fe",7909,7.13454430100546,0.743651269746051
"Fe",7910,7.19869054956433,0.735252949410118
"Fe",7911,11.998957752565,0.158168366326735
"Fe",7912,9.84289210536971,0.346730653869226
"Fe",7913,11.9386293640595,0.160367926414717
"Fe",7914,8.84398603117026,0.479704059188162
"Fe",7915,12.0626311676229,0.153969206158768
"Fe",7916,8.67252686312077,0.505298940211958
"Fe",7917,6.36349310026408,0.847030593881224
"Fe",7918,16.1380183094911,0.0237952409518096
"Fe",7919,5.86481779485183,0.903419316136773
"Fe",7920,13.001127053748,0.0995800839832034
"Fe",7921,11.1435349688006,0.220555888822236
"Fe",7922,19.3624588970636,0.00519896020795841
"Fe",7923,8.68729319399102,0.503299340131974
"Fe",7924,10.647700038054,0.263547290541892
"Fe",7925,8.66813760843732,0.50629874025195
"Fe",7926,15.2120483866886,0.0349930013997201
"Fe",7927,7.6697274192866,0.657268546290742
"Fe",7928,11.3731740343987,0.202759448110378
"Fe",7929,6.2868188915634,0.85502899420116
"Fe",7930,6.20442354979029,0.864627074585083
"Fe",7931,5.65411696317489,0.919416116776645
"Fe",7932,10.4485912125641,0.281143771245751
"Fe",7933,10.029830893762,0.325134973005399
"Fe",7934,11.7548173282267,0.173965206958608
"Fe",7935,10.6948906936409,0.258548290341932
"Fe",7936,9.74748950924692,0.35872825434913
"Fe",7937,11.5450208730745,0.189162167566487
"Fe",7938,5.14109053629285,0.961807638472306
"Fe",7939,7.10522299710587,0.749850029994001
"Fe",7940,8.41422589852149,0.544891021795641
"Fe",7941,7.20292234695046,0.734253149370126
"Fe",7942,11.11353372949,0.223555288942212
"Fe",7943,16.6447435269852,0.0187962407518496
"Fe",7944,10.9178431514071,0.239552089582084
"Fe",7945,12.5806127272882,0.118976204759048
"Fe",7946,10.8175574845959,0.247750449910018
"Fe",7947,8.11619802986672,0.587082583483303
"Fe",7948,11.1323672254455,0.221555688862228
"Fe",7949,8.0628466355204,0.593881223755249
"Fe",7950,8.27589329937734,0.564087182563487
"Fe",7951,8.46141769796685,0.5374925014997
"Fe",7952,8.24758684394871,0.568086382723455
"Fe",7953,10.2251624170259,0.304739052189562
"Fe",7954,9.75339913776079,0.358528294341132
"Fe",7955,8.09566250883373,0.589482103579284
"Fe",7956,9.17032546094697,0.43131373725255
"Fe",7957,10.2210825884546,0.305138972205559
"Fe",7958,9.68185263549489,0.367926414717057
"Fe",7959,7.65548309026784,0.659468106378724
"Fe",7960,9.13334878270048,0.437112577484503
"Fe",7961,4.61858564102047,0.984403119376125
"Fe",7962,7.26437808262901,0.723655268946211
"Fe",7963,6.47863634625904,0.834633073385323
"Fe",7964,13.1933304624815,0.092381523695261
"Fe",7965,5.48172476362785,0.934213157368526
"Fe",7966,9.3318441147928,0.407718456308738
"Fe",7967,7.2061105055293,0.733853229354129
"Fe",7968,7.39758584153941,0.705458908218356
"Fe",7969,7.73572030944899,0.648270345930814
"Fe",7970,12.9198068863735,0.102779444111178
"Fe",7971,4.84763995092658,0.976804639072186
"Fe",7972,6.79140151095618,0.798440311937612
"Fe",7973,11.9206618336035,0.161967606478704
"Fe",7974,9.79040030378883,0.354129174165167
"Fe",7975,10.4300285569612,0.282943411317736
"Fe",7976,7.96746441780638,0.609078184363127
"Fe",7977,14.2895296551245,0.0557888422315537
"Fe",7978,6.51982904399682,0.830233953209358
"Fe",7979,8.8797696062648,0.474305138972206
"Fe",7980,6.39642861596056,0.843631273745251
"Fe",7981,5.93757856449258,0.896820635872825
"Fe",7982,10.4233097090286,0.28374325134973
"Fe",7983,9.35352382055069,0.404919016196761
"Fe",7984,9.61597420930249,0.374725054989002
"Fe",7985,10.5274890692323,0.274745050989802
"Fe",7986,20.5997737360083,0.00339932013597281
"Fe",7987,7.12864578698694,0.745250949810038
"Fe",7988,4.92900278449639,0.973005398920216
"Fe",7989,12.6751649765535,0.114577084583083
"Fe",7990,13.3463890342927,0.0891821635672865
"Fe",7991,7.74749852642537,0.646670665866827
"Fe",7992,8.36074144344056,0.553289342131574
"Fe",7993,12.3155532149395,0.136372725454909
"Fe",7994,13.5381277643354,0.0825834833033393
"Fe",7995,9.46804039733095,0.391721655668866
"Fe",7996,11.4041195131552,0.200559888022396
"Fe",7997,7.93447993312961,0.613477304539092
"Fe",7998,6.95865279401201,0.772045590881824
"Fe",7999,10.8671063513704,0.244151169766047
"Fe",8000,15.2857438720141,0.0333933213357329
"Fe",8001,11.472000961136,0.19496100779844
"Fe",8002,10.0873876704072,0.317936412717456
"Fe",8003,7.50654428507033,0.688462307538492
"Fe",8004,7.84183442906109,0.631473705258948
"Fe",8005,5.95382372591695,0.895220955808838
"Fe",8006,11.4648294511816,0.19496100779844
"Fe",8007,4.28393452923059,0.992001599680064
"Fe",8008,9.90703105835178,0.340331933613277
"Fe",8009,6.61056758198345,0.819236152769446
"Fe",8010,3.89798459385324,0.997200559888022
"Fe",8011,8.81872111563524,0.484903019396121
"Fe",8012,10.6422725201506,0.264347130573885
"Fe",8013,8.58594441327853,0.51749650069986
"Fe",8014,7.77162285268443,0.643471305738852
"Fe",8015,17.83525314985,0.00999800039992002
"Fe",8016,7.5966865921188,0.67006598680264
"Fe",8017,8.84036682750784,0.480303939212158
"Fe",8018,10.1478959767936,0.313137372525495
"Fe",8019,9.00436231254432,0.454509098180364
"Fe",8020,6.82117790712223,0.794841031793641
"Fe",8021,5.9118935340523,0.899620075984803
"Fe",8022,7.79473982821331,0.639272145570886
"Fe",8023,14.5162750464413,0.0513897220555889
"Fe",8024,15.5654642310591,0.0303939212157568
"Fe",8025,15.4980124425707,0.0307938412317536
"Fe",8026,19.5669222331252,0.00499900019996001
"Fe",8027,11.2887338253294,0.209358128374325
"Fe",8028,12.2951953800944,0.137572485502899
"Fe",8029,8.17639249494985,0.57628474305139
"Fe",8030,7.09344668151965,0.75124975004999
"Fe",8031,12.4862394761448,0.125374925014997
"Fe",8032,8.50741425732809,0.530493901219756
"Fe",8033,9.94930312521143,0.335132973405319
"Fe",8034,18.7352836896484,0.00739852029594081
"Fe",8035,17.1032209124568,0.0157968406318736
"Fe",8036,9.13254061317699,0.437112577484503
"Fe",8037,12.7725974278973,0.109778044391122
"Fe",8038,7.62270333871746,0.663667266546691
"Fe",8039,9.37379758644974,0.401919616076785
"Fe",8040,5.087058958444,0.964807038592282
"Fe",8041,5.59849985848874,0.927614477104579
"Fe",8042,8.70353481935898,0.501499700059988
"Fe",8043,8.85624178090714,0.477704459108178
"Fe",8044,7.41794255424415,0.701859628074385
"Fe",8045,8.9861680638364,0.457308538292342
"Fe",8046,8.4263217033845,0.542091581683663
"Fe",8047,8.07229953688559,0.59248150369926
"Fe",8048,9.47175211340723,0.391321735652869
"Fe",8049,11.4538707841038,0.195960807838432
"Fe",8050,9.39292387409898,0.400919816036793
"Fe",8051,15.543619397567,0.0305938812237553
"Fe",8052,8.06199594258263,0.594081183763247
"Fe",8053,8.1555985497549,0.580283943211358
"Fe",8054,8.70808854813698,0.500699860027994
"Fe",8055,10.2522921901236,0.300939812037592
"Fe",8056,5.85948388863542,0.903819236152769
"Fe",8057,8.94957241070566,0.464307138572286
"Fe",8058,8.95263965936499,0.464307138572286
"Fe",8059,9.82204550832321,0.347930413917217
"Fe",8060,7.9946660149061,0.605878824235153
"Fe",8061,8.29870725005981,0.561087782443511
"Fe",8062,9.29170783698592,0.414317136572685
"Fe",8063,6.20758375247212,0.864227154569086
"Fe",8064,8.02477584363581,0.598880223955209
"Fe",8065,10.292983465241,0.295340931813637
"Fe",8066,11.1486910233355,0.220555888822236
"Fe",8067,7.56577379052194,0.676864627074585
"Fe",8068,14.925560037264,0.0417916416716657
"Fe",8069,5.99068596656025,0.891821635672865
"Fe",8070,7.65572445300384,0.659468106378724
"Fe",8071,8.12541732802319,0.585882823435313
"Fe",8072,6.95701827171052,0.772245550889822
"Fe",8073,9.45695586209214,0.393121375724855
"Fe",8074,7.59294423586385,0.67126574685063
"Fe",8075,9.87638659685902,0.343531293741252
"Fe",8076,17.3592941237808,0.0131973605278944
"Fe",8077,7.9949173536142,0.605878824235153
"Fe",8078,12.8166770817308,0.107778444311138
"Fe",8079,7.36583464283729,0.708658268346331
"Fe",8080,11.3299879611182,0.206558688262348
"Fe",8081,7.1216182776802,0.74625074985003
"Fe",8082,12.4094362486078,0.129174165166967
"Fe",8083,10.5754587668239,0.270945810837832
"Fe",8084,9.11200882508172,0.440711857628474
"Fe",8085,5.64244190483538,0.921615676864627
"Fe",8086,8.87507259461421,0.475104979004199
"Fe",8087,9.18269910794484,0.429514097180564
"Fe",8088,6.75378675315832,0.802639472105579
"Fe",8089,12.5699178329321,0.119776044791042
"Fe",8090,7.7982920991891,0.639272145570886
"Fe",8091,4.59022834802701,0.984803039392122
"Fe",8092,11.6835046895657,0.179164167166567
"Fe",8093,6.66797132079981,0.812837432513497
"Fe",8094,5.41362803068455,0.938612277544491
"Fe",8095,8.22716633698613,0.570685862827434
"Fe",8096,6.34302661730948,0.8500299940012
"Fe",8097,12.1148532956379,0.149770045990802
"Fe",8098,7.70150811050684,0.651469706058788
"Fe",8099,8.01940948200732,0.600279944011198
"Fe",8100,15.4007666193764,0.0323935212957408
"Fe",8101,9.58220377936931,0.379124175164967
"Fe",8102,10.9433866589834,0.236952609478104
"Fe",8103,8.94859605112399,0.464307138572286
"Fe",8104,4.46048725475538,0.988402319536093
"Fe",8105,8.08831394658662,0.590081983603279
"Fe",8106,7.02510537811351,0.76124775044991
"Fe",8107,7.68368042211782,0.654669066186763
"Fe",8108,9.21090983975793,0.426114777044591
"Fe",8109,9.84951979983785,0.346130773845231
"Fe",8110,8.19359882317326,0.574285142971406
"Fe",8111,9.57528808155121,0.379924015196961
"Fe",8112,6.77586981126976,0.800239952009598
"Fe",8113,11.2036214830917,0.216956608678264
"Fe",8114,7.86096298643216,0.62747450509898
"Fe",8115,10.2418024060478,0.302739452109578
"Fe",8116,6.91387374046397,0.780843831233753
"Fe",8117,5.68167818371288,0.917816436712657
"Fe",8118,9.79634030887163,0.352729454109178
"Fe",8119,8.50206340325204,0.530693861227754
"Fe",8120,8.20451240107573,0.572885422915417
"Fe",8121,11.4037431522618,0.200559888022396
"Fe",8122,9.18400068806474,0.428914217156569
"Fe",8123,6.86685715044658,0.787242551489702
"Fe",8124,12.1058318868617,0.150169966006799
"Fe",8125,6.20057044639887,0.865226954609078
"Fe",8126,10.6722338222314,0.260147970405919
"Fe",8127,7.8857662798618,0.622675464907019
"Fe",8128,12.0065513313972,0.157768446310738
"Fe",8129,7.90366867332835,0.619276144771046
"Fe",8130,8.1403314941883,0.58248350329934
"Fe",8131,12.2377396062679,0.141171765646871
"Fe",8132,7.81808919286291,0.636872625474905
"Fe",8133,8.02670681419022,0.598880223955209
"Fe",8134,8.03640595614803,0.597280543891222
"Fe",8135,10.631579292893,0.265546890621876
"Fe",8136,5.38174523939142,0.942411517696461
"Fe",8137,10.4390519658027,0.282143571285743
"Fe",8138,8.8765421376516,0.475104979004199
"Fe",8139,8.43155233932947,0.541091781643671
"Fe",8140,11.644782003081,0.182563487302539
"Fe",8141,15.4777808616859,0.0311937612477504
"Fe",8142,8.6699779144399,0.505698860227954
"Fe",8143,12.5077572775209,0.124175164967007
"Fe",8144,13.2256662800867,0.0917816436712657
"Fe",8145,8.29084351817866,0.562287542491502
"Fe",8146,8.23026938606276,0.570485902819436
"Fe",8147,7.86528235054311,0.626074785042991
"Fe",8148,6.07171693352308,0.881423715256949
"Fe",8149,10.0987155148071,0.316936612677464
"Fe",8150,10.0686538446351,0.320735852829434
"Fe",8151,8.31367608163455,0.559088182363527
"Fe",8152,9.96078959798876,0.334133173365327
"Fe",8153,13.0037676126116,0.099380123975205
"Fe",8154,8.50582475868183,0.530493901219756
"Fe",8155,8.82160852298017,0.483903219356129
"Fe",8156,13.1989338668661,0.092381523695261
"Fe",8157,8.68619510697525,0.503299340131974
"Fe",8158,13.2747574638999,0.0903819236152769
"Fe",8159,7.94723233111458,0.61127774445111
"Fe",8160,9.44270588844162,0.394721055788842
"Fe",8161,10.7858232612412,0.250349930013997
"Fe",8162,8.23984233802659,0.568286342731454
"Fe",8163,10.0595913326796,0.322735452909418
"Fe",8164,9.96380064144662,0.334133173365327
"Fe",8165,11.0556714062271,0.22755448910218
"Fe",8166,9.82414151034331,0.347930413917217
"Fe",8167,10.2169693321329,0.305538892221556
"Fe",8168,10.0844776649869,0.318136372725455
"Fe",8169,6.87167421206982,0.786642671465707
"Fe",8170,7.29536707652881,0.718856228754249
"Fe",8171,8.43823447689532,0.540491901619676
"Fe",8172,9.3987855071245,0.400119976004799
"Fe",8173,8.10333310427613,0.588682263547291
"Fe",8174,9.60817493751682,0.375124975004999
"Fe",8175,5.58720823947104,0.928214357128574
"Fe",8176,9.48569606979419,0.390121975604879
"Fe",8177,7.50908745866053,0.688262347530494
"Fe",8178,6.27839187935533,0.856028794241152
"Fe",8179,18.3096768922805,0.00859828034393121
"Fe",8180,7.79693502335849,0.639272145570886
"Fe",8181,7.10305147238554,0.750449910017996
"Fe",8182,12.0801291833189,0.152969406118776
"Fe",8183,4.39256590175552,0.990401919616077
"Fe",8184,7.05437454265288,0.757648470305939
"Fe",8185,10.0044320650902,0.328134373125375
"Fe",8186,10.4633982337153,0.279544091181764
"Fe",8187,14.2289170119252,0.0577884423115377
"Fe",8188,7.01704763828857,0.763247350529894
"Fe",8189,12.9270655170602,0.102579484103179
"Fe",8190,13.2700731220301,0.0903819236152769
"Fe",8191,10.6015318530695,0.268146370725855
"Fe",8192,12.5421617963721,0.121775644871026
"Fe",8193,10.2421007776713,0.302739452109578
"Fe",8194,7.13102706217813,0.744651069786043
"Fe",8195,14.9012293326736,0.0421915616876625
"Fe",8196,9.93229800374976,0.337732453509298
"Fe",8197,11.7265987261283,0.176364727054589
"Fe",8198,8.02800618014831,0.598680263947211
"Fe",8199,6.51744425072931,0.830433913217356
"Fe",8200,16.2232489399542,0.0233953209358128
"Fe",8201,6.51241142245325,0.830833833233353
"Fe",8202,6.48441363773674,0.834033193361328
"Fe",8203,11.4562183892668,0.195960807838432
"Fe",8204,12.6708748671583,0.114777044591082
"Fe",8205,9.05804585231849,0.447110577884423
"Fe",8206,6.4574417759311,0.836832633473305
"Fe",8207,6.19255701464439,0.867226554689062
"Fe",8208,10.0760111615847,0.319536092781444
"Fe",8209,7.47207120203987,0.693261347730454
"Fe",8210,7.62334601074426,0.663667266546691
"Fe",8211,6.25818583980694,0.859228154369126
"Fe",8212,8.9609613457952,0.461707658468306
"Fe",8213,8.73999166859281,0.496700659868026
"Fe",8214,11.1864683837071,0.218156368726255
"Fe",8215,10.491686414989,0.277944411117776
"Fe",8216,10.5564053489051,0.272345530893821
"Fe",8217,6.30546803108874,0.853629274145171
"Fe",8218,10.8433504120747,0.245750849830034
"Fe",8219,10.5355183327665,0.273545290941812
"Fe",8220,13.3368285836476,0.0893821235752849
"Fe",8221,11.7634185251551,0.172765446910618
"Fe",8222,10.8013513634532,0.248950209958008
"Fe",8223,11.2230292918182,0.214557088582284
"Fe",8224,8.14759006669485,0.581483703259348
"Fe",8225,10.0839883556786,0.318136372725455
"Fe",8226,8.38871034986849,0.547890421915617
"Fe",8227,11.9460713038505,0.160167966406719
"Fe",8228,14.8504631556874,0.0433913217356529
"Fe",8229,5.016838973315,0.967806438712258
"Fe",8230,8.42072664789615,0.543091381723655
"Fe",8231,10.5101785868827,0.276344731053789
"Fe",8232,7.19865076221512,0.735252949410118
"Fe",8233,8.52198612286014,0.528494301139772
"Fe",8234,7.40003754795057,0.704859028194361
"Fe",8235,9.81706770308634,0.348530293941212
"Fe",8236,11.0365390239293,0.229554089182164
"Fe",8237,15.1964854006552,0.0351929614077185
"Fe",8238,7.42712815070621,0.699660067986403
"Fe",8239,11.6948115901229,0.178564287142571
"Fe",8240,7.46614375064001,0.693861227754449
"Fe",8241,9.8561089160608,0.345930813837233
"Fe",8242,9.54589908076835,0.382723455308938
"Fe",8243,9.70611673569562,0.364927014597081
"Fe",8244,8.97140234332824,0.459708058388322
"Fe",8245,8.26797066664811,0.565286942611478
"Fe",8246,9.71195908832956,0.36372725454909
"Fe",8247,7.16820400419883,0.739052189562088
"Fe",8248,17.292922700189,0.0137972405518896
"Fe",8249,9.97840715158191,0.331533693261348
"Fe",8250,7.31883672225646,0.714857028594281
"Fe",8251,8.63029456888472,0.511497700459908
"Fe",8252,9.97470087067433,0.331533693261348
"Fe",8253,10.8278585944114,0.247150569886023
"Fe",8254,9.84106660034345,0.346930613877225
"Fe",8255,14.7335729835552,0.0455908818236353
"Fe",8256,7.40335458092591,0.704459108178364
"Fe",8257,11.6787120458588,0.179564087182563
"Fe",8258,13.8302151489368,0.0717856428714257
"Fe",8259,8.36247218702346,0.553289342131574
"Fe",8260,6.49557974499049,0.83243351329734
"Fe",8261,8.00536115847018,0.603279344131174
"Fe",8262,13.4648369949447,0.0861827634473105
"Fe",8263,12.3714063109207,0.131973605278944
"Fe",8264,8.90831533777197,0.470305938812238
"Fe",8265,5.68775547385391,0.917616476704659
"Fe",8266,5.82392760000673,0.905818836232753
"Fe",8267,8.06482413150559,0.593481303739252
"Fe",8268,8.26191760984929,0.565886822635473
"Fe",8269,4.98298602973557,0.969606078784243
"Fe",8270,6.48738002363959,0.833833233353329
"Fe",8271,6.53867985605208,0.827234553089382
"Fe",8272,6.55759659026435,0.825634873025395
"Fe",8273,8.40938922807783,0.545490901819636
"Fe",8274,16.1518811126692,0.0237952409518096
"Fe",8275,4.74304249535007,0.98120375924815
"Fe",8276,7.82746915319436,0.635072985402919
"Fe",8277,9.47252221310393,0.391121775644871
"Fe",8278,6.2135210451606,0.863627274545091
"Fe",8279,8.16073266411016,0.578484303139372
"Fe",8280,11.4869658771013,0.194161167766447
"Fe",8281,4.88744915612807,0.975804839032194
"Fe",8282,5.90771894298695,0.899820035992801
"Fe",8283,10.9781151268269,0.234153169366127
"Fe",8284,6.02792525234753,0.887622475504899
"Fe",8285,10.2151915467534,0.305738852229554
"Fe",8286,9.71358667606111,0.363327334533093
"Fe",8287,6.70409380481783,0.808438312337532
"Fe",8288,8.88809399096478,0.472905418916217
"Fe",8289,8.43411847177063,0.540891821635673
"Fe",8290,6.10530952102678,0.876824635072985
"Fe",8291,10.8627684751963,0.244351129774045
"Fe",8292,10.7191178922937,0.256948610277944
"Fe",8293,7.72644018526172,0.649270145970806
"Fe",8294,8.17992634273165,0.576084783043391
"Fe",8295,4.68896078021194,0.983003399320136
"Fe",8296,13.0162466187308,0.0985802839432114
"Fe",8297,6.20094554651817,0.865226954609078
"Fe",8298,10.4661495232659,0.279544091181764
"Fe",8299,6.18684927015025,0.868426314737053
"Fe",8300,8.59862194250562,0.51629674065187
"Fe",8301,11.8719113300433,0.164767046590682
"Fe",8302,9.28514223384082,0.415516896620676
"Fe",8303,5.19986466960304,0.957208558288342
"Fe",8304,11.0440433463507,0.228954209158168
"Fe",8305,8.05965154822755,0.594481103779244
"Fe",8306,10.7179832871492,0.256948610277944
"Fe",8307,9.28648069126086,0.415116976604679
"Fe",8308,10.1341624682967,0.314337132573485
"Fe",8309,10.4400087882334,0.282143571285743
"Fe",8310,7.74923763070996,0.646470705858828
"Fe",8311,5.3251915799695,0.947410517896421
"Fe",8312,6.55897198688621,0.825234953009398
"Fe",8313,7.89193843311392,0.621675664867027
"Fe",8314,9.24101856388324,0.421715656868626
"Fe",8315,8.86046224419204,0.477304539092182
"Fe",8316,13.1693946738422,0.0931813637272546
"Fe",8317,7.01066982472881,0.763847230553889
"Fe",8318,7.57530630320861,0.675264947010598
"Fe",8319,6.72688950014401,0.805438912217556
"Fe",8320,8.31687386097786,0.559088182363527
"Fe",8321,7.72997479951594,0.648470305938812
"Fe",8322,7.9179168329176,0.617276544691062
"Fe",8323,10.2409776264596,0.302739452109578
"Fe",8324,6.54493150241501,0.82623475304939
"Fe",8325,9.13665893342574,0.436912617476505
"Fe",8326,6.79003548295123,0.798840231953609
"Fe",8327,8.25473800279968,0.566886622675465
"Fe",8328,7.99644148031985,0.605678864227155
"Fe",8329,7.13394217676648,0.743651269746051
"Fe",8330,15.5545973456909,0.0303939212157568
"Fe",8331,4.95976329327483,0.970405918816237
"Fe",8332,9.99042813997008,0.329934013197361
"Fe",8333,11.4497465586009,0.196960607878424
"Fe",8334,7.73319765954344,0.648270345930814
"Fe",8335,6.13574739135477,0.874025194961008
"Fe",8336,6.52744176441104,0.829434113177364
"Fe",8337,3.86987765667709,0.997800439912018
"Fe",8338,7.78715029929123,0.639872025594881
"Fe",8339,8.59887110382601,0.51629674065187
"Fe",8340,8.5709348079192,0.520295940811838
"Fe",8341,11.6678476122229,0.180563887222555
"Fe",8342,10.9507281611097,0.236752649470106
"Fe",8343,7.00261320459478,0.764847030593881
"Fe",8344,6.38971806148982,0.844431113777245
"Fe",8345,8.71335568092239,0.500099980003999
"Fe",8346,9.01598413499647,0.453309338132374
"Fe",8347,7.6375726328427,0.661867626474705
"Fe",8348,7.69539566065257,0.652869426114777
"Fe",8349,6.76959815482152,0.800839832033593
"Fe",8350,9.45068009310063,0.393321335732853
"Fe",8351,9.87546349595581,0.343531293741252
"Fe",8352,5.94205481644283,0.896420715856829
"Fe",8353,7.09119221086431,0.751649670065987
"Fe",8354,8.80344488114592,0.486502699460108
"Fe",8355,6.99077586229322,0.767046590681864
"Fe",8356,9.94860575586901,0.335332933413317
"Fe",8357,6.73618003403931,0.804839032193561
"Fe",8358,6.51107346321697,0.831033793241352
"Fe",8359,12.2298522564557,0.141971605678864
"Fe",8360,6.11992624461283,0.875824835032993
"Fe",8361,6.79824525813768,0.79744051189762
"Fe",8362,17.3647432138974,0.0131973605278944
"Fe",8363,6.06397197335042,0.882223555288942
"Fe",8364,8.32235619046651,0.558288342331534
"Fe",8365,10.0398347237282,0.323935212957409
"Fe",8366,10.3027293137885,0.294141171765647
"Fe",8367,10.1309581808316,0.314537092581484
"Fe",8368,7.29484554124082,0.718856228754249
"Fe",8369,8.3418956585819,0.55628874225155
"Fe",8370,9.00059080961611,0.455308938212358
"Fe",8371,6.40169688556506,0.843031393721256
"Fe",8372,9.31052707244962,0.410517896420716
"Fe",8373,9.3312189450013,0.407718456308738
"Fe",8374,15.5924659075897,0.0293941211757648
"Fe",8375,11.0275734311178,0.230553889222156
"Fe",8376,8.94780086325142,0.464507098580284
"Fe",8377,9.28778073785588,0.415116976604679
"Fe",8378,9.65733064382891,0.369926014797041
"Fe",8379,5.88764929156079,0.901819636072785
"Fe",8380,8.28994731853234,0.5624875024995
"Fe",8381,8.23400131967387,0.569486102779444
"Fe",8382,6.37416926415889,0.845630873825235
"Fe",8383,9.09490157059284,0.442311537692462
"Fe",8384,4.88428628081138,0.975804839032194
"Fe",8385,11.5563952372222,0.188562287542491
"Fe",8386,9.70477818242446,0.365326934613077
"Fe",8387,5.20667446995307,0.957008598280344
"Fe",8388,5.9381415274552,0.896820635872825
"Fe",8389,12.1775813444274,0.145570885822835
"Fe",8390,7.85792416196054,0.628074385122975
"Fe",8391,7.23210405707326,0.729254149170166
"Fe",8392,7.84237433746665,0.63127374525095
"Fe",8393,14.5032325658832,0.0517896420715857
"Fe",8394,6.25651752373511,0.859828034393121
"Fe",8395,5.10241564336224,0.963007398520296
"Fe",8396,7.01546848926007,0.763647270545891
"Fe",8397,8.49753238587436,0.531893621275745
"Fe",8398,9.59708557726242,0.377124575084983
"Fe",8399,11.3257889420651,0.206758648270346
"Fe",8400,13.9145301022398,0.0677864427114577
"Fe",8401,3.95439071439881,0.996800639872026
"Fe",8402,10.0973574052212,0.317136572685463
"Fe",8403,5.44868274342298,0.937012597480504
"Fe",8404,9.9094507626148,0.339732053589282
"Fe",8405,10.3145641799798,0.293141371725655
"Fe",8406,6.95048034479623,0.774045190961808
"Fe",8407,6.82569623038415,0.793441311737652
"Fe",8408,8.88939995030924,0.472705458908218
"Fe",8409,8.99259375044785,0.456508698260348
"Fe",8410,5.49629146668474,0.933013397320536
"Fe",8411,9.69830006418624,0.366126774645071
"Fe",8412,10.0127562474379,0.326934613077385
"Fe",8413,9.07854870055274,0.444511097780444
"Fe",8414,10.7431640583657,0.254549090181964
"Fe",8415,7.71913315919178,0.649870025994801
"Fe",8416,8.94924945436773,0.464307138572286
"Fe",8417,15.2471288048636,0.0335932813437313
"Fe",8418,10.363716949657,0.28874225154969
"Fe",8419,17.2158713265758,0.0141971605678864
"Fe",8420,10.4017491535404,0.284743051389722
"Fe",8421,8.81041102329405,0.485502899420116
"Fe",8422,4.47765782946084,0.988202359528094
"Fe",8423,14.442107445566,0.0533893221355729
"Fe",8424,7.23524744861251,0.729254149170166
"Fe",8425,9.65267174866563,0.370325934813037
"Fe",8426,11.5819675856539,0.186562687462508
"Fe",8427,6.74538948442247,0.803839232153569
"Fe",8428,14.5912202405042,0.0495900819836033
"Fe",8429,11.0114340766683,0.231553689262148
"Fe",8430,10.0807365843796,0.318536292741452
"Fe",8431,8.31044472491786,0.559688062387522
"Fe",8432,7.50641641759964,0.688462307538492
"Fe",8433,7.9914912652809,0.606878624275145
"Fe",8434,11.2354298870793,0.213157368526295
"Fe",8435,7.81487004806033,0.637272545490902
"Fe",8436,9.41291502218775,0.399320135972805
"Fe",8437,8.68714784437216,0.503299340131974
"Fe",8438,7.39609017566391,0.705458908218356
"Fe",8439,5.62885636195895,0.922815436912617
"Fe",8440,22.2165930650775,0.0015996800639872
"Fe",8441,11.786020212358,0.170565886822635
"Fe",8442,5.41999465872954,0.938412317536493
"Fe",8443,7.7835681850772,0.640871825634873
"Fe",8444,11.5234734478155,0.190161967606479
"Fe",8445,9.86937260373577,0.344331133773245
"Fe",8446,8.11549244251722,0.587082583483303
"Fe",8447,7.88742064340275,0.62247550489902
"Fe",8448,10.2055888540971,0.307138572285543
"Fe",8449,14.9442925809233,0.0411917616476705
"Fe",8450,6.51282537908642,0.830833833233353
"Fe",8451,11.2216636462784,0.214557088582284
"Fe",8452,6.44598483769389,0.838232353529294
"Fe",8453,8.20507312877598,0.572685462907419
"Fe",8454,11.0547872869486,0.227954409118176
"Fe",8455,9.98578578943088,0.330733853229354
"Fe",8456,6.40596218568353,0.843031393721256
"Fe",8457,11.4724049763528,0.19496100779844
"Fe",8458,7.77210548438444,0.643471305738852
"Fe",8459,5.55964097401538,0.93001399720056
"Fe",8460,8.13317468541388,0.584083183363327
"Fe",8461,9.4232859516701,0.39752049590082
"Fe",8462,8.65459738800476,0.508298340331934
"Fe",8463,6.66087492476959,0.813237352529494
"Fe",8464,7.16342427993553,0.740251949610078
"Fe",8465,9.16720859072743,0.431713657268546
"Fe",8466,8.36122975252749,0.553289342131574
"Fe",8467,7.00669934788837,0.764047190561888
"Fe",8468,7.70502419033835,0.651069786042791
"Fe",8469,6.67364199394999,0.812237552489502
"Fe",8470,10.9003844142214,0.241751649670066
"Fe",8471,11.4256487546022,0.19876024795041
"Fe",8472,8.4007589714173,0.547290541891622
"Fe",8473,6.43211457678959,0.839632073585283
"Fe",8474,11.7225512938642,0.176364727054589
"Fe",8475,5.34663837414047,0.945410917816437
"Fe",8476,10.4059705726195,0.284543091381724
"Fe",8477,16.2121199392843,0.0233953209358128
"Fe",8478,7.4817281091788,0.692661467706459
"Fe",8479,5.69805629750084,0.916816636672665
"Fe",8480,12.4024781283121,0.129574085182963
"Fe",8481,10.1503874618497,0.312937412517497
"Fe",8482,9.73392262361762,0.360927814437113
"Fe",8483,10.32621363691,0.291741651669666
"Fe",8484,8.2129325310803,0.571685662867427
"Fe",8485,9.52648043794568,0.384123175364927
"Fe",8486,5.22207344696807,0.95620875824835
"Fe",8487,7.78234864567906,0.640871825634873
"Fe",8488,6.58668201449998,0.821435712857429
"Fe",8489,13.4076903188968,0.0875824835032993
"Fe",8490,9.18773354750203,0.42871425714857
"Fe",8491,7.37041448444901,0.707858428314337
"Fe",8492,7.92089318296688,0.615876824635073
"Fe",8493,13.6599423821698,0.0771845630873825
"Fe",8494,4.31765002949356,0.991601679664067
"Fe",8495,5.25091644165991,0.95380923815237
"Fe",8496,9.65177935766874,0.370525894821036
"Fe",8497,7.70317791959431,0.65126974605079
"Fe",8498,8.41955379797272,0.543091381723655
"Fe",8499,9.76012862207136,0.357928414317137
"Fe",8500,8.54919602623463,0.524495100979804
"Fe",8501,9.28434507150706,0.415516896620676
"Fe",8502,16.6717555140317,0.0185962807438512
"Fe",8503,7.06801687475127,0.756048790241952
"Fe",8504,5.60272329248986,0.927414517096581
"Fe",8505,7.12538341178711,0.745650869826035
"Fe",8506,10.762007742367,0.253349330133973
"Fe",8507,9.32604843554529,0.408318336332733
"Fe",8508,9.28885464240946,0.414917016596681
"Fe",8509,8.57904526701421,0.518496300739852
"Fe",8510,10.4164301380441,0.284143171365727
"Fe",8511,8.30801717789745,0.560087982403519
"Fe",8512,7.6710104906052,0.657068586282743
"Fe",8513,7.79811664904929,0.639272145570886
"Fe",8514,12.3767094591948,0.131773645270946
"Fe",8515,21.5745783912541,0.001999600079984
"Fe",8516,9.27004696641498,0.418316336732653
"Fe",8517,13.9576808480043,0.0671865626874625
"Fe",8518,10.0278472338721,0.325534893021396
"Fe",8519,9.1473271311005,0.435312937412517
"Fe",8520,11.3178880240726,0.20755848830234
"Fe",8521,10.0957840316269,0.317136572685463
"Fe",8522,10.4758374127796,0.27874425114977
"Fe",8523,7.53579854304095,0.682063587282543
"Fe",8524,5.16675986122686,0.960407918416317
"Fe",8525,13.771602253358,0.0735852829434113
"Fe",8526,6.16819322712385,0.870625874825035
"Fe",8527,8.9195818532194,0.468906218756249
"Fe",8528,12.5446792502555,0.121575684863027
"Fe",8529,10.540462981403,0.272745450909818
"Fe",8530,8.71989859776119,0.498900219956009
"Fe",8531,9.0787556879157,0.444511097780444
"Fe",8532,7.58322236833104,0.674065186962608
"Fe",8533,4.89539730673761,0.975404919016197
"Fe",8534,9.26405080780685,0.419516096780644
"Fe",8535,7.13559532495796,0.743451309738052
"Fe",8536,11.5546409511475,0.18876224755049
"Fe",8537,8.55201458190592,0.524495100979804
"Fe",8538,10.4938215126004,0.277744451109778
"Fe",8539,7.63787657590856,0.661867626474705
"Fe",8540,7.90986100905747,0.618876224755049
"Fe",8541,7.40853141270682,0.703859228154369
"Fe",8542,12.0788469408329,0.152969406118776
"Fe",8543,10.2450255468237,0.302139572085583
"Fe",8544,9.18358599145006,0.429114177164567
"Fe",8545,10.9113368060427,0.240151969606079
"Fe",8546,6.50045076247639,0.832033593281344
"Fe",8547,6.98157035977616,0.767646470705859
"Fe",8548,6.39126932281192,0.844231153769246
"Fe",8549,6.45551928068582,0.837032593481304
"Fe",8550,10.1341059863273,0.314337132573485
"Fe",8551,11.5472528093429,0.188962207558488
"Fe",8552,7.84435026695246,0.63127374525095
"Fe",8553,10.4730537318491,0.278944211157768
"Fe",8554,9.40343313085026,0.399920015996801
"Fe",8555,7.22615054957723,0.730453909218156
"Fe",8556,10.2109271713185,0.306138772245551
"Fe",8557,8.5790748157755,0.518496300739852
"Fe",8558,7.82950367946577,0.634473105378924
"Fe",8559,9.13387218378537,0.437112577484503
"Fe",8560,6.90733727840947,0.781443711257748
"Fe",8561,7.98000702033164,0.608278344331134
"Fe",8562,11.4593968693154,0.195960807838432
"Fe",8563,9.15732364484026,0.433113377324535
"Fe",8564,11.0533779374054,0.227954409118176
"Fe",8565,10.0524633400577,0.323135372925415
"Fe",8566,10.2247407094301,0.304739052189562
"Fe",8567,14.2755016815638,0.0559888022395521
"Fe",8568,11.0254657257678,0.230753849230154
"Fe",8569,11.5637852112109,0.188162367526495
"Fe",8570,17.0828453076043,0.0157968406318736
"Fe",8571,8.75119678562297,0.494901019796041
"Fe",8572,9.2331458097006,0.42251549690062
"Fe",8573,8.21319885535556,0.571685662867427
"Fe",8574,7.33054415963377,0.713457308538292
"Fe",8575,7.52275623355956,0.684863027394521
"Fe",8576,5.20868574820759,0.956608678264347
"Fe",8577,6.19108873283594,0.867626474705059
"Fe",8578,10.5830794303356,0.270545890821836
"Fe",8579,5.39235173371057,0.941411717656469
"Fe",8580,9.08431346291098,0.443511297740452
"Fe",8581,5.32143358304776,0.947610477904419
"Fe",8582,9.76195118645333,0.357728454309138
"Fe",8583,13.3816851304552,0.0885822835432913
"Fe",8584,12.3548873928491,0.133573285342931
"Fe",8585,9.45928546796395,0.392721455708858
"Fe",8586,11.0396080855297,0.229554089182164
"Fe",8587,6.41586990526113,0.842031593681264
"Fe",8588,6.24408937664069,0.86122775444911
"Fe",8589,9.33854560268455,0.407118576284743
"Fe",8590,11.5095385241905,0.191161767646471
"Fe",8591,11.804752950395,0.168966206758648
"Fe",8592,5.7021204323724,0.916416716656669
"Fe",8593,9.5714048959571,0.380723855228954
"Fe",8594,8.8607373253015,0.477304539092182
"Fe",8595,9.75841008129001,0.357928414317137
"Fe",8596,12.188788182441,0.144371125774845
"Fe",8597,6.70673212432354,0.808438312337532
"Fe",8598,7.6245797752062,0.663467306538692
"Fe",8599,10.0491663759152,0.323335332933413
"Fe",8600,7.62364032523416,0.663667266546691
"Fe",8601,13.4040864158082,0.0877824435112977
"Fe",8602,7.33286841265891,0.713057388522295
"Fe",8603,6.00113568910882,0.891021795640872
"Fe",8604,6.18978970134555,0.868026394721056
"Fe",8605,6.05405098337042,0.884223155368926
"Fe",8606,8.86885114787779,0.476104779044191
"Fe",8607,8.60072201873035,0.51629674065187
"Fe",8608,6.09635667807808,0.879024195160968
"Fe",8609,9.06417099426608,0.445710857828434
"Fe",8610,13.2216533876031,0.0919816036792642
"Fe",8611,9.53354517873154,0.383523295340932
"Fe",8612,9.84194984201727,0.346730653869226
"Fe",8613,6.97728514115315,0.768246350729854
"Fe",8614,6.47397641304912,0.835632873425315
"Fe",8615,10.6478140355346,0.263547290541892
"Fe",8616,17.818926035167,0.00999800039992002
"Fe",8617,15.7613065807499,0.0273945210957808
"Fe",8618,9.97348697204927,0.331733653269346
"Fe",8619,12.9274669627551,0.102579484103179
"Fe",8620,5.92994429266517,0.897820435912817
"Fe",8621,6.02564401545305,0.887822435512897
"Fe",8622,10.9178389699521,0.239552089582084
"Fe",8623,10.1035856852966,0.316136772645471
"Fe",8624,11.7134980931935,0.177564487102579
"Fe",8625,8.66574160910946,0.506498700259948
"Fe",8626,8.12837780260128,0.585882823435313
"Fe",8627,6.54321811843235,0.82623475304939
"Fe",8628,6.7741298302773,0.800639872025595
"Fe",8629,11.0736561359197,0.225554889022196
"Fe",8630,11.308358308749,0.208358328334333
"Fe",8631,8.24950634879573,0.567886422715457
"Fe",8632,8.09026857303638,0.590081983603279
"Fe",8633,6.41657698449666,0.842031593681264
"Fe",8634,11.3886779200786,0.201359728054389
"Fe",8635,8.98638992975046,0.457308538292342
"Fe",8636,6.3799849817581,0.845230953809238
"Fe",8637,6.74687449106436,0.803639272145571
"Fe",8638,10.6438123985025,0.263947210557888
"Fe",8639,7.14674290054944,0.742251549690062
"Fe",8640,8.81825906213132,0.484903019396121
"Fe",8641,7.77011877838396,0.643671265746851
"Fe",8642,17.36708827723,0.0131973605278944
"Fe",8643,12.8172501057575,0.107778444311138
"Fe",8644,12.6726090740567,0.114777044591082
"Fe",8645,12.1070586807559,0.1499700059988
"Fe",8646,7.97337633069614,0.608878224355129
"Fe",8647,11.5500852662651,0.188962207558488
"Fe",8648,10.0698681657356,0.320735852829434
"Fe",8649,9.90873378918391,0.339932013597281
"Fe",8650,6.7764077263802,0.800239952009598
"Fe",8651,10.0651239654948,0.321135772845431
"Fe",8652,11.4232708447507,0.198960207958408
"Fe",8653,7.18287323524947,0.736452709458108
"Fe",8654,7.0443082052445,0.758448310337932
"Fe",8655,14.0313902226237,0.0643871225754849
"Fe",8656,6.91164622855212,0.781043791241752
"Fe",8657,8.14638078443593,0.581683663267347
"Fe",8658,7.41013398851392,0.703859228154369
"Fe",8659,9.00918372158699,0.454109178164367
"Fe",8660,13.0426547346973,0.0975804839032194
"Fe",8661,10.2753499829915,0.297340531893621
"Fe",8662,9.45585042693259,0.393121375724855
"Fe",8663,9.67868899908257,0.368126374725055
"Fe",8664,8.42566809454871,0.542091581683663
"Fe",8665,11.6935709174928,0.17876424715057
"Fe",8666,9.94593557837683,0.335332933413317
"Fe",8667,6.00972151850488,0.89002199560088
"Fe",8668,7.48416180028127,0.692261547690462
"Fe",8669,11.4140754653479,0.1999600079984
"Fe",8670,13.1408294858512,0.0935812837432514
"Fe",8671,8.15467112364703,0.580483903219356
"Fe",8672,5.3251537630493,0.947410517896421
"Fe",8673,9.44090059743718,0.395120975804839
"Fe",8674,13.6579484864652,0.0771845630873825
"Fe",8675,7.71235970631804,0.650469906018796
"Fe",8676,12.586187949857,0.118576284743051
"Fe",8677,9.47530214472687,0.390721855628874
"Fe",8678,5.67297650257424,0.918416316736653
"Fe",8679,13.4364025294328,0.0869826034793041
"Fe",8680,8.02685537993281,0.598880223955209
"Fe",8681,8.92101242188465,0.46870625874825
"Fe",8682,12.0439885817572,0.155368926214757
"Fe",8683,10.3945537883511,0.285542891421716
"Fe",8684,6.93404340856617,0.776444711057788
"Fe",8685,8.77651605389465,0.490701859628074
"Fe",8686,8.61040175114901,0.514297140571886
"Fe",8687,5.53980715407162,0.930813837232554
"Fe",8688,6.00016093943614,0.891021795640872
"Fe",8689,6.82175722132038,0.794841031793641
"Fe",8690,6.33149150923342,0.85122975404919
"Fe",8691,8.19333622626993,0.574285142971406
"Fe",8692,7.76329076802321,0.644871025794841
"Fe",8693,11.8440664836243,0.166566686662667
"Fe",8694,6.61859863733306,0.817436512697461
"Fe",8695,6.67727344773263,0.812037592481504
"Fe",8696,8.46540156032296,0.537092581483703
"Fe",8697,7.99482433027322,0.605878824235153
"Fe",8698,13.0729940081183,0.096380723855229
"Fe",8699,6.33826835895673,0.850229954009198
"Fe",8700,16.4825047679327,0.01999600079984
"Fe",8701,9.78481252987021,0.355528894221156
"Fe",8702,12.4074240992583,0.129374125174965
"Fe",8703,8.56533076911489,0.521895620875825
"Fe",8704,11.3537497879906,0.204159168166367
"Fe",8705,11.3507800206818,0.204359128174365
"Fe",8706,8.17556060758389,0.57628474305139
"Fe",8707,10.5147672849664,0.275944811037792
"Fe",8708,8.60872107775907,0.514297140571886
"Fe",8709,8.69992505338197,0.501899620075985
"Fe",8710,16.9282951926157,0.0167966406718656
"Fe",8711,7.25495049230469,0.725254949010198
"Fe",8712,12.4955074055447,0.124375124975005
"Fe",8713,8.77728378740173,0.490701859628074
"Fe",8714,7.91488445751449,0.617676464707059
"Fe",8715,6.75369220115329,0.802639472105579
"Fe",8716,8.8769460908359,0.474905018996201
"Fe",8717,20.9324520856245,0.0031993601279744
"Fe",8718,11.40485313388,0.200559888022396
"Fe",8719,14.2872537204616,0.0557888422315537
"Fe",8720,8.03799907355494,0.597080583883223
"Fe",8721,6.84726932444298,0.789842031593681
"Fe",8722,9.24556556623605,0.421715656868626
"Fe",8723,10.3668965452454,0.288342331533693
"Fe",8724,8.83389997806012,0.48130373925215
"Fe",8725,8.74572318898785,0.495500899820036
"Fe",8726,11.6268660964877,0.183563287342531
"Fe",8727,10.8775219814346,0.243351329734053
"Fe",8728,7.42033805488609,0.701059788042392
"Fe",8729,6.96737791830074,0.770445910817836
"Fe",8730,10.7057029647388,0.257348530293941
"Fe",8731,9.81633710755906,0.348530293941212
"Fe",8732,7.893458410378,0.621675664867027
"Fe",8733,16.9853073451295,0.0161967606478704
"Fe",8734,8.48739798444714,0.53369326134773
"Fe",8735,8.06073238527071,0.594281143771246
"Fe",8736,4.93220494646411,0.972405518896221
"Fe",8737,7.79103443452465,0.639472105578884
"Fe",8738,7.50286044806998,0.690261947610478
"Fe",8739,6.85835231833892,0.788642271545691
"Fe",8740,7.00591715274771,0.764247150569886
"Fe",8741,12.6422866230098,0.116376724655069
"Fe",8742,9.28024809577849,0.416316736652669
"Fe",8743,6.81670334323178,0.795840831833633
"Fe",8744,8.04315454751691,0.596480703859228
"Fe",8745,10.7633661581354,0.253349330133973
"Fe",8746,7.17927889547364,0.736852629474105
"Fe",8747,8.43830065553016,0.540491901619676
"Fe",8748,19.0625996812234,0.00639872025594881
"Fe",8749,6.76970834595679,0.800839832033593
"Fe",8750,7.90739343594677,0.619076184763047
"Fe",8751,9.44778133234345,0.393921215756849
"Fe",8752,11.0108796930215,0.231553689262148
"Fe",8753,11.8127009146895,0.16876624675065
"Fe",8754,9.22306874453776,0.425114977004599
"Fe",8755,4.77415367163493,0.979604079184163
"Fe",8756,8.96353904560567,0.461507698460308
"Fe",8757,9.26156452580028,0.419716056788642
"Fe",8758,12.6889639858832,0.113577284543091
"Fe",8759,8.04660543896304,0.596080783843231
"Fe",8760,9.3777533790784,0.401519696060788
"Fe",8761,11.6469640894944,0.182563487302539
"Fe",8762,7.56301388542477,0.677064587082583
"Fe",8763,17.3295669018877,0.0131973605278944
"Fe",8764,9.0446295603945,0.448110377924415
"Fe",8765,6.81591918697248,0.795840831833633
"Fe",8766,8.01619669138046,0.600879824035193
"Fe",8767,7.10379826221882,0.750249950009998
"Fe",8768,10.386317724009,0.285942811437712
"Fe",8769,7.12590204765527,0.745650869826035
"Fe",8770,16.5613955261589,0.0195960807838432
"Fe",8771,9.43325713677402,0.396320735852829
"Fe",8772,10.3805211651144,0.286342731453709
"Fe",8773,7.86881996383048,0.625074985002999
"Fe",8774,4.9494413195962,0.971005798840232
"Fe",8775,11.6279749899122,0.183563287342531
"Fe",8776,14.6575962960632,0.0481903619276145
"Fe",8777,10.068217918466,0.320735852829434
"Fe",8778,7.37974062923442,0.707258548290342
"Fe",8779,6.96179727887605,0.77124575084983
"Fe",8780,8.80228742335004,0.487302539492102
"Fe",8781,9.15371216600627,0.434513097380524
"Fe",8782,11.5175864684936,0.190561887622476
"Fe",8783,6.38339894358492,0.844831033793241
"Fe",8784,8.97284555451711,0.459508098380324
"Fe",8785,9.20691806208606,0.426514697060588
"Fe",8786,9.15845917442073,0.433113377324535
"Fe",8787,6.38380470069225,0.844831033793241
"Fe",8788,7.58221501629509,0.674065186962608
"Fe",8789,10.4172888398291,0.284143171365727
"Fe",8790,9.7617208181963,0.357728454309138
"Fe",8791,8.7470252384673,0.495300939812038
"Fe",8792,9.49645635404914,0.388122375524895
"Fe",8793,7.83102598939277,0.634073185362927
"Fe",8794,8.05323882620552,0.595080983803239
"Fe",8795,6.13438396354451,0.874225154969006
"Fe",8796,6.74774851611366,0.803439312137572
"Fe",8797,10.5286567946506,0.274545090981804
"Fe",8798,5.09313870870147,0.964407118576285
"Fe",8799,8.37183505252108,0.55128974205159
"Fe",8800,6.71682245294605,0.806838632273545
"Fe",8801,12.895854608499,0.104179164167167
"Fe",8802,8.25923746381955,0.56628674265147
"Fe",8803,6.55029731876607,0.826034793041392
"Fe",8804,7.91474524054226,0.617876424715057
"Fe",8805,6.64598546330664,0.81503699260148
"Fe",8806,6.97941830194716,0.768046390721856
"Fe",8807,6.23030482932552,0.862427514497101
"Fe",8808,9.4744205654552,0.390921815636873
"Fe",8809,10.8930127434378,0.242151569686063
"Fe",8810,10.9822281667279,0.233953209358128
"Fe",8811,7.11206290165373,0.748250349930014
"Fe",8812,10.270403850745,0.298340331933613
"Fe",8813,3.9703617687624,0.996400719856029
"Fe",8814,9.06333499287018,0.446110777844431
"Fe",8815,10.9099324250724,0.240351929614077
"Fe",8816,11.1607671568021,0.218956208758248
"Fe",8817,10.2931525778696,0.295340931813637
"Fe",8818,6.05569508733362,0.883823235352929
"Fe",8819,10.7728343203803,0.252349530093981
"Fe",8820,7.21825109165266,0.732053589282144
"Fe",8821,10.0279095973388,0.325534893021396
"Fe",8822,5.11203074413663,0.962807438512298
"Fe",8823,14.4593035824794,0.0531893621275745
"Fe",8824,5.87231578714716,0.902819436112777
"Fe",8825,8.66322519187588,0.506498700259948
"Fe",8826,5.742950464361,0.913217356528694
"Fe",8827,10.7045261095255,0.25754849030194
"Fe",8828,13.8267104080236,0.0717856428714257
"Fe",8829,7.32117113340982,0.714657068586283
"Fe",8830,4.20834288369971,0.993401319736053
"Fe",8831,10.578736145154,0.270945810837832
"Fe",8832,5.55065390645873,0.930413917216557
"Fe",8833,16.8937544243465,0.016996600679864
"Fe",8834,8.71426114877448,0.499900019996001
"Fe",8835,10.3738355482799,0.287742451509698
"Fe",8836,10.0743726001821,0.31993601279744
"Fe",8837,8.49767845402798,0.531893621275745
"Fe",8838,8.0112803086036,0.601679664067187
"Fe",8839,14.8402674870616,0.0437912417516497
"Fe",8840,10.7523965895899,0.253949210157968
"Fe",8841,24.3794484197878,0.000599880023995201
"Fe",8842,4.97869172386547,0.969606078784243
"Fe",8843,14.2780871024224,0.0559888022395521
"Fe",8844,8.09662769025914,0.589282143571286
"Fe",8845,7.1714100287974,0.738252349530094
"Fe",8846,12.9002033406152,0.103979204159168
"Fe",8847,5.72788488327109,0.914217156568686
"Fe",8848,9.5403070074822,0.383123375324935
"Fe",8849,7.53463248179224,0.682263547290542
"Fe",8850,6.88921786827873,0.784443111377724
"Fe",8851,5.78571125781966,0.910217956408718
"Fe",8852,5.01070250178566,0.968006398720256
"Fe",8853,8.73823972930441,0.497100579884023
"Fe",8854,10.8133186012333,0.248150369926015
"Fe",8855,6.85589825850292,0.788642271545691
"Fe",8856,9.3482858740409,0.405918816236753
"Fe",8857,11.5589227273947,0.188362327534493
"Fe",8858,11.0863878518024,0.2249550089982
"Fe",8859,6.86665092878508,0.787242551489702
"Fe",8860,6.41277982646599,0.842231553689262
"Fe",8861,9.44707185580617,0.393921215756849
"Fe",8862,5.99660712558162,0.89122175564887
"Fe",8863,4.00872729121434,0.996000799840032
"Fe",8864,10.6929932066556,0.25874825034993
"Fe",8865,10.4998027924757,0.27754449110178
"Fe",8866,7.64316639500154,0.66126774645071
"Fe",8867,9.8450259314472,0.346530693861228
"Fe",8868,12.3462686393169,0.13377324535093
"Fe",8869,12.4896403625641,0.124975004999
"Fe",8870,9.54251120936149,0.382923415316937
"Fe",8871,12.0850794356207,0.152769446110778
"Fe",8872,6.07948225820999,0.880623875224955
"Fe",8873,8.00205825400332,0.604679064187163
"Fe",8874,14.6662544397486,0.0481903619276145
"Fe",8875,9.1299085636073,0.437712457508498
"Fe",8876,11.1535385924266,0.219756048790242
"Fe",8877,10.295643141898,0.29494101179764
"Fe",8878,9.30377611750743,0.411717656468706
"Fe",8879,8.44307795895995,0.539892021595681
"Fe",8880,8.8254115196458,0.482903419316137
"Fe",8881,9.63253868321709,0.373125374925015
"Fe",8882,10.23284382248,0.304139172165567
"Fe",8883,10.3607238833473,0.288942211557688
"Fe",8884,11.7681846809318,0.171965606878624
"Fe",8885,8.22305918070813,0.57128574285143
"Fe",8886,8.94108673820512,0.465706858628274
"Fe",8887,6.88858431786494,0.784643071385723
"Fe",8888,6.80465944616665,0.796840631873625
"Fe",8889,9.12695741725193,0.438112377524495
"Fe",8890,9.39308226178997,0.400919816036793
"Fe",8891,12.6696029256564,0.114777044591082
"Fe",8892,11.9216044579695,0.161967606478704
"Fe",8893,16.8687263480017,0.016996600679864
"Fe",8894,8.08032378441561,0.59128174365127
"Fe",8895,10.9403765153866,0.236952609478104
"Fe",8896,9.70918036345302,0.363927214557089
"Fe",8897,10.3639564254427,0.28874225154969
"Fe",8898,9.90388748959174,0.340731853629274
"Fe",8899,6.16297188639379,0.871425714857029
"Fe",8900,13.1899761868536,0.092381523695261
"Fe",8901,19.2356586588508,0.00559888022395521
"Fe",8902,8.70321834648476,0.501499700059988
"Fe",8903,4.96524098017593,0.970205958808238
"Fe",8904,6.93937453271357,0.775444911017796
"Fe",8905,18.062246644133,0.00959808038392321
"Fe",8906,12.6578214588436,0.115376924615077
"Fe",8907,10.3632994967692,0.28874225154969
"Fe",8908,5.5392372254222,0.931013797240552
"Fe",8909,9.5880775041513,0.378124375124975
"Fe",8910,7.52245425665623,0.684863027394521
"Fe",8911,7.50926981955979,0.688262347530494
"Fe",8912,9.02357482143233,0.452309538092382
"Fe",8913,7.09790470035904,0.751049790041992
"Fe",8914,6.67012167010208,0.812637472505499
"Fe",8915,6.14970692782296,0.873225354929014
"Fe",8916,5.97576731582211,0.892421515696861
"Fe",8917,7.05474423860515,0.757648470305939
"Fe",8918,8.94324575609218,0.465106978604279
"Fe",8919,14.9059436966579,0.0419916016796641
"Fe",8920,11.626235267629,0.183563287342531
"Fe",8921,11.021981536748,0.230953809238152
"Fe",8922,9.43699716558274,0.395520895820836
"Fe",8923,6.17576510031174,0.87002599480104
"Fe",8924,8.39657042249624,0.547290541891622
"Fe",8925,8.02982826062868,0.598680263947211
"Fe",8926,12.733320573325,0.111777644471106
"Fe",8927,14.4912189078768,0.0521895620875825
"Fe",8928,7.36660782520539,0.708658268346331
"Fe",8929,9.96588133056387,0.333933213357329
"Fe",8930,14.4442231146028,0.0533893221355729
"Fe",8931,6.77126642451165,0.800639872025595
"Fe",8932,7.91237069443773,0.618476304739052
"Fe",8933,5.89432934173811,0.90121975604879
"Fe",8934,6.65115271842885,0.814237152569486
"Fe",8935,10.3521132708271,0.289342131573685
"Fe",8936,13.7738642181642,0.0735852829434113
"Fe",8937,7.11041526968665,0.748850229954009
"Fe",8938,7.91911569973121,0.616476704659068
"Fe",8939,5.61172158581945,0.9250149970006
"Fe",8940,7.87437780919424,0.624875024995001
"Fe",8941,8.65510482973949,0.508298340331934
"Fe",8942,7.81009196542928,0.637872425514897
"Fe",8943,5.84977663798858,0.904419116176765
"Fe",8944,6.53046667121521,0.828634273145371
"Fe",8945,8.7031431993357,0.501499700059988
"Fe",8946,5.73786427977521,0.913817236552689
"Fe",8947,6.31913196686014,0.852829434113177
"Fe",8948,7.14610536244652,0.74245150969806
"Fe",8949,7.02802801358692,0.761047790441912
"Fe",8950,5.73891897966138,0.913617276544691
"Fe",8951,9.80859702614165,0.350729854029194
"Fe",8952,9.65787264254365,0.369726054789042
"Fe",8953,8.0040763501797,0.603679264147171
"Fe",8954,10.6982189328921,0.257948410317936
"Fe",8955,6.06056194325245,0.882823435312937
"Fe",8956,14.852833895995,0.0433913217356529
"Fe",8957,8.49957450947088,0.531093781243751
"Fe",8958,5.11964776854688,0.962607478504299
"Fe",8959,10.1278646955389,0.314737052589482
"Fe",8960,9.06746875887052,0.445510897820436
"Fe",8961,7.16980812272388,0.738652269546091
"Fe",8962,4.93020763687446,0.972805438912218
"Fe",8963,8.15129790875613,0.580483903219356
"Fe",8964,10.9818321745321,0.233953209358128
"Fe",8965,11.4632792402663,0.195360927814437
"Fe",8966,6.91617397656955,0.779844031193761
"Fe",8967,8.14548514222852,0.581683663267347
"Fe",8968,11.7319319036129,0.176164767046591
"Fe",8969,9.95261456228539,0.334733053389322
"Fe",8970,7.18412588270397,0.736452709458108
"Fe",8971,12.4380613035416,0.128374325134973
"Fe",8972,10.0401904705053,0.323935212957409
"Fe",8973,8.08580184727478,0.590681863627275
"Fe",8974,12.8261262104303,0.107378524295141
"Fe",8975,11.9920246650734,0.158568286342731
"Fe",8976,7.96035020816092,0.609478104379124
"Fe",8977,5.55038648228049,0.930413917216557
"Fe",8978,10.0161454196451,0.326534693061388
"Fe",8979,9.2648609319271,0.419316136772645
"Fe",8980,13.6529627506331,0.0775844831033793
"Fe",8981,12.9396771328637,0.101579684063187
"Fe",8982,9.00414255243243,0.454509098180364
"Fe",8983,6.64578577223494,0.815236952609478
"Fe",8984,8.53558088295745,0.52629474105179
"Fe",8985,6.53038723627697,0.828634273145371
"Fe",8986,3.47822534948563,0.999400119976005
"Fe",8987,12.3740057567352,0.131773645270946
"Fe",8988,12.8051779050397,0.108378324335133
"Fe",8989,5.99993316755859,0.891021795640872
"Fe",8990,15.4875796616519,0.0311937612477504
"Fe",8991,11.8531059898814,0.165766846630674
"Fe",8992,9.16658729867825,0.431913617276545
"Fe",8993,8.60878842523948,0.514297140571886
"Fe",8994,6.5712920718621,0.823435312937413
"Fe",8995,10.1437921613463,0.313537292541492
"Fe",8996,7.94223616916358,0.612277544491102
"Fe",8997,11.3966912614844,0.200759848030394
"Fe",8998,5.10753807927321,0.962807438512298
"Fe",8999,12.7578021710454,0.110377924415117
"Fe",9000,11.7086000872143,0.177964407118576
"Fe",9001,8.75142131105929,0.494701059788042
"Fe",9002,15.1305494795496,0.0363927214557089
"Fe",9003,10.1873750247665,0.308938212357528
"Fe",9004,8.91386201398782,0.469306138772246
"Fe",9005,12.1261060642416,0.149370125974805
"Fe",9006,8.8783856410613,0.474705058988202
"Fe",9007,11.0687519127231,0.226154769046191
"Fe",9008,7.42740876086691,0.699660067986403
"Fe",9009,7.47588945412934,0.693061387722456
"Fe",9010,4.32954594967001,0.991601679664067
"Fe",9011,8.00805179726265,0.602679464107179
"Fe",9012,10.0604992487737,0.32253549290142
"Fe",9013,9.13123981600853,0.437312537492501
"Fe",9014,7.64425729914473,0.660467906418716
"Fe",9015,7.86388557295271,0.62627474505099
"Fe",9016,11.0498376477518,0.228154369126175
"Fe",9017,7.80166889137499,0.638672265546891
"Fe",9018,8.31529364440556,0.559088182363527
"Fe",9019,10.9734179616967,0.234753049390122
"Fe",9020,9.14409533820552,0.435712857428514
"Fe",9021,6.62580814474723,0.816836632673465
"Fe",9022,11.5924083842265,0.185562887422516
"Fe",9023,10.3119755849998,0.293341331733653
"Fe",9024,6.7558639716535,0.80243951209758
"Fe",9025,9.37922876211138,0.401519696060788
"Fe",9026,7.45436495731786,0.695460907818436
"Fe",9027,14.6152395211769,0.0491901619676065
"Fe",9028,11.2946067571245,0.208958208358328
"Fe",9029,4.97760351534183,0.97000599880024
"Fe",9030,10.9783809016897,0.234153169366127
"Fe",9031,9.49827078851499,0.388122375524895
"Fe",9032,9.45803907884195,0.392921415716857
"Fe",9033,7.78872001034409,0.639472105578884
"Fe",9034,15.7146218087532,0.027994401119776
"Fe",9035,7.52201134925434,0.685062987402519
"Fe",9036,13.0582927766558,0.0967806438712258
"Fe",9037,9.36456679359517,0.402319536092781
"Fe",9038,8.38041508236617,0.550089982003599
"Fe",9039,8.73930847613659,0.496900619876025
"Fe",9040,8.2277673105047,0.570685862827434
"Fe",9041,4.9775540735219,0.97000599880024
"Fe",9042,7.36527212281224,0.708858228354329
"Fe",9043,6.52316446481908,0.83003399320136
"Fe",9044,7.89152956234514,0.621675664867027
"Fe",9045,14.2497065250787,0.0571885622875425
"Fe",9046,8.64725124605187,0.510097980403919
"Fe",9047,5.52626100236958,0.931413717256549
"Fe",9048,16.273792417434,0.0225954809038192
"Fe",9049,6.70331364756319,0.808438312337532
"Fe",9050,7.50203974460473,0.690261947610478
"Fe",9051,8.01476420067158,0.601079784043191
"Fe",9052,8.19648324601027,0.573685262947411
"Fe",9053,9.28339058597348,0.415516896620676
"Fe",9054,10.0237563747644,0.325734853029394
"Fe",9055,5.49208049236347,0.933413317336533
"Fe",9056,6.56342466441342,0.824635072985403
"Fe",9057,9.98430301047716,0.330733853229354
"Fe",9058,9.33509524206036,0.407718456308738
"Fe",9059,10.6983263023824,0.257948410317936
"Fe",9060,8.07777394942764,0.591481703659268
"Fe",9061,9.87915053059868,0.342931413717257
"Fe",9062,9.06373276621272,0.446110777844431
"Fe",9063,7.59559216212568,0.670465906818636
"Fe",9064,5.49624840447453,0.933013397320536
"Fe",9065,11.3708061316464,0.202759448110378
"Fe",9066,4.52429742011901,0.986602679464107
"Fe",9067,8.59589111901425,0.51629674065187
"Fe",9068,12.9709561278465,0.100379924015197
"Fe",9069,4.72806932003421,0.981803639272146
"Fe",9070,8.22469106306292,0.570885822835433
"Fe",9071,12.3671211493242,0.132373525294941
"Fe",9072,9.50432140863046,0.386922615476905
"Fe",9073,8.70339208003008,0.501499700059988
"Fe",9074,9.88645481322322,0.342331533693261
"Fe",9075,8.16544691531237,0.577884423115377
"Fe",9076,6.8495216937032,0.789442111577685
"Fe",9077,9.77330120896426,0.356728654269146
"Fe",9078,10.8438950204033,0.245750849830034
"Fe",9079,5.65816321772164,0.919216156768646
"Fe",9080,11.221387011742,0.214557088582284
"Fe",9081,11.6434924957658,0.182763447310538
"Fe",9082,4.94798741681583,0.97120575884823
"Fe",9083,8.15321315058287,0.580483903219356
"Fe",9084,9.51562578894388,0.385122975404919
"Fe",9085,10.913296671703,0.23995200959808
"Fe",9086,9.09307732009916,0.442311537692462
"Fe",9087,6.54860327635049,0.826034793041392
"Fe",9088,12.8313405913031,0.106978604279144
"Fe",9089,13.2962483346186,0.0901819636072786
"Fe",9090,6.70682614455833,0.808438312337532
"Fe",9091,7.36181812720429,0.709058188362327
"Fe",9092,20.565766307561,0.00359928014397121
"Fe",9093,8.60661279092517,0.514697060587882
"Fe",9094,9.0794485660204,0.444511097780444
"Fe",9095,10.5840969398716,0.270345930813837
"Fe",9096,11.3333969112631,0.206158768246351
"Fe",9097,9.99224883293053,0.329934013197361
"Fe",9098,5.80776768685107,0.908018396320736
"Fe",9099,9.83961475828269,0.347130573885223
"Fe",9100,7.34662071866717,0.711657668466307
"Fe",9101,11.7774693533523,0.171565686862627
"Fe",9102,8.33000454547218,0.557088582283543
"Fe",9103,8.12162434322065,0.586082783443311
"Fe",9104,10.0547389364552,0.322735452909418
"Fe",9105,6.40100024526768,0.843031393721256
"Fe",9106,6.38368288540244,0.844831033793241
"Fe",9107,5.24750985241621,0.95380923815237
"Fe",9108,10.7761371662856,0.251749650069986
"Fe",9109,9.27669167688683,0.416916616676665
"Fe",9110,4.49798854669734,0.987802439512098
"Fe",9111,14.4286446044421,0.0533893221355729
"Fe",9112,13.1862634043543,0.0925814837032593
"Fe",9113,5.2027460580023,0.957008598280344
"Fe",9114,19.1938167014177,0.00599880023995201
"Fe",9115,11.4705478806243,0.19496100779844
"Fe",9116,6.69240456436265,0.810637872425515
"Fe",9117,9.07736132442663,0.444711057788442
"Fe",9118,6.78077180099967,0.799640071985603
"Fe",9119,10.5468877190796,0.27254549090182
"Fe",9120,7.12488144748818,0.745650869826035
"Fe",9121,13.2227190007098,0.0917816436712657
"Fe",9122,10.3449295714499,0.28994201159768
"Fe",9123,6.77999566718012,0.799640071985603
"Fe",9124,11.025157343967,0.230753849230154
"Fe",9125,9.51982862946778,0.384923015396921
"Fe",9126,11.5326680412782,0.18996200759848
"Fe",9127,12.2234647769477,0.142371525694861
"Fe",9128,4.69159106224021,0.982803439312138
"Fe",9129,7.25346292046962,0.725254949010198
"Fe",9130,9.16530850659288,0.431913617276545
"Fe",9131,21.6335915456903,0.0017996400719856
"Fe",9132,9.19782623012034,0.42751449710058
"Fe",9133,5.56018037200704,0.93001399720056
"Fe",9134,4.9661238009601,0.970205958808238
"Fe",9135,8.47019172793841,0.535892821435713
"Fe",9136,7.18266959111753,0.736452709458108
"Fe",9137,5.71580011910871,0.915616876624675
"Fe",9138,12.8774273200633,0.105378924215157
"Fe",9139,11.5950022156794,0.185562887422516
"Fe",9140,8.3586770126922,0.553489302139572
"Fe",9141,17.2356026957682,0.0141971605678864
"Fe",9142,18.6232209487727,0.00759848030393921
"Fe",9143,10.0691451583825,0.320735852829434
"Fe",9144,4.1926894558361,0.993401319736053
"Fe",9145,15.521777952897,0.0305938812237553
"Fe",9146,8.60486488399539,0.515296940611878
"Fe",9147,10.9823353922311,0.233953209358128
"Fe",9148,6.35447581045324,0.848630273945211
"Fe",9149,10.0747715406735,0.31993601279744
"Fe",9150,10.5461779026434,0.27254549090182
"Fe",9151,7.58210568033397,0.674065186962608
"Fe",9152,6.41667566930494,0.842031593681264
"Fe",9153,8.5707235512636,0.520495900819836
"Fe",9154,7.8984494824619,0.620275944811038
"Fe",9155,9.22729347358896,0.423315336932613
"Fe",9156,7.70321464194842,0.65126974605079
"Fe",9157,15.3690894310461,0.0325934813037392
"Fe",9158,4.58998479397951,0.984803039392122
"Fe",9159,7.06376373055545,0.756648670265947
"Fe",9160,12.7253876828726,0.112177564487103
"Fe",9161,8.1863319238936,0.575084983003399
"Fe",9162,7.35474001670556,0.710457908418316
"Fe",9163,7.52382373825395,0.684663067386523
"Fe",9164,7.26408488833181,0.723655268946211
"Fe",9165,11.9476480799879,0.160167966406719
"Fe",9166,9.06348138136349,0.446110777844431
"Fe",9167,6.11507561535261,0.876024795040992
"Fe",9168,9.51482440690347,0.385122975404919
"Fe",9169,9.00298106221533,0.454709058188362
"Fe",9170,9.00415327067665,0.454509098180364
"Fe",9171,6.50262874498694,0.831833633273345
"Fe",9172,5.57142302343397,0.929014197160568
"Fe",9173,6.96161487164449,0.77124575084983
"Fe",9174,4.7497432643685,0.980803839232154
"Fe",9175,9.33343130094985,0.407718456308738
"Fe",9176,9.29138418747166,0.414517096580684
"Fe",9177,10.7530530821139,0.253949210157968
"Fe",9178,8.84180495415015,0.480303939212158
"Fe",9179,6.69178270252374,0.810637872425515
"Fe",9180,13.3115570696629,0.0901819636072786
"Fe",9181,6.63043945982668,0.816436712657469
"Fe",9182,7.67207274738706,0.656868626274745
"Fe",9183,6.80497529943156,0.796640671865627
"Fe",9184,7.30603247653264,0.717056588682264
"Fe",9185,4.97582968720963,0.97000599880024
"Fe",9186,9.98619740011138,0.330733853229354
"Fe",9187,9.04059549559673,0.44871025794841
"Fe",9188,9.51788724768551,0.384923015396921
"Fe",9189,8.31023803815771,0.559688062387522
"Fe",9190,6.69654213166817,0.81003799240152
"Fe",9191,10.6223624462567,0.266546690661868
"Fe",9192,9.02296997389243,0.452309538092382
"Fe",9193,9.29280940927512,0.413917216556689
"Fe",9194,11.4285085354201,0.19876024795041
"Fe",9195,6.53829754462802,0.827234553089382
"Fe",9196,9.26968786625534,0.418316336732653
"Fe",9197,8.38037720750202,0.550089982003599
"Fe",9198,8.38767591167394,0.547890421915617
"Fe",9199,15.2664171178129,0.0333933213357329
"Fe",9200,4.68980298612516,0.983003399320136
"Fe",9201,13.8426427850344,0.0717856428714257
"Fe",9202,9.96813195655741,0.333533293341332
"Fe",9203,7.29280955856694,0.719056188762248
"Fe",9204,8.33470218814344,0.556888622275545
"Fe",9205,10.4137991053217,0.284343131373725
"Fe",9206,10.1906313769296,0.308338332333533
"Fe",9207,10.4640462689447,0.279544091181764
"Fe",9208,15.2960840761316,0.0331933613277345
"Fe",9209,17.3405680214429,0.0131973605278944
"Fe",9210,12.8252923880492,0.107378524295141
"Fe",9211,8.15278321136745,0.580483903219356
"Fe",9212,6.88977476896801,0.784243151369726
"Fe",9213,9.36237534495891,0.403519296140772
"Fe",9214,5.95590100004753,0.894821035792841
"Fe",9215,7.52840410233287,0.683663267346531
"Fe",9216,9.77975277356657,0.355728854229154
"Fe",9217,7.72629192933852,0.649270145970806
"Fe",9218,16.6644985187597,0.0187962407518496
"Fe",9219,5.9484450516513,0.895620875824835
"Fe",9220,9.08991702346623,0.442311537692462
"Fe",9221,9.38142786836931,0.401119776044791
"Fe",9222,7.24186760527053,0.727254549090182
"Fe",9223,10.4236079278095,0.28374325134973
"Fe",9224,10.8154900768334,0.247950409918016
"Fe",9225,12.5702782074709,0.119776044791042
"Fe",9226,7.08211332565722,0.753649270145971
"Fe",9227,13.9057564149965,0.0689862027594481
"Fe",9228,11.9360984421174,0.160567886422715
"Fe",9229,13.256906993502,0.0909818036392721
"Fe",9230,12.6502201510078,0.115776844631074
"Fe",9231,8.96978975940758,0.459908018396321
"Fe",9232,7.77112708974735,0.643471305738852
"Fe",9233,9.09955491676834,0.441911617676465
"Fe",9234,12.8248974161565,0.107378524295141
"Fe",9235,14.6246746778527,0.0489902019596081
"Fe",9236,13.2087044901061,0.0921815636872625
"Fe",9237,8.27036606926438,0.564887022595481
"Fe",9238,10.3965327800402,0.285142971405719
"Fe",9239,12.130288707988,0.148970205958808
"Fe",9240,5.10839503808629,0.962807438512298
"Fe",9241,6.20352483481969,0.864627074585083
"Fe",9242,9.98870702660111,0.330133973205359
"Fe",9243,7.4928064161343,0.691861627674465
"Fe",9244,6.18709326722859,0.868226354729054
"Fe",9245,13.1768008887137,0.0927814437112578
"Fe",9246,9.09338654050404,0.442311537692462
"Fe",9247,8.73640213668079,0.497300539892022
"Fe",9248,7.91327545864098,0.618076384723055
"Fe",9249,12.8109298576101,0.107978404319136
"Fe",9250,7.44558067571828,0.696860627874425
"Fe",9251,9.77357085213487,0.356728654269146
"Fe",9252,7.05307759102936,0.757648470305939
"Fe",9253,13.5591051277576,0.0809838032393521
"Fe",9254,9.69655801139729,0.366326734653069
"Fe",9255,10.7538859715791,0.253949210157968
"Fe",9256,7.86392687649948,0.62627474505099
"Fe",9257,12.6847756016346,0.113977204559088
"Fe",9258,5.86539815258658,0.903419316136773
"Fe",9259,9.41765883001409,0.398920215956809
"Fe",9260,8.73970110917278,0.496700659868026
"Fe",9261,10.7554584306428,0.25374925014997
"Fe",9262,4.44731903331939,0.988602279544091
"Fe",9263,9.98689836645647,0.330733853229354
"Fe",9264,5.15125012232866,0.961807638472306
"Fe",9265,8.53975928286647,0.525694861027794
"Fe",9266,15.2516874068362,0.0335932813437313
"Fe",9267,10.8962096814881,0.241951609678064
"Fe",9268,6.95069293473753,0.774045190961808
"Fe",9269,10.7739450069042,0.252349530093981
"Fe",9270,12.014574493245,0.157368526294741
"Fe",9271,5.92692349873579,0.898220355928814
"Fe",9272,6.76630468276812,0.801439712057588
"Fe",9273,11.8197474603556,0.168366326734653
"Fe",9274,12.165702198364,0.146970605878824
"Fe",9275,6.91163303270022,0.781043791241752
"Fe",9276,13.9109324459105,0.0679864027194561
"Fe",9277,7.67467709985971,0.65626874625075
"Fe",9278,8.12944071235839,0.585882823435313
"Fe",9279,4.66405740932365,0.983603279344131
"Fe",9280,11.6432635089741,0.182763447310538
"Fe",9281,9.82261384276961,0.347930413917217
"Fe",9282,10.4311499057449,0.282943411317736
"Fe",9283,8.19857596856804,0.573685262947411
"Fe",9284,7.79367980760944,0.639272145570886
"Fe",9285,12.4646176616843,0.126374725054989
"Fe",9286,8.78201489763939,0.489702059588082
"Fe",9287,20.570884909275,0.00339932013597281
"Fe",9288,9.76469232406876,0.35752849430114
"Fe",9289,13.1977207014397,0.092381523695261
"Fe",9290,8.08429665007048,0.590681863627275
"Fe",9291,7.53147946272043,0.683063387322535
"Fe",9292,9.32441448465536,0.408518296340732
"Fe",9293,9.3998837159441,0.400119976004799
"Fe",9294,10.8577542791499,0.244351129774045
"Fe",9295,10.0234345396303,0.325934813037393
"Fe",9296,8.54558593355821,0.524895020995801
"Fe",9297,9.58119983518341,0.379124175164967
"Fe",9298,7.08253013116533,0.753449310137972
"Fe",9299,8.23699223107101,0.569086182763447
"Fe",9300,9.15368357686671,0.434513097380524
"Fe",9301,15.0013456078235,0.0401919616076785
"Fe",9302,7.91953982572068,0.615876824635073
"Fe",9303,11.0236513549241,0.230953809238152
"Fe",9304,7.4691157987931,0.693661267746451
"Fe",9305,8.05207405070371,0.595080983803239
"Fe",9306,11.9385954842044,0.160367926414717
"Fe",9307,6.72287145916039,0.806038792241552
"Fe",9308,10.9498070253516,0.236752649470106
"Fe",9309,6.64327621021795,0.815636872625475
"Fe",9310,11.424928379235,0.198960207958408
"Fe",9311,7.05858818478811,0.757248550289942
"Fe",9312,6.16102613287569,0.871825634873025
"Fe",9313,7.74842367928696,0.646470705858828
"Fe",9314,13.6177338076013,0.0785842831433713
"Fe",9315,9.96637953155764,0.333933213357329
"Fe",9316,6.81817201540073,0.795440911817636
"Fe",9317,8.31049153917368,0.559688062387522
"Fe",9318,9.74782190855669,0.35872825434913
"Fe",9319,5.81693811613624,0.906618676264747
"Fe",9320,10.7570695202104,0.253549290141972
"Fe",9321,4.75058723171381,0.980603879224155
"Fe",9322,11.5318142320942,0.18996200759848
"Fe",9323,9.04134533497006,0.448510297940412
"Fe",9324,9.66527293073923,0.369326134773045
"Fe",9325,10.2275145483247,0.304739052189562
"Fe",9326,9.74730378986968,0.35872825434913
"Fe",9327,11.4390426767139,0.198160367926415
"Fe",9328,4.88961706239823,0.975404919016197
"Fe",9329,7.45782726436778,0.69506098780244
"Fe",9330,5.78878862488773,0.91001799640072
"Fe",9331,11.7288891746663,0.176364727054589
"Fe",9332,6.02207102650448,0.888222355528894
"Fe",9333,5.18723793491841,0.959208158368326
"Fe",9334,11.8121002427849,0.16876624675065
"Fe",9335,7.64429908400814,0.660467906418716
"Fe",9336,6.2507572551786,0.860627874425115
"Fe",9337,11.3637347133319,0.203359328134373
"Fe",9338,12.0966145413669,0.150969806038792
"Fe",9339,6.484926027547,0.834033193361328
"Fe",9340,7.13396766195731,0.743651269746051
"Fe",9341,4.47647033825939,0.988202359528094
"Fe",9342,4.59579309054891,0.984803039392122
"Fe",9343,8.45973355379789,0.5374925014997
"Fe",9344,8.515659684664,0.529894021195761
"Fe",9345,8.27308449517116,0.564287142571486
"Fe",9346,10.8734700430058,0.243951209758048
"Fe",9347,8.09060015298607,0.590081983603279
"Fe",9348,5.42092015527894,0.938412317536493
"Fe",9349,11.3222393552984,0.206958608278344
"Fe",9350,11.0705596181812,0.226154769046191
"Fe",9351,11.7461407737314,0.174565086982603
"Fe",9352,10.2427640348777,0.302339532093581
"Fe",9353,20.599993821965,0.00339932013597281
"Fe",9354,17.6039033503986,0.0115976804639072
"Fe",9355,9.55518348833834,0.382323535292941
"Fe",9356,9.18206600447269,0.429514097180564
"Fe",9357,8.60727581833886,0.514497100579884
"Fe",9358,10.1124056275513,0.315336932613477
"Fe",9359,8.80455551324644,0.486502699460108
"Fe",9360,9.38808939150749,0.400919816036793
"Fe",9361,9.38596606378374,0.400919816036793
"Fe",9362,10.353112265589,0.289342131573685
"Fe",9363,6.27212450765134,0.856828634273145
"Fe",9364,11.0517026987251,0.227954409118176
"Fe",9365,16.2747232490099,0.0225954809038192
"Fe",9366,11.2134603146816,0.215556888622276
"Fe",9367,11.6364227951121,0.182963407318536
"Fe",9368,5.92803233672538,0.897820435912817
"Fe",9369,5.36411409815645,0.944011197760448
"Fe",9370,7.26828173226616,0.723655268946211
"Fe",9371,9.60206698244357,0.376524695060988
"Fe",9372,12.0737791875709,0.153569286142771
"Fe",9373,13.5516120744824,0.0815836832633473
"Fe",9374,7.8816916240101,0.623275344931014
"Fe",9375,15.3566024212583,0.0327934413117376
"Fe",9376,7.48737101075184,0.692261547690462
"Fe",9377,7.30440765703102,0.71745650869826
"Fe",9378,10.4102176420702,0.284343131373725
"Fe",9379,6.91962147822559,0.779044191161768
"Fe",9380,11.4064010211864,0.200559888022396
"Fe",9381,6.67942602373344,0.811837632473505
"Fe",9382,8.77377432053765,0.491101779644071
"Fe",9383,4.22033731985402,0.993401319736053
"Fe",9384,13.7239933247029,0.0743851229754049
"Fe",9385,9.56404895892274,0.381323735252949
"Fe",9386,6.09101656605847,0.879624075184963
"Fe",9387,13.3034692760259,0.0901819636072786
"Fe",9388,10.7082395274222,0.257148570285943
"Fe",9389,10.455546968305,0.280543891221756
"Fe",9390,8.0540554136239,0.595080983803239
"Fe",9391,10.0247846621954,0.325734853029394
"Fe",9392,20.6242246578185,0.00339932013597281
"Fe",9393,5.41460241601729,0.938612277544491
"Fe",9394,10.2057256758188,0.307138572285543
"Fe",9395,5.65979749948806,0.919016196760648
"Fe",9396,6.39377403391725,0.843831233753249
"Fe",9397,7.89212201558966,0.621675664867027
"Fe",9398,5.24377749669981,0.954409118176365
"Fe",9399,7.36583024231879,0.708658268346331
"Fe",9400,11.5373304404185,0.189762047590482
"Fe",9401,8.07450406043196,0.591881623675265
"Fe",9402,11.5036515190223,0.191961607678464
"Fe",9403,10.8560606790987,0.244551089782044
"Fe",9404,6.4960136242499,0.83243351329734
"Fe",9405,11.5659026882675,0.187962407518496
"Fe",9406,7.8050881376372,0.638272345530894
"Fe",9407,8.40648226076905,0.546090781843631
"Fe",9408,8.39090572157005,0.547690461907618
"Fe",9409,10.4149218610887,0.284343131373725
"Fe",9410,15.5098806377383,0.0307938412317536
"Fe",9411,14.7094372378146,0.0467906418716257
"Fe",9412,15.1513484694047,0.0357928414317137
"Fe",9413,7.46605265992952,0.693861227754449
"Fe",9414,8.11028422778728,0.587882423515297
"Fe",9415,8.28985142007019,0.5624875024995
"Fe",9416,10.2679338735245,0.298940211957609
"Fe",9417,13.6931001352346,0.0751849630073985
"Fe",9418,4.65675261194286,0.98380323935213
"Fe",9419,11.8412669571302,0.166766646670666
"Fe",9420,10.442237313881,0.282143571285743
"Fe",9421,5.22720667470985,0.956008798240352
"Fe",9422,12.1103489921506,0.149770045990802
"Fe",9423,11.6144858763031,0.184363127374525
"Fe",9424,10.5037537867017,0.277344531093781
"Fe",9425,4.50495236666731,0.987802439512098
"Fe",9426,7.21080437817221,0.732853429314137
"Fe",9427,11.0256639075662,0.230753849230154
"Fe",9428,9.19827761731057,0.42751449710058
"Fe",9429,9.86701460994101,0.344931013797241
"Fe",9430,9.51314122643387,0.385522895420916
"Fe",9431,7.28090066069015,0.72125574885023
"Fe",9432,7.94901743149785,0.610877824435113
"Fe",9433,7.92388240418995,0.615276944611078
"Fe",9434,10.0083090495266,0.32753449310138
"Fe",9435,5.74106077248027,0.913417316536693
"Fe",9436,11.9664944427043,0.159168166366727
"Fe",9437,14.7528149429796,0.0455908818236353
"Fe",9438,7.79835627532833,0.639272145570886
"Fe",9439,5.58754285791761,0.928014397120576
"Fe",9440,4.91893174967802,0.973605278944211
"Fe",9441,6.1560908785126,0.872825434913017
"Fe",9442,10.9147337941377,0.23995200959808
"Fe",9443,8.38802465726329,0.547890421915617
"Fe",9444,8.31325889838828,0.559088182363527
"Fe",9445,6.60634373306763,0.819636072785443
"Fe",9446,7.46160674785594,0.694461107778444
"Fe",9447,6.17234583558641,0.870225954809038
"Fe",9448,7.88562876991807,0.622675464907019
"Fe",9449,15.4526652482474,0.0317936412717457
"Fe",9450,10.5239540674431,0.2749450109978
"Fe",9451,8.56927594754501,0.52129574085183
"Fe",9452,9.49314883382914,0.38872225554889
"Fe",9453,13.3980831295639,0.0877824435112977
"Fe",9454,7.72702455319569,0.648870225954809
"Fe",9455,6.20452737690147,0.864627074585083
"Fe",9456,15.9041914696114,0.0265946810637872
"Fe",9457,4.36130278291265,0.991401719656069
"Fe",9458,16.7445493332441,0.017996400719856
"Fe",9459,5.64364538862816,0.921615676864627
"Fe",9460,11.2055468584227,0.216756648670266
"Fe",9461,10.8343314451074,0.246550689862028
"Fe",9462,5.5322980571281,0.93121375724855
"Fe",9463,4.99857543995168,0.96880623875225
"Fe",9464,4.77649511936096,0.979604079184163
"Fe",9465,7.37741926691618,0.70745850829834
"Fe",9466,9.07372920579431,0.445110977804439
"Fe",9467,10.5379190533028,0.273345330933813
"Fe",9468,18.5567899958635,0.00779844031193761
"Fe",9469,12.4224500004473,0.12877424515097
"Fe",9470,6.51438591502432,0.830633873225355
"Fe",9471,8.41176691352879,0.545090981803639
"Fe",9472,15.0000325153875,0.0401919616076785
"Fe",9473,7.03080081370547,0.761047790441912
"Fe",9474,5.78944911427823,0.909818036392721
"Fe",9475,8.36632940957736,0.552689462107579
"Fe",9476,7.15093682528357,0.741851629674065
"Fe",9477,10.2786498550923,0.296940611877624
"Fe",9478,9.06861506315019,0.445310937812438
"Fe",9479,16.9880821131524,0.0161967606478704
"Fe",9480,8.96296770305773,0.461507698460308
"Fe",9481,7.11684584891105,0.747650469906019
"Fe",9482,11.7783189340782,0.171165766846631
"Fe",9483,14.4792966594662,0.0523895220955809
"Fe",9484,11.0280859716024,0.230353929214157
"Fe",9485,13.2071991565847,0.0921815636872625
"Fe",9486,7.30015274208199,0.718056388722256
"Fe",9487,6.40079205774154,0.843031393721256
"Fe",9488,10.3289586149889,0.290941811637672
"Fe",9489,6.12936654732641,0.874625074985003
"Fe",9490,10.5706595509133,0.271345730853829
"Fe",9491,10.0109162961137,0.327334533093381
"Fe",9492,9.90006849122696,0.340731853629274
"Fe",9493,10.0711086898133,0.320735852829434
"Fe",9494,8.92954673116066,0.467706458708258
"Fe",9495,8.1786364116131,0.576084783043391
"Fe",9496,6.84656684526905,0.79004199160168
"Fe",9497,8.97766901875937,0.458908218356329
"Fe",9498,5.2552581693345,0.952809438112378
"Fe",9499,6.79505117626553,0.797840431913617
"Fe",9500,9.37257040063568,0.401919616076785
"Fe",9501,5.10449587451166,0.963007398520296
"Fe",9502,12.4694685547611,0.126174765046991
"Fe",9503,8.99120477749335,0.456508698260348
"Fe",9504,8.03352791650697,0.597880423915217
"Fe",9505,14.7559630301844,0.0455908818236353
"Fe",9506,13.7926207795623,0.0729854029194161
"Fe",9507,11.5431972037974,0.189362127574485
"Fe",9508,7.6465367581136,0.660067986402719
"Fe",9509,5.92608166080538,0.898220355928814
"Fe",9510,7.17228825252914,0.737852429514097
"Fe",9511,12.3863665353529,0.131173765246951
"Fe",9512,7.6569500302009,0.659068186362727
"Fe",9513,6.63079921893097,0.816436712657469
"Fe",9514,9.0229626986555,0.452309538092382
"Fe",9515,6.08787031891293,0.879824035192961
"Fe",9516,14.5217794294677,0.0511897620475905
"Fe",9517,9.16833202251541,0.43131373725255
"Fe",9518,10.8157401967759,0.247950409918016
"Fe",9519,6.85979018682497,0.788642271545691
"Fe",9520,5.69029707388341,0.917416516696661
"Fe",9521,6.22251033144815,0.863027394521096
"Fe",9522,5.18482307150924,0.959208158368326
"Fe",9523,7.97704996939734,0.608478304339132
"Fe",9524,8.15407597690375,0.580483903219356
"Fe",9525,12.3788270815759,0.131573685262947
"Fe",9526,14.2129253994444,0.0579884023195361
"Fe",9527,8.26776641391876,0.565286942611478
"Fe",9528,7.17750129574975,0.737052589482104
"Fe",9529,5.57621978179995,0.929014197160568
"Fe",9530,6.52759768665314,0.829434113177364
"Fe",9531,6.70110035880046,0.809038192361528
"Fe",9532,6.51087876074794,0.831033793241352
"Fe",9533,8.04067522255914,0.596480703859228
"Fe",9534,9.24074864922824,0.421715656868626
"Fe",9535,7.13556085373671,0.743651269746051
"Fe",9536,11.3118580035618,0.208158368326335
"Fe",9537,8.39488381410638,0.54749050189962
"Fe",9538,9.93822595291064,0.336532693461308
"Fe",9539,15.5678813400108,0.0301939612077584
"Fe",9540,8.8043753751127,0.486502699460108
"Fe",9541,13.6932777899429,0.0751849630073985
"Fe",9542,7.88950136444896,0.622075584883023
"Fe",9543,13.446408824154,0.0863827234553089
"Fe",9544,7.44585501955433,0.696860627874425
"Fe",9545,6.5577837774097,0.825434913017396
"Fe",9546,7.52224704030971,0.685062987402519
"Fe",9547,9.22379903552394,0.424915016996601
"Fe",9548,8.06114674816621,0.594281143771246
"Fe",9549,7.3225142620891,0.714257148570286
"Fe",9550,13.0467866942911,0.0971805638872226
"Fe",9551,3.7021447848376,0.998400319936013
"Fe",9552,17.9032944908191,0.00959808038392321
"Fe",9553,6.06612744370298,0.882023595280944
"Fe",9554,9.97046182163481,0.332933413317337
"Fe",9555,6.25890334916841,0.859228154369126
"Fe",9556,5.31598332829552,0.948010397920416
"Fe",9557,6.89614398022476,0.782843431313737
"Fe",9558,7.58092837762021,0.674665066986603
"Fe",9559,9.98183635687471,0.331133773245351
"Fe",9560,5.37986462211541,0.942811437712457
"Fe",9561,9.38513005286657,0.401119776044791
"Fe",9562,7.67723716831725,0.655868826234753
"Fe",9563,8.24965338269902,0.567686462707458
"Fe",9564,7.51793149488807,0.686062787442511
"Fe",9565,8.17506626996138,0.57628474305139
"Fe",9566,12.1288884235289,0.149370125974805
"Fe",9567,6.14434402877416,0.873425314937013
"Fe",9568,11.7977442131973,0.169766046790642
"Fe",9569,8.08784889643724,0.590081983603279
"Fe",9570,6.80327992887507,0.797240551889622
"Fe",9571,10.8735231180367,0.243951209758048
"Fe",9572,9.24249486899416,0.421715656868626
"Fe",9573,7.99845161420771,0.605678864227155
"Fe",9574,7.41622008734228,0.702059588082384
"Fe",9575,6.86006909502183,0.788642271545691
"Fe",9576,4.27711142434606,0.992201559688062
"Fe",9577,9.51954640614363,0.384923015396921
"Fe",9578,9.59899461456598,0.376924615076985
"Fe",9579,4.90582965130048,0.974405118976205
"Fe",9580,6.26893415143059,0.856828634273145
"Fe",9581,7.75224725587717,0.646070785842831
"Fe",9582,7.16874684261927,0.738852229554089
"Fe",9583,8.15106767140441,0.580483903219356
"Fe",9584,7.21290699461937,0.732653469306139
"Fe",9585,8.39492727765975,0.54749050189962
"Fe",9586,7.04252878054581,0.758648270345931
"Fe",9587,9.90779352340621,0.340131973605279
"Fe",9588,18.6684981096883,0.00759848030393921
"Fe",9589,7.91377007299559,0.617876424715057
"Fe",9590,7.31812067607098,0.71505698860228
"Fe",9591,7.64757879388003,0.660067986402719
"Fe",9592,9.1892132737031,0.428314337132573
"Fe",9593,14.510106456089,0.0517896420715857
"Fe",9594,5.6245085530085,0.924015196960608
"Fe",9595,6.46353037991918,0.836632673465307
"Fe",9596,13.3373861516572,0.0893821235752849
"Fe",9597,12.2611390721796,0.139772045590882
"Fe",9598,6.20535465475031,0.864627074585083
"Fe",9599,6.69711105723951,0.81003799240152
"Fe",9600,11.7792153395222,0.171165766846631
"Fe",9601,8.5636436323494,0.522295540891822
"Fe",9602,11.118236806793,0.223155368926215
"Fe",9603,7.60352146085341,0.668666266746651
"Fe",9604,5.43258599964017,0.937812437512498
"Fe",9605,10.3034544420649,0.293941211757648
"Fe",9606,5.55545963730846,0.930213957208558
"Fe",9607,6.13943559737837,0.873825234953009
"Fe",9608,6.13360010655592,0.874225154969006
"Fe",9609,8.2925108117656,0.562287542491502
"Fe",9610,9.43123319167455,0.396320735852829
"Fe",9611,11.2894049949463,0.209358128374325
"Fe",9612,7.027485842196,0.761047790441912
"Fe",9613,15.0302990201288,0.0395920815836833
"Fe",9614,7.7604698523909,0.645270945810838
"Fe",9615,9.25415357232706,0.420715856828634
"Fe",9616,11.8411511898811,0.166766646670666
"Fe",9617,7.47824670216042,0.692861427714457
"Fe",9618,9.72600212891015,0.362127574485103
"Fe",9619,9.43470799917674,0.395720855828834
"Fe",9620,10.8991818435233,0.241751649670066
"Fe",9621,11.7732771064952,0.171765646870626
"Fe",9622,6.90743725771796,0.781443711257748
"Fe",9623,8.37526234423092,0.550889822035593
"Fe",9624,10.2530783804958,0.300739852029594
"Fe",9625,9.29423713312903,0.41371725654869
"Fe",9626,8.55341268785045,0.524495100979804
"Fe",9627,8.19861225615844,0.573685262947411
"Fe",9628,6.89151159150737,0.783443311337732
"Fe",9629,14.5933115172199,0.0495900819836033
"Fe",9630,9.92489138749289,0.338332333533293
"Fe",9631,6.11208856868853,0.876024795040992
"Fe",9632,11.8444845913473,0.166566686662667
"Fe",9633,11.1617542540257,0.21875624875025
"Fe",9634,8.59388540638889,0.516696660667866
"Fe",9635,10.0930655070347,0.317136572685463
"Fe",9636,9.12047920016855,0.439312137572485
"Fe",9637,14.6742424881106,0.0477904419116177
"Fe",9638,7.00925452388006,0.764047190561888
"Fe",9639,4.58481813352623,0.984803039392122
"Fe",9640,6.69223862684225,0.810637872425515
"Fe",9641,13.1670590483367,0.0931813637272546
"Fe",9642,6.97322702673986,0.769646070785843
"Fe",9643,5.88851569393,0.901619676064787
"Fe",9644,9.15904932516332,0.432913417316537
"Fe",9645,8.87233637203988,0.475704859028194
"Fe",9646,12.9869249988116,0.0999800039992002
"Fe",9647,7.35040782781579,0.711057788442311
"Fe",9648,13.3586219320452,0.0889822035592881
"Fe",9649,8.96677887128772,0.460507898420316
"Fe",9650,9.09906656512626,0.441911617676465
"Fe",9651,7.00813142673522,0.764047190561888
"Fe",9652,14.426425893967,0.0533893221355729
"Fe",9653,19.9948776961396,0.00419916016796641
"Fe",9654,8.90465242707404,0.470905818836233
"Fe",9655,10.754270757333,0.253949210157968
"Fe",9656,14.4166122667912,0.0537892421515697
"Fe",9657,7.04008185863412,0.759048190361928
"Fe",9658,6.97823265129389,0.768246350729854
"Fe",9659,9.29580238516127,0.412717456508698
"Fe",9660,3.65537209271137,0.998600279944011
"Fe",9661,11.9226318732042,0.161967606478704
"Fe",9662,12.750814052825,0.110577884423115
"Fe",9663,8.36628992202927,0.552689462107579
"Fe",9664,9.31999864567479,0.409118176364727
"Fe",9665,6.25726482978618,0.859828034393121
"Fe",9666,7.54331302606548,0.680463907218556
"Fe",9667,10.9176117290945,0.239552089582084
"Fe",9668,6.77043843944608,0.800839832033593
"Fe",9669,8.68013096406543,0.504699060187962
"Fe",9670,5.42084881100342,0.938412317536493
"Fe",9671,10.2045657435288,0.307138572285543
"Fe",9672,6.57481235230944,0.822835432913417
"Fe",9673,6.79879584421977,0.79744051189762
"Fe",9674,6.13147578259426,0.874425114977005
"Fe",9675,10.6316893948309,0.265546890621876
"Fe",9676,7.75301941520263,0.646070785842831
"Fe",9677,10.0313927624652,0.325134973005399
"Fe",9678,9.76675981588775,0.35752849430114
"Fe",9679,4.52222789079441,0.986802639472106
"Fe",9680,10.9055203579013,0.240551889622076
"Fe",9681,8.77585304555464,0.490901819636073
"Fe",9682,7.1838698712825,0.736452709458108
"Fe",9683,9.64358335635157,0.371125774845031
"Fe",9684,9.70254013444637,0.365726854629074
"Fe",9685,11.3412418750795,0.20495900819836
"Fe",9686,5.56023863804106,0.93001399720056
"Fe",9687,9.55331584421393,0.382323535292941
"Fe",9688,7.30377911071122,0.71745650869826
"Fe",9689,6.43685552346653,0.839232153569286
"Fe",9690,6.02897559001124,0.887622475504899
"Fe",9691,4.0522296835355,0.995400919816037
"Fe",9692,12.7714794252056,0.10997800439912
"Fe",9693,9.55593183908132,0.382323535292941
"Fe",9694,8.39324305644877,0.54749050189962
"Fe",9695,5.82552349475648,0.905618876224755
"Fe",9696,9.49065398387185,0.388922215556889
"Fe",9697,6.63232284127628,0.81623675264947
"Fe",9698,8.79967595595903,0.4875024995001
"Fe",9699,12.4370831403665,0.128374325134973
"Fe",9700,10.2847402709756,0.296740651869626
"Fe",9701,13.5603284649545,0.0807838432313537
"Fe",9702,8.43267711197299,0.541091781643671
"Fe",9703,10.0059422646737,0.327934413117377
"Fe",9704,7.96851883016436,0.609078184363127
"Fe",9705,6.57859454357779,0.822435512897421
"Fe",9706,16.0432556037865,0.0247950409918016
"Fe",9707,5.32946939430394,0.946810637872425
"Fe",9708,11.4486551147155,0.197360527894421
"Fe",9709,11.5664078161737,0.187962407518496
"Fe",9710,6.96642778208042,0.770845830833833
"Fe",9711,23.6729927330134,0.000799840031993601
"Fe",9712,12.5024894877085,0.124175164967007
"Fe",9713,9.0205094594622,0.45250949810038
"Fe",9714,7.77481775781899,0.643071385722855
"Fe",9715,6.0376688353937,0.886622675464907
"Fe",9716,7.13404449055602,0.743651269746051
"Fe",9717,12.1595766287713,0.147770445910818
"Fe",9718,11.534842313082,0.189762047590482
"Fe",9719,9.77391659842769,0.356728654269146
"Fe",9720,7.6868101183191,0.654269146170766
"Fe",9721,5.48228020656887,0.934013197360528
"Fe",9722,6.59409406411194,0.821035792841432
"Fe",9723,9.5619060464275,0.381523695260948
"Fe",9724,7.95596781272539,0.609878024395121
"Fe",9725,4.79243251945641,0.979404119176165
"Fe",9726,12.1449228951081,0.148570285942811
"Fe",9727,8.95554454258772,0.462707458508298
"Fe",9728,5.19911359152294,0.957208558288342
"Fe",9729,9.7914251729697,0.354129174165167
"Fe",9730,7.73963826861061,0.64747050589882
"Fe",9731,15.0605364804125,0.0385922815436913
"Fe",9732,7.77120516312684,0.643471305738852
"Fe",9733,5.80529731497907,0.908218356328734
"Fe",9734,10.7750107204292,0.252149570085983
"Fe",9735,10.0109377887422,0.327334533093381
"Fe",9736,10.2279940434478,0.304739052189562
"Fe",9737,16.9731557128883,0.0163967206558688
"Fe",9738,9.69773348450201,0.366126774645071
"Fe",9739,7.68277431246732,0.654869026194761
"Fe",9740,6.02476994653833,0.887822435512897
"Fe",9741,14.3871869983138,0.0541891621675665
"Fe",9742,8.71476032921049,0.499900019996001
"Fe",9743,7.92568797817813,0.614677064587083
"Fe",9744,7.14364559163238,0.742651469706059
"Fe",9745,6.549536450414,0.826034793041392
"Fe",9746,10.3208395879941,0.291941611677664
"Fe",9747,8.15331820287847,0.580483903219356
"Fe",9748,10.8812683168698,0.242951409718056
"Fe",9749,13.007009497035,0.099380123975205
"Fe",9750,5.93781255962088,0.896820635872825
"Fe",9751,6.3129045829414,0.853029394121176
"Fe",9752,6.42978518441836,0.840231953609278
"Fe",9753,8.38871217055731,0.547890421915617
"Fe",9754,9.07074721527732,0.445310937812438
"Fe",9755,12.5696210097553,0.119776044791042
"Fe",9756,9.23358478244774,0.42251549690062
"Fe",9757,8.31389592493346,0.559088182363527
"Fe",9758,10.6227702573419,0.266546690661868
"Fe",9759,11.340621513874,0.20495900819836
"Fe",9760,7.03852819010658,0.759248150369926
"Fe",9761,10.5644069440804,0.272145570885823
"Fe",9762,10.4954399368001,0.27754449110178
"Fe",9763,17.6517082473319,0.0107978404319136
"Fe",9764,7.45839448357253,0.69506098780244
"Fe",9765,4.33009590639395,0.991601679664067
"Fe",9766,9.56521641920452,0.381323735252949
"Fe",9767,7.07734665823003,0.753849230153969
"Fe",9768,11.7434162028876,0.174565086982603
"Fe",9769,10.4074801799269,0.284543091381724
"Fe",9770,6.32384940002942,0.852029594081184
"Fe",9771,12.4262566461386,0.128574285142971
"Fe",9772,14.4459285790052,0.0531893621275745
"Fe",9773,9.71093388167984,0.36372725454909
"Fe",9774,10.8926419462761,0.242151569686063
"Fe",9775,7.76214338080158,0.645270945810838
"Fe",9776,11.05272682283,0.227954409118176
"Fe",9777,4.34144641351546,0.991601679664067
"Fe",9778,12.9083470624704,0.103179364127175
"Fe",9779,12.8766562234545,0.105578884223155
"Fe",9780,7.64033474824456,0.661667666466707
"Fe",9781,14.9111515832601,0.0417916416716657
"Fe",9782,6.60824132825945,0.819436112777445
"Fe",9783,7.30314499728513,0.71745650869826
"Fe",9784,8.936003769504,0.466906618676265
"Fe",9785,5.6023482616605,0.927414517096581
"Fe",9786,16.0807459655391,0.0241951609678064
"Fe",9787,8.14830615901087,0.58128374325135
"Fe",9788,9.82619885139229,0.347930413917217
"Fe",9789,10.0043518159196,0.328134373125375
"Fe",9790,11.7786698897535,0.171165766846631
"Fe",9791,15.6707483085647,0.0285942811437712
"Fe",9792,7.20209970363918,0.734453109378124
"Fe",9793,12.2754241148446,0.138972205558888
"Fe",9794,8.97232816856976,0.459508098380324
"Fe",9795,13.9938227689061,0.0659868026394721
"Fe",9796,5.52678669933633,0.931413717256549
"Fe",9797,7.55690959089966,0.679064187162567
"Fe",9798,5.04600377502626,0.967006598680264
"Fe",9799,7.28867066929425,0.720255948810238
"Fe",9800,10.9915948557067,0.233353329334133
"Fe",9801,9.42500260117419,0.397320535892821
"Fe",9802,8.62315785784469,0.512097580483903
"Fe",9803,5.96939528197468,0.893021395720856
"Fe",9804,4.54812358692254,0.986002799440112
"Fe",9805,8.96419378578761,0.461107778444311
"Fe",9806,13.7421144233068,0.0741851629674065
"Fe",9807,9.33047519045584,0.408118376324735
"Fe",9808,5.61446815304296,0.924815036992601
"Fe",9809,11.2274641391672,0.214157168566287
"Fe",9810,9.81340030242804,0.349530093981204
"Fe",9811,11.8059745699902,0.168966206758648
"Fe",9812,5.4284639805779,0.938012397520496
"Fe",9813,5.32115452749838,0.947610477904419
"Fe",9814,5.19606650621792,0.957408518296341
"Fe",9815,13.1657413762922,0.0931813637272546
"Fe",9816,7.96191463813994,0.609478104379124
"Fe",9817,5.22625627491416,0.956008798240352
"Fe",9818,10.7029630163881,0.257748450309938
"Fe",9819,5.59548903207693,0.927814437112577
"Fe",9820,6.05744994320054,0.883423315336933
"Fe",9821,7.03506181173623,0.759848030393921
"Fe",9822,8.87640262900217,0.475104979004199
"Fe",9823,9.10482215653863,0.441511697660468
"Fe",9824,8.89360970745503,0.472305538892222
"Fe",9825,6.56632348210712,0.823835232953409
"Fe",9826,5.74534324436155,0.913017396520696
"Fe",9827,6.13931455437529,0.873825234953009
"Fe",9828,12.8988298857041,0.103979204159168
"Fe",9829,7.25848954882696,0.7250549890022
"Fe",9830,6.24246296159001,0.861427714457109
"Fe",9831,11.9394653557251,0.160367926414717
"Fe",9832,16.8372508098203,0.016996600679864
"Fe",9833,6.0184193288591,0.888822235552889
"Fe",9834,10.7971364635946,0.248950209958008
"Fe",9835,6.89769209613883,0.78244351129774
"Fe",9836,5.5826131991418,0.928414317136573
"Fe",9837,9.89024407938342,0.341931613677265
"Fe",9838,9.84545411980065,0.346530693861228
"Fe",9839,6.32643340457422,0.851629674065187
"Fe",9840,10.3861284972483,0.285942811437712
"Fe",9841,9.92865055837646,0.338332333533293
"Fe",9842,7.91138650761371,0.618676264747051
"Fe",9843,5.84188330153978,0.904819036192761
"Fe",9844,8.38657045087342,0.547890421915617
"Fe",9845,12.1968950054105,0.143171365726855
"Fe",9846,9.88122758605621,0.342731453709258
"Fe",9847,11.9335859898304,0.161167766446711
"Fe",9848,11.9923541924925,0.158568286342731
"Fe",9849,8.00538004809286,0.603279344131174
"Fe",9850,9.29110168730153,0.414517096580684
"Fe",9851,7.94446739924146,0.612077584483103
"Fe",9852,7.96427114167233,0.609478104379124
"Fe",9853,6.26150833450268,0.858628274345131
"Fe",9854,8.11635544955654,0.587082583483303
"Fe",9855,10.1555402532127,0.312337532493501
"Fe",9856,5.35544452158436,0.94501099780044
"Fe",9857,13.1344892531094,0.0943811237752449
"Fe",9858,6.73260584689942,0.80503899220156
"Fe",9859,9.83175993037997,0.347330533893221
"Fe",9860,9.46929348854408,0.391721655668866
"Fe",9861,17.9201701736273,0.00959808038392321
"Fe",9862,12.9895126251685,0.0999800039992002
"Fe",9863,15.9536990798213,0.0261947610477904
"Fe",9864,11.5266662168065,0.190161967606479
"Fe",9865,8.31740526607561,0.558888222355529
"Fe",9866,4.91663363618198,0.973605278944211
"Fe",9867,7.17308568081324,0.737652469506099
"Fe",9868,7.76407962352033,0.644671065786843
"Fe",9869,8.31312318138407,0.559088182363527
"Fe",9870,7.12720678641389,0.745450909818036
"Fe",9871,5.09001414706189,0.964807038592282
"Fe",9872,11.2802912508989,0.210157968406319
"Fe",9873,7.58099266457498,0.674665066986603
"Fe",9874,12.1998312233406,0.142771445710858
"Fe",9875,7.27472070065414,0.722255548890222
"Fe",9876,7.00437942260888,0.764447110577884
"Fe",9877,8.97104995925287,0.459908018396321
"Fe",9878,9.64960165237426,0.370525894821036
"Fe",9879,14.2716121854683,0.0561887622475505
"Fe",9880,6.70950309805784,0.807638472305539
"Fe",9881,5.44510140146713,0.937212557488502
"Fe",9882,5.24372687565312,0.954409118176365
"Fe",9883,7.674428482758,0.65626874625075
"Fe",9884,16.1249122014362,0.0237952409518096
"Fe",9885,6.55329547286564,0.826034793041392
"Fe",9886,8.45273112662611,0.538492301539692
"Fe",9887,7.14502596003126,0.74245150969806
"Fe",9888,11.0483333054565,0.228154369126175
"Fe",9889,5.62916075412718,0.922815436912617
"Fe",9890,11.9630214979485,0.159568086382723
"Fe",9891,13.8322015091539,0.0717856428714257
"Fe",9892,9.67360721246358,0.368526294741052
"Fe",9893,10.3313440325024,0.290941811637672
"Fe",9894,5.54427576245556,0.930413917216557
"Fe",9895,8.88082161266661,0.474305138972206
"Fe",9896,4.80920651538605,0.979004199160168
"Fe",9897,6.63491949689444,0.816036792641472
"Fe",9898,7.39889109077501,0.70505898820236
"Fe",9899,7.6238844298519,0.663667266546691
"Fe",9900,6.83140559333032,0.792641471705659
"Fe",9901,9.17820868541077,0.430513897220556
"Fe",9902,13.1951084524736,0.092381523695261
"Fe",9903,9.31191280443473,0.410517896420716
"Fe",9904,5.56126126891479,0.929814037192562
"Fe",9905,8.94482613370982,0.465106978604279
"Fe",9906,10.0263386702065,0.325534893021396
"Fe",9907,14.7709115029889,0.0451909618076385
"Fe",9908,6.06192625155501,0.882823435312937
"Fe",9909,8.47491442318145,0.535292941411718
"Fe",9910,10.1964689383053,0.307938412317536
"Fe",9911,8.51208118117815,0.530293941211758
"Fe",9912,9.00406284393677,0.454509098180364
"Fe",9913,9.24554383543381,0.421715656868626
"Fe",9914,10.3043864442221,0.293941211757648
"Fe",9915,9.1857709475257,0.428914217156569
"Fe",9916,10.2590083081135,0.300139972005599
"Fe",9917,8.02407116848642,0.599080183963207
"Fe",9918,6.36683126224432,0.846830633873225
"Fe",9919,12.542366985058,0.121775644871026
"Fe",9920,6.13344079920935,0.874225154969006
"Fe",9921,6.91274029332183,0.781043791241752
"Fe",9922,6.71744093914933,0.806638672265547
"Fe",9923,12.291555010141,0.137572485502899
"Fe",9924,8.75066062257116,0.494901019796041
"Fe",9925,6.14970701734592,0.873225354929014
"Fe",9926,7.00487114052609,0.764447110577884
"Fe",9927,7.74795464002364,0.646470705858828
"Fe",9928,7.55740889417453,0.679064187162567
"Fe",9929,6.125039105083,0.875024995001
"Fe",9930,8.25372486415398,0.566886622675465
"Fe",9931,10.1774051323848,0.310337932413517
"Fe",9932,10.7669440864003,0.253349330133973
"Fe",9933,6.85845451387992,0.788642271545691
"Fe",9934,10.5322140313359,0.274145170965807
"Fe",9935,10.1858641237012,0.309138172365527
"Fe",9936,7.69999214146728,0.651669666066787
"Fe",9937,8.44415290216179,0.539692061587682
"Fe",9938,9.8081278481109,0.350929814037193
"Fe",9939,7.37464604052721,0.707858428314337
"Fe",9940,10.2051208757412,0.307138572285543
"Fe",9941,8.63338844873849,0.51129774045191
"Fe",9942,5.09657387344802,0.963407318536293
"Fe",9943,7.6054411184893,0.667866426714657
"Fe",9944,8.37398783721324,0.550889822035593
"Fe",9945,7.29276769868591,0.719056188762248
"Fe",9946,10.2976187350662,0.294741051789642
"Fe",9947,6.66357811911709,0.813037392521496
"Fe",9948,6.77273028363214,0.800639872025595
"Fe",9949,7.0069439210516,0.764047190561888
"Fe",9950,13.8501716128432,0.0715856828634273
"Fe",9951,9.52407116840249,0.384323135372925
"Fe",9952,15.1355578732327,0.0361927614477105
"Fe",9953,9.91189070480303,0.339732053589282
"Fe",9954,9.34176899225326,0.406318736252749
"Fe",9955,6.90022522535475,0.781843631273745
"Fe",9956,12.2663747307103,0.139572085582883
"Fe",9957,7.63448699075505,0.6624675064987
"Fe",9958,11.1530170616033,0.21995600879824
"Fe",9959,9.64304192928429,0.371125774845031
"Fe",9960,10.3294275706206,0.290941811637672
"Fe",9961,8.8438698840649,0.479704059188162
"Fe",9962,7.46457830305471,0.693861227754449
"Fe",9963,8.834623140042,0.48130373925215
"Fe",9964,9.57940593540499,0.379524095180964
"Fe",9965,10.6749620475366,0.260147970405919
"Fe",9966,7.41177873474601,0.703459308138372
"Fe",9967,5.87300272411734,0.902619476104779
"Fe",9968,7.73507002546214,0.648270345930814
"Fe",9969,13.068434823141,0.0965806838632274
"Fe",9970,8.02065170395403,0.600079984003199
"Fe",9971,9.38122957710058,0.401119776044791
"Fe",9972,8.62760475673932,0.511697660467906
"Fe",9973,4.40273661689281,0.990201959608078
"Fe",9974,7.91815782632781,0.617276544691062
"Fe",9975,8.77981409303879,0.490101979604079
"Fe",9976,7.78512829024719,0.640671865626875
"Fe",9977,13.3078432210414,0.0901819636072786
"Fe",9978,7.08476609013016,0.753249350129974
"Fe",9979,9.36446362766847,0.40251949610078
"Fe",9980,10.0898343176915,0.31753649270146
"Fe",9981,11.0324222660888,0.22995400919816
"Fe",9982,10.6226680091133,0.266546690661868
"Fe",9983,6.72535067963136,0.805638872225555
"Fe",9984,8.84909074457778,0.47870425914817
"Fe",9985,5.3572946688578,0.94501099780044
"Fe",9986,10.7630677063438,0.253349330133973
"Fe",9987,7.94967176506748,0.610877824435113
"Fe",9988,8.41064802436441,0.545490901819636
"Fe",9989,9.56779463010099,0.381323735252949
"Fe",9990,9.76375537761371,0.35752849430114
"Fe",9991,13.4528191846817,0.0863827234553089
"Fe",9992,12.7792412469215,0.109378124375125
"Fe",9993,9.70740077745319,0.364127174565087
"Fe",9994,9.57304741299254,0.380523895220956
"Fe",9995,6.62693719625722,0.816836632673465
"Fe",9996,6.91285931996828,0.781043791241752
"Fe",9997,5.93767855958797,0.896820635872825
"Fe",9998,5.25344746356546,0.953209358128374
"Fe",9999,5.81457142334264,0.907218556288742
"Fe",10000,5.6415466889587,0.921615676864627
"Co",1,10.0991749541401,0.250349930013997
"Co",2,5.5243384188345,0.864427114577085
"Co",3,10.1790113473993,0.241151769646071
"Co",4,7.69647360157535,0.545090981803639
"Co",5,17.3339058983999,0.0113977204559088
"Co",6,8.75241872612284,0.394521095780844
"Co",7,3.93525959073588,0.982803439312138
"Co",8,5.70006182496245,0.846430713857229
"Co",9,22.4215610312271,0.0013997200559888
"Co",10,12.3126241450772,0.105778844231154
"Co",11,5.74151435523558,0.84123175364927
"Co",12,9.98134634249317,0.261547690461908
"Co",13,7.06516172785237,0.647670465906819
"Co",14,7.63016353353657,0.555888822235553
"Co",15,3.70521284581528,0.988202359528094
"Co",16,6.40138320038517,0.750049990002
"Co",17,10.0648659603301,0.25374925014997
"Co",18,11.6891489873581,0.135172965406919
"Co",19,9.58318798581365,0.303939212157568
"Co",20,11.4696160659103,0.146370725854829
"Co",21,15.6905480821769,0.0251949610077984
"Co",22,7.12899631562004,0.635872825434913
"Co",23,12.9805945952545,0.0783843231353729
"Co",24,9.2073858378894,0.344131173765247
"Co",25,7.70239065123315,0.54369126174765
"Co",26,7.36873140021785,0.596680663867227
"Co",27,6.64858775121769,0.710857828434313
"Co",28,6.27892338929246,0.768846230753849
"Co",29,7.11110703778482,0.639072185562887
"Co",30,8.10865892497867,0.484903019396121
"Co",31,12.062837927536,0.118176364727055
"Co",32,7.38283266773431,0.594281143771246
"Co",33,5.34476439536543,0.885422915416917
"Co",34,8.80527133737607,0.386322735452909
"Co",35,7.18672275176394,0.625674865026995
"Co",36,6.61039938876408,0.71745650869826
"Co",37,10.4030842038237,0.21995600879824
"Co",38,9.20476033522402,0.344131173765247
"Co",39,5.76355946115223,0.838832233553289
"Co",40,6.35410729565811,0.756448710257948
"Co",41,8.12092744605226,0.483303339332134
"Co",42,7.12496799449872,0.636672665466907
"Co",43,10.642499400828,0.202159568086383
"Co",44,6.5784247517997,0.721655668866227
"Co",45,9.10202375260326,0.355128974205159
"Co",46,9.8846975148661,0.27254549090182
"Co",47,8.30403856254981,0.455108978204359
"Co",48,7.87325062250878,0.518496300739852
"Co",49,11.2918227683274,0.160567886422715
"Co",50,12.5733075637709,0.0967806438712258
"Co",51,6.20740404470939,0.779044191161768
"Co",52,12.3779072906863,0.101979604079184
"Co",53,8.52398848322505,0.424515096980604
"Co",54,6.22252374189532,0.776644671065787
"Co",55,15.563447958631,0.025994801039792
"Co",56,12.3186246975193,0.105578884223155
"Co",57,11.056117444258,0.173165366926615
"Co",58,10.1544248223795,0.24495100979804
"Co",59,9.36743522183781,0.326334733053389
"Co",60,9.59339859572617,0.30373925214957
"Co",61,6.90075363627588,0.674465106978604
"Co",62,11.5223890323681,0.143571285742851
"Co",63,7.87378966748108,0.518496300739852
"Co",64,5.37912602283208,0.882623475304939
"Co",65,12.9398008624405,0.0793841231753649
"Co",66,6.19203489978494,0.78244351129774
"Co",67,4.48909587500118,0.960207958408318
"Co",68,7.84109018305989,0.523495300939812
"Co",69,9.41912347161809,0.319536092781444
"Co",70,10.3325662763619,0.225354929014197
"Co",71,7.59461008082522,0.561687662467506
"Co",72,9.80324217909634,0.280143971205759
"Co",73,10.0895901780154,0.250949810037992
"Co",74,8.41037823175392,0.437712457508498
"Co",75,13.4196935596088,0.0651869626074785
"Co",76,6.53092261623704,0.728654269146171
"Co",77,6.33109476975602,0.76124775044991
"Co",78,6.65380309190047,0.710057988402319
"Co",79,8.67257228712461,0.404119176164767
"Co",80,7.26283328693188,0.614277144571086
"Co",81,8.16108680510396,0.475904819036193
"Co",82,14.0787978037655,0.0481903619276145
"Co",83,10.334187765969,0.225354929014197
"Co",84,7.70415369128682,0.543491301739652
"Co",85,5.49241260338988,0.868026394721056
"Co",86,8.51401642244232,0.425914817036593
"Co",87,8.56655834109932,0.419116176764647
"Co",88,8.18490125623626,0.473305338932214
"Co",89,5.81484204217296,0.833233353329334
"Co",90,6.36961192638245,0.754049190161968
"Co",91,12.9832072684632,0.0783843231353729
"Co",92,5.53726486215808,0.862627474505099
"Co",93,8.75804582004014,0.393121375724855
"Co",94,6.55851217079157,0.724855028994201
"Co",95,6.70970494065435,0.703259348130374
"Co",96,6.01461906249153,0.807838432313537
"Co",97,11.9867611845264,0.121375724855029
"Co",98,10.7112667218367,0.198160367926415
"Co",99,8.88925301135532,0.378324335132973
"Co",100,10.6241598432869,0.204159168166367
"Co",101,6.72163315671077,0.702659468106379
"Co",102,6.58534719503623,0.720855828834233
"Co",103,4.68808349204599,0.947810437912417
"Co",104,5.71903797178908,0.844231153769246
"Co",105,9.87210328666211,0.273345330933813
"Co",106,5.92201320930351,0.82123575284943
"Co",107,9.206348867771,0.344131173765247
"Co",108,8.0548777785088,0.492301539692062
"Co",109,11.6167383476835,0.138572285542891
"Co",110,5.14096070131362,0.908018396320736
"Co",111,6.78551254888572,0.693061387722456
"Co",112,13.1326739901495,0.0725854829034193
"Co",113,6.41420965869528,0.748050389922016
"Co",114,9.62081445197603,0.299540091981604
"Co",115,5.01804441069001,0.917216556688662
"Co",116,8.15197800767891,0.477304539092182
"Co",117,14.166494470997,0.0459908018396321
"Co",118,8.35424636974562,0.446110777844431
"Co",119,7.27193627703062,0.6124775044991
"Co",120,8.35184738818901,0.44631073785243
"Co",121,7.89772723984768,0.515496900619876
"Co",122,6.79260521411675,0.691061787642472
"Co",123,5.56611209350332,0.860627874425115
"Co",124,11.2447988381043,0.162567486502699
"Co",125,5.86421901267295,0.827234553089382
"Co",126,9.11421839692349,0.353329334133173
"Co",127,5.04894790627912,0.91501699660068
"Co",128,5.84231688682888,0.83003399320136
"Co",129,6.42349307108717,0.747050589882024
"Co",130,10.4616004382869,0.216156768646271
"Co",131,5.15417564002149,0.907018596280744
"Co",132,11.9064681080512,0.123975204959008
"Co",133,5.72184789079586,0.843831233753249
"Co",134,9.87402956037545,0.273345330933813
"Co",135,16.4959041015678,0.018996200759848
"Co",136,6.2785294570123,0.768846230753849
"Co",137,9.91521049016876,0.26874625074985
"Co",138,8.30886474985448,0.454309138172366
"Co",139,7.27995149419027,0.611477704459108
"Co",140,13.3153770837007,0.0663867226554689
"Co",141,13.7653055211664,0.0555888822235553
"Co",142,4.44482164714304,0.961807638472306
"Co",143,7.16571640305852,0.630073985202959
"Co",144,4.92942517987754,0.925614877024595
"Co",145,3.51353021577901,0.991601679664067
"Co",146,6.59610919615275,0.719856028794241
"Co",147,8.80537750573831,0.386122775444911
"Co",148,7.78191462168567,0.533893221355729
"Co",149,7.28248296426761,0.610877824435113
"Co",150,8.24985074023866,0.4625074985003
"Co",151,8.8191182913354,0.384723055388922
"Co",152,5.28837869755151,0.891421715656869
"Co",153,8.05347365884541,0.49250149970006
"Co",154,5.43026682066221,0.876824635072985
"Co",155,9.01466178967681,0.363127374525095
"Co",156,7.31666171348729,0.606078784243151
"Co",157,8.29620786252636,0.45630873825235
"Co",158,9.27536691470326,0.336332733453309
"Co",159,12.9327293758644,0.0793841231753649
"Co",160,10.3690333976631,0.221955608878224
"Co",161,9.50849232443655,0.310737852429514
"Co",162,11.1672219655131,0.167366526694661
"Co",163,5.20354210632672,0.900819836032793
"Co",164,4.95688349559143,0.922215556888622
"Co",165,5.54391950263602,0.862627474505099
"Co",166,10.1981477161529,0.239752049590082
"Co",167,8.38647633405319,0.441111777644471
"Co",168,8.11632349011427,0.484103179364127
"Co",169,7.43908522443922,0.58628274345131
"Co",170,9.1925121000688,0.344931013797241
"Co",171,12.5560203899309,0.0969806038792242
"Co",172,7.13665335204971,0.634073185362927
"Co",173,14.7183588463674,0.0367926414717057
"Co",174,9.94248596535328,0.266546690661868
"Co",175,14.1217672562107,0.0469906018796241
"Co",176,10.0251985095866,0.257348530293941
"Co",177,6.31907336219763,0.763447310537892
"Co",178,8.7970209074754,0.387722455508898
"Co",179,9.0034553966224,0.363927214557089
"Co",180,6.92814952383077,0.670265946810638
"Co",181,8.29922292554588,0.455708858228354
"Co",182,9.10554012582983,0.354729054189162
"Co",183,5.86665797029752,0.827034593081384
"Co",184,12.2064913940378,0.111777644471106
"Co",185,6.76779432699223,0.694861027794441
"Co",186,11.5890159412077,0.139772045590882
"Co",187,7.05392101021198,0.649470105978804
"Co",188,5.63898795337929,0.852629474105179
"Co",189,6.2378889444158,0.773445310937812
"Co",190,8.17335586998152,0.474305138972206
"Co",191,9.87243962161025,0.273345330933813
"Co",192,8.47461532878114,0.430313937212558
"Co",193,8.43746910688603,0.433913217356529
"Co",194,8.80975937463411,0.385922815436913
"Co",195,6.17758229986322,0.783443311337732
"Co",196,10.1892172504591,0.23995200959808
"Co",197,10.2484187698768,0.233553289342132
"Co",198,9.72823371245681,0.289342131573685
"Co",199,7.14982276876478,0.632673465306939
"Co",200,15.2627376651344,0.0311937612477504
"Co",201,16.3527465237027,0.0201959608078384
"Co",202,16.8341725570241,0.0151969606078784
"Co",203,10.4761650581603,0.213957208558288
"Co",204,7.41472359290245,0.589282143571286
"Co",205,7.39911326620614,0.592081583683263
"Co",206,12.4324166865528,0.0999800039992002
"Co",207,2.87998261180121,0.998400319936013
"Co",208,4.54011162377338,0.957008598280344
"Co",209,8.30591044527617,0.454709058188362
"Co",210,5.97185189771702,0.81503699260148
"Co",211,7.13104539865839,0.635672865426915
"Co",212,8.4375556273128,0.433913217356529
"Co",213,5.59587115363416,0.857628474305139
"Co",214,5.68523936062188,0.847830433913217
"Co",215,5.65291852247302,0.851029794041192
"Co",216,13.2304658143314,0.0695860827834433
"Co",217,6.51070527880597,0.73245350929814
"Co",218,8.3172691428349,0.452309538092382
"Co",219,5.9589254364775,0.816436712657469
"Co",220,6.49196127809924,0.73625274945011
"Co",221,9.76533038898427,0.284343131373725
"Co",222,4.33899409267448,0.967006598680264
"Co",223,4.58007028097236,0.953609278144371
"Co",224,6.19636789691185,0.780643871225755
"Co",225,5.70404704537779,0.845630873825235
"Co",226,12.9545605071692,0.0791841631673665
"Co",227,7.00916312731158,0.655468906218756
"Co",228,7.80969286284952,0.528494301139772
"Co",229,4.70813126996174,0.946810637872425
"Co",230,9.91070055177877,0.269346130773845
"Co",231,12.9912361393779,0.0779844031193761
"Co",232,8.11977396163078,0.483903219356129
"Co",233,14.336791400434,0.0431913617276545
"Co",234,4.14377723125372,0.976804639072186
"Co",235,7.48148548025429,0.581083783243351
"Co",236,6.34284392093139,0.759048190361928
"Co",237,14.0883448768738,0.0479904019196161
"Co",238,8.00791978014036,0.501099780043991
"Co",239,5.85779706790075,0.828234353129374
"Co",240,10.997479242494,0.176364727054589
"Co",241,8.05643991170533,0.491901619676065
"Co",242,8.38581936443214,0.44131173765247
"Co",243,9.41575823309086,0.320135972805439
"Co",244,8.43086952024851,0.434313137372525
"Co",245,7.79662689149268,0.530093981203759
"Co",246,9.9323380220938,0.26754649070186
"Co",247,6.30255215445246,0.765246950609878
"Co",248,8.88354524303196,0.379324135172965
"Co",249,8.72714918118714,0.396920615876825
"Co",250,10.5620510453627,0.207958408318336
"Co",251,7.14316638951158,0.633073385322935
"Co",252,15.1766066503887,0.0323935212957408
"Co",253,5.53860074282352,0.862627474505099
"Co",254,5.00537907314319,0.918616276744651
"Co",255,7.83220895807835,0.525494901019796
"Co",256,8.48348003981647,0.428914217156569
"Co",257,11.8411927143708,0.127974405118976
"Co",258,10.0471226615053,0.255148970205959
"Co",259,11.7373212987607,0.132973405318936
"Co",260,14.2236971676267,0.0449910017996401
"Co",261,6.55903375953284,0.724855028994201
"Co",262,10.9279524103995,0.181563687262547
"Co",263,7.27279116744666,0.6124775044991
"Co",264,13.5621304557752,0.0603879224155169
"Co",265,8.62294133478581,0.411517696460708
"Co",266,6.5479928427097,0.72625474905019
"Co",267,4.79617291128505,0.939212157568486
"Co",268,7.82022094772503,0.52749450109978
"Co",269,11.239103072558,0.162967406518696
"Co",270,8.1382495194504,0.479904019196161
"Co",271,5.41510932922067,0.877824435112977
"Co",272,9.74368770209429,0.287742451509698
"Co",273,6.57676255097857,0.722055588882224
"Co",274,5.24972497214063,0.894221155768846
"Co",275,10.3135175327504,0.226554689062188
"Co",276,6.73913540110152,0.698660267946411
"Co",277,4.45440218823441,0.961807638472306
"Co",278,4.11886425734804,0.977004599080184
"Co",279,7.61663094969111,0.55748850229954
"Co",280,8.542764376821,0.422115576884623
"Co",281,7.51310190254941,0.575484903019396
"Co",282,11.033199851687,0.173965206958608
"Co",283,3.66889576746257,0.989002199560088
"Co",284,12.9715382320771,0.0785842831433713
"Co",285,10.0782669449389,0.252349530093981
"Co",286,8.66355260441995,0.405118976204759
"Co",287,6.97168175604742,0.662067586482703
"Co",288,4.18017518060768,0.975404919016197
"Co",289,5.49422332127151,0.867826434713057
"Co",290,6.08935067870766,0.797040591881624
"Co",291,7.06271800218616,0.648270345930814
"Co",292,6.8523174887772,0.682263547290542
"Co",293,10.1959331115104,0.239752049590082
"Co",294,9.55449579184048,0.307338532293541
"Co",295,5.3752976139354,0.882623475304939
"Co",296,10.8083742094534,0.192161567686463
"Co",297,9.37998209602409,0.325134973005399
"Co",298,9.53098144260935,0.309338132373525
"Co",299,7.98694057399209,0.503499300139972
"Co",300,6.04078897892416,0.804039192161568
"Co",301,11.5823189537721,0.139772045590882
"Co",302,7.64278695772856,0.554489102179564
"Co",303,5.49764178160444,0.867626474705059
"Co",304,4.4069296470451,0.962807438512298
"Co",305,7.56746044280135,0.565486902619476
"Co",306,4.35384955281677,0.966806638672266
"Co",307,7.31910064312052,0.605878824235153
"Co",308,7.46084398856144,0.584083183363327
"Co",309,9.85695023970334,0.275144971005799
"Co",310,6.03362050502409,0.804239152169566
"Co",311,6.43692472122504,0.744851029794041
"Co",312,5.0541724139606,0.91501699660068
"Co",313,15.686378062934,0.0253949210157968
"Co",314,13.0512873868956,0.0749850029994001
"Co",315,4.9801838918462,0.920815836832633
"Co",316,7.9383770817598,0.509898020395921
"Co",317,6.81797990452449,0.687862427514497
"Co",318,5.40128234394399,0.880823835232953
"Co",319,8.91517236358817,0.374525094981004
"Co",320,19.8169118520437,0.00539892021595681
"Co",321,5.72706493922055,0.843031393721256
"Co",322,6.65078434522462,0.710457908418316
"Co",323,16.8407551959414,0.0151969606078784
"Co",324,5.96923335482896,0.815436912617477
"Co",325,5.55288846920521,0.862027594481104
"Co",326,7.23833248272695,0.618676264747051
"Co",327,7.76482662004614,0.536092781443711
"Co",328,9.47800234405912,0.312337532493501
"Co",329,5.5301317575225,0.864027194561088
"Co",330,6.20688111413295,0.779044191161768
"Co",331,17.1112667938514,0.0137972405518896
"Co",332,8.4469773337853,0.433113377324535
"Co",333,5.10653143559736,0.911417716456709
"Co",334,9.32499900880623,0.329534093181364
"Co",335,7.3428046499069,0.600879824035193
"Co",336,10.0749301414601,0.253149370125975
"Co",337,5.47747619381445,0.869626074785043
"Co",338,7.61516139894775,0.558088382323535
"Co",339,5.37436374532487,0.882623475304939
"Co",340,11.1162704441685,0.16996600679864
"Co",341,6.82475944075892,0.686862627474505
"Co",342,6.4089122976882,0.748850229954009
"Co",343,13.8510053653989,0.0533893221355729
"Co",344,5.31257040901676,0.889622075584883
"Co",345,6.83505233976842,0.685662867426515
"Co",346,11.9587809340161,0.122175564887023
"Co",347,14.4948626297209,0.0407918416316737
"Co",348,8.92432579792877,0.374325134973005
"Co",349,7.63288857504705,0.555288942211558
"Co",350,13.533905692393,0.0611877624475105
"Co",351,6.78582817668945,0.692861427714457
"Co",352,8.00461004660684,0.501499700059988
"Co",353,12.7382711121934,0.0891821635672865
"Co",354,11.0532874422556,0.173365326934613
"Co",355,7.7348495038614,0.539292141571686
"Co",356,6.71975604107399,0.702659468106379
"Co",357,11.0915084814073,0.171165766846631
"Co",358,3.77812476667933,0.986802639472106
"Co",359,7.23436768439419,0.618876224755049
"Co",360,9.78047143503483,0.28254349130174
"Co",361,12.0889500621235,0.116776644671066
"Co",362,7.07160104960292,0.646670665866827
"Co",363,9.26847953021132,0.3375324935013
"Co",364,6.60611925571561,0.718256348730254
"Co",365,6.86303756339063,0.680063987202559
"Co",366,9.6110264269245,0.301939612077584
"Co",367,5.62932790459034,0.854229154169166
"Co",368,11.5423262091473,0.142371525694861
"Co",369,7.80731895040728,0.529094181163767
"Co",370,8.3307612653544,0.450309938012398
"Co",371,11.2363718788538,0.163167366526695
"Co",372,8.82626862421066,0.384323135372925
"Co",373,7.45071093699755,0.585482903419316
"Co",374,8.70228515099072,0.399720055988802
"Co",375,8.28079108990883,0.458508298340332
"Co",376,11.0838043364512,0.171565686862627
"Co",377,6.64163373249181,0.711657668466307
"Co",378,11.3538246313458,0.155568886222755
"Co",379,11.5965135703492,0.139572085582883
"Co",380,5.90256602119612,0.823235352929414
"Co",381,6.46704647779629,0.740651869626075
"Co",382,7.0931903961233,0.642871425714857
"Co",383,5.08363796750083,0.913017396520696
"Co",384,7.96629201245014,0.506498700259948
"Co",385,9.33096317702663,0.329334133173365
"Co",386,10.8828991306465,0.18496300739852
"Co",387,8.05410755724134,0.492301539692062
"Co",388,4.96400480901391,0.921415716856629
"Co",389,18.8396843378621,0.00699860027994401
"Co",390,4.59615525583195,0.952809438112378
"Co",391,10.9997992811272,0.176164767046591
"Co",392,9.64283111182206,0.298940211957609
"Co",393,10.4341271779617,0.217356528694261
"Co",394,8.33059363997094,0.450509898020396
"Co",395,7.74202756081894,0.537292541491702
"Co",396,6.65730307868211,0.710057988402319
"Co",397,7.17252202292477,0.628874225154969
"Co",398,13.2528962295542,0.0687862427514497
"Co",399,8.16227240791633,0.475704859028194
"Co",400,4.92955819116139,0.925614877024595
"Co",401,8.20617735332365,0.468906218756249
"Co",402,8.73072808779409,0.396120775844831
"Co",403,9.47828643021361,0.312337532493501
"Co",404,5.61913578334577,0.854829034193161
"Co",405,9.36621021172903,0.326334733053389
"Co",406,7.55621189050476,0.568086382723455
"Co",407,4.45076905059881,0.961807638472306
"Co",408,13.3412157178875,0.0659868026394721
"Co",409,6.95569078023127,0.665266946610678
"Co",410,13.2872145129077,0.0675864827034593
"Co",411,10.7393804751727,0.196360727854429
"Co",412,6.36351585964681,0.75504899020196
"Co",413,6.12042776998754,0.79244151169766
"Co",414,5.69891355942158,0.846430713857229
"Co",415,11.8814237646492,0.125974805038992
"Co",416,5.99074134248477,0.811437712457509
"Co",417,7.60431288169386,0.559088182363527
"Co",418,6.65940518283338,0.709858028394321
"Co",419,8.37755117295904,0.442711457708458
"Co",420,12.3412767852682,0.10497900419916
"Co",421,7.78041128871703,0.534093181363727
"Co",422,15.9556048368484,0.0227954409118176
"Co",423,11.8203612734769,0.129174165166967
"Co",424,6.26476700472233,0.77004599080184
"Co",425,7.73597282079055,0.539092181563687
"Co",426,12.5322544466249,0.0971805638872226
"Co",427,6.41015595640425,0.748850229954009
"Co",428,8.11227442802459,0.484303139372126
"Co",429,5.50862510886577,0.866426714657069
"Co",430,6.14470048546637,0.787442511497701
"Co",431,4.62583767101663,0.951409718056389
"Co",432,9.79489806040749,0.280743851229754
"Co",433,5.41632553960861,0.877624475104979
"Co",434,6.73637600298795,0.699060187962408
"Co",435,13.1279426064212,0.0727854429114177
"Co",436,9.66378176217171,0.296740651869626
"Co",437,7.84082757354744,0.523495300939812
"Co",438,8.82225392318099,0.384523095380924
"Co",439,7.14847421897673,0.632673465306939
"Co",440,11.4443561010055,0.147970405918816
"Co",441,5.2233597981606,0.897420515896821
"Co",442,4.56961025616269,0.95500899820036
"Co",443,6.59287737349806,0.72005598880224
"Co",444,10.9284953244327,0.181563687262547
"Co",445,7.06266274750803,0.648270345930814
"Co",446,10.7475836441289,0.195160967806439
"Co",447,9.21161264512031,0.34373125374925
"Co",448,9.12676507389361,0.352129574085183
"Co",449,8.61321105120129,0.413317336532693
"Co",450,12.9951482353019,0.0777844431113777
"Co",451,7.74407504420961,0.537292541491702
"Co",452,7.17898320317826,0.627074585082983
"Co",453,7.40311158761727,0.591081783643271
"Co",454,10.5946650132268,0.205558888222356
"Co",455,8.46437632429036,0.431513697260548
"Co",456,8.08912473479964,0.487902419516097
"Co",457,4.62726731200286,0.95120975804839
"Co",458,5.56525354788062,0.860827834433113
"Co",459,11.8978736585959,0.124775044991002
"Co",460,6.4495030135987,0.74245150969806
"Co",461,9.89226147641423,0.271545690861828
"Co",462,9.26439372118446,0.337732453509298
"Co",463,10.5543150299353,0.208158368326335
"Co",464,6.6770090744358,0.70745850829834
"Co",465,9.73087750351115,0.289142171565687
"Co",466,9.88075049539688,0.272945410917816
"Co",467,14.4592907503261,0.0413917216556689
"Co",468,5.56634537770842,0.860227954409118
"Co",469,8.95448663910628,0.369926014797041
"Co",470,8.75008112584911,0.395120975804839
"Co",471,11.391496972034,0.152369526094781
"Co",472,9.63671301764887,0.298940211957609
"Co",473,8.64199674505161,0.408318336332733
"Co",474,10.9760616863794,0.178164367126575
"Co",475,5.75301770868742,0.84003199360128
"Co",476,8.02236870976301,0.498100379924015
"Co",477,10.9170669662539,0.182363527294541
"Co",478,8.05552259313831,0.492101579684063
"Co",479,13.0731493993447,0.0747850429914017
"Co",480,13.0609584416154,0.0749850029994001
"Co",481,5.33303053224051,0.886622675464907
"Co",482,6.7203502607547,0.702659468106379
"Co",483,14.1275355468158,0.0467906418716257
"Co",484,9.69169879507021,0.293341331733653
"Co",485,4.42031630662899,0.962407518496301
"Co",486,10.4229770936279,0.218556288742252
"Co",487,6.86417751397951,0.679864027194561
"Co",488,15.6298363399781,0.0257948410317936
"Co",489,9.18539246601392,0.345330933813237
"Co",490,8.23472139798571,0.465106978604279
"Co",491,3.46459979363061,0.992801439712058
"Co",492,7.99937286440027,0.501699660067986
"Co",493,6.27019444527244,0.769846030793841
"Co",494,4.80257294315484,0.939012197560488
"Co",495,6.78355917918708,0.693261347730454
"Co",496,4.41735969655662,0.962407518496301
"Co",497,10.6763340090261,0.200159968006399
"Co",498,8.1661862224787,0.475104979004199
"Co",499,6.35874042775899,0.755848830233953
"Co",500,17.4074902071227,0.0111977604479104
"Co",501,7.08751674049893,0.644071185762847
"Co",502,5.89490204974805,0.823635272945411
"Co",503,11.0434460189656,0.173565286942611
"Co",504,12.1112365552273,0.116576684663067
"Co",505,12.3376856096058,0.10497900419916
"Co",506,6.96768331887816,0.662667466506699
"Co",507,6.89040274546778,0.675464907018596
"Co",508,4.30480742276475,0.968206358728254
"Co",509,11.4004226003579,0.151169766046791
"Co",510,9.0290648806801,0.361727654469106
"Co",511,7.8919553078911,0.516696660667866
"Co",512,6.3215002946587,0.762847430513897
"Co",513,7.75805736742197,0.536692661467706
"Co",514,6.53427784966161,0.728254349130174
"Co",515,11.2878085975005,0.160567886422715
"Co",516,7.78808972662719,0.532893421315737
"Co",517,10.5682701819622,0.207358528294341
"Co",518,10.3953650329599,0.21995600879824
"Co",519,8.97692518856584,0.367326534693061
"Co",520,7.3629114787613,0.597280543891222
"Co",521,4.94405753270965,0.923815236952609
"Co",522,12.3230436509704,0.105578884223155
"Co",523,12.3383642941234,0.10497900419916
"Co",524,10.0424545995266,0.255748850229954
"Co",525,8.34033947965818,0.449310137972406
"Co",526,7.83248315170937,0.525494901019796
"Co",527,10.3409341601129,0.224555088982204
"Co",528,3.32797220700505,0.99500099980004
"Co",529,8.60404755283966,0.414317136572685
"Co",530,6.68198925250213,0.70625874825035
"Co",531,8.36568008821072,0.445510897820436
"Co",532,10.2285415968597,0.23495300939812
"Co",533,7.4713355691826,0.582683463307339
"Co",534,8.41233915598161,0.4375124975005
"Co",535,9.21147018651561,0.34373125374925
"Co",536,13.2498123858464,0.0689862027594481
"Co",537,11.5923914122181,0.139572085582883
"Co",538,7.76886927608697,0.536092781443711
"Co",539,9.44743635336445,0.316736652669466
"Co",540,6.97143676968491,0.662067586482703
"Co",541,10.6491907417061,0.201959608078384
"Co",542,15.3094590765767,0.0301939612077584
"Co",543,8.31728851950689,0.452309538092382
"Co",544,13.6203820942779,0.0591881623675265
"Co",545,6.23443499302056,0.774245150969806
"Co",546,15.0468457725304,0.0341931613677265
"Co",547,10.1713010226541,0.242351529694061
"Co",548,5.89457738825968,0.823635272945411
"Co",549,8.77154891217879,0.391121775644871
"Co",550,8.67591874779367,0.403519296140772
"Co",551,10.8833680300607,0.18496300739852
"Co",552,15.5235240454699,0.0265946810637872
"Co",553,4.30582612360988,0.968006398720256
"Co",554,5.39696130353946,0.881623675264947
"Co",555,8.02867203350499,0.49630073985203
"Co",556,8.99831429379424,0.364727054589082
"Co",557,5.78785712624492,0.835232953409318
"Co",558,8.2237298689686,0.46750649870026
"Co",559,6.15522006697091,0.786042791441712
"Co",560,6.96024839790061,0.664067186562687
"Co",561,7.20169107788217,0.623475304939012
"Co",562,7.11117945104914,0.639072185562887
"Co",563,14.1007925333484,0.0475904819036193
"Co",564,4.74937508626054,0.943811237752449
"Co",565,5.79082404311171,0.83503299340132
"Co",566,7.02447731608021,0.652669466106779
"Co",567,8.35055967191107,0.446710657868426
"Co",568,11.7712252196136,0.131573685262947
"Co",569,5.67403063119966,0.849230153969206
"Co",570,9.62140075872884,0.299540091981604
"Co",571,11.167300654877,0.167366526694661
"Co",572,8.28810914670055,0.457708458308338
"Co",573,12.8909464615191,0.0817836432713457
"Co",574,5.83661174267361,0.830633873225355
"Co",575,8.24330392977228,0.464107178564287
"Co",576,5.99630545546799,0.810437912417517
"Co",577,8.0736951547544,0.489902019596081
"Co",578,9.1955782711434,0.344731053789242
"Co",579,5.49006306398951,0.868226354729054
"Co",580,8.2194986586733,0.467706458708258
"Co",581,7.72860317111744,0.540091981603679
"Co",582,3.53987517317961,0.991601679664067
"Co",583,8.17962962173075,0.473305338932214
"Co",584,9.2617228681633,0.338132373525295
"Co",585,7.0919853602594,0.642871425714857
"Co",586,11.790821915081,0.130573885222955
"Co",587,8.8032678702601,0.386322735452909
"Co",588,13.9754273258268,0.0509898020395921
"Co",589,10.6566762627628,0.201559688062388
"Co",590,6.27364510179882,0.769446110777844
"Co",591,9.01832928422851,0.363127374525095
"Co",592,9.60491165409093,0.303139372125575
"Co",593,12.1276972692807,0.115576884623075
"Co",594,6.530782329,0.728654269146171
"Co",595,4.25101624198768,0.970805838832234
"Co",596,11.2670597333046,0.161367726454709
"Co",597,8.47214797976531,0.430913817236553
"Co",598,6.51387179413237,0.731853629274145
"Co",599,9.65649119045528,0.297340531893621
"Co",600,8.88121410306678,0.379724055188962
"Co",601,8.13138348182991,0.481903619276145
"Co",602,4.91542740919149,0.928414317136573
"Co",603,4.35429928563468,0.966806638672266
"Co",604,8.17512569132299,0.474305138972206
"Co",605,7.41824299689708,0.588882223555289
"Co",606,5.76549638845762,0.838232353529294
"Co",607,8.10674556172359,0.485102979404119
"Co",608,4.78767174632983,0.939612077584483
"Co",609,11.8363237750442,0.128174365126975
"Co",610,9.20857644019216,0.343931213757249
"Co",611,9.62549568327694,0.299340131973605
"Co",612,18.6464228192729,0.00759848030393921
"Co",613,9.53072610562046,0.309338132373525
"Co",614,8.19678972200856,0.470705858828234
"Co",615,16.4637590816857,0.0193961207758448
"Co",616,2.56232837299396,0.999400119976005
"Co",617,19.8121967798084,0.00539892021595681
"Co",618,8.30582048731173,0.454709058188362
"Co",619,4.64750104366797,0.949610077984403
"Co",620,11.3802257276461,0.15376924615077
"Co",621,10.3741604415878,0.221955608878224
"Co",622,13.4059477115975,0.0651869626074785
"Co",623,6.19097806865653,0.78244351129774
"Co",624,10.8948271012735,0.183963207358528
"Co",625,2.53165831264533,0.999400119976005
"Co",626,11.2869047397682,0.160567886422715
"Co",627,12.4343525839776,0.0999800039992002
"Co",628,8.94516719600031,0.371325734853029
"Co",629,6.92506306412616,0.670665866826635
"Co",630,5.3255603836637,0.887022595480904
"Co",631,4.44462937679799,0.961807638472306
"Co",632,16.0036827375809,0.021995600879824
"Co",633,6.99143079968428,0.658668266346731
"Co",634,6.42130993337275,0.747250549890022
"Co",635,7.81963102478159,0.52749450109978
"Co",636,5.59327825372972,0.857828434313137
"Co",637,8.32423915616246,0.451709658068386
"Co",638,8.57764088754001,0.41751649670066
"Co",639,6.68973881182367,0.705258948210358
"Co",640,5.37506854422548,0.882623475304939
"Co",641,14.422724924901,0.0417916416716657
"Co",642,5.26511929519842,0.892621475704859
"Co",643,10.4006464252476,0.21995600879824
"Co",644,9.70842029265953,0.291341731653669
"Co",645,5.39726534958319,0.881623675264947
"Co",646,5.5359111685263,0.863227354529094
"Co",647,4.65001294127373,0.949610077984403
"Co",648,9.54849269906612,0.30753849230154
"Co",649,8.72000063479149,0.397720455908818
"Co",650,6.2185570841669,0.777044591081784
"Co",651,9.10334759113283,0.354929014197161
"Co",652,6.8231611622704,0.687262547490502
"Co",653,7.84712121347937,0.522095580883823
"Co",654,6.4937886620811,0.736052789442112
"Co",655,10.2923677375959,0.22875424915017
"Co",656,5.54577463765193,0.862627474505099
"Co",657,15.3603193311675,0.028994201159768
"Co",658,5.05553951012274,0.91501699660068
"Co",659,8.48285621446001,0.429114177164567
"Co",660,4.80430855006276,0.939012197560488
"Co",661,7.84497688562013,0.522895420915817
"Co",662,4.27093874056422,0.969806038792242
"Co",663,13.5242162717271,0.0615876824635073
"Co",664,9.3001367035705,0.33253349330134
"Co",665,8.09025763498323,0.487902419516097
"Co",666,4.96297237359661,0.921815636872625
"Co",667,12.2437569735788,0.109578084383123
"Co",668,9.04717632271664,0.359928014397121
"Co",669,8.81767972370841,0.384923015396921
"Co",670,9.04739619765297,0.359928014397121
"Co",671,5.37177288638796,0.882623475304939
"Co",672,11.5507867207615,0.141771645670866
"Co",673,14.6784833516003,0.0381923615276945
"Co",674,4.88420612258153,0.93121375724855
"Co",675,5.8876979263371,0.824635072985403
"Co",676,5.78533750128443,0.836032793441312
"Co",677,11.9360737707654,0.12377524495101
"Co",678,11.3900211566027,0.152769446110778
"Co",679,10.6755972240836,0.200159968006399
"Co",680,5.6788930603183,0.848630273945211
"Co",681,10.6341891874319,0.202959408118376
"Co",682,12.229372550526,0.110777844431114
"Co",683,4.26699433365491,0.969806038792242
"Co",684,4.73227733037822,0.944811037792441
"Co",685,8.33050563542446,0.450509898020396
"Co",686,7.75837368541389,0.536692661467706
"Co",687,9.93749377299375,0.266946610677864
"Co",688,9.74202549888602,0.287742451509698
"Co",689,18.9118099920227,0.00699860027994401
"Co",690,5.73352894069123,0.842231553689262
"Co",691,9.51601174268734,0.309938012397521
"Co",692,12.2345730961742,0.110377924415117
"Co",693,8.53325634873329,0.422915416916617
"Co",694,6.53255847119638,0.728454309138172
"Co",695,7.6330237875074,0.555288942211558
"Co",696,11.0080269846053,0.175764847030594
"Co",697,9.00744592718365,0.363527294541092
"Co",698,11.452643233585,0.147970405918816
"Co",699,8.91967657391834,0.374325134973005
"Co",700,6.0137161524225,0.807838432313537
"Co",701,6.57066739428373,0.722655468906219
"Co",702,8.32727924407939,0.450709858028394
"Co",703,13.8854815586728,0.0527894421115777
"Co",704,18.2508933037925,0.00819836032793441
"Co",705,5.79272957262251,0.834633073385323
"Co",706,8.20806454544737,0.468906218756249
"Co",707,4.32033524330018,0.967806438712258
"Co",708,10.2511295162532,0.232953409318136
"Co",709,11.7918432102813,0.130573885222955
"Co",710,11.5662023797358,0.141171765646871
"Co",711,13.040514407258,0.0755848830233953
"Co",712,10.4617270224118,0.216156768646271
"Co",713,9.48721977940664,0.311937612477505
"Co",714,8.91810618051719,0.374325134973005
"Co",715,3.30050955386855,0.995200959808038
"Co",716,8.29792326504159,0.455908818236353
"Co",717,9.11479958107398,0.353329334133173
"Co",718,9.91731089887898,0.26874625074985
"Co",719,5.94623891113051,0.819036192761448
"Co",720,6.80081608661962,0.689662067586483
"Co",721,6.69829802973703,0.704459108178364
"Co",722,5.07285850427041,0.913817236552689
"Co",723,4.27422187646908,0.969806038792242
"Co",724,8.74397166631482,0.395320935812837
"Co",725,7.01709524574454,0.653869226154769
"Co",726,12.9743812433718,0.0785842831433713
"Co",727,6.10732485864236,0.794641071785643
"Co",728,13.2849894806385,0.0675864827034593
"Co",729,4.83945576701899,0.936812637472506
"Co",730,15.1634607624125,0.0325934813037392
"Co",731,13.6988172189697,0.0579884023195361
"Co",732,14.5922118343053,0.0393921215756849
"Co",733,8.62803808042921,0.410917816436713
"Co",734,6.64964183928984,0.710657868426315
"Co",735,6.86479097646512,0.679864027194561
"Co",736,5.74812252173737,0.840631873625275
"Co",737,9.45866659506206,0.314737052589482
"Co",738,6.36868528764256,0.754049190161968
"Co",739,6.46115198501528,0.741451709658068
"Co",740,6.04558545175212,0.803439312137572
"Co",741,8.53704241606522,0.422315536892621
"Co",742,7.65571151477408,0.551089782043591
"Co",743,7.67669096723591,0.548090381923615
"Co",744,10.20339957297,0.239152169566087
"Co",745,17.0428044176412,0.013997200559888
"Co",746,10.9857444163808,0.177364527094581
"Co",747,7.55092123829763,0.568886222755449
"Co",748,7.90460375565581,0.515296940611878
"Co",749,10.8729122514898,0.185562887422516
"Co",750,5.941104093913,0.82003599280144
"Co",751,6.79970869201577,0.689662067586483
"Co",752,9.29256690045111,0.333533293341332
"Co",753,9.07749795922163,0.35752849430114
"Co",754,6.27558658526061,0.768846230753849
"Co",755,9.03732683649437,0.361127774445111
"Co",756,8.32748872475176,0.450709858028394
"Co",757,7.3977384295633,0.592281543691262
"Co",758,6.8784778263132,0.67746450709858
"Co",759,7.17292453438418,0.628874225154969
"Co",760,8.59045183656715,0.415316936612677
"Co",761,6.33052805517562,0.761447710457908
"Co",762,8.98909714362401,0.366326734653069
"Co",763,5.77258783346753,0.837232553489302
"Co",764,11.6339422470048,0.137172565486903
"Co",765,8.01942232131506,0.498500299940012
"Co",766,7.97505756418121,0.505298940211958
"Co",767,9.4414208710499,0.317736452709458
"Co",768,6.28615830329568,0.767846430713857
"Co",769,7.8289997808013,0.525894821035793
"Co",770,6.04514272242599,0.803439312137572
"Co",771,6.53298116434752,0.728454309138172
"Co",772,16.9903929705675,0.0141971605678864
"Co",773,8.70748552599366,0.39872025594881
"Co",774,8.37475571370518,0.443311337732454
"Co",775,15.1498026942992,0.0325934813037392
"Co",776,20.086794652824,0.00499900019996001
"Co",777,5.80919314992508,0.833433313337333
"Co",778,7.29303404941672,0.610277944411118
"Co",779,5.79996475105122,0.834033193361328
"Co",780,12.3635930653154,0.103179364127175
"Co",781,7.71905649006317,0.542091581683663
"Co",782,12.5124822147865,0.0975804839032194
"Co",783,6.31852177531906,0.763447310537892
"Co",784,8.97132087748108,0.368126374725055
"Co",785,12.09394152126,0.116776644671066
"Co",786,9.03099123870888,0.361727654469106
"Co",787,8.77514638652858,0.390921815636873
"Co",788,4.65122142831612,0.949610077984403
"Co",789,6.72525939890178,0.701459708058388
"Co",790,4.03385502143692,0.980203959208158
"Co",791,6.46530220527143,0.740851829634073
"Co",792,7.50864625354313,0.576684663067387
"Co",793,9.31830195351742,0.330133973205359
"Co",794,4.70287018499479,0.947010597880424
"Co",795,5.37798427173033,0.882623475304939
"Co",796,14.2555366027439,0.0441911617676465
"Co",797,12.7382611013718,0.0891821635672865
"Co",798,11.5756267209909,0.13997200559888
"Co",799,5.68051035798536,0.848630273945211
"Co",800,6.84263836882144,0.684863027394521
"Co",801,6.83023655465712,0.685662867426515
"Co",802,10.0116373623491,0.258548290341932
"Co",803,10.9813275910546,0.177764447110578
"Co",804,13.1902797732211,0.0705858828234353
"Co",805,7.19573211543141,0.624475104979004
"Co",806,4.48753975524428,0.960407918416317
"Co",807,9.33048469022535,0.329334133173365
"Co",808,7.13428803543655,0.634873025394921
"Co",809,10.463679757584,0.215956808638272
"Co",810,8.17330070793935,0.474305138972206
"Co",811,10.4966471905246,0.212157568486303
"Co",812,10.1393406945154,0.246750649870026
"Co",813,12.9062164174349,0.0803839232153569
"Co",814,6.2579029910502,0.771045790841832
"Co",815,9.54318006865086,0.308338332333533
"Co",816,6.01244288837032,0.808038392321536
"Co",817,7.98637527093851,0.50369926014797
"Co",818,7.54847491302078,0.569886022795441
"Co",819,6.28180349415757,0.768446310737852
"Co",820,9.37070804005779,0.325934813037393
"Co",821,8.57253123540434,0.418116376724655
"Co",822,4.07056075141375,0.978604279144171
"Co",823,5.73687245616833,0.841831633673265
"Co",824,6.58868330350333,0.720255948810238
"Co",825,13.4342170779034,0.0647870425914817
"Co",826,9.4533752429181,0.315936812637473
"Co",827,12.4552541575175,0.0997800439912018
"Co",828,7.1278141396939,0.636472705458908
"Co",829,6.21803775686172,0.777044591081784
"Co",830,9.36966428429955,0.325934813037393
"Co",831,16.4855135389186,0.0191961607678464
"Co",832,6.04703522574573,0.803439312137572
"Co",833,12.4792480639897,0.0987802439512098
"Co",834,5.12849670598212,0.908618276344731
"Co",835,7.11333356592834,0.638472305538892
"Co",836,6.98739725172223,0.659268146370726
"Co",837,10.9049196829368,0.183563287342531
"Co",838,6.32487894036886,0.762247550489902
"Co",839,6.96754901873744,0.662667466506699
"Co",840,9.78064288581885,0.28254349130174
"Co",841,12.8578561499051,0.0833833233353329
"Co",842,6.34312154220524,0.759048190361928
"Co",843,10.7491001662179,0.195160967806439
"Co",844,5.19404005798333,0.901819636072785
"Co",845,9.62391242960692,0.299540091981604
"Co",846,6.79853695728272,0.689662067586483
"Co",847,9.38283490890521,0.324535092981404
"Co",848,7.97809763556202,0.505098980203959
"Co",849,12.7132997083786,0.0905818836232753
"Co",850,2.92982213058011,0.998200359928014
"Co",851,13.9402151093487,0.0515896820635873
"Co",852,9.37392569674392,0.325734853029394
"Co",853,12.1370071218017,0.11497700459908
"Co",854,4.99034122248267,0.92001599680064
"Co",855,8.94745444616248,0.370725854829034
"Co",856,5.84372960026681,0.83003399320136
"Co",857,10.4148560330523,0.21875624875025
"Co",858,7.31771098386716,0.606078784243151
"Co",859,9.64201785681428,0.298940211957609
"Co",860,6.35065200313601,0.757848430313937
"Co",861,5.47267589272712,0.869626074785043
"Co",862,15.0019799615856,0.0347930413917217
"Co",863,9.73291752069352,0.288942211557688
"Co",864,11.2800469428975,0.161167766446711
"Co",865,5.13807080207889,0.908218356328734
"Co",866,11.1908716028609,0.165966806638672
"Co",867,8.71674259431552,0.397720455908818
"Co",868,3.97779781023945,0.982203559288142
"Co",869,13.6224718787121,0.0591881623675265
"Co",870,10.1127954500209,0.249550089982004
"Co",871,4.52232641158534,0.957808438312338
"Co",872,3.81932487133342,0.98620275944811
"Co",873,7.81947584817442,0.52749450109978
"Co",874,10.7242427845221,0.19756048790242
"Co",875,16.755085991588,0.0161967606478704
"Co",876,6.24923704209289,0.772045590881824
"Co",877,7.5745151667474,0.564687062587482
"Co",878,8.36387364978748,0.445510897820436
"Co",879,5.32041752215952,0.887822435512897
"Co",880,4.16710618278483,0.975804839032194
"Co",881,9.26911567934079,0.3375324935013
"Co",882,9.65680599509054,0.297340531893621
"Co",883,10.7163389162621,0.197960407918416
"Co",884,4.852223426297,0.934413117376525
"Co",885,13.1657405205463,0.0711857628474305
"Co",886,8.79826427780759,0.387722455508898
"Co",887,8.71514452605709,0.397720455908818
"Co",888,13.4649309792713,0.0633873225354929
"Co",889,9.05519958533779,0.35872825434913
"Co",890,10.7355028774515,0.196560687862428
"Co",891,8.94069161621219,0.372125574885023
"Co",892,9.14834405630123,0.350129974005199
"Co",893,10.3143961778004,0.226554689062188
"Co",894,5.58986914995076,0.858228354329134
"Co",895,5.53864525273178,0.862627474505099
"Co",896,5.67669610604429,0.848830233953209
"Co",897,5.35484893913224,0.884423115376925
"Co",898,13.860707538559,0.0531893621275745
"Co",899,9.75029805372327,0.287142571485703
"Co",900,8.9961713834947,0.365326934613077
"Co",901,8.48479449797031,0.428914217156569
"Co",902,8.78814402710623,0.389522095580884
"Co",903,5.34691327177262,0.885222955408918
"Co",904,11.7590887198093,0.132173565286943
"Co",905,7.01826590332789,0.653869226154769
"Co",906,4.11899280376559,0.977004599080184
"Co",907,5.6809232635843,0.848630273945211
"Co",908,8.58164038847801,0.416516696660668
"Co",909,3.66868277936277,0.989002199560088
"Co",910,8.12474030048082,0.482703459308138
"Co",911,7.11926216472429,0.6374725054989
"Co",912,7.81270209594308,0.528494301139772
"Co",913,4.64245868164105,0.949810037992401
"Co",914,6.76524995620954,0.695260947810438
"Co",915,5.13100638362857,0.908218356328734
"Co",916,5.88657451157087,0.825234953009398
"Co",917,5.45006651743049,0.873425314937013
"Co",918,8.16948982233197,0.474505098980204
"Co",919,17.6936654564107,0.00959808038392321
"Co",920,9.10416863211393,0.354929014197161
"Co",921,7.75897791520771,0.536492701459708
"Co",922,11.8767441365685,0.126174765046991
"Co",923,6.31367029676377,0.763847230553889
"Co",924,7.16926421229786,0.629474105178964
"Co",925,11.5257948983461,0.143371325734853
"Co",926,9.48626449760357,0.311937612477505
"Co",927,9.43966341261827,0.317936412717456
"Co",928,9.46592355346064,0.314537092581484
"Co",929,10.2526134232868,0.23255348930214
"Co",930,9.85894220983209,0.275144971005799
"Co",931,8.78755859851523,0.389722055588882
"Co",932,6.92566416480457,0.670465906818636
"Co",933,10.8765121266029,0.185362927414517
"Co",934,7.45510150019666,0.584883023395321
"Co",935,8.38511569738961,0.44131173765247
"Co",936,6.73804212640603,0.698660267946411
"Co",937,7.69825583782742,0.544691061787642
"Co",938,8.060628871582,0.491901619676065
"Co",939,11.0656693219147,0.171965606878624
"Co",940,8.81970504047021,0.384523095380924
"Co",941,8.91744284190011,0.374525094981004
"Co",942,4.39623814192097,0.96380723855229
"Co",943,6.34145374648202,0.759648070385923
"Co",944,7.35607332496488,0.598880223955209
"Co",945,8.21333885709393,0.468306338732254
"Co",946,6.12746032250016,0.790241951609678
"Co",947,5.12995612027612,0.908418316336733
"Co",948,6.54249446136507,0.726854629074185
"Co",949,7.15013476790651,0.632673465306939
"Co",950,3.65835309303205,0.989202159568086
"Co",951,6.85278808935234,0.682063587282543
"Co",952,3.19369522956273,0.996600679864027
"Co",953,5.70976000637373,0.84503099380124
"Co",954,5.41567217243863,0.877824435112977
"Co",955,6.71187572571745,0.703059388122376
"Co",956,8.56199330377538,0.420315936812637
"Co",957,7.11636713046624,0.638072385522895
"Co",958,14.1341625803355,0.0467906418716257
"Co",959,6.32708210158933,0.761847630473905
"Co",960,10.8705503090339,0.185762847430514
"Co",961,9.07618322461582,0.35752849430114
"Co",962,11.2852494775549,0.160767846430714
"Co",963,11.1017592073101,0.170965806838632
"Co",964,8.13457283784169,0.480903819236153
"Co",965,13.247293580714,0.0691861627674465
"Co",966,6.83757926024197,0.685462907418516
"Co",967,8.48137445479551,0.429114177164567
"Co",968,10.1816828679071,0.240551889622076
"Co",969,13.4286790134395,0.0647870425914817
"Co",970,13.8971213731943,0.0525894821035793
"Co",971,7.06285295612531,0.648270345930814
"Co",972,8.53141873596564,0.422915416916617
"Co",973,10.324707196179,0.225754849030194
"Co",974,6.82117302887448,0.6874625074985
"Co",975,7.39691195508291,0.59248150369926
"Co",976,9.43745172255984,0.318336332733453
"Co",977,8.05290999558903,0.492701459708058
"Co",978,7.28396480852354,0.610677864427115
"Co",979,11.8978831062649,0.124775044991002
"Co",980,13.2291857731934,0.0695860827834433
"Co",981,9.17772034368684,0.346530693861228
"Co",982,12.2885439529663,0.107378524295141
"Co",983,8.85330140406563,0.382123575284943
"Co",984,5.80455803491657,0.833433313337333
"Co",985,4.80319428613973,0.939012197560488
"Co",986,7.97305997514124,0.505298940211958
"Co",987,7.9879571087782,0.503499300139972
"Co",988,5.51024066258637,0.866426714657069
"Co",989,11.0110250497553,0.175564887022595
"Co",990,5.12890995460651,0.908418316336733
"Co",991,7.76608424729463,0.536092781443711
"Co",992,9.16609100511931,0.34873025394921
"Co",993,8.37207714598236,0.444511097780444
"Co",994,16.1483508084865,0.0211957608478304
"Co",995,15.1635735784643,0.0325934813037392
"Co",996,6.15725825788564,0.786042791441712
"Co",997,7.1795701353584,0.627074585082983
"Co",998,8.51717889669825,0.425314937012597
"Co",999,8.82781799835348,0.384323135372925
"Co",1000,5.50456544005456,0.867026594681064
"Co",1001,23.593746153458,0.000799840031993601
"Co",1002,13.108031516478,0.0733853229354129
"Co",1003,6.85855139753798,0.68126374725055
"Co",1004,5.77961522712823,0.836632673465307
"Co",1005,7.20268252621437,0.623275344931014
"Co",1006,5.73020643354002,0.842431513697261
"Co",1007,14.9532304898281,0.0351929614077185
"Co",1008,5.1376157556154,0.908218356328734
"Co",1009,6.16072604512965,0.785442911417716
"Co",1010,7.90708483157781,0.515096980603879
"Co",1011,6.78231908852194,0.693261347730454
"Co",1012,12.7003562557376,0.0915816836632673
"Co",1013,7.82433477050532,0.526094781043791
"Co",1014,2.97364624194805,0.998000399920016
"Co",1015,5.63771516110759,0.852829434113177
"Co",1016,9.85754621924372,0.275144971005799
"Co",1017,4.88878477883438,0.93121375724855
"Co",1018,7.51117793363946,0.576084783043391
"Co",1019,9.40179808288036,0.321135772845431
"Co",1020,6.89099461870373,0.675464907018596
"Co",1021,4.15265646891783,0.976604679064187
"Co",1022,5.42840654705662,0.877024595080984
"Co",1023,6.74400976824859,0.698060387922416
"Co",1024,5.5013272224576,0.867426514697061
"Co",1025,11.4795774944804,0.145770845830834
"Co",1026,9.19311984567349,0.344731053789242
"Co",1027,6.12294685335422,0.791641671665667
"Co",1028,6.48004610462203,0.738052389522096
"Co",1029,8.08681415810568,0.488302339532094
"Co",1030,4.39064294097105,0.964607078584283
"Co",1031,7.96404135186853,0.506698660267946
"Co",1032,6.5472940468965,0.72625474905019
"Co",1033,4.88656735866999,0.93121375724855
"Co",1034,5.60760272300664,0.856428714257149
"Co",1035,8.24085337692844,0.464507098580284
"Co",1036,14.4560218914927,0.0415916816636673
"Co",1037,8.3101733650937,0.45370925814837
"Co",1038,8.47074610437085,0.430913817236553
"Co",1039,10.2705726072466,0.230753849230154
"Co",1040,10.6594435141666,0.201359728054389
"Co",1041,2.96456882055969,0.998000399920016
"Co",1042,12.7121814938745,0.0905818836232753
"Co",1043,10.338743162184,0.2249550089982
"Co",1044,8.38475234110942,0.44131173765247
"Co",1045,9.37414035504327,0.325734853029394
"Co",1046,6.04861389979004,0.803239352129574
"Co",1047,7.05785903686959,0.649070185962807
"Co",1048,10.7311590799823,0.196760647870426
"Co",1049,5.79283057637025,0.834633073385323
"Co",1050,11.5824214931599,0.139772045590882
"Co",1051,7.94999179835523,0.507898420315937
"Co",1052,20.1137229955644,0.00499900019996001
"Co",1053,10.1592467708882,0.244351129774045
"Co",1054,10.0676807524245,0.25374925014997
"Co",1055,8.9583772326892,0.369526094781044
"Co",1056,6.14547058487602,0.787442511497701
"Co",1057,8.94687201597813,0.370925814837033
"Co",1058,4.1457824194697,0.976804639072186
"Co",1059,6.11159880979238,0.794241151769646
"Co",1060,12.2352956722693,0.110377924415117
"Co",1061,11.0875806630096,0.171365726854629
"Co",1062,9.11692715124266,0.352929414117177
"Co",1063,8.02959666298131,0.49630073985203
"Co",1064,7.0267350461165,0.65246950609878
"Co",1065,12.0028423731727,0.120175964807039
"Co",1066,7.34797135308793,0.599680063987203
"Co",1067,9.55966555188681,0.306538692261548
"Co",1068,10.4580171849036,0.216156768646271
"Co",1069,6.54420918163672,0.726654669066187
"Co",1070,5.86229263109396,0.82743451309738
"Co",1071,15.8978329829365,0.0231953609278144
"Co",1072,5.37051656744043,0.882623475304939
"Co",1073,10.5874221357514,0.205958808238352
"Co",1074,5.11783140275011,0.910817836432713
"Co",1075,9.69941244460702,0.291941611677664
"Co",1076,7.56276373437416,0.566886622675465
"Co",1077,11.0409172243718,0.17376524695061
"Co",1078,12.0237642836435,0.119376124775045
"Co",1079,5.43669524406147,0.875824835032993
"Co",1080,7.7059906159743,0.543491301739652
"Co",1081,7.41495929432935,0.589082183563287
"Co",1082,4.74454808320041,0.943811237752449
"Co",1083,7.25218731312624,0.616076784643071
"Co",1084,13.4002297167717,0.0653869226154769
"Co",1085,6.64097136559573,0.711857628474305
"Co",1086,5.45761450807569,0.871825634873025
"Co",1087,8.12230989227066,0.483303339332134
"Co",1088,4.70590026346892,0.946810637872425
"Co",1089,8.18163607113513,0.473305338932214
"Co",1090,7.49947208836889,0.578884223155369
"Co",1091,15.2396206660545,0.0311937612477504
"Co",1092,8.84620886832565,0.382923415316937
"Co",1093,7.58093038556038,0.563487302539492
"Co",1094,8.10467222703357,0.485502899420116
"Co",1095,8.55663921846474,0.420915816836633
"Co",1096,7.67879610591859,0.547290541891622
"Co",1097,5.95212116341179,0.818036392721456
"Co",1098,6.75444694623894,0.696660667866427
"Co",1099,11.8907783709385,0.125374925014997
"Co",1100,8.13183148765748,0.481903619276145
"Co",1101,6.99013055922643,0.658868226354729
"Co",1102,6.53464373700774,0.728254349130174
"Co",1103,5.08571021153261,0.912817436512697
"Co",1104,9.44981958997303,0.316336732653469
"Co",1105,17.6977900976268,0.00959808038392321
"Co",1106,11.105958227824,0.170965806838632
"Co",1107,9.08491581091889,0.356328734253149
"Co",1108,7.80265747674889,0.529894021195761
"Co",1109,6.88885616930781,0.675664867026595
"Co",1110,10.7814455342312,0.193361327734453
"Co",1111,6.0845317107767,0.798240351929614
"Co",1112,7.71585906688426,0.542291541691662
"Co",1113,12.1925557662281,0.112177564487103
"Co",1114,7.30925922962535,0.60747850429914
"Co",1115,5.16457650114481,0.905818836232753
"Co",1116,13.0083361334426,0.0763847230553889
"Co",1117,6.39335762804035,0.750649870025995
"Co",1118,10.0106004462118,0.25874825034993
"Co",1119,9.42567648133598,0.319136172765447
"Co",1120,12.9110319597677,0.0803839232153569
"Co",1121,7.68648841388799,0.546090781843631
"Co",1122,7.52167744728825,0.573085382923415
"Co",1123,13.5342151118839,0.0611877624475105
"Co",1124,8.29710986329735,0.456108778244351
"Co",1125,5.06136324043632,0.914417116576685
"Co",1126,4.90893327599926,0.929214157168566
"Co",1127,11.4227313850362,0.150169966006799
"Co",1128,6.27769485622201,0.768846230753849
"Co",1129,10.1541446587944,0.245350929814037
"Co",1130,7.06004717273916,0.648670265946811
"Co",1131,4.38822511078108,0.964607078584283
"Co",1132,10.5607935972691,0.207958408318336
"Co",1133,7.89189439644557,0.516696660667866
"Co",1134,4.67509863350557,0.948010397920416
"Co",1135,6.63618605708149,0.712857428514297
"Co",1136,7.74845618966955,0.537292541491702
"Co",1137,4.29981017563765,0.968206358728254
"Co",1138,11.1470091008562,0.167566486702659
"Co",1139,15.7390027766366,0.0247950409918016
"Co",1140,17.5383992798235,0.0103979204159168
"Co",1141,5.53963698813669,0.862627474505099
"Co",1142,10.0818415561258,0.251749650069986
"Co",1143,7.32601771482936,0.604279144171166
"Co",1144,7.38008488457416,0.595080983803239
"Co",1145,3.40511678751977,0.994401119776045
"Co",1146,6.50879073944742,0.733053389322136
"Co",1147,6.51138419329817,0.732253549290142
"Co",1148,8.20193711910446,0.469506098780244
"Co",1149,6.27606974413442,0.768846230753849
"Co",1150,9.40339000451007,0.320935812837432
"Co",1151,15.2218071080915,0.0313937212557489
"Co",1152,8.2481833567368,0.462907418516297
"Co",1153,7.77972260821232,0.534093181363727
"Co",1154,10.4707882056578,0.215156968606279
"Co",1155,7.36906615129604,0.596480703859228
"Co",1156,9.48647263231061,0.311937612477505
"Co",1157,4.77096390016649,0.94121175764847
"Co",1158,5.70020241100886,0.846430713857229
"Co",1159,5.3034251227985,0.890621875624875
"Co",1160,4.89976973834644,0.930413917216557
"Co",1161,6.8429581233456,0.684863027394521
"Co",1162,12.1363578568661,0.11497700459908
"Co",1163,13.1037284358358,0.0735852829434113
"Co",1164,8.49072600727087,0.428114377124575
"Co",1165,7.38109738530392,0.594881023795241
"Co",1166,10.5344533317009,0.209158168366327
"Co",1167,7.65127952127099,0.551889622075585
"Co",1168,4.12146452064729,0.977004599080184
"Co",1169,7.62481185815557,0.556688662267547
"Co",1170,11.207584690925,0.165166966606679
"Co",1171,8.40528740658991,0.43871225754849
"Co",1172,5.93601548071746,0.820235952809438
"Co",1173,5.76427012560319,0.838632273545291
"Co",1174,18.1527879897408,0.00879824035192961
"Co",1175,9.18425852844558,0.345530893821236
"Co",1176,6.90488712616443,0.673465306938612
"Co",1177,7.8483805838496,0.522095580883823
"Co",1178,11.4302472088246,0.148970205958808
"Co",1179,10.3219428591832,0.225754849030194
"Co",1180,6.2405372678225,0.773445310937812
"Co",1181,13.6276293667349,0.0591881623675265
"Co",1182,8.47243862314352,0.430913817236553
"Co",1183,11.3037888538036,0.159768046390722
"Co",1184,7.37352698915925,0.596080783843231
"Co",1185,4.13219771006125,0.977004599080184
"Co",1186,7.71075653589045,0.543291341731654
"Co",1187,12.1579874034414,0.114177164567087
"Co",1188,17.1766570593585,0.0135972805438912
"Co",1189,4.49906072854039,0.959608078384323
"Co",1190,10.6561018676598,0.201559688062388
"Co",1191,6.01008480394512,0.808838232353529
"Co",1192,7.91691967788657,0.513297340531894
"Co",1193,12.6312481084298,0.0945810837832434
"Co",1194,8.8280458249653,0.384323135372925
"Co",1195,7.40023730579983,0.592081583683263
"Co",1196,9.74076540184475,0.288142371525695
"Co",1197,7.57653934211149,0.564487102579484
"Co",1198,4.11118638869871,0.977604479104179
"Co",1199,7.05243795196239,0.649870025994801
"Co",1200,15.5096527617242,0.0267946410717856
"Co",1201,8.54313694768825,0.422115576884623
"Co",1202,7.68168157437404,0.546490701859628
"Co",1203,13.3954674658019,0.0653869226154769
"Co",1204,8.95104212539886,0.369926014797041
"Co",1205,6.0151837288283,0.807838432313537
"Co",1206,9.52674003895746,0.309738052389522
"Co",1207,16.5345135579246,0.0183963207358528
"Co",1208,12.8793887032236,0.0825834833033393
"Co",1209,9.29004954006777,0.33373325334933
"Co",1210,4.38353315766919,0.964807038592282
"Co",1211,8.34697420918121,0.448110377924415
"Co",1212,14.429013711834,0.0417916416716657
"Co",1213,5.66315596363322,0.850229954009198
"Co",1214,10.956633246215,0.180163967206559
"Co",1215,6.13151050461275,0.789842031593681
"Co",1216,5.89810002408819,0.823635272945411
"Co",1217,4.45331683988948,0.961807638472306
"Co",1218,4.8605177659683,0.933613277344531
"Co",1219,11.5995440398081,0.139572085582883
"Co",1220,5.91171705531542,0.821635672865427
"Co",1221,10.8558512009778,0.186762647470506
"Co",1222,11.3698806933526,0.15496900619876
"Co",1223,7.68849787615102,0.545690861827634
"Co",1224,11.9413034434963,0.12377524495101
"Co",1225,7.03598995432438,0.651469706058788
"Co",1226,7.75179598032881,0.537092581483703
"Co",1227,8.27882530418606,0.458508298340332
"Co",1228,13.8517856057534,0.0533893221355729
"Co",1229,9.74918291804173,0.287142571485703
"Co",1230,3.08801548652113,0.996800639872026
"Co",1231,7.1249357309535,0.636672665466907
"Co",1232,5.56422953276459,0.860827834433113
"Co",1233,13.7382576068307,0.0563887222555489
"Co",1234,7.07526784536498,0.646070785842831
"Co",1235,7.48809832105698,0.580683863227355
"Co",1236,6.72783767099196,0.700659868026395
"Co",1237,9.26736238459284,0.3375324935013
"Co",1238,9.35040974245351,0.327934413117377
"Co",1239,10.9084859250484,0.183563287342531
"Co",1240,7.56156247430843,0.567086582683463
"Co",1241,5.59543529296144,0.857628474305139
"Co",1242,5.23879737794289,0.895220955808838
"Co",1243,10.2299569321375,0.23495300939812
"Co",1244,9.35895995269098,0.327134573085383
"Co",1245,5.70323299461538,0.845630873825235
"Co",1246,7.30782045201902,0.60747850429914
"Co",1247,7.41771340690471,0.588882223555289
"Co",1248,4.71901261067472,0.945410917816437
"Co",1249,10.6427104326634,0.201959608078384
"Co",1250,11.6851257743905,0.135372925414917
"Co",1251,8.20562356934124,0.468906218756249
"Co",1252,7.79335052102974,0.531493701259748
"Co",1253,5.88581795912046,0.825234953009398
"Co",1254,4.83803116686892,0.936812637472506
"Co",1255,8.17952023098823,0.473305338932214
"Co",1256,12.2111578460546,0.111577684463107
"Co",1257,5.08217940285849,0.913017396520696
"Co",1258,7.54067061737629,0.570885822835433
"Co",1259,5.90477741905045,0.822835432913417
"Co",1260,10.7293338654466,0.196960607878424
"Co",1261,5.44439706116003,0.874425114977005
"Co",1262,10.7486577681489,0.195160967806439
"Co",1263,10.4130575995657,0.21875624875025
"Co",1264,7.32755548457214,0.604079184163167
"Co",1265,9.47513212217007,0.312937412517497
"Co",1266,11.9723018575521,0.121775644871026
"Co",1267,7.16590581375254,0.630073985202959
"Co",1268,9.51818172144129,0.309938012397521
"Co",1269,6.59992892813563,0.719056188762248
"Co",1270,10.3813790354592,0.221155768846231
"Co",1271,14.0889887464935,0.0479904019196161
"Co",1272,16.4736084237035,0.0193961207758448
"Co",1273,9.96732954759077,0.262147570485903
"Co",1274,8.27588550053747,0.458908218356329
"Co",1275,7.44917350800335,0.585482903419316
"Co",1276,9.47039115466416,0.31373725254949
"Co",1277,8.29790129541854,0.455908818236353
"Co",1278,9.78617506597766,0.282143571285743
"Co",1279,10.6491375180493,0.201959608078384
"Co",1280,13.4499881089639,0.0641871625674865
"Co",1281,6.49535578812467,0.736052789442112
"Co",1282,11.1328269476771,0.169166166766647
"Co",1283,5.06890096220715,0.914217156568686
"Co",1284,7.98889480008265,0.503299340131974
"Co",1285,6.11661034673446,0.793041391721656
"Co",1286,8.0098132082789,0.500699860027994
"Co",1287,5.4680404657195,0.870425914817037
"Co",1288,8.07926275795003,0.489502099580084
"Co",1289,10.9629744854615,0.17876424715057
"Co",1290,7.22397472718484,0.619676064787043
"Co",1291,6.14983722159224,0.786842631473705
"Co",1292,4.49814222055062,0.959808038392322
"Co",1293,9.29646367426875,0.332933413317337
"Co",1294,10.6803025194494,0.1999600079984
"Co",1295,8.68708496407278,0.402719456108778
"Co",1296,4.81744849592829,0.938412317536493
"Co",1297,8.71562391028959,0.397720455908818
"Co",1298,6.7507947612992,0.697260547890422
"Co",1299,13.7239665902769,0.0569886022795441
"Co",1300,7.85187049171731,0.521695660867826
"Co",1301,5.1923348009372,0.902019596080784
"Co",1302,8.75527568059354,0.393521295740852
"Co",1303,16.3883652303807,0.01999600079984
"Co",1304,6.15666288252831,0.786042791441712
"Co",1305,7.4691953376358,0.583083383323335
"Co",1306,8.86749058867568,0.381123775244951
"Co",1307,8.44765832072122,0.433113377324535
"Co",1308,10.3704393018601,0.221955608878224
"Co",1309,8.38292966508223,0.441911617676465
"Co",1310,5.31721410354167,0.888622275544891
"Co",1311,13.4951287821391,0.0625874825034993
"Co",1312,6.47514336198938,0.738852229554089
"Co",1313,8.46832197883941,0.43131373725255
"Co",1314,17.4921519975074,0.0103979204159168
"Co",1315,9.8307355189902,0.277344531093781
"Co",1316,8.51268749463338,0.426114777044591
"Co",1317,7.95592969533683,0.507698460307938
"Co",1318,12.4359696875212,0.0999800039992002
"Co",1319,7.15161893672342,0.632273545290942
"Co",1320,6.53716449654127,0.728054389122176
"Co",1321,8.57157198873409,0.418316336732653
"Co",1322,7.8906916915752,0.516696660667866
"Co",1323,6.82692319881673,0.68626274745051
"Co",1324,5.08163278395138,0.913017396520696
"Co",1325,8.94081963685571,0.372125574885023
"Co",1326,9.77705978044099,0.282743451309738
"Co",1327,12.6887034273085,0.092381523695261
"Co",1328,10.6394182409216,0.20255948810238
"Co",1329,10.9392560117537,0.180563887222555
"Co",1330,6.55872513690673,0.724855028994201
"Co",1331,5.8197080769267,0.832833433313337
"Co",1332,8.57698085507863,0.41751649670066
"Co",1333,14.4211400566159,0.0419916016796641
"Co",1334,8.2935522762015,0.456708658268346
"Co",1335,14.1793106352067,0.0457908418316337
"Co",1336,9.52541252708886,0.309738052389522
"Co",1337,11.7710013291425,0.131573685262947
"Co",1338,10.9208092547985,0.181963607278544
"Co",1339,9.71027944233529,0.290941811637672
"Co",1340,6.69824308223787,0.704459108178364
"Co",1341,10.1203953362662,0.248950209958008
"Co",1342,5.23475557857199,0.896020795840832
"Co",1343,4.39059177621399,0.964607078584283
"Co",1344,8.31294274414608,0.452709458108378
"Co",1345,7.33631747558189,0.602279544091182
"Co",1346,5.6414421404458,0.852629474105179
"Co",1347,17.1743093904333,0.0135972805438912
"Co",1348,7.77556629199793,0.534693061387722
"Co",1349,4.93546806738129,0.9250149970006
"Co",1350,7.99630795908297,0.501899620075985
"Co",1351,10.0210854900091,0.257948410317936
"Co",1352,5.27262908582642,0.892221555688862
"Co",1353,7.03857577544346,0.65126974605079
"Co",1354,5.67527120645033,0.849030193961208
"Co",1355,5.61734379081796,0.855228954209158
"Co",1356,6.4753494068062,0.738852229554089
"Co",1357,5.79070674385844,0.83503299340132
"Co",1358,9.06739038230481,0.358328334333133
"Co",1359,7.12500866663197,0.636672665466907
"Co",1360,9.22133645377681,0.343131373725255
"Co",1361,12.7847144793859,0.0877824435112977
"Co",1362,18.2248422245961,0.00819836032793441
"Co",1363,13.989075892444,0.0505898820235953
"Co",1364,8.44221856103049,0.433513297340532
"Co",1365,8.07392852277079,0.489902019596081
"Co",1366,4.27355855823635,0.969806038792242
"Co",1367,7.41951905411554,0.588682263547291
"Co",1368,11.5956937167029,0.139572085582883
"Co",1369,11.0057682039161,0.175964807038592
"Co",1370,6.04107425655508,0.804039192161568
"Co",1371,5.31772199386538,0.888422315536893
"Co",1372,4.5007449902744,0.959408118376325
"Co",1373,5.34781348024333,0.88502299540092
"Co",1374,5.84884865236432,0.829434113177364
"Co",1375,6.32618399906653,0.762247550489902
"Co",1376,7.00846809413133,0.655468906218756
"Co",1377,5.4854633937332,0.868826234753049
"Co",1378,6.2432860093144,0.773045390921816
"Co",1379,7.43300138051637,0.586882623475305
"Co",1380,13.1154504171375,0.0731853629274145
"Co",1381,9.03917094295136,0.360927814437113
"Co",1382,6.18829454588649,0.782643471305739
"Co",1383,4.07184856083092,0.978604279144171
"Co",1384,9.22798472080086,0.34253149370126
"Co",1385,4.25768106496241,0.970405918816237
"Co",1386,5.61627960756843,0.855428914217157
"Co",1387,5.96324936317518,0.815836832633473
"Co",1388,7.99398349149769,0.50249950009998
"Co",1389,12.6689700569256,0.0927814437112578
"Co",1390,6.36968086931211,0.754049190161968
"Co",1391,8.55777156934576,0.420915816836633
"Co",1392,5.07925783276036,0.913617276544691
"Co",1393,7.45317126389349,0.585282943411318
"Co",1394,7.9638012535581,0.506698660267946
"Co",1395,7.49216161769334,0.580483903219356
"Co",1396,9.50236115944404,0.310737852429514
"Co",1397,9.65184474320287,0.297740451909618
"Co",1398,5.21374800963488,0.898620275944811
"Co",1399,4.08733006767011,0.978204359128174
"Co",1400,4.58661375341657,0.953609278144371
"Co",1401,14.0059071169551,0.0503899220155969
"Co",1402,6.80945246221449,0.688462307538492
"Co",1403,14.7092644865827,0.0369926014797041
"Co",1404,3.93051602053143,0.982803439312138
"Co",1405,7.74488995589465,0.537292541491702
"Co",1406,7.79152362165416,0.531893621275745
"Co",1407,6.28425233850449,0.768246350729854
"Co",1408,5.96848917722269,0.815436912617477
"Co",1409,8.19516509808619,0.470705858828234
"Co",1410,7.08787113045634,0.643871225754849
"Co",1411,7.71164928052764,0.543291341731654
"Co",1412,6.26627216082446,0.77004599080184
"Co",1413,14.1169396104012,0.0469906018796241
"Co",1414,8.589802616584,0.415316936612677
"Co",1415,7.83101501064445,0.525494901019796
"Co",1416,11.6374051563745,0.137172565486903
"Co",1417,8.60142800156325,0.414317136572685
"Co",1418,8.32557954625958,0.451309738052389
"Co",1419,13.2468847682194,0.0691861627674465
"Co",1420,5.65553894253344,0.850829834033193
"Co",1421,8.93572043040979,0.373125374925015
"Co",1422,6.84724211691875,0.684263147370526
"Co",1423,7.57618276408024,0.564487102579484
"Co",1424,6.59794847723265,0.719256148770246
"Co",1425,6.03139463908457,0.804639072185563
"Co",1426,7.53624563555749,0.57128574285143
"Co",1427,7.87284437037485,0.518496300739852
"Co",1428,6.94613110651622,0.66746650669866
"Co",1429,6.51796939090809,0.730653869226155
"Co",1430,16.1183987334527,0.0211957608478304
"Co",1431,10.1262599973525,0.248950209958008
"Co",1432,8.85935919887072,0.381323735252949
"Co",1433,4.75166412983387,0.943411317736453
"Co",1434,8.78551960978621,0.389922015596881
"Co",1435,8.57655936765906,0.41751649670066
"Co",1436,5.96137239398877,0.81623675264947
"Co",1437,7.89012397497501,0.516896620675865
"Co",1438,8.98042554730665,0.366926614677065
"Co",1439,6.56253991952138,0.724255148970206
"Co",1440,5.41780467732571,0.877424515096981
"Co",1441,11.5747715278474,0.140171965606879
"Co",1442,12.6093687125929,0.0951809638072385
"Co",1443,6.00957329238919,0.808838232353529
"Co",1444,5.63187405371815,0.853629274145171
"Co",1445,13.5017225024586,0.0625874825034993
"Co",1446,3.84198661155767,0.985402919416117
"Co",1447,7.32853454762994,0.603879224155169
"Co",1448,4.6197637942478,0.951809638072385
"Co",1449,5.09196735710472,0.912217556488702
"Co",1450,10.0734981987966,0.253549290141972
"Co",1451,11.6629482093249,0.136572685462907
"Co",1452,8.52585648792709,0.424115176964607
"Co",1453,7.8783409474475,0.518096380723855
"Co",1454,16.1151564736067,0.0211957608478304
"Co",1455,10.9346904457648,0.181163767246551
"Co",1456,4.8193240488588,0.938212357528494
"Co",1457,5.35059663391206,0.88502299540092
"Co",1458,8.15109479773278,0.47750449910018
"Co",1459,14.4834816170496,0.0407918416316737
"Co",1460,16.7884664944102,0.0155968806238752
"Co",1461,8.61715117762992,0.412717456508698
"Co",1462,12.8750036938784,0.0825834833033393
"Co",1463,4.55420391947192,0.956608678264347
"Co",1464,6.46297256921926,0.740851829634073
"Co",1465,11.8177908959097,0.129374125174965
"Co",1466,4.97191421063627,0.921015796840632
"Co",1467,6.81807670717586,0.687862427514497
"Co",1468,10.2427074676609,0.234153169366127
"Co",1469,11.5386074276989,0.142771445710858
"Co",1470,9.28472418934658,0.335332933413317
"Co",1471,4.9182804296691,0.928214357128574
"Co",1472,6.76609676888251,0.695260947810438
"Co",1473,6.27756328883413,0.768846230753849
"Co",1474,4.17683789979142,0.975604879024195
"Co",1475,6.61105800610349,0.717256548690262
"Co",1476,9.17371044602547,0.347130573885223
"Co",1477,11.5788154971824,0.13997200559888
"Co",1478,9.01753314288533,0.363127374525095
"Co",1479,4.34681270386392,0.966806638672266
"Co",1480,7.70605890276823,0.543491301739652
"Co",1481,3.84257215828691,0.985402919416117
"Co",1482,11.0570419002194,0.173165366926615
"Co",1483,11.5798402428615,0.13997200559888
"Co",1484,4.92218697604494,0.927814437112577
"Co",1485,8.14461372947832,0.478904219156169
"Co",1486,3.06975557251428,0.997000599880024
"Co",1487,10.9019556952791,0.183563287342531
"Co",1488,5.99482074692139,0.810637872425515
"Co",1489,2.66626659097452,0.999400119976005
"Co",1490,9.83380191089336,0.277344531093781
"Co",1491,8.56209380677331,0.420315936812637
"Co",1492,8.92563436372635,0.374125174965007
"Co",1493,7.85757778937028,0.520295940811838
"Co",1494,13.0025819500113,0.0775844831033793
"Co",1495,5.9716404248864,0.81503699260148
"Co",1496,6.65782806387224,0.710057988402319
"Co",1497,9.39631601253205,0.321535692861428
"Co",1498,4.2056465276678,0.974405118976205
"Co",1499,4.81097272679382,0.93881223755249
"Co",1500,12.8861352089772,0.0821835632873425
"Co",1501,8.71754629007822,0.397720455908818
"Co",1502,8.84777014595201,0.382923415316937
"Co",1503,9.9494302527107,0.265346930613877
"Co",1504,6.92332506670613,0.670865826834633
"Co",1505,8.05446192841902,0.492301539692062
"Co",1506,9.65444620291387,0.297340531893621
"Co",1507,6.59496290080014,0.719856028794241
"Co",1508,8.47110828101259,0.430913817236553
"Co",1509,7.96141057238103,0.507298540291942
"Co",1510,5.60537456348317,0.857028594281144
"Co",1511,8.24217178897842,0.464507098580284
"Co",1512,6.3480514315097,0.758248350329934
"Co",1513,10.8355622365348,0.190161967606479
"Co",1514,4.01193750391971,0.980803839232154
"Co",1515,4.49129382686127,0.960207958408318
"Co",1516,7.43358259714839,0.586882623475305
"Co",1517,9.17373315669917,0.347130573885223
"Co",1518,8.10696162151802,0.485102979404119
"Co",1519,12.6780319241983,0.0927814437112578
"Co",1520,5.18787417898861,0.902619476104779
"Co",1521,12.2111009577441,0.111577684463107
"Co",1522,13.2850806897349,0.0675864827034593
"Co",1523,11.9351943071501,0.123975204959008
"Co",1524,5.96647349565509,0.815836832633473
"Co",1525,8.01872548398418,0.498900219956009
"Co",1526,6.79668285526336,0.690261947610478
"Co",1527,4.58221724080857,0.953609278144371
"Co",1528,8.6327344982993,0.410317936412717
"Co",1529,9.37984806578055,0.325134973005399
"Co",1530,7.49138038759719,0.580483903219356
"Co",1531,5.76035479435367,0.838832233553289
"Co",1532,8.52905752313427,0.423515296940612
"Co",1533,7.32340702886728,0.605278944211158
"Co",1534,7.82671727593305,0.526094781043791
"Co",1535,9.69169697691569,0.293341331733653
"Co",1536,5.57785662911205,0.859028194361128
"Co",1537,10.9833514785043,0.177564487102579
"Co",1538,8.76435522582219,0.39252149570086
"Co",1539,8.90454561778131,0.376324735052989
"Co",1540,7.89729470812304,0.515496900619876
"Co",1541,8.04104393461589,0.495100979804039
"Co",1542,6.58993275688553,0.72005598880224
"Co",1543,6.0119371098354,0.808438312337532
"Co",1544,14.6521083633029,0.0385922815436913
"Co",1545,6.30302916795574,0.765246950609878
"Co",1546,10.5937895415061,0.205558888222356
"Co",1547,10.2747213211663,0.22995400919816
"Co",1548,9.9177657179693,0.26874625074985
"Co",1549,5.37915034448466,0.882623475304939
"Co",1550,7.17062080345934,0.629074185162967
"Co",1551,5.90531764871466,0.822635472905419
"Co",1552,12.6929692240717,0.0919816036792642
"Co",1553,11.7630507852404,0.131973605278944
"Co",1554,3.57588358869125,0.991001799640072
"Co",1555,11.0510144537631,0.173365326934613
"Co",1556,4.73695092716758,0.944411117776445
"Co",1557,4.02278672523627,0.980203959208158
"Co",1558,13.3586038334279,0.0659868026394721
"Co",1559,7.220306041041,0.619676064787043
"Co",1560,4.96637641996995,0.921415716856629
"Co",1561,13.6554718593173,0.0583883223355329
"Co",1562,7.38723302601053,0.593881223755249
"Co",1563,8.33596400962708,0.449710057988402
"Co",1564,7.3561076272195,0.598880223955209
"Co",1565,4.61534214828038,0.952009598080384
"Co",1566,12.966531165578,0.0785842831433713
"Co",1567,16.6856871622306,0.0165966806638672
"Co",1568,4.49777860927264,0.959808038392322
"Co",1569,11.7496594428309,0.132573485302939
"Co",1570,11.0226909327787,0.174765046990602
"Co",1571,7.9358758749193,0.510097980403919
"Co",1572,6.30189953001513,0.765446910617876
"Co",1573,9.52053261250856,0.309938012397521
"Co",1574,5.53865375296439,0.862627474505099
"Co",1575,9.27617332322032,0.336332733453309
"Co",1576,4.4687807368517,0.961407718456309
"Co",1577,16.5440785702274,0.0183963207358528
"Co",1578,7.28958774630021,0.610277944411118
"Co",1579,8.50542717360085,0.426914617076585
"Co",1580,7.27815175354786,0.611677664467107
"Co",1581,13.1376505619539,0.0721855628874225
"Co",1582,6.19485127782445,0.78124375124975
"Co",1583,6.54621299650941,0.72625474905019
"Co",1584,6.3723610139777,0.754049190161968
"Co",1585,3.92603145421511,0.982803439312138
"Co",1586,9.95256484440782,0.265346930613877
"Co",1587,6.98836364214446,0.659268146370726
"Co",1588,7.50559901882534,0.57748450309938
"Co",1589,5.19456559991718,0.901819636072785
"Co",1590,6.25542720873946,0.77124575084983
"Co",1591,10.3342783625338,0.225354929014197
"Co",1592,12.8902850066298,0.0819836032793441
"Co",1593,12.4803616366921,0.0987802439512098
"Co",1594,9.80986269144628,0.279744051189762
"Co",1595,4.00826405509008,0.981003799240152
"Co",1596,9.87384093557779,0.273345330933813
"Co",1597,5.05597681173526,0.91501699660068
"Co",1598,4.0191026842425,0.980203959208158
"Co",1599,6.25436315995523,0.77124575084983
"Co",1600,17.4102097368203,0.0111977604479104
"Co",1601,9.18428469300494,0.345530893821236
"Co",1602,5.78066122256706,0.836432713457309
"Co",1603,3.94593563585565,0.982803439312138
"Co",1604,8.48199378639626,0.429114177164567
"Co",1605,8.80403949814442,0.386322735452909
"Co",1606,5.9800924785043,0.813237352529494
"Co",1607,4.75687057095953,0.943011397720456
"Co",1608,13.577422354937,0.0603879224155169
"Co",1609,10.8392116595541,0.18876224755049
"Co",1610,7.09006005008052,0.643471305738852
"Co",1611,11.3081287660779,0.159168166366727
"Co",1612,7.6190267742941,0.557288542291542
"Co",1613,6.20875772442417,0.778844231153769
"Co",1614,6.29721481327877,0.76624675064987
"Co",1615,6.95848579987026,0.664667066586683
"Co",1616,10.7646732072515,0.193961207758448
"Co",1617,6.99446866980207,0.658468306338732
"Co",1618,9.9206180794547,0.268346330733853
"Co",1619,7.99285862336788,0.502699460107978
"Co",1620,10.137581464106,0.246950609878024
"Co",1621,6.22968652685563,0.775244951009798
"Co",1622,7.00263626589512,0.656868626274745
"Co",1623,7.95773767250714,0.507698460307938
"Co",1624,8.515971900805,0.425314937012597
"Co",1625,7.10717097320965,0.639872025594881
"Co",1626,7.45033551529858,0.585482903419316
"Co",1627,4.95897667887347,0.922215556888622
"Co",1628,5.75458659912962,0.839832033593281
"Co",1629,7.62210718585456,0.557288542291542
"Co",1630,9.50431673228059,0.310737852429514
"Co",1631,7.79486930337762,0.530693861227754
"Co",1632,15.6606989243682,0.0255948810237952
"Co",1633,9.05761639282781,0.35872825434913
"Co",1634,7.25642672017082,0.614877024595081
"Co",1635,6.92144228189024,0.670865826834633
"Co",1636,18.8567568166064,0.00699860027994401
"Co",1637,6.83033669591867,0.685662867426515
"Co",1638,8.49857718397453,0.42751449710058
"Co",1639,8.19466921727691,0.470705858828234
"Co",1640,6.02097620990382,0.807238552289542
"Co",1641,5.57399768070306,0.86002799440112
"Co",1642,6.65639842884264,0.710057988402319
"Co",1643,3.90287636307301,0.98380323935213
"Co",1644,17.2619988538474,0.011997600479904
"Co",1645,5.71043127825811,0.844831033793241
"Co",1646,9.36403313726822,0.326334733053389
"Co",1647,10.581807981899,0.205958808238352
"Co",1648,8.09033300374122,0.487902419516097
"Co",1649,6.89614310603375,0.675064987002599
"Co",1650,10.5138605700982,0.211157768446311
"Co",1651,7.29157053479327,0.610277944411118
"Co",1652,7.86005406660618,0.519896020795841
"Co",1653,10.0256786414665,0.257148570285943
"Co",1654,7.18922622066486,0.625474905018996
"Co",1655,7.08496258246342,0.644471105778844
"Co",1656,9.68631110190097,0.29374125174965
"Co",1657,6.94828658723358,0.667066586682663
"Co",1658,8.41282814506036,0.4375124975005
"Co",1659,9.19104330499241,0.344931013797241
"Co",1660,10.8154677977985,0.191561687662468
"Co",1661,9.52397962168004,0.309738052389522
"Co",1662,11.3788801736485,0.154169166166767
"Co",1663,5.71883341722528,0.844231153769246
"Co",1664,12.7926067549988,0.0873825234953009
"Co",1665,5.27847345197372,0.891821635672865
"Co",1666,6.70570771108117,0.703459308138372
"Co",1667,10.3384175285099,0.2249550089982
"Co",1668,4.36401023729869,0.966006798640272
"Co",1669,9.30989950530167,0.331533693261348
"Co",1670,7.57208845615298,0.565086982603479
"Co",1671,9.77246801224274,0.283343331333733
"Co",1672,11.4511852902872,0.147970405918816
"Co",1673,18.08228453028,0.00879824035192961
"Co",1674,15.7028791695893,0.0247950409918016
"Co",1675,5.26870435094219,0.892421515696861
"Co",1676,11.2767400340248,0.161167766446711
"Co",1677,7.21636662014842,0.619876024795041
"Co",1678,7.76349148853427,0.53629274145171
"Co",1679,7.73918560585628,0.538292341531694
"Co",1680,10.7689205519701,0.19376124775045
"Co",1681,8.77091579867118,0.391121775644871
"Co",1682,4.7100982496801,0.946810637872425
"Co",1683,4.33625953648937,0.967206558688262
"Co",1684,13.7583346356079,0.0555888822235553
"Co",1685,6.49072464097145,0.736652669466107
"Co",1686,5.27221001485091,0.892421515696861
"Co",1687,15.7878439715325,0.0243951209758048
"Co",1688,14.9272123372101,0.0357928414317137
"Co",1689,8.40114250099026,0.43871225754849
"Co",1690,10.2147841380603,0.237352529494101
"Co",1691,7.49146856345104,0.580483903219356
"Co",1692,4.08001596091745,0.978404319136173
"Co",1693,7.94908368239891,0.508298340331934
"Co",1694,4.68292894767723,0.947810437912417
"Co",1695,9.69776357231018,0.292141571685663
"Co",1696,10.0193047887417,0.258148370325935
"Co",1697,11.8393777407693,0.127974405118976
"Co",1698,13.2117889979824,0.0701859628074385
"Co",1699,13.935861092103,0.0519896020795841
"Co",1700,11.6386915730856,0.137172565486903
"Co",1701,9.77192810577091,0.283343331333733
"Co",1702,10.1577740733194,0.244751049790042
"Co",1703,7.31843527709137,0.605878824235153
"Co",1704,5.7599747766582,0.839032193561288
"Co",1705,5.94806607818549,0.818636272745451
"Co",1706,7.26164795776046,0.614477104579084
"Co",1707,6.51925643140525,0.73005398920216
"Co",1708,9.22823106673923,0.34253149370126
"Co",1709,8.34204566754053,0.448910217956409
"Co",1710,6.78999580145128,0.691861627674465
"Co",1711,8.40187411976549,0.43871225754849
"Co",1712,6.11878634249578,0.792841431713657
"Co",1713,9.91798243733081,0.26874625074985
"Co",1714,9.51165983343199,0.310537892421516
"Co",1715,6.77263226776816,0.694261147770446
"Co",1716,9.70242838958447,0.291741651669666
"Co",1717,6.80428119196986,0.689662067586483
"Co",1718,4.97832926440626,0.921015796840632
"Co",1719,5.72594591948888,0.843031393721256
"Co",1720,5.37125797590855,0.882623475304939
"Co",1721,13.4944281222317,0.0625874825034993
"Co",1722,8.42996696627657,0.434313137372525
"Co",1723,6.45239774832888,0.742251549690062
"Co",1724,5.60498345885145,0.857028594281144
"Co",1725,14.2706400101921,0.0439912017596481
"Co",1726,18.3317030761906,0.00799840031993601
"Co",1727,7.83947653687224,0.523895220955809
"Co",1728,6.97739140149348,0.661667666466707
"Co",1729,8.22594541431238,0.466506698660268
"Co",1730,12.0637258306112,0.118176364727055
"Co",1731,11.3780405646505,0.154169166166767
"Co",1732,7.96111839557781,0.507298540291942
"Co",1733,11.5755605843835,0.13997200559888
"Co",1734,7.34131262657368,0.60127974405119
"Co",1735,8.66119093111348,0.405518896220756
"Co",1736,9.0063011902194,0.363527294541092
"Co",1737,10.1887163637228,0.23995200959808
"Co",1738,6.45336883106589,0.742051589682064
"Co",1739,6.07269511073588,0.799240151969606
"Co",1740,10.54601257563,0.20875824835033
"Co",1741,8.28853314424512,0.457708458308338
"Co",1742,13.1554440125392,0.0713857228554289
"Co",1743,9.60714548623969,0.303139372125575
"Co",1744,5.97631722537562,0.814037192561488
"Co",1745,6.09261990612137,0.796640671865627
"Co",1746,6.78675558723532,0.69246150769846
"Co",1747,6.83589413054338,0.685462907418516
"Co",1748,11.779158481383,0.131373725254949
"Co",1749,8.3054928932392,0.454909018196361
"Co",1750,5.25785398980989,0.893221355728854
"Co",1751,8.85828325862991,0.381323735252949
"Co",1752,6.75673589944211,0.696660667866427
"Co",1753,14.4813944362891,0.0407918416316737
"Co",1754,4.1183548132027,0.977004599080184
"Co",1755,10.0740220849113,0.253549290141972
"Co",1756,10.0646947818439,0.25374925014997
"Co",1757,9.86937370076694,0.273545290941812
"Co",1758,12.2277231623889,0.110777844431114
"Co",1759,11.5952836212301,0.139572085582883
"Co",1760,3.6039436213205,0.990601879624075
"Co",1761,12.2809654426423,0.107578484303139
"Co",1762,7.0488632070462,0.650469906018796
"Co",1763,6.73808631004508,0.698660267946411
"Co",1764,6.1609546207379,0.785442911417716
"Co",1765,6.76699618867801,0.69506098780244
"Co",1766,5.8485722929218,0.829434113177364
"Co",1767,9.62919597156571,0.299340131973605
"Co",1768,10.3401192408717,0.224555088982204
"Co",1769,12.1499992644402,0.114577084583083
"Co",1770,6.87439662087971,0.67746450709858
"Co",1771,5.29875620791714,0.890821835632873
"Co",1772,8.72000712631237,0.397720455908818
"Co",1773,3.79239894848385,0.986802639472106
"Co",1774,8.61710064976759,0.412717456508698
"Co",1775,7.18834995393655,0.625674865026995
"Co",1776,7.62232376810741,0.557088582283543
"Co",1777,7.10887781290126,0.639672065586883
"Co",1778,8.24911980983322,0.462707458508298
"Co",1779,8.63136499972484,0.410517896420716
"Co",1780,5.40560086242621,0.879624075184963
"Co",1781,11.9508917243339,0.122775444911018
"Co",1782,7.27764939265398,0.611677664467107
"Co",1783,10.1992564227959,0.239352129574085
"Co",1784,9.48371707461646,0.312337532493501
"Co",1785,9.91737475064969,0.26874625074985
"Co",1786,8.2690554706808,0.459908018396321
"Co",1787,7.66992610192261,0.549290141971606
"Co",1788,13.8383871337811,0.0541891621675665
"Co",1789,6.9767491091539,0.661667666466707
"Co",1790,6.08976107011318,0.796840631873625
"Co",1791,9.70505669772932,0.291741651669666
"Co",1792,6.6674324359785,0.708658268346331
"Co",1793,9.37774527963111,0.325534893021396
"Co",1794,9.3558630225061,0.327334533093381
"Co",1795,5.17059279183221,0.90501899620076
"Co",1796,9.25871531203018,0.338332333533293
"Co",1797,8.37661762963032,0.442711457708458
"Co",1798,5.88202747035933,0.825634873025395
"Co",1799,2.18506457047994,1
"Co",1800,11.451036710411,0.147970405918816
"Co",1801,4.1323769771316,0.977004599080184
"Co",1802,4.3731432356644,0.965606878624275
"Co",1803,8.4271928730808,0.434913017396521
"Co",1804,8.16204656757077,0.475704859028194
"Co",1805,7.53610145966798,0.57128574285143
"Co",1806,7.55279758117933,0.568486302739452
"Co",1807,9.18844895291653,0.345330933813237
"Co",1808,7.86499224908997,0.519296140771846
"Co",1809,10.9926912411188,0.176764647070586
"Co",1810,8.60474352092547,0.414117176564687
"Co",1811,10.187769590539,0.240151969606079
"Co",1812,9.27643956532847,0.336332733453309
"Co",1813,11.1891477922997,0.165966806638672
"Co",1814,3.76361768423865,0.987002599480104
"Co",1815,9.60286626198072,0.303139372125575
"Co",1816,4.57933145636929,0.953609278144371
"Co",1817,10.2956111196145,0.227954409118176
"Co",1818,8.0959745632515,0.486702659468106
"Co",1819,13.1812686136109,0.0709858028394321
"Co",1820,5.13249778639309,0.908218356328734
"Co",1821,15.9861114866251,0.0221955608878224
"Co",1822,8.40047100484315,0.43871225754849
"Co",1823,8.92342302761801,0.374325134973005
"Co",1824,6.27094696546749,0.769646070785843
"Co",1825,9.52791543352072,0.309738052389522
"Co",1826,14.3683416449439,0.0427914417116577
"Co",1827,9.21690895564447,0.343531293741252
"Co",1828,5.54275765931874,0.862627474505099
"Co",1829,12.6533216264988,0.0933813237352529
"Co",1830,9.96876683575107,0.261947610477904
"Co",1831,6.33028145630593,0.761447710457908
"Co",1832,11.65452003722,0.136972605478904
"Co",1833,6.6098128098858,0.71745650869826
"Co",1834,6.79906117425608,0.689662067586483
"Co",1835,8.09668913174553,0.486702659468106
"Co",1836,4.34576851337306,0.967006598680264
"Co",1837,7.99127482231742,0.502899420115977
"Co",1838,12.8164954054685,0.0859828034393121
"Co",1839,9.45311282422293,0.315936812637473
"Co",1840,4.9492317126082,0.923215356928614
"Co",1841,8.15105373703622,0.47750449910018
"Co",1842,5.51853613152926,0.86502699460108
"Co",1843,5.85187309905209,0.829234153169366
"Co",1844,6.22036788693407,0.776844631073785
"Co",1845,6.39814809829213,0.750249950009998
"Co",1846,10.8611227536125,0.185962807438512
"Co",1847,5.07580026256019,0.913817236552689
"Co",1848,8.51007468135458,0.426314737052589
"Co",1849,7.56625354752961,0.566086782643471
"Co",1850,9.78150723851363,0.282343531293741
"Co",1851,4.3274525500494,0.967606478704259
"Co",1852,7.43966742693939,0.58628274345131
"Co",1853,6.82301934016348,0.687262547490502
"Co",1854,10.7844016185134,0.193161367726455
"Co",1855,7.75565914759176,0.536892621475705
"Co",1856,8.98395208882931,0.366926614677065
"Co",1857,12.0618238520638,0.118376324735053
"Co",1858,6.91876763870232,0.671465706858628
"Co",1859,8.2608327617221,0.460507898420316
"Co",1860,11.7166529797562,0.133973205358928
"Co",1861,6.09998046860173,0.795640871825635
"Co",1862,8.09679915197597,0.486702659468106
"Co",1863,6.06755569801109,0.800239952009598
"Co",1864,12.7222634818945,0.0903819236152769
"Co",1865,6.46878978494337,0.740251949610078
"Co",1866,12.2188008979468,0.111177764447111
"Co",1867,6.99794503687906,0.657868426314737
"Co",1868,5.63931000645704,0.852629474105179
"Co",1869,8.09605916537106,0.486702659468106
"Co",1870,6.44372668041547,0.743451309738052
"Co",1871,11.2399760553303,0.162767446510698
"Co",1872,5.4600902292637,0.87122575484903
"Co",1873,6.88891557551756,0.675464907018596
"Co",1874,5.99805999870799,0.810437912417517
"Co",1875,10.3149744322292,0.226554689062188
"Co",1876,6.99371506053092,0.658668266346731
"Co",1877,7.27954567062108,0.611477704459108
"Co",1878,4.41150325736038,0.962607478504299
"Co",1879,13.0846731670502,0.0743851229754049
"Co",1880,10.7340065242811,0.196560687862428
"Co",1881,6.18195586819948,0.783243351329734
"Co",1882,14.1340796317388,0.0467906418716257
"Co",1883,10.5504588129215,0.208158368326335
"Co",1884,6.07070583496775,0.799240151969606
"Co",1885,8.32752214908311,0.450509898020396
"Co",1886,9.50465186206279,0.310737852429514
"Co",1887,5.27392339348381,0.892021595680864
"Co",1888,15.5973797897156,0.0257948410317936
"Co",1889,10.0601376826123,0.25374925014997
"Co",1890,6.0704051486114,0.799440111977604
"Co",1891,7.50150411089373,0.578684263147371
"Co",1892,12.8241233559508,0.0857828434313137
"Co",1893,15.4059630343488,0.0283943211357728
"Co",1894,9.68225608019111,0.294541091781644
"Co",1895,4.67570880755926,0.948010397920416
"Co",1896,6.61575377838756,0.71625674865027
"Co",1897,12.410645778493,0.100779844031194
"Co",1898,3.94612876191077,0.982803439312138
"Co",1899,6.35365708031671,0.756448710257948
"Co",1900,7.61873761153714,0.557288542291542
"Co",1901,7.62058601244851,0.557288542291542
"Co",1902,14.092239414306,0.0479904019196161
"Co",1903,13.223354362337,0.0695860827834433
"Co",1904,7.75294678993444,0.537092581483703
"Co",1905,3.3948551585114,0.994601079784043
"Co",1906,8.11456255745159,0.484303139372126
"Co",1907,3.65244293478668,0.989202159568086
"Co",1908,8.36885379608819,0.445110977804439
"Co",1909,12.1923590384159,0.112177564487103
"Co",1910,5.43873862366814,0.875424915016997
"Co",1911,7.37115045586799,0.596480703859228
"Co",1912,8.64304976301815,0.407718456308738
"Co",1913,7.36869452501645,0.596680663867227
"Co",1914,6.5667484604397,0.723855228954209
"Co",1915,5.38636570932331,0.882023595280944
"Co",1916,9.82534987868362,0.278344331133773
"Co",1917,6.59711008817936,0.719856028794241
"Co",1918,6.88454945680434,0.676664667066587
"Co",1919,12.0546164445837,0.118576284743051
"Co",1920,6.52685435894574,0.729054189162168
"Co",1921,5.11139048918196,0.911017796440712
"Co",1922,3.91070345837417,0.983003399320136
"Co",1923,11.7610382409972,0.131973605278944
"Co",1924,7.49771985298722,0.579284143171366
"Co",1925,6.46718137897199,0.740451909618076
"Co",1926,7.94444953247825,0.509098180363927
"Co",1927,13.315692388793,0.0663867226554689
"Co",1928,5.77551521582706,0.836632673465307
"Co",1929,6.36405205765777,0.754649070185963
"Co",1930,7.59934917206695,0.559888022395521
"Co",1931,11.5774054031642,0.13997200559888
"Co",1932,7.98773979538723,0.503499300139972
"Co",1933,3.96789960800862,0.982203559288142
"Co",1934,8.155400999498,0.476504699060188
"Co",1935,7.16884129427456,0.629674065186963
"Co",1936,8.28986557345581,0.457708458308338
"Co",1937,16.3019157028344,0.0201959608078384
"Co",1938,3.21672856463547,0.996000799840032
"Co",1939,6.70030929122245,0.704459108178364
"Co",1940,7.48152679497969,0.581083783243351
"Co",1941,6.59457203891483,0.719856028794241
"Co",1942,10.3119057557343,0.226754649070186
"Co",1943,13.2603455856644,0.0683863227354529
"Co",1944,5.83724051459424,0.830633873225355
"Co",1945,9.17607124538975,0.346930613877225
"Co",1946,12.6256019595573,0.0947810437912417
"Co",1947,7.66364685304671,0.550289942011598
"Co",1948,4.42936750188696,0.961807638472306
"Co",1949,14.6327051205686,0.0385922815436913
"Co",1950,5.93121744716575,0.820235952809438
"Co",1951,9.82913747835309,0.277344531093781
"Co",1952,12.7964468303186,0.0869826034793041
"Co",1953,6.43161942527007,0.745850829834033
"Co",1954,10.1153007822667,0.249150169966007
"Co",1955,7.89563209910867,0.516096780643871
"Co",1956,8.48653737329795,0.42871425714857
"Co",1957,10.0967428968153,0.250749850029994
"Co",1958,9.86617146700115,0.274145170965807
"Co",1959,4.63657450594579,0.950409918016397
"Co",1960,5.17555268345697,0.903819236152769
"Co",1961,7.56188786132589,0.567086582683463
"Co",1962,9.63516016769375,0.298940211957609
"Co",1963,7.72017467852834,0.542091581683663
"Co",1964,10.5410171385211,0.209158168366327
"Co",1965,7.20839010788271,0.622675464907019
"Co",1966,8.89599144806922,0.37752449510098
"Co",1967,7.41197357240665,0.589882023595281
"Co",1968,16.9158930328921,0.0145970805838832
"Co",1969,5.72499490566287,0.843431313737253
"Co",1970,11.6763306534887,0.135572885422915
"Co",1971,4.7648537205404,0.941811637672465
"Co",1972,8.72176956447154,0.39752049590082
"Co",1973,9.0968432186493,0.355328934213157
"Co",1974,12.3934269386876,0.101579684063187
"Co",1975,10.5195907707606,0.210157968406319
"Co",1976,8.33913376739838,0.449510097980404
"Co",1977,4.00452498399898,0.98120375924815
"Co",1978,9.98963087151841,0.260147970405919
"Co",1979,4.40087115072109,0.963407318536293
"Co",1980,8.49908989439996,0.42751449710058
"Co",1981,9.54003568846892,0.308538292341532
"Co",1982,6.77913030229686,0.693261347730454
"Co",1983,6.62103144419152,0.715256948610278
"Co",1984,7.50311062220327,0.578284343131374
"Co",1985,6.47858103940061,0.738052389522096
"Co",1986,7.96510712570819,0.506498700259948
"Co",1987,7.9971264227016,0.501899620075985
"Co",1988,4.89070222359084,0.93121375724855
"Co",1989,5.87417696873902,0.826434713057388
"Co",1990,10.8380555789113,0.188962207558488
"Co",1991,6.22829794811716,0.775444911017796
"Co",1992,13.563292761388,0.0603879224155169
"Co",1993,10.3685263596004,0.222155568886223
"Co",1994,5.92330036506561,0.82123575284943
"Co",1995,9.29550299993392,0.332933413317337
"Co",1996,8.21042294472448,0.46870625874825
"Co",1997,6.4061139555225,0.749650069986003
"Co",1998,17.398807383602,0.0111977604479104
"Co",1999,5.48036077569091,0.869626074785043
"Co",2000,11.0410338159207,0.17376524695061
"Co",2001,8.21899657059058,0.467706458708258
"Co",2002,8.54117973185552,0.422315536892621
"Co",2003,12.5293370210319,0.0971805638872226
"Co",2004,6.99332401241551,0.658668266346731
"Co",2005,4.60799746308851,0.952009598080384
"Co",2006,10.6542928103042,0.201759648070386
"Co",2007,6.39987772616783,0.750049990002
"Co",2008,6.47800593767079,0.738252349530094
"Co",2009,13.7462448513631,0.0559888022395521
"Co",2010,10.0521487266954,0.254749050189962
"Co",2011,9.01416268751609,0.363127374525095
"Co",2012,4.82653562146896,0.937812437512498
"Co",2013,8.83727179996885,0.383523295340932
"Co",2014,8.35581087751149,0.446110777844431
"Co",2015,13.0341725746153,0.0757848430313937
"Co",2016,9.87154745610977,0.273345330933813
"Co",2017,6.10057180210919,0.795640871825635
"Co",2018,9.31739319822424,0.330533893221356
"Co",2019,9.68011826069454,0.294741051789642
"Co",2020,5.20970225104281,0.899020195960808
"Co",2021,6.7363710182197,0.699060187962408
"Co",2022,13.7663663498083,0.0553889222155569
"Co",2023,4.46136661550727,0.961807638472306
"Co",2024,6.71256358646141,0.703059388122376
"Co",2025,12.125493781632,0.115776844631074
"Co",2026,6.70094717696068,0.704259148170366
"Co",2027,5.60672604262191,0.856628674265147
"Co",2028,7.32032026562413,0.605478904219156
"Co",2029,4.12272846086071,0.977004599080184
"Co",2030,9.1822102351706,0.346330733853229
"Co",2031,5.59876695749711,0.857028594281144
"Co",2032,13.4924703204495,0.0627874425114977
"Co",2033,6.14071684381059,0.788642271545691
"Co",2034,6.03733322937487,0.804039192161568
"Co",2035,5.12978431352983,0.908418316336733
"Co",2036,7.13313046351789,0.635072985402919
"Co",2037,8.86304028177153,0.381123775244951
"Co",2038,10.7560788267615,0.19496100779844
"Co",2039,8.35598242331895,0.446110777844431
"Co",2040,7.06504015483378,0.647670465906819
"Co",2041,7.4183823948174,0.588882223555289
"Co",2042,8.2695803984106,0.459908018396321
"Co",2043,7.4792810343005,0.581483703259348
"Co",2044,11.8978948308506,0.124775044991002
"Co",2045,6.89077927465823,0.675464907018596
"Co",2046,7.78539660208432,0.533493301339732
"Co",2047,6.98193745670477,0.660467906418716
"Co",2048,9.35717271769258,0.327334533093381
"Co",2049,4.92586257998778,0.927014597080584
"Co",2050,14.5918168436645,0.0393921215756849
"Co",2051,7.83958642685366,0.523895220955809
"Co",2052,5.8707874289572,0.826634673065387
"Co",2053,9.96371649011982,0.262747450509898
"Co",2054,5.66422322610708,0.849830033993201
"Co",2055,6.70128155710216,0.704259148170366
"Co",2056,7.08511724075527,0.644471105778844
"Co",2057,7.16439971808902,0.630873825234953
"Co",2058,9.06398227815501,0.358328334333133
"Co",2059,10.5510554692127,0.208158368326335
"Co",2060,8.67963112021471,0.403319336132773
"Co",2061,9.75112113022112,0.286942611477704
"Co",2062,15.9730887743617,0.0221955608878224
"Co",2063,7.34106186922796,0.60127974405119
"Co",2064,14.7158212508273,0.0369926014797041
"Co",2065,7.47267636120833,0.582283543291342
"Co",2066,4.98690633633953,0.920215956808638
"Co",2067,3.73745438543096,0.987802439512098
"Co",2068,5.64426378999912,0.852429514097181
"Co",2069,5.04515557171808,0.915416916616677
"Co",2070,8.68223773126519,0.403319336132773
"Co",2071,11.6330105521499,0.137172565486903
"Co",2072,8.67369975069354,0.403919216156769
"Co",2073,10.0918776421339,0.250749850029994
"Co",2074,7.84398544433718,0.522895420915817
"Co",2075,4.59543290397286,0.952809438112378
"Co",2076,10.8661957638761,0.185762847430514
"Co",2077,6.84293180736731,0.684863027394521
"Co",2078,5.1552900201734,0.906818636272746
"Co",2079,6.30427263031359,0.76504699060188
"Co",2080,6.24524835729224,0.77244551089782
"Co",2081,8.54253189279217,0.422115576884623
"Co",2082,8.94356372872525,0.371525694861028
"Co",2083,6.18259922164827,0.783043391321736
"Co",2084,9.0170143141863,0.363127374525095
"Co",2085,5.26538921353077,0.892621475704859
"Co",2086,9.27599004312006,0.336332733453309
"Co",2087,8.93537067566513,0.373125374925015
"Co",2088,5.91735701288596,0.821635672865427
"Co",2089,8.50790261915412,0.426514697060588
"Co",2090,6.61986501772455,0.715656868626275
"Co",2091,5.66696983455725,0.849830033993201
"Co",2092,7.68643340018642,0.546090781843631
"Co",2093,8.36887774088513,0.445110977804439
"Co",2094,9.47567102671732,0.312937412517497
"Co",2095,5.1493181359796,0.907418516296741
"Co",2096,8.41242858955607,0.4375124975005
"Co",2097,5.06119371957175,0.914417116576685
"Co",2098,8.15780230367977,0.47630473905219
"Co",2099,9.67679864349881,0.295340931813637
"Co",2100,6.52353870323068,0.729454109178164
"Co",2101,7.65791247236203,0.551089782043591
"Co",2102,12.6869135065834,0.0927814437112578
"Co",2103,8.03403802757896,0.495700859828034
"Co",2104,6.24258785343324,0.773045390921816
"Co",2105,6.66134006020596,0.709458108378324
"Co",2106,6.23337088422861,0.774645070985803
"Co",2107,9.31360191737639,0.331133773245351
"Co",2108,13.1372749707811,0.0721855628874225
"Co",2109,9.69613973532185,0.292341531693661
"Co",2110,13.4578052212643,0.0637872425514897
"Co",2111,17.162667804965,0.0135972805438912
"Co",2112,5.81483481387269,0.833233353329334
"Co",2113,7.60441666445925,0.559088182363527
"Co",2114,8.63277347613942,0.410317936412717
"Co",2115,7.74553588363545,0.537292541491702
"Co",2116,5.25958636069944,0.893021395720856
"Co",2117,3.63264485836258,0.99000199960008
"Co",2118,6.06359515375394,0.801439712057588
"Co",2119,5.13266556298794,0.908218356328734
"Co",2120,9.67027850314835,0.295740851829634
"Co",2121,10.544180369278,0.209158168366327
"Co",2122,5.28748422202716,0.891421715656869
"Co",2123,5.42924906986957,0.877024595080984
"Co",2124,7.12510299790139,0.636672665466907
"Co",2125,8.43154433206763,0.434313137372525
"Co",2126,7.14167270956941,0.633273345330934
"Co",2127,11.8800515414747,0.126174765046991
"Co",2128,9.60047951474758,0.303339332133573
"Co",2129,9.17587040470826,0.346930613877225
"Co",2130,14.8212669555594,0.0363927214557089
"Co",2131,15.0409097208979,0.0341931613677265
"Co",2132,3.30273378383906,0.995200959808038
"Co",2133,15.6031768153433,0.0257948410317936
"Co",2134,11.2958451845255,0.160367926414717
"Co",2135,10.1677032361002,0.243151369726055
"Co",2136,10.6586612783267,0.201359728054389
"Co",2137,6.82499202196092,0.686662667466507
"Co",2138,4.17231574162551,0.975604879024195
"Co",2139,11.3730313159227,0.154569086182763
"Co",2140,4.06631990750273,0.979004199160168
"Co",2141,5.46309684901502,0.870825834833033
"Co",2142,11.0458272077849,0.173565286942611
"Co",2143,9.47477594308447,0.312937412517497
"Co",2144,9.39290073747939,0.322335532893421
"Co",2145,9.01553295179409,0.363127374525095
"Co",2146,4.80861621957099,0.93881223755249
"Co",2147,5.24894050299312,0.894221155768846
"Co",2148,4.87909218279825,0.931813637272546
"Co",2149,9.69937306026603,0.291941611677664
"Co",2150,12.5609312501834,0.0969806038792242
"Co",2151,9.48707834487848,0.311937612477505
"Co",2152,10.0553367814463,0.254349130173965
"Co",2153,8.65079750379186,0.406918616276745
"Co",2154,7.72388420709478,0.541491701659668
"Co",2155,5.84774087550974,0.829434113177364
"Co",2156,11.1945810885212,0.165966806638672
"Co",2157,5.62665064846215,0.854229154169166
"Co",2158,6.62050952915462,0.715656868626275
"Co",2159,10.7768169582055,0.193561287742452
"Co",2160,9.54081494003842,0.308338332333533
"Co",2161,4.85603601461671,0.934013197360528
"Co",2162,4.80114992792613,0.939012197560488
"Co",2163,6.64308632610368,0.711657668466307
"Co",2164,8.70980742968706,0.398520295940812
"Co",2165,6.00171854631805,0.809838032393521
"Co",2166,8.61109147756611,0.413517296540692
"Co",2167,4.73171750225578,0.944811037792441
"Co",2168,4.50972459316743,0.958608278344331
"Co",2169,13.290843742057,0.0675864827034593
"Co",2170,7.9512429591569,0.507898420315937
"Co",2171,12.2639277585056,0.108378324335133
"Co",2172,9.94225953860354,0.266546690661868
"Co",2173,10.3664970018542,0.222355528894221
"Co",2174,5.89150918436889,0.824035192961408
"Co",2175,8.35913690002241,0.445910817836433
"Co",2176,5.56020923064432,0.86122775444911
"Co",2177,11.3011485987202,0.159768046390722
"Co",2178,5.67828737298728,0.848630273945211
"Co",2179,24.735320808199,0.000599880023995201
"Co",2180,13.2048950375402,0.0703859228154369
"Co",2181,9.54623991947724,0.307738452309538
"Co",2182,4.47104496894053,0.961407718456309
"Co",2183,5.49015978171349,0.868226354729054
"Co",2184,10.4030754113016,0.21995600879824
"Co",2185,6.25650379944142,0.77124575084983
"Co",2186,10.4466136589064,0.216756648670266
"Co",2187,13.336606867958,0.0659868026394721
"Co",2188,6.59107169961376,0.72005598880224
"Co",2189,9.96660202732201,0.262147570485903
"Co",2190,6.92729161107931,0.670465906818636
"Co",2191,8.97825707746941,0.367126574685063
"Co",2192,10.7197993379997,0.197760447910418
"Co",2193,9.80934617951891,0.279744051189762
"Co",2194,13.1808611914475,0.0711857628474305
"Co",2195,7.82592083546302,0.526094781043791
"Co",2196,9.7425106087681,0.287742451509698
"Co",2197,6.82903694631869,0.685662867426515
"Co",2198,7.60320103385467,0.559288142371526
"Co",2199,5.73340037081931,0.842231553689262
"Co",2200,4.12933129070942,0.977004599080184
"Co",2201,6.05498629812863,0.802239552089582
"Co",2202,8.8822238706604,0.379724055188962
"Co",2203,11.6453359518497,0.136972605478904
"Co",2204,11.1487356643442,0.167566486702659
"Co",2205,17.4398181084296,0.0107978404319136
"Co",2206,3.20817905741833,0.996400719856029
"Co",2207,11.8492033507056,0.127774445110978
"Co",2208,11.0645552129493,0.172165566886623
"Co",2209,7.77194211778968,0.535292941411718
"Co",2210,7.07798470337153,0.645670865826835
"Co",2211,8.53148358063149,0.422915416916617
"Co",2212,5.99085646292471,0.811437712457509
"Co",2213,6.03321291683,0.804239152169566
"Co",2214,13.4554533173057,0.0639872025594881
"Co",2215,6.20751875665499,0.779044191161768
"Co",2216,7.22331156650031,0.619676064787043
"Co",2217,8.88864908974892,0.378524295140972
"Co",2218,9.19450818836765,0.344731053789242
"Co",2219,5.56703647347322,0.860227954409118
"Co",2220,6.4753774508624,0.738852229554089
"Co",2221,6.95631814235287,0.664867026594681
"Co",2222,10.2795942129922,0.229754049190162
"Co",2223,13.3588862176932,0.0659868026394721
"Co",2224,6.99699162309039,0.658068386322735
"Co",2225,4.29807398909026,0.968206358728254
"Co",2226,10.2435666133798,0.233953209358128
"Co",2227,10.0381801884164,0.255948810237952
"Co",2228,8.84852817549395,0.382723455308938
"Co",2229,8.95699168496185,0.369726054789042
"Co",2230,12.7620702511426,0.0881823635272945
"Co",2231,8.21826315201989,0.467706458708258
"Co",2232,6.82931004441718,0.685662867426515
"Co",2233,14.5892045558618,0.0395920815836833
"Co",2234,7.94715595616228,0.508898220355929
"Co",2235,5.60166555397988,0.857028594281144
"Co",2236,10.2636511876132,0.231353729254149
"Co",2237,4.02294811478903,0.980203959208158
"Co",2238,7.42221244632029,0.587882423515297
"Co",2239,4.87121224345935,0.932213557288542
"Co",2240,4.6579446117874,0.949410117976405
"Co",2241,6.50894409644985,0.732853429314137
"Co",2242,9.13395285544138,0.351929614077185
"Co",2243,12.2794283838218,0.107778444311138
"Co",2244,7.11029495357212,0.639272145570886
"Co",2245,6.62279534105991,0.71505698860228
"Co",2246,16.4164997302898,0.0193961207758448
"Co",2247,6.56960586611441,0.723055388922216
"Co",2248,7.83439905791623,0.525294941011798
"Co",2249,7.02168308019631,0.653069386122775
"Co",2250,8.12563234032615,0.48250349930014
"Co",2251,5.61030562144995,0.85622875424915
"Co",2252,10.3223639644871,0.225754849030194
"Co",2253,7.45106291701165,0.585482903419316
"Co",2254,8.08991337819782,0.487902419516097
"Co",2255,10.5149528949816,0.210557888422316
"Co",2256,10.7051864623341,0.198360327934413
"Co",2257,8.53079722532789,0.423115376924615
"Co",2258,6.27844710984004,0.768846230753849
"Co",2259,7.28824134566221,0.610277944411118
"Co",2260,7.30840676668436,0.60747850429914
"Co",2261,6.34895999546035,0.758048390321936
"Co",2262,8.15049228818211,0.47750449910018
"Co",2263,2.80585460181537,0.99880023995201
"Co",2264,8.40566019637586,0.43871225754849
"Co",2265,8.28435482797985,0.457908418316337
"Co",2266,5.57179601220278,0.86002799440112
"Co",2267,14.3744847141741,0.0425914817036593
"Co",2268,6.92261470122685,0.670865826834633
"Co",2269,10.8140313062712,0.191761647670466
"Co",2270,8.61072910899458,0.413517296540692
"Co",2271,9.927670525248,0.267946410717856
"Co",2272,9.55039426969464,0.30753849230154
"Co",2273,13.9702058772535,0.0509898020395921
"Co",2274,7.17576494171988,0.628074385122975
"Co",2275,9.34396344760827,0.328334333133373
"Co",2276,12.9214916693957,0.0797840431913617
"Co",2277,9.05011874410346,0.359728054389122
"Co",2278,10.7120614590869,0.198160367926415
"Co",2279,15.2961427823013,0.0303939212157568
"Co",2280,8.8579445701082,0.381323735252949
"Co",2281,4.75226040119969,0.943411317736453
"Co",2282,4.24605693765574,0.971405718856229
"Co",2283,8.51095452856481,0.426314737052589
"Co",2284,14.7520822237096,0.0365926814637073
"Co",2285,8.98854327958296,0.366326734653069
"Co",2286,5.38883298159823,0.882023595280944
"Co",2287,9.71294406862683,0.290741851629674
"Co",2288,5.63783126963099,0.852829434113177
"Co",2289,5.48904582887229,0.868626274745051
"Co",2290,9.63041703073324,0.299340131973605
"Co",2291,11.5723462393444,0.140771845630874
"Co",2292,7.893132150795,0.51629674065187
"Co",2293,6.96818114460331,0.662667466506699
"Co",2294,13.6154221978414,0.0591881623675265
"Co",2295,6.67265725461019,0.708058388322336
"Co",2296,5.67192897604633,0.849630073985203
"Co",2297,8.54176122522949,0.422115576884623
"Co",2298,6.75486774010449,0.696660667866427
"Co",2299,6.07318110527126,0.799240151969606
"Co",2300,7.78422937509956,0.533493301339732
"Co",2301,6.86816907402161,0.679264147170566
"Co",2302,5.78700853395202,0.835632873425315
"Co",2303,7.98861055260733,0.503299340131974
"Co",2304,8.53803476174724,0.422315536892621
"Co",2305,9.08482697530638,0.356328734253149
"Co",2306,7.31656486208357,0.606078784243151
"Co",2307,7.44580708642093,0.585882823435313
"Co",2308,7.24821569536613,0.616476704659068
"Co",2309,8.81621018646854,0.385122975404919
"Co",2310,7.22703485181523,0.619276144771046
"Co",2311,11.5451409881144,0.142371525694861
"Co",2312,8.645081237113,0.40751849630074
"Co",2313,13.7057539049855,0.0577884423115377
"Co",2314,13.5661030272572,0.0603879224155169
"Co",2315,6.15462987077805,0.786042791441712
"Co",2316,3.23955981238321,0.996000799840032
"Co",2317,10.3785689551571,0.221555688862228
"Co",2318,5.02043975071877,0.917016596680664
"Co",2319,11.3045999747488,0.159568086382723
"Co",2320,8.71861646069894,0.397720455908818
"Co",2321,3.52991959882681,0.991601679664067
"Co",2322,5.31086193999749,0.889622075584883
"Co",2323,8.14941571668732,0.47750449910018
"Co",2324,13.4146797414194,0.0651869626074785
"Co",2325,8.87067731183478,0.380323935212957
"Co",2326,12.6768702025554,0.0927814437112578
"Co",2327,8.23962216921052,0.464707058588282
"Co",2328,6.70549909419512,0.703859228154369
"Co",2329,6.09946974750628,0.795840831833633
"Co",2330,13.5485809266951,0.0607878424315137
"Co",2331,6.54469731444519,0.726454709058188
"Co",2332,5.57234535695281,0.86002799440112
"Co",2333,11.2417296739163,0.162767446510698
"Co",2334,7.31788701461312,0.606078784243151
"Co",2335,8.31440160810956,0.45250949810038
"Co",2336,6.52591584353689,0.729054189162168
"Co",2337,8.36927096441573,0.445110977804439
"Co",2338,10.0702595082551,0.253549290141972
"Co",2339,15.3538061531961,0.0293941211757648
"Co",2340,5.56623282553332,0.860227954409118
"Co",2341,6.03241743387008,0.804439112177564
"Co",2342,14.7239172562853,0.0365926814637073
"Co",2343,6.57233932563835,0.72245550889822
"Co",2344,6.9361688866922,0.669266146770646
"Co",2345,8.67449032637606,0.40371925614877
"Co",2346,16.360462614521,0.0201959608078384
"Co",2347,7.68537850644364,0.54629074185163
"Co",2348,5.44342696104493,0.874625074985003
"Co",2349,9.77493227311848,0.282943411317736
"Co",2350,6.65084263744731,0.710457908418316
"Co",2351,6.35330650923493,0.756448710257948
"Co",2352,6.00727627614907,0.809038192361528
"Co",2353,6.75503260807724,0.696660667866427
"Co",2354,15.013965313072,0.0345930813837233
"Co",2355,10.2251911590645,0.23495300939812
"Co",2356,9.53978077411506,0.308538292341532
"Co",2357,6.39027426118159,0.751449710057988
"Co",2358,6.95602751694494,0.665266946610678
"Co",2359,6.23069369273915,0.775244951009798
"Co",2360,4.78450351102566,0.94001199760048
"Co",2361,5.48726796428016,0.868826234753049
"Co",2362,9.97752289906828,0.261747650469906
"Co",2363,10.0530301083298,0.254749050189962
"Co",2364,12.4004702549121,0.101179764047191
"Co",2365,7.62438123901828,0.556688662267547
"Co",2366,8.14530989188535,0.478904219156169
"Co",2367,6.6234579940508,0.71505698860228
"Co",2368,8.84413540033242,0.383123375324935
"Co",2369,11.3203818332173,0.157368526294741
"Co",2370,5.76890682153049,0.838032393521296
"Co",2371,4.95241255881501,0.922615476904619
"Co",2372,8.13540429901042,0.480703859228154
"Co",2373,9.28876344624541,0.333933213357329
"Co",2374,7.59686325316773,0.560687862427514
"Co",2375,5.16997127843644,0.905218956208758
"Co",2376,12.108531904976,0.116576684663067
"Co",2377,4.67463524408973,0.948010397920416
"Co",2378,7.22390411118363,0.619676064787043
"Co",2379,10.2703674448623,0.230753849230154
"Co",2380,9.88585349711818,0.272345530893821
"Co",2381,6.32865675514975,0.761447710457908
"Co",2382,9.37746243889305,0.325534893021396
"Co",2383,8.97163182747474,0.367726454709058
"Co",2384,6.78394588165816,0.693261347730454
"Co",2385,4.60197838231807,0.952409518096381
"Co",2386,8.74771768266484,0.395120975804839
"Co",2387,4.96393038723656,0.921415716856629
"Co",2388,12.6279237941852,0.0947810437912417
"Co",2389,5.00263739293251,0.918816236752649
"Co",2390,7.40083405089018,0.591881623675265
"Co",2391,11.0296118480403,0.174165166966607
"Co",2392,13.9302661682916,0.0519896020795841
"Co",2393,4.1300161228111,0.977004599080184
"Co",2394,6.35815004141836,0.755848830233953
"Co",2395,4.91639555801706,0.928414317136573
"Co",2396,9.01538386155752,0.363127374525095
"Co",2397,9.85426358723467,0.275544891021796
"Co",2398,6.80063817985938,0.689662067586483
"Co",2399,5.82551771636295,0.83243351329734
"Co",2400,5.51414697190918,0.86622675464907
"Co",2401,5.75974055473552,0.839032193561288
"Co",2402,6.1855827417975,0.783043391321736
"Co",2403,8.1992147418328,0.470505898820236
"Co",2404,4.63166639265123,0.950609878024395
"Co",2405,9.78088882903916,0.282343531293741
"Co",2406,8.1042992721826,0.485502899420116
"Co",2407,6.02582809769018,0.805438912217556
"Co",2408,4.41587662886079,0.962407518496301
"Co",2409,7.78041698200857,0.534093181363727
"Co",2410,7.96830913406805,0.50629874025195
"Co",2411,7.10668136167291,0.640071985602879
"Co",2412,7.91278743769567,0.514097180563887
"Co",2413,5.14172018089522,0.907818436312737
"Co",2414,6.54990753371814,0.726054789042192
"Co",2415,8.47585472455188,0.430113977204559
"Co",2416,17.5236253363121,0.0103979204159168
"Co",2417,7.47262712851798,0.582283543291342
"Co",2418,7.32438692510726,0.604479104179164
"Co",2419,5.48640172800404,0.868826234753049
"Co",2420,3.05258418086964,0.997400519896021
"Co",2421,4.66549896585133,0.948810237952409
"Co",2422,7.74561825422438,0.537292541491702
"Co",2423,6.32605747388152,0.762247550489902
"Co",2424,12.7434728653412,0.0887822435512897
"Co",2425,7.61057677329077,0.55868826234753
"Co",2426,7.96736645117267,0.506498700259948
"Co",2427,4.92025476851796,0.927814437112577
"Co",2428,5.99760950148712,0.810437912417517
"Co",2429,11.2162745209949,0.164167166566687
"Co",2430,4.28136655647998,0.969206158768246
"Co",2431,6.9574683431866,0.664667066586683
"Co",2432,6.39949733586428,0.750049990002
"Co",2433,5.80138587601559,0.833633273345331
"Co",2434,11.3374355028442,0.156368726254749
"Co",2435,4.36975764477185,0.965806838632274
"Co",2436,8.12653226176116,0.48250349930014
"Co",2437,11.2787726887798,0.161167766446711
"Co",2438,11.6136728977905,0.13877224555089
"Co",2439,10.4584966588946,0.216156768646271
"Co",2440,10.3733252024184,0.221955608878224
"Co",2441,10.2394449711415,0.234153169366127
"Co",2442,7.20732655243779,0.622675464907019
"Co",2443,11.9951953593029,0.121175764847031
"Co",2444,12.2309057361926,0.110577884423115
"Co",2445,7.8652722059619,0.519296140771846
"Co",2446,9.91076435619229,0.269346130773845
"Co",2447,10.2727486926297,0.230753849230154
"Co",2448,6.320341169537,0.763247350529894
"Co",2449,5.56992230288267,0.860227954409118
"Co",2450,4.85903603660157,0.933613277344531
"Co",2451,2.83345093294159,0.998600279944011
"Co",2452,6.24850595738445,0.772045590881824
"Co",2453,4.50428341929114,0.959408118376325
"Co",2454,5.62554163083587,0.854429114177165
"Co",2455,12.1465260972432,0.114777044591082
"Co",2456,11.9985905450059,0.120575884823035
"Co",2457,11.0522296454843,0.173365326934613
"Co",2458,7.78402453771548,0.533493301339732
"Co",2459,7.0945279463524,0.64247150569886
"Co",2460,9.9976872333761,0.259548090381924
"Co",2461,6.47270468068777,0.739452109578084
"Co",2462,6.14731518845824,0.787242551489702
"Co",2463,3.65445287359313,0.989202159568086
"Co",2464,8.01644824198127,0.499300139972006
"Co",2465,13.6816447878492,0.0579884023195361
"Co",2466,9.12448031437151,0.352129574085183
"Co",2467,9.27139798493431,0.337132573485303
"Co",2468,8.85444089309732,0.381923615276945
"Co",2469,6.05086630951567,0.803039392121576
"Co",2470,7.65657477343791,0.551089782043591
"Co",2471,4.56697565252929,0.955808838232354
"Co",2472,10.6010368702018,0.205158968206359
"Co",2473,9.20543157919471,0.344131173765247
"Co",2474,4.60278915971375,0.952409518096381
"Co",2475,14.5741855832597,0.0395920815836833
"Co",2476,3.81986588484386,0.98620275944811
"Co",2477,5.31895509848627,0.888222355528894
"Co",2478,11.2911723960039,0.160567886422715
"Co",2479,8.61098469679933,0.413517296540692
"Co",2480,7.91958736391459,0.513297340531894
"Co",2481,10.2608629469378,0.231553689262148
"Co",2482,15.8161769254732,0.0243951209758048
"Co",2483,9.5458444549127,0.307738452309538
"Co",2484,5.41091661004421,0.878224355128974
"Co",2485,8.27109415775627,0.459708058388322
"Co",2486,9.52387056055289,0.309738052389522
"Co",2487,12.2535435383186,0.10877824435113
"Co",2488,5.23108615279364,0.896420715856829
"Co",2489,7.87985474418005,0.518096380723855
"Co",2490,12.1950012017892,0.111977604479104
"Co",2491,12.0717963762712,0.117576484703059
"Co",2492,8.63850137444564,0.409518096380724
"Co",2493,4.09036297313162,0.978204359128174
"Co",2494,5.39760687251254,0.881423715256949
"Co",2495,4.93574036575177,0.9250149970006
"Co",2496,8.90256325268163,0.376324735052989
"Co",2497,13.8091986877783,0.0549890021995601
"Co",2498,5.226768859103,0.897020595880824
"Co",2499,6.08211436436375,0.798640271945611
"Co",2500,8.11787866399879,0.483903219356129
"Co",2501,6.455277358367,0.742051589682064
"Co",2502,7.79607670181608,0.530293941211758
"Co",2503,10.0525719017824,0.254749050189962
"Co",2504,9.61138033824801,0.301939612077584
"Co",2505,17.014752968037,0.013997200559888
"Co",2506,6.31345299814078,0.764047190561888
"Co",2507,8.72492951148354,0.397120575884823
"Co",2508,14.8429907218208,0.0359928014397121
"Co",2509,8.84460404661857,0.383123375324935
"Co",2510,4.84438963069516,0.936012797440512
"Co",2511,10.1548126786137,0.24495100979804
"Co",2512,4.0788138631363,0.978404319136173
"Co",2513,11.5557119294873,0.141571685662867
"Co",2514,9.01293843815478,0.363127374525095
"Co",2515,7.52752101117571,0.57248550289942
"Co",2516,6.09432236935339,0.796440711857628
"Co",2517,8.28684872343067,0.457708458308338
"Co",2518,10.9942605245733,0.176564687062587
"Co",2519,4.10535637031248,0.977804439112178
"Co",2520,8.49125173622303,0.428114377124575
"Co",2521,4.90191199304874,0.929814037192562
"Co",2522,6.21707430876032,0.777244551089782
"Co",2523,13.8130021077018,0.0549890021995601
"Co",2524,5.10768125523202,0.911417716456709
"Co",2525,10.4877451288112,0.213157368526295
"Co",2526,7.88093732442277,0.517896420715857
"Co",2527,5.56258653332708,0.861027794441112
"Co",2528,9.56053343682359,0.306538692261548
"Co",2529,18.6287700638587,0.00759848030393921
"Co",2530,11.6142737864669,0.13877224555089
"Co",2531,5.57354298537152,0.86002799440112
"Co",2532,6.39253156173206,0.750849830033993
"Co",2533,12.6240339525768,0.0947810437912417
"Co",2534,9.09313399348198,0.355528894221156
"Co",2535,8.01764663527109,0.499100179964007
"Co",2536,5.9194507158328,0.821435712857429
"Co",2537,6.67438552854546,0.707658468306339
"Co",2538,8.16987771830483,0.474505098980204
"Co",2539,8.98563406694851,0.366726654669066
"Co",2540,9.19332988615631,0.344731053789242
"Co",2541,6.31202190998155,0.764047190561888
"Co",2542,3.57183106306587,0.991001799640072
"Co",2543,7.61172037241778,0.558288342331534
"Co",2544,6.06148460893638,0.801639672065587
"Co",2545,8.54848092561232,0.421515696860628
"Co",2546,11.3350164035471,0.156368726254749
"Co",2547,10.5068217577657,0.211557688462308
"Co",2548,7.5472670903217,0.569886022795441
"Co",2549,5.58880831855387,0.858428314337133
"Co",2550,9.19283357813458,0.344931013797241
"Co",2551,8.13997649130368,0.479504099180164
"Co",2552,8.05316779300279,0.49250149970006
"Co",2553,4.53614048771209,0.957008598280344
"Co",2554,16.1294948907388,0.0211957608478304
"Co",2555,6.77876284085553,0.693661267746451
"Co",2556,7.69715390738673,0.544891021795641
"Co",2557,5.68252486575309,0.848430313937213
"Co",2558,6.1462507925464,0.787442511497701
"Co",2559,11.9749077243164,0.121575684863027
"Co",2560,14.6372826999846,0.0385922815436913
"Co",2561,11.5258487458463,0.143371325734853
"Co",2562,4.65469770392582,0.949410117976405
"Co",2563,10.2051951664256,0.239152169566087
"Co",2564,9.94902708853496,0.265346930613877
"Co",2565,8.76390636294377,0.39252149570086
"Co",2566,5.4467851869216,0.873825234953009
"Co",2567,13.8540813822237,0.0533893221355729
"Co",2568,6.74131694288798,0.698060387922416
"Co",2569,11.4443734744289,0.147970405918816
"Co",2570,9.10371089954512,0.354929014197161
"Co",2571,8.3582737495561,0.446110777844431
"Co",2572,7.20654480192738,0.622875424915017
"Co",2573,8.52728825448196,0.423515296940612
"Co",2574,7.89923911622844,0.515496900619876
"Co",2575,7.9624374071837,0.507098580283943
"Co",2576,5.02588593112665,0.916816636672665
"Co",2577,8.62335841349241,0.411517696460708
"Co",2578,10.832359091781,0.190761847630474
"Co",2579,8.89861243928553,0.376924615076985
"Co",2580,7.40135547671255,0.591881623675265
"Co",2581,6.5455807233341,0.726454709058188
"Co",2582,7.46714038183175,0.583283343331334
"Co",2583,7.34197313120785,0.601079784043191
"Co",2584,8.86768774794925,0.381123775244951
"Co",2585,7.99544046346816,0.502299540091982
"Co",2586,5.58472551223215,0.859028194361128
"Co",2587,7.45656225550056,0.584083183363327
"Co",2588,5.75533684377461,0.839632073585283
"Co",2589,6.51729571277869,0.73125374925015
"Co",2590,7.61904883746655,0.557288542291542
"Co",2591,12.5831556356248,0.0961807638472306
"Co",2592,5.16440539185015,0.905818836232753
"Co",2593,7.04850849353147,0.650469906018796
"Co",2594,11.5390069525238,0.142771445710858
"Co",2595,7.85750396415841,0.520295940811838
"Co",2596,9.74330394414963,0.287742451509698
"Co",2597,8.19287480320244,0.470905818836233
"Co",2598,3.34686506008379,0.994801039792042
"Co",2599,11.2234578692907,0.164167166566687
"Co",2600,5.65289015303793,0.851029794041192
"Co",2601,3.28906548298315,0.995200959808038
"Co",2602,7.0322828658947,0.652269546090782
"Co",2603,9.86966300183303,0.273545290941812
"Co",2604,4.92559274399581,0.927214557088582
"Co",2605,6.97164948835908,0.662067586482703
"Co",2606,14.7157767853293,0.0369926014797041
"Co",2607,4.64095262282432,0.949810037992401
"Co",2608,7.6275828209771,0.556088782243551
"Co",2609,7.03943755392328,0.651069786042791
"Co",2610,7.79512720254638,0.530693861227754
"Co",2611,8.6725865494748,0.404119176164767
"Co",2612,8.60908992559081,0.41371725654869
"Co",2613,12.2763183648592,0.107978404319136
"Co",2614,7.98685055217973,0.503499300139972
"Co",2615,9.85023974227599,0.276144771045791
"Co",2616,6.51185067868845,0.731853629274145
"Co",2617,5.16683450399637,0.905618876224755
"Co",2618,7.8192458874033,0.52749450109978
"Co",2619,11.1849001800362,0.166166766646671
"Co",2620,11.5604845284425,0.141371725654869
"Co",2621,14.035259751067,0.0497900419916017
"Co",2622,7.09385258012907,0.64247150569886
"Co",2623,7.57077563226599,0.565086982603479
"Co",2624,6.2846166789306,0.768246350729854
"Co",2625,5.17125390821914,0.904819036192761
"Co",2626,7.50103371594517,0.578684263147371
"Co",2627,6.69625264676597,0.70505898820236
"Co",2628,6.35013969106797,0.757848430313937
"Co",2629,10.9296192116638,0.181563687262547
"Co",2630,8.28514550957635,0.457908418316337
"Co",2631,6.35131665920693,0.757648470305939
"Co",2632,15.4354141264778,0.0273945210957808
"Co",2633,16.2413079458283,0.0205958808238352
"Co",2634,7.58991598571654,0.5624875024995
"Co",2635,7.84289050906347,0.523295340931814
"Co",2636,7.29776827279187,0.609278144371126
"Co",2637,10.1398673580094,0.246750649870026
"Co",2638,5.41767165498146,0.877424515096981
"Co",2639,15.7795647425176,0.0245950809838032
"Co",2640,7.25947741670566,0.614477104579084
"Co",2641,5.65551603188396,0.850829834033193
"Co",2642,6.7094844255468,0.703459308138372
"Co",2643,12.8130374110578,0.0859828034393121
"Co",2644,9.43681765317402,0.31873625274945
"Co",2645,14.0579965665771,0.0489902019596081
"Co",2646,4.30033479939658,0.968206358728254
"Co",2647,6.01528681866984,0.807838432313537
"Co",2648,3.57262945555647,0.991001799640072
"Co",2649,13.6435088259155,0.0587882423515297
"Co",2650,14.002806376613,0.0503899220155969
"Co",2651,6.03628299381955,0.804039192161568
"Co",2652,4.77699866848999,0.940811837632474
"Co",2653,5.8426986931008,0.83003399320136
"Co",2654,19.0790896418336,0.00679864027194561
"Co",2655,5.56253232253044,0.861027794441112
"Co",2656,12.6959030960993,0.0917816436712657
"Co",2657,6.42542605315199,0.746850629874025
"Co",2658,4.28561145916757,0.969006198760248
"Co",2659,9.03554818379533,0.361527694461108
"Co",2660,5.76651331716644,0.838232353529294
"Co",2661,4.9004593604032,0.930413917216557
"Co",2662,11.3436068039735,0.155968806238752
"Co",2663,5.726345562332,0.843031393721256
"Co",2664,5.55576548320511,0.861827634473105
"Co",2665,7.14662677921297,0.632673465306939
"Co",2666,5.39126511903979,0.882023595280944
"Co",2667,8.00647863881915,0.501499700059988
"Co",2668,7.00086863074515,0.657268546290742
"Co",2669,7.14798296766926,0.632673465306939
"Co",2670,10.9131723625106,0.182763447310538
"Co",2671,8.96599421490123,0.36872625474905
"Co",2672,3.32867557794714,0.99500099980004
"Co",2673,13.5346856723912,0.0611877624475105
"Co",2674,6.54206969605872,0.727254549090182
"Co",2675,11.2270817529356,0.163967206558688
"Co",2676,7.47174603265594,0.582683463307339
"Co",2677,10.871384787803,0.185562887422516
"Co",2678,6.46352318823739,0.740851829634073
"Co",2679,8.40714268525582,0.438112377524495
"Co",2680,9.58102155335661,0.304139172165567
"Co",2681,7.1990453240424,0.623475304939012
"Co",2682,12.8367441274715,0.0851829634073185
"Co",2683,9.02292973713031,0.362327534493101
"Co",2684,6.01534741216207,0.807838432313537
"Co",2685,9.77602180301929,0.282743451309738
"Co",2686,6.52707352583715,0.729054189162168
"Co",2687,16.6894983347945,0.0163967206558688
"Co",2688,9.86292221956376,0.274545090981804
"Co",2689,12.841726352762,0.0847830433913217
"Co",2690,6.5433259021425,0.726654669066187
"Co",2691,10.8884143177761,0.184163167366527
"Co",2692,7.55915142587273,0.567686462707458
"Co",2693,14.713214201117,0.0369926014797041
"Co",2694,7.85534896264326,0.521095780843831
"Co",2695,5.80492152736628,0.833433313337333
"Co",2696,4.74614122796638,0.943811237752449
"Co",2697,20.8441579497746,0.00339932013597281
"Co",2698,7.46431732404534,0.583483303339332
"Co",2699,11.182146401478,0.166166766646671
"Co",2700,6.20422669048398,0.779844031193761
"Co",2701,8.38991989306479,0.440511897620476
"Co",2702,4.61102552641222,0.952009598080384
"Co",2703,13.5954884959426,0.0595880823835233
"Co",2704,4.99688519073842,0.919616076784643
"Co",2705,4.90870142128617,0.929214157168566
"Co",2706,7.58262327895835,0.563287342531494
"Co",2707,9.01696272639546,0.363127374525095
"Co",2708,6.5599542710894,0.724655068986203
"Co",2709,12.7823285810496,0.0877824435112977
"Co",2710,7.6391969752398,0.554489102179564
"Co",2711,6.71453695087723,0.703059388122376
"Co",2712,10.398394967616,0.21995600879824
"Co",2713,7.75535770679193,0.536892621475705
"Co",2714,2.63304423429675,0.999400119976005
"Co",2715,9.09419847416018,0.355328934213157
"Co",2716,6.23635920698433,0.773645270945811
"Co",2717,6.06967476331067,0.799440111977604
"Co",2718,11.9803191457477,0.121575684863027
"Co",2719,6.9087557938594,0.673265346930614
"Co",2720,6.67565465266665,0.707658468306339
"Co",2721,8.56050151186508,0.420715856828634
"Co",2722,5.41907875662795,0.877424515096981
"Co",2723,8.86907394078861,0.380923815236953
"Co",2724,6.61722313178123,0.715856828634273
"Co",2725,12.244383011849,0.109178164367127
"Co",2726,14.9353888306539,0.0355928814237153
"Co",2727,6.29691800052828,0.76624675064987
"Co",2728,4.36236365468341,0.966006798640272
"Co",2729,11.1930986728414,0.165966806638672
"Co",2730,9.33992903275904,0.32873425314937
"Co",2731,8.81674446072125,0.385122975404919
"Co",2732,10.8939019329443,0.183963207358528
"Co",2733,5.93421004375074,0.820235952809438
"Co",2734,5.21113919090249,0.898820235952809
"Co",2735,11.3563804864723,0.155568886222755
"Co",2736,10.5788184401863,0.206358728254349
"Co",2737,4.31446833797247,0.968006398720256
"Co",2738,6.7254226404539,0.70125974805039
"Co",2739,9.42978103748197,0.31873625274945
"Co",2740,6.49749127770468,0.735452909418116
"Co",2741,6.61038203173817,0.71745650869826
"Co",2742,7.523223229216,0.572885422915417
"Co",2743,12.8533489861453,0.0837832433513297
"Co",2744,9.21647274864725,0.343531293741252
"Co",2745,5.9866132018347,0.812037592481504
"Co",2746,10.0444274100236,0.255748850229954
"Co",2747,4.0779933584991,0.978404319136173
"Co",2748,6.26021921858418,0.770445910817836
"Co",2749,6.7490956062652,0.697260547890422
"Co",2750,4.02692640007452,0.980203959208158
"Co",2751,14.5664600464979,0.0397920415916817
"Co",2752,14.6076790951832,0.0389922015596881
"Co",2753,5.28083115130237,0.891621675664867
"Co",2754,6.95760662307444,0.664667066586683
"Co",2755,7.69985691938669,0.544291141771646
"Co",2756,6.14335297127653,0.787842431513697
"Co",2757,8.00174918992823,0.501499700059988
"Co",2758,6.45062497559334,0.74245150969806
"Co",2759,6.87431339941665,0.67746450709858
"Co",2760,5.23097902630107,0.896420715856829
"Co",2761,12.0353183705936,0.119376124775045
"Co",2762,4.65571801797378,0.949410117976405
"Co",2763,7.05525328379713,0.649470105978804
"Co",2764,7.85761304261405,0.520295940811838
"Co",2765,7.97589798509927,0.505298940211958
"Co",2766,7.23941331101224,0.618676264747051
"Co",2767,8.8677557026555,0.381123775244951
"Co",2768,10.0452648420388,0.255748850229954
"Co",2769,9.08851605687641,0.356128774245151
"Co",2770,12.8505442921714,0.0841831633673265
"Co",2771,4.13272426750859,0.977004599080184
"Co",2772,8.50938642241388,0.426314737052589
"Co",2773,5.40750282657297,0.879024195160968
"Co",2774,10.2118717321092,0.238352329534093
"Co",2775,8.40527149887671,0.43871225754849
"Co",2776,8.41475635822327,0.436912617476505
"Co",2777,5.39075722565551,0.882023595280944
"Co",2778,17.6132711941323,0.0101979604079184
"Co",2779,8.84370628328085,0.383123375324935
"Co",2780,7.10045444655228,0.641671665666867
"Co",2781,7.07317500535163,0.646470705858828
"Co",2782,7.43213920979699,0.586882623475305
"Co",2783,4.80576847871123,0.939012197560488
"Co",2784,12.5099219230286,0.0975804839032194
"Co",2785,12.2233558106115,0.110777844431114
"Co",2786,5.51817631949064,0.86502699460108
"Co",2787,10.6543887259775,0.201759648070386
"Co",2788,6.54670861219284,0.72625474905019
"Co",2789,9.47382751029332,0.312937412517497
"Co",2790,5.56424102004991,0.860827834433113
"Co",2791,6.31903044088614,0.763447310537892
"Co",2792,15.1956186896813,0.0319936012797441
"Co",2793,14.9338957539051,0.0355928814237153
"Co",2794,11.6249907908073,0.137772445510898
"Co",2795,12.4680058161115,0.0995800839832034
"Co",2796,4.645628058748,0.949810037992401
"Co",2797,7.31093753039025,0.607278544291142
"Co",2798,8.76720622941136,0.392121575684863
"Co",2799,9.30334331493276,0.332133573285343
"Co",2800,6.76188128076569,0.696060787842432
"Co",2801,7.18923626763734,0.625474905018996
"Co",2802,7.65017418944095,0.55248950209958
"Co",2803,5.66802326229413,0.849830033993201
"Co",2804,11.9054030017101,0.123975204959008
"Co",2805,9.08620430603332,0.356328734253149
"Co",2806,8.10632148846977,0.485302939412118
"Co",2807,10.2305598340104,0.234753049390122
"Co",2808,7.72919708864461,0.540091981603679
"Co",2809,7.34579149615652,0.600479904019196
"Co",2810,7.43485559327658,0.586882623475305
"Co",2811,7.04319039704478,0.650869826034793
"Co",2812,11.0553158108704,0.173365326934613
"Co",2813,4.45103307673901,0.961807638472306
"Co",2814,5.36715069504174,0.883023395320936
"Co",2815,5.69129279127588,0.847230553889222
"Co",2816,10.1183633739854,0.248950209958008
"Co",2817,10.8771869524429,0.185362927414517
"Co",2818,11.3892480839934,0.152769446110778
"Co",2819,9.19332295016079,0.344731053789242
"Co",2820,8.08220951614277,0.489102179564087
"Co",2821,8.89808756753806,0.376924615076985
"Co",2822,11.7508853222252,0.132373525294941
"Co",2823,9.71175018231892,0.290941811637672
"Co",2824,7.74083591011475,0.537692461507698
"Co",2825,9.00525834466615,0.363527294541092
"Co",2826,8.65906908465527,0.405718856228754
"Co",2827,13.4539344997493,0.0639872025594881
"Co",2828,7.45782080335266,0.584083183363327
"Co",2829,4.08525489551369,0.978204359128174
"Co",2830,4.12384986513126,0.977004599080184
"Co",2831,5.04477964872481,0.915616876624675
"Co",2832,10.6472797149247,0.201959608078384
"Co",2833,6.75644122517367,0.696660667866427
"Co",2834,6.13878752813918,0.788842231553689
"Co",2835,10.7343514862968,0.196560687862428
"Co",2836,8.69042541861447,0.402119576084783
"Co",2837,13.2470695284382,0.0691861627674465
"Co",2838,8.04864154274378,0.493501299740052
"Co",2839,5.11891439645802,0.910817836432713
"Co",2840,10.6709512868917,0.200159968006399
"Co",2841,5.7814047915621,0.836432713457309
"Co",2842,5.9958511289116,0.810437912417517
"Co",2843,8.40773791375835,0.437712457508498
"Co",2844,9.20310338717201,0.344331133773245
"Co",2845,11.2143641722405,0.164367126574685
"Co",2846,10.3984663716602,0.21995600879824
"Co",2847,7.72833615935957,0.540091981603679
"Co",2848,6.9241571173348,0.670665866826635
"Co",2849,4.87216979033334,0.932213557288542
"Co",2850,9.90738591815062,0.26994601079784
"Co",2851,12.2021957893372,0.111777644471106
"Co",2852,12.767303628434,0.0879824035192961
"Co",2853,12.003196653172,0.120175964807039
"Co",2854,6.39090654173495,0.75124975004999
"Co",2855,6.64937110434974,0.710857828434313
"Co",2856,6.91927202315966,0.671065786842632
"Co",2857,5.26877816895123,0.892421515696861
"Co",2858,4.06253538739446,0.979004199160168
"Co",2859,3.35000588630444,0.994801039792042
"Co",2860,19.785507313284,0.00559888022395521
"Co",2861,5.68541787157611,0.847830433913217
"Co",2862,7.06067098964925,0.648670265946811
"Co",2863,8.18538012725762,0.472905418916217
"Co",2864,8.38731410525423,0.440911817636473
"Co",2865,5.95473596221129,0.817636472705459
"Co",2866,11.2749884800271,0.161167766446711
"Co",2867,12.0969089239571,0.116776644671066
"Co",2868,7.82724826722063,0.525894821035793
"Co",2869,5.29559966334517,0.891021795640872
"Co",2870,10.1722102364073,0.242151569686063
"Co",2871,9.29424026127052,0.333533293341332
"Co",2872,4.64576294342174,0.949810037992401
"Co",2873,3.52422849456198,0.991601679664067
"Co",2874,7.44234614306075,0.58628274345131
"Co",2875,5.34757556889599,0.88502299540092
"Co",2876,8.34200685949864,0.448910217956409
"Co",2877,7.34820627477782,0.599680063987203
"Co",2878,11.0309331896742,0.173965206958608
"Co",2879,5.20814304711323,0.899220155968806
"Co",2880,9.73314828212892,0.288942211557688
"Co",2881,4.14401079078797,0.976804639072186
"Co",2882,6.948524892736,0.667066586682663
"Co",2883,10.082617425874,0.251749650069986
"Co",2884,10.2876614765113,0.229154169166167
"Co",2885,7.3946917066269,0.592681463707258
"Co",2886,18.4560678710781,0.00799840031993601
"Co",2887,10.0057368510061,0.25874825034993
"Co",2888,8.19209991056573,0.470905818836233
"Co",2889,7.58846649075556,0.562687462507498
"Co",2890,5.51788602441096,0.86502699460108
"Co",2891,6.02856241704391,0.805238952209558
"Co",2892,12.9652188940829,0.0785842831433713
"Co",2893,11.727446411362,0.133573285342931
"Co",2894,4.737970307802,0.944411117776445
"Co",2895,12.3676260742077,0.103179364127175
"Co",2896,6.2419388722881,0.773245350929814
"Co",2897,7.92711283712347,0.511697660467906
"Co",2898,9.92233072206287,0.268346330733853
"Co",2899,8.21338190722494,0.468306338732254
"Co",2900,9.80672743830897,0.27994401119776
"Co",2901,4.63732327899214,0.950409918016397
"Co",2902,4.55490298673567,0.956608678264347
"Co",2903,7.33342109875653,0.60247950409918
"Co",2904,9.95021660111726,0.265346930613877
"Co",2905,7.65443717868047,0.55128974205159
"Co",2906,12.9267454231703,0.0793841231753649
"Co",2907,7.54256285216115,0.570485902819436
"Co",2908,5.88208424388458,0.825634873025395
"Co",2909,10.6214229468359,0.204359128174365
"Co",2910,7.476073268947,0.582083583283343
"Co",2911,7.69325778602399,0.545290941811638
"Co",2912,7.07803667351607,0.645470905818836
"Co",2913,9.60596968456292,0.303139372125575
"Co",2914,8.0786761785678,0.489502099580084
"Co",2915,6.42724417650376,0.746850629874025
"Co",2916,13.5110610917054,0.0619876024795041
"Co",2917,10.5660335928822,0.207358528294341
"Co",2918,19.1061537406741,0.00679864027194561
"Co",2919,11.5848904096073,0.139772045590882
"Co",2920,13.10614029689,0.0733853229354129
"Co",2921,11.9846315590345,0.121575684863027
"Co",2922,5.07958215368488,0.913617276544691
"Co",2923,10.9889583133661,0.177164567086583
"Co",2924,9.09268076259312,0.355528894221156
"Co",2925,8.82795574129446,0.384323135372925
"Co",2926,9.72698082715465,0.289742051589682
"Co",2927,8.82442960947174,0.384323135372925
"Co",2928,6.91708254446726,0.671865626874625
"Co",2929,5.1416206196532,0.907818436312737
"Co",2930,6.73247790771603,0.699660067986403
"Co",2931,9.13915261650089,0.351529694061188
"Co",2932,6.42610112884671,0.746850629874025
"Co",2933,11.3379589103567,0.156368726254749
"Co",2934,4.20122707044919,0.974605078984203
"Co",2935,8.05341965332181,0.49250149970006
"Co",2936,11.412661834011,0.150569886022795
"Co",2937,10.7035307151921,0.198360327934413
"Co",2938,7.39186078602414,0.593481303739252
"Co",2939,12.9924519082743,0.0777844431113777
"Co",2940,8.27134523873954,0.459708058388322
"Co",2941,11.7858369751791,0.130773845230954
"Co",2942,11.8385501270234,0.127974405118976
"Co",2943,9.8233454585,0.27874425114977
"Co",2944,5.9644258416366,0.815836832633473
"Co",2945,18.2479514547588,0.00819836032793441
"Co",2946,5.33400750343563,0.886622675464907
"Co",2947,8.1104463858367,0.484503099380124
"Co",2948,11.1901800188635,0.165966806638672
"Co",2949,8.86755206733838,0.381123775244951
"Co",2950,5.81521341084928,0.833233353329334
"Co",2951,7.9685321963683,0.50629874025195
"Co",2952,9.30167821903811,0.332333533293341
"Co",2953,8.87123289414814,0.380323935212957
"Co",2954,10.567729309599,0.207358528294341
"Co",2955,11.5752913090088,0.13997200559888
"Co",2956,6.80401273799794,0.689662067586483
"Co",2957,6.2002625997855,0.78004399120176
"Co",2958,13.3321903636233,0.0659868026394721
"Co",2959,7.35204224129409,0.599480103979204
"Co",2960,5.01129715570528,0.917616476704659
"Co",2961,5.26101959465436,0.892821435712857
"Co",2962,8.34424433683338,0.44871025794841
"Co",2963,7.84616409221547,0.522295540891822
"Co",2964,7.67192816190035,0.548890221955609
"Co",2965,4.58815836102065,0.953409318136373
"Co",2966,16.0870989473446,0.0211957608478304
"Co",2967,5.04424189634784,0.915616876624675
"Co",2968,8.67738451680398,0.403319336132773
"Co",2969,9.6356703913219,0.298940211957609
"Co",2970,9.84183886634838,0.276544691061788
"Co",2971,5.10279376095377,0.911817636472705
"Co",2972,15.6542043545065,0.0257948410317936
"Co",2973,5.38760245770757,0.882023595280944
"Co",2974,5.11692500276394,0.910817836432713
"Co",2975,6.86839642885329,0.679264147170566
"Co",2976,8.6594879156041,0.405718856228754
"Co",2977,11.3490877060814,0.155768846230754
"Co",2978,4.05817946064001,0.979404119176165
"Co",2979,6.32607938699527,0.762247550489902
"Co",2980,5.05555690239657,0.91501699660068
"Co",2981,9.37547241538172,0.325534893021396
"Co",2982,3.6416420012232,0.989402119576085
"Co",2983,8.45116954830752,0.432713457308538
"Co",2984,11.5872309728492,0.139772045590882
"Co",2985,6.9365364780287,0.669266146770646
"Co",2986,9.77979634771663,0.28254349130174
"Co",2987,7.17063566985195,0.629074185162967
"Co",2988,6.73008375515468,0.700259948010398
"Co",2989,10.865799472129,0.185762847430514
"Co",2990,8.68918156888662,0.402119576084783
"Co",2991,7.30568436202927,0.608278344331134
"Co",2992,5.93171761711136,0.820235952809438
"Co",2993,8.66868858836028,0.404719056188762
"Co",2994,10.6814540883123,0.199760047990402
"Co",2995,6.87062419642105,0.678464307138572
"Co",2996,7.97304587596901,0.505298940211958
"Co",2997,6.82995198527723,0.685662867426515
"Co",2998,6.91482855597221,0.672065586882624
"Co",2999,9.24339815805084,0.341731653669266
"Co",3000,7.26982262391019,0.612677464507099
"Co",3001,8.23209291849386,0.465506898620276
"Co",3002,13.2973870616595,0.0669866026794641
"Co",3003,6.67668200052333,0.70745850829834
"Co",3004,6.93186099287985,0.669666066786643
"Co",3005,9.35139023407473,0.327934413117377
"Co",3006,11.8775941601043,0.126174765046991
"Co",3007,7.26412896649839,0.614077184563087
"Co",3008,14.2017520355346,0.0453909218156369
"Co",3009,11.6487110670532,0.136972605478904
"Co",3010,5.67700509457219,0.848830233953209
"Co",3011,6.12629780972918,0.790241951609678
"Co",3012,14.5939485223561,0.0393921215756849
"Co",3013,7.70089359863985,0.544091181763647
"Co",3014,7.88319405127402,0.517696460707858
"Co",3015,6.52206318402139,0.729654069186163
"Co",3016,6.6668528836444,0.708658268346331
"Co",3017,4.55820084292631,0.956408718256349
"Co",3018,9.99737764367606,0.259548090381924
"Co",3019,6.05378755197526,0.802639472105579
"Co",3020,9.33044815391071,0.329334133173365
"Co",3021,8.40238087782211,0.43871225754849
"Co",3022,10.6727219511747,0.200159968006399
"Co",3023,4.32589604344284,0.967606478704259
"Co",3024,9.36470884046716,0.326334733053389
"Co",3025,5.02215501306287,0.916816636672665
"Co",3026,4.12674133704687,0.977004599080184
"Co",3027,8.62286142849649,0.411517696460708
"Co",3028,6.05761877163445,0.802039592081584
"Co",3029,8.85865502135985,0.381323735252949
"Co",3030,8.3337668767692,0.449910017996401
"Co",3031,13.6574756219593,0.0583883223355329
"Co",3032,4.85009904512998,0.934813037392522
"Co",3033,12.6810886535219,0.0927814437112578
"Co",3034,6.36543133857526,0.754449110177964
"Co",3035,7.61661455880645,0.55748850229954
"Co",3036,3.90365248464556,0.983603279344131
"Co",3037,6.6407313062974,0.711857628474305
"Co",3038,12.3273621996707,0.105578884223155
"Co",3039,5.09100529998153,0.912417516496701
"Co",3040,5.64457681282801,0.852229554089182
"Co",3041,8.14455350118817,0.478904219156169
"Co",3042,10.4622261910539,0.216156768646271
"Co",3043,7.84524795724207,0.522695460907818
"Co",3044,13.2833753858116,0.0677864427114577
"Co",3045,5.33693583449681,0.886622675464907
"Co",3046,8.65776289764329,0.405718856228754
"Co",3047,8.9187352604568,0.374325134973005
"Co",3048,9.94037033318071,0.266946610677864
"Co",3049,11.0092313287289,0.175564887022595
"Co",3050,6.50178773487846,0.734853029394121
"Co",3051,7.08566483926109,0.644471105778844
"Co",3052,6.85652720762096,0.68126374725055
"Co",3053,5.53105446225067,0.863827234553089
"Co",3054,8.59490056774703,0.415116976604679
"Co",3055,10.1077931698865,0.249750049990002
"Co",3056,7.12918585481776,0.635872825434913
"Co",3057,6.33752217170326,0.760447910417916
"Co",3058,8.95396331576137,0.369926014797041
"Co",3059,7.37125359390461,0.596480703859228
"Co",3060,11.4000053489185,0.151169766046791
"Co",3061,11.7161200295857,0.133973205358928
"Co",3062,7.99827781978561,0.501699660067986
"Co",3063,7.2240805934658,0.619676064787043
"Co",3064,12.9871456153959,0.0781843631273745
"Co",3065,7.55762897922372,0.568086382723455
"Co",3066,5.8231648663851,0.832633473305339
"Co",3067,5.11299556566965,0.910817836432713
"Co",3068,10.5504026856277,0.208158368326335
"Co",3069,6.8636830530464,0.679864027194561
"Co",3070,7.00279888686956,0.656668666266747
"Co",3071,9.03640198242508,0.361127774445111
"Co",3072,5.88127261316524,0.825634873025395
"Co",3073,5.36229909239032,0.883423315336933
"Co",3074,5.5758269081648,0.859428114377125
"Co",3075,5.79785158526562,0.834433113377325
"Co",3076,11.0198715706836,0.174765046990602
"Co",3077,10.889626272351,0.184163167366527
"Co",3078,7.89146859037714,0.516696660667866
"Co",3079,7.3027528221948,0.608678264347131
"Co",3080,5.06051020502974,0.914617076584683
"Co",3081,11.4236962042526,0.1499700059988
"Co",3082,6.31282368810275,0.764047190561888
"Co",3083,12.342288829111,0.10497900419916
"Co",3084,7.41478768252605,0.589082183563287
"Co",3085,7.09875710457629,0.641671665666867
"Co",3086,6.90737561488032,0.673465306938612
"Co",3087,7.33657079601412,0.602079584083183
"Co",3088,6.26245269161956,0.770245950809838
"Co",3089,9.54214485600843,0.308338332333533
"Co",3090,6.87565162097383,0.67746450709858
"Co",3091,7.87161066374952,0.518496300739852
"Co",3092,9.23311472386388,0.341931613677265
"Co",3093,5.91722992412315,0.821635672865427
"Co",3094,6.67614291433452,0.707658468306339
"Co",3095,5.36116586952815,0.883623275344931
"Co",3096,9.94340464530586,0.265946810637872
"Co",3097,10.2858595140786,0.229154169166167
"Co",3098,8.51201636702879,0.426114777044591
"Co",3099,8.4290254034311,0.434513097380524
"Co",3100,11.8866724621917,0.125774845030994
"Co",3101,4.33235769626725,0.967606478704259
"Co",3102,9.5846289920902,0.303939212157568
"Co",3103,6.72144015545399,0.702659468106379
"Co",3104,5.45476292744618,0.872425514897021
"Co",3105,7.83271165560447,0.525494901019796
"Co",3106,6.88914945826787,0.675464907018596
"Co",3107,7.79669329479557,0.530093981203759
"Co",3108,12.3399965537389,0.10497900419916
"Co",3109,11.8009479830749,0.129574085182963
"Co",3110,8.67432418630816,0.40371925614877
"Co",3111,10.5208484090268,0.210157968406319
"Co",3112,8.16598637934229,0.475104979004199
"Co",3113,8.24945384662703,0.462707458508298
"Co",3114,6.25343248295496,0.77124575084983
"Co",3115,7.23655578531501,0.618676264747051
"Co",3116,9.92398084778335,0.268346330733853
"Co",3117,6.63384291486349,0.712857428514297
"Co",3118,9.21514861164712,0.343531293741252
"Co",3119,8.0366393030593,0.495500899820036
"Co",3120,9.58206962033779,0.303939212157568
"Co",3121,6.84384484953344,0.684663067386523
"Co",3122,8.71022860781522,0.398520295940812
"Co",3123,9.47523305017893,0.312937412517497
"Co",3124,6.96732652418464,0.662867426514697
"Co",3125,7.84988280258491,0.522095580883823
"Co",3126,6.77482978708804,0.694061187762448
"Co",3127,11.923429729414,0.123975204959008
"Co",3128,8.67364583632263,0.403919216156769
"Co",3129,8.21884253573293,0.467706458708258
"Co",3130,10.8359056394742,0.190161967606479
"Co",3131,15.692703985405,0.0251949610077984
"Co",3132,9.95547466487719,0.264747050589882
"Co",3133,10.3595725185055,0.222755448910218
"Co",3134,9.63731205986113,0.298940211957609
"Co",3135,6.19095936947124,0.78244351129774
"Co",3136,6.82854031921724,0.685662867426515
"Co",3137,6.92013751597037,0.671065786842632
"Co",3138,6.70479165635365,0.703859228154369
"Co",3139,11.6901030361732,0.13497300539892
"Co",3140,11.7421197697873,0.132773445310938
"Co",3141,8.91336411971238,0.374925014997001
"Co",3142,7.52840495329065,0.57248550289942
"Co",3143,5.17985183178166,0.903619276144771
"Co",3144,12.4562604720486,0.0997800439912018
"Co",3145,6.90321330195025,0.673865226954609
"Co",3146,5.96631598672269,0.815836832633473
"Co",3147,9.63985540625379,0.298940211957609
"Co",3148,7.25580248497334,0.615276944611078
"Co",3149,7.13166743923267,0.635272945410918
"Co",3150,9.10342529742664,0.354929014197161
"Co",3151,11.4057000913669,0.150969806038792
"Co",3152,10.8425857821173,0.188562287542491
"Co",3153,6.23178084958377,0.7750449910018
"Co",3154,9.28087294122733,0.335932813437313
"Co",3155,5.61086363381227,0.85622875424915
"Co",3156,4.61122002044851,0.952009598080384
"Co",3157,10.322491853048,0.225754849030194
"Co",3158,13.066875849537,0.0747850429914017
"Co",3159,8.53401892167756,0.422915416916617
"Co",3160,7.52366867596979,0.572885422915417
"Co",3161,14.4549125248959,0.0415916816636673
"Co",3162,10.6104375845145,0.204359128174365
"Co",3163,13.0820563092572,0.0743851229754049
"Co",3164,3.89568523673989,0.98380323935213
"Co",3165,6.92753891770212,0.670465906818636
"Co",3166,6.91385913276702,0.672265546890622
"Co",3167,10.5561653259598,0.207958408318336
"Co",3168,13.2314456759763,0.0695860827834433
"Co",3169,12.8270807255439,0.0857828434313137
"Co",3170,8.24694871414664,0.462907418516297
"Co",3171,6.92571151325146,0.670465906818636
"Co",3172,4.6531717388981,0.949410117976405
"Co",3173,6.2640334490622,0.77004599080184
"Co",3174,5.29013932690478,0.891421715656869
"Co",3175,7.29379699885101,0.610277944411118
"Co",3176,10.1854948204208,0.240351929614077
"Co",3177,7.34658526418448,0.600279944011198
"Co",3178,4.07485825400659,0.978404319136173
"Co",3179,8.46356636301405,0.431913617276545
"Co",3180,11.751996725324,0.132373525294941
"Co",3181,8.10941533415232,0.484703059388122
"Co",3182,10.1480290586541,0.246150769846031
"Co",3183,16.4634555821922,0.0193961207758448
"Co",3184,8.39067751317586,0.440511897620476
"Co",3185,5.52730613918482,0.864027194561088
"Co",3186,9.01675036614822,0.363127374525095
"Co",3187,8.02235674362078,0.498100379924015
"Co",3188,9.50447503673098,0.310737852429514
"Co",3189,6.5424239911099,0.726854629074185
"Co",3190,9.95252667616722,0.265346930613877
"Co",3191,5.87218060365704,0.826634673065387
"Co",3192,5.14206046326197,0.907818436312737
"Co",3193,12.6104214472448,0.0951809638072385
"Co",3194,6.47590093223769,0.738652269546091
"Co",3195,16.3974688707336,0.01999600079984
"Co",3196,16.2880886910478,0.0201959608078384
"Co",3197,8.54639009747734,0.421715656868626
"Co",3198,9.25583596707079,0.33873225354929
"Co",3199,7.88794101006707,0.516896620675865
"Co",3200,7.24283623631617,0.617876424715057
"Co",3201,7.31583265258985,0.606078784243151
"Co",3202,17.0105620958517,0.013997200559888
"Co",3203,10.8085904917581,0.192161567686463
"Co",3204,8.80967379938997,0.385922815436913
"Co",3205,2.89402974228555,0.998200359928014
"Co",3206,11.3746486169146,0.154369126174765
"Co",3207,13.9551057156831,0.0513897220555889
"Co",3208,8.571188035549,0.418316336732653
"Co",3209,10.4083555804698,0.219156168766247
"Co",3210,11.7251061722104,0.133573285342931
"Co",3211,10.1323563260325,0.246950609878024
"Co",3212,4.92645255790319,0.927014597080584
"Co",3213,9.857382118092,0.275144971005799
"Co",3214,4.76826372798058,0.941411717656469
"Co",3215,8.32841049572494,0.450509898020396
"Co",3216,7.86150295851618,0.519696060787842
"Co",3217,7.85559909398748,0.520695860827834
"Co",3218,7.54467400502529,0.570285942811438
"Co",3219,8.21351152003533,0.468306338732254
"Co",3220,9.95218693291753,0.265346930613877
"Co",3221,9.23347407021831,0.341931613677265
"Co",3222,11.0083716423516,0.175764847030594
"Co",3223,12.6918252065269,0.0919816036792642
"Co",3224,11.2496703785467,0.162367526494701
"Co",3225,10.096266345761,0.250749850029994
"Co",3226,5.435515210254,0.876024795040992
"Co",3227,14.8727068583258,0.0357928414317137
"Co",3228,9.59571428355872,0.30373925214957
"Co",3229,4.70181293784353,0.947010597880424
"Co",3230,8.87023561831785,0.380523895220956
"Co",3231,3.88519573325027,0.984003199360128
"Co",3232,5.70882121227427,0.84503099380124
"Co",3233,7.8251994294188,0.526094781043791
"Co",3234,8.46975490126044,0.430913817236553
"Co",3235,7.28746052667788,0.610277944411118
"Co",3236,15.0947980162518,0.0331933613277345
"Co",3237,9.67922386055889,0.29494101179764
"Co",3238,7.94519023505293,0.509098180363927
"Co",3239,8.41471213170033,0.436912617476505
"Co",3240,12.2247629278194,0.110777844431114
"Co",3241,7.73402954363692,0.539292141571686
"Co",3242,8.8213609741556,0.384523095380924
"Co",3243,4.66365506816405,0.948810237952409
"Co",3244,9.94567095403326,0.265746850629874
"Co",3245,4.25351323705883,0.970805838832234
"Co",3246,10.7781945989576,0.193561287742452
"Co",3247,7.29193339904236,0.610277944411118
"Co",3248,4.87468633076421,0.932213557288542
"Co",3249,13.7282604989509,0.0567886422715457
"Co",3250,7.03954748964932,0.651069786042791
"Co",3251,5.66452451027618,0.849830033993201
"Co",3252,3.59812102071704,0.990601879624075
"Co",3253,3.9399243453085,0.982803439312138
"Co",3254,15.2529670495307,0.0311937612477504
"Co",3255,5.44924725914072,0.873425314937013
"Co",3256,3.78560045983869,0.986802639472106
"Co",3257,8.78864432298602,0.389322135572885
"Co",3258,5.85972891528863,0.827834433113377
"Co",3259,5.29327146838749,0.89122175564887
"Co",3260,7.44933609270205,0.585482903419316
"Co",3261,4.5024008821662,0.959408118376325
"Co",3262,3.83925273743523,0.985402919416117
"Co",3263,8.34564412651952,0.44871025794841
"Co",3264,6.53983604339339,0.727654469106179
"Co",3265,4.54135219300025,0.957008598280344
"Co",3266,10.0972200687225,0.250749850029994
"Co",3267,3.96141951616639,0.982403519296141
"Co",3268,10.1222457285997,0.248950209958008
"Co",3269,13.6904076581191,0.0579884023195361
"Co",3270,9.04995458835197,0.359728054389122
"Co",3271,10.1159316065277,0.249150169966007
"Co",3272,3.60400768943273,0.990601879624075
"Co",3273,8.97096616780522,0.368126374725055
"Co",3274,13.5828358141043,0.0601879624075185
"Co",3275,9.56050214398277,0.306538692261548
"Co",3276,10.3865485726216,0.220555888822236
"Co",3277,5.24347733442883,0.89502099580084
"Co",3278,10.9202252574733,0.181963607278544
"Co",3279,8.24452084698189,0.463907218556289
"Co",3280,8.36079976360816,0.445910817836433
"Co",3281,7.18635732422524,0.625674865026995
"Co",3282,6.09937323842087,0.795840831833633
"Co",3283,6.56021772785735,0.724455108978204
"Co",3284,11.6411596910363,0.137172565486903
"Co",3285,7.00931233867945,0.655468906218756
"Co",3286,10.3822604564986,0.221155768846231
"Co",3287,7.91139583265547,0.514097180563887
"Co",3288,8.80771138374274,0.386122775444911
"Co",3289,8.82053852194949,0.384523095380924
"Co",3290,10.2691553603056,0.230953809238152
"Co",3291,8.83567711562827,0.383523295340932
"Co",3292,6.80724347589606,0.688662267546491
"Co",3293,10.633813342234,0.202959408118376
"Co",3294,9.31593372561437,0.331133773245351
"Co",3295,6.1554952500895,0.786042791441712
"Co",3296,13.6425545736812,0.0589882023595281
"Co",3297,10.4293562595407,0.218356328734253
"Co",3298,8.748232337709,0.395120975804839
"Co",3299,4.13142811826759,0.977004599080184
"Co",3300,14.3436347383396,0.0429914017196561
"Co",3301,12.0418582953334,0.119176164767047
"Co",3302,4.29240237144509,0.968406318736253
"Co",3303,13.8305726220102,0.0543891221755649
"Co",3304,6.50677188870606,0.733453309338132
"Co",3305,10.6856069839114,0.199560087982404
"Co",3306,9.89723069905045,0.271145770845831
"Co",3307,10.7790308109608,0.193561287742452
"Co",3308,8.21587897263132,0.467906418716257
"Co",3309,6.34053813107806,0.759848030393921
"Co",3310,9.09717846518214,0.355328934213157
"Co",3311,9.23983341332567,0.341931613677265
"Co",3312,8.76981577371191,0.391521695660868
"Co",3313,8.15994846302826,0.475904819036193
"Co",3314,7.74386354463795,0.537292541491702
"Co",3315,9.35949435303351,0.326934613077385
"Co",3316,14.6623086005468,0.0385922815436913
"Co",3317,6.2980595031412,0.76624675064987
"Co",3318,9.7565475877652,0.286542691461708
"Co",3319,14.9525428823916,0.0351929614077185
"Co",3320,9.62132265883943,0.299540091981604
"Co",3321,4.20463202526778,0.974405118976205
"Co",3322,4.16616615140234,0.976004799040192
"Co",3323,7.12019136395998,0.637072585482903
"Co",3324,10.4891538820254,0.212957408518296
"Co",3325,3.37836929079209,0.994801039792042
"Co",3326,7.00472104910969,0.656468706258748
"Co",3327,16.2402170056995,0.0205958808238352
"Co",3328,10.7440166055559,0.195560887822436
"Co",3329,6.80833019235908,0.688662267546491
"Co",3330,10.0478918806883,0.255148970205959
"Co",3331,13.7265003887482,0.0569886022795441
"Co",3332,17.5094472115031,0.0103979204159168
"Co",3333,17.2799118240829,0.011997600479904
"Co",3334,3.50555359346868,0.992001599680064
"Co",3335,5.36879235208073,0.882823435312937
"Co",3336,11.9592567286117,0.122175564887023
"Co",3337,7.60386003672778,0.559088182363527
"Co",3338,7.20081151492906,0.623475304939012
"Co",3339,8.93093409361302,0.373525294941012
"Co",3340,6.49349951462909,0.736052789442112
"Co",3341,11.3886436863235,0.152769446110778
"Co",3342,14.8950762096785,0.0357928414317137
"Co",3343,20.6554580079086,0.00379924015196961
"Co",3344,6.2199635779736,0.776844631073785
"Co",3345,6.38766964843063,0.751649670065987
"Co",3346,14.5378000080364,0.0399920015996801
"Co",3347,12.2917449006513,0.107378524295141
"Co",3348,8.11411963596976,0.484303139372126
"Co",3349,9.8576015868382,0.275144971005799
"Co",3350,10.3723138462572,0.221955608878224
"Co",3351,8.21474317485948,0.468306338732254
"Co",3352,10.854536316012,0.186762647470506
"Co",3353,16.2301849961143,0.0207958408318336
"Co",3354,5.63487846720204,0.853429314137173
"Co",3355,7.75646817931431,0.536692661467706
"Co",3356,4.82057604814864,0.938212357528494
"Co",3357,7.77563834373427,0.534693061387722
"Co",3358,3.60051158740671,0.990601879624075
"Co",3359,6.32875025233051,0.761447710457908
"Co",3360,10.6535430074358,0.201759648070386
"Co",3361,11.5159460222607,0.143971205758848
"Co",3362,11.0978913137634,0.171165766846631
"Co",3363,7.96319451921252,0.506898620275945
"Co",3364,6.66761186023527,0.708658268346331
"Co",3365,8.05639374724336,0.491901619676065
"Co",3366,10.2567133723613,0.231953609278144
"Co",3367,6.01587767971776,0.807838432313537
"Co",3368,8.79725219006394,0.387722455508898
"Co",3369,8.4391014394578,0.43371325734853
"Co",3370,12.2480010810023,0.10877824435113
"Co",3371,5.77388691258935,0.836632673465307
"Co",3372,7.64177786731506,0.554489102179564
"Co",3373,5.59104059888659,0.858228354329134
"Co",3374,17.6192926847728,0.00999800039992002
"Co",3375,4.6324352985518,0.950609878024395
"Co",3376,8.37397837887906,0.444111177764447
"Co",3377,11.5204795179348,0.143571285742851
"Co",3378,13.0528705873141,0.0749850029994001
"Co",3379,6.76976094866558,0.694461107778444
"Co",3380,6.86202576173667,0.680663867226555
"Co",3381,6.39487111056445,0.750649870025995
"Co",3382,7.98961850927759,0.502899420115977
"Co",3383,5.42404189370211,0.877024595080984
"Co",3384,5.8585206646429,0.828234353129374
"Co",3385,11.4333036524661,0.14877024595081
"Co",3386,9.66771285716317,0.296540691861628
"Co",3387,3.52394225362255,0.991601679664067
"Co",3388,7.16339541049696,0.631073785242951
"Co",3389,9.9383177089735,0.266946610677864
"Co",3390,4.43817308359255,0.961807638472306
"Co",3391,7.18534073396188,0.62627474505099
"Co",3392,6.77817054090255,0.693661267746451
"Co",3393,7.14527256042581,0.633073385322935
"Co",3394,9.82120807554892,0.279144171165767
"Co",3395,17.469881149125,0.0107978404319136
"Co",3396,6.75220317233723,0.697060587882424
"Co",3397,8.75272120635526,0.394521095780844
"Co",3398,9.04781630610412,0.359928014397121
"Co",3399,7.18329957756296,0.626474705058988
"Co",3400,12.8962683332544,0.0815836832633473
"Co",3401,6.19053711046516,0.78244351129774
"Co",3402,5.0320323022714,0.916416716656669
"Co",3403,11.6846555242246,0.135372925414917
"Co",3404,8.34018834127298,0.449310137972406
"Co",3405,13.6701071128763,0.0581883623275345
"Co",3406,7.56341875410789,0.566886622675465
"Co",3407,11.3726889020545,0.154569086182763
"Co",3408,5.78128408452228,0.836432713457309
"Co",3409,9.68193638487779,0.294541091781644
"Co",3410,4.32881413556788,0.967606478704259
"Co",3411,7.31346489714784,0.606678664267147
"Co",3412,10.7737596009372,0.193561287742452
"Co",3413,9.62239289293964,0.299540091981604
"Co",3414,7.25683726045139,0.614677064587083
"Co",3415,9.10634125035173,0.354329134173165
"Co",3416,8.37125656644611,0.444511097780444
"Co",3417,8.4680523761007,0.43131373725255
"Co",3418,10.3070284201466,0.227154569086183
"Co",3419,8.59200297715785,0.415116976604679
"Co",3420,7.29219773929844,0.610277944411118
"Co",3421,5.16711990949489,0.905618876224755
"Co",3422,7.7060209056159,0.543491301739652
"Co",3423,6.9897345116793,0.659068186362727
"Co",3424,6.27217461876376,0.769446110777844
"Co",3425,10.8578616315659,0.186362727454509
"Co",3426,6.30521629239712,0.764847030593881
"Co",3427,8.00341796357191,0.501499700059988
"Co",3428,5.91449872308064,0.821635672865427
"Co",3429,8.30315464730401,0.455308938212358
"Co",3430,5.0214065612081,0.916816636672665
"Co",3431,5.64073111178809,0.852629474105179
"Co",3432,9.33585274448717,0.329334133173365
"Co",3433,6.98068086721253,0.660867826434713
"Co",3434,6.32477223129717,0.762247550489902
"Co",3435,6.19201421971354,0.78244351129774
"Co",3436,11.5483649555146,0.141971605678864
"Co",3437,8.15421174829493,0.476904619076185
"Co",3438,9.88919911164339,0.271745650869826
"Co",3439,5.68731462985872,0.847430513897221
"Co",3440,4.94215894132668,0.924015196960608
"Co",3441,7.5664636897005,0.566086782643471
"Co",3442,6.81399040991624,0.688062387522495
"Co",3443,9.78784772441574,0.281343731253749
"Co",3444,6.81627798188552,0.688062387522495
"Co",3445,7.98656853843153,0.50369926014797
"Co",3446,3.66415707452506,0.989002199560088
"Co",3447,11.6775422222586,0.135572885422915
"Co",3448,7.9751571162094,0.505298940211958
"Co",3449,5.90952352477569,0.822035592881424
"Co",3450,8.23875613163915,0.464907018596281
"Co",3451,8.57321470301338,0.417916416716657
"Co",3452,7.16802045786031,0.629874025194961
"Co",3453,6.26746254443978,0.77004599080184
"Co",3454,9.18431334245881,0.345530893821236
"Co",3455,9.91843393197325,0.26874625074985
"Co",3456,8.8764634644797,0.380323935212957
"Co",3457,9.21318034042267,0.343531293741252
"Co",3458,11.6271575372261,0.137372525494901
"Co",3459,7.07891001123843,0.645470905818836
"Co",3460,5.12406062466349,0.909618076384723
"Co",3461,7.55124618786135,0.568886222755449
"Co",3462,8.68949337445099,0.402119576084783
"Co",3463,6.98307278629623,0.660267946410718
"Co",3464,7.06742376839412,0.647670465906819
"Co",3465,5.68667819927968,0.847430513897221
"Co",3466,7.08261249242392,0.644671065786843
"Co",3467,6.51706007553514,0.731453709258148
"Co",3468,13.5399699057803,0.0611877624475105
"Co",3469,8.36783461748865,0.445110977804439
"Co",3470,7.85024463892961,0.522095580883823
"Co",3471,10.1906918980364,0.23995200959808
"Co",3472,10.604515635616,0.20495900819836
"Co",3473,5.12186397585663,0.91001799640072
"Co",3474,5.13611368928406,0.908218356328734
"Co",3475,7.90490152011984,0.515296940611878
"Co",3476,8.06166731000783,0.491501699660068
"Co",3477,8.14734980656397,0.478504299140172
"Co",3478,9.12632117351791,0.352129574085183
"Co",3479,5.27811417424235,0.891821635672865
"Co",3480,7.73356766646239,0.539292141571686
"Co",3481,10.5852171116047,0.205958808238352
"Co",3482,8.97404086143479,0.36752649470106
"Co",3483,8.02626973340304,0.49630073985203
"Co",3484,4.28799102590872,0.968406318736253
"Co",3485,20.5279327332398,0.00379924015196961
"Co",3486,8.75811132949612,0.393121375724855
"Co",3487,9.65267727362036,0.29754049190162
"Co",3488,5.45298399707534,0.872625474905019
"Co",3489,11.7679590174319,0.131573685262947
"Co",3490,5.31294895890466,0.889622075584883
"Co",3491,14.357146365852,0.0429914017196561
"Co",3492,8.37147625140474,0.444511097780444
"Co",3493,4.0539232376683,0.979604079184163
"Co",3494,8.23912490511793,0.464907018596281
"Co",3495,7.23227191957483,0.619076184763047
"Co",3496,9.1730108900839,0.347130573885223
"Co",3497,8.94712502748013,0.370925814837033
"Co",3498,5.86011057905358,0.827834433113377
"Co",3499,7.13138337321647,0.635472905418916
"Co",3500,6.37162330269592,0.754049190161968
"Co",3501,12.3260409798614,0.105578884223155
"Co",3502,5.76600983376855,0.838232353529294
"Co",3503,9.05457339715468,0.358928214357129
"Co",3504,4.63253856653762,0.950609878024395
"Co",3505,8.80110026715127,0.387322535492901
"Co",3506,4.47878663973424,0.960807838432314
"Co",3507,5.2289495047593,0.896820635872825
"Co",3508,5.47978044673565,0.869626074785043
"Co",3509,13.1335871037172,0.0725854829034193
"Co",3510,5.96735990792109,0.815636872625475
"Co",3511,4.14818514256874,0.976804639072186
"Co",3512,3.46688623945457,0.992601479704059
"Co",3513,8.76509068453933,0.392321535692861
"Co",3514,8.7930056881525,0.388122375524895
"Co",3515,8.39956616574426,0.439112177564487
"Co",3516,4.99270710972496,0.92001599680064
"Co",3517,7.37778225045142,0.595280943811238
"Co",3518,10.6119626704979,0.204359128174365
"Co",3519,6.52082044174151,0.729654069186163
"Co",3520,8.05389007155225,0.49250149970006
"Co",3521,9.57247296704222,0.305138972205559
"Co",3522,7.86639386576482,0.518896220755849
"Co",3523,8.94622145357323,0.370925814837033
"Co",3524,9.73787024366868,0.288142371525695
"Co",3525,4.87279844766954,0.932213557288542
"Co",3526,9.74039706190794,0.288142371525695
"Co",3527,10.1332884962777,0.246950609878024
"Co",3528,6.67630622190575,0.707658468306339
"Co",3529,6.73611250590494,0.699260147970406
"Co",3530,11.9222815637007,0.123975204959008
"Co",3531,7.40583311248852,0.590481903619276
"Co",3532,8.65438607225576,0.405918816236753
"Co",3533,4.42851458520209,0.962007598480304
"Co",3534,6.16354249341211,0.784843031393721
"Co",3535,7.51706559061535,0.574485102979404
"Co",3536,3.05879697894161,0.997400519896021
"Co",3537,6.96271945330668,0.663867226554689
"Co",3538,4.89923498469989,0.930413917216557
"Co",3539,6.35279548975839,0.756648670265947
"Co",3540,9.0994300206041,0.355128974205159
"Co",3541,6.37495705138315,0.753649270145971
"Co",3542,5.39525844182609,0.881623675264947
"Co",3543,11.0198588504749,0.174765046990602
"Co",3544,8.43522194615559,0.434113177364527
"Co",3545,7.20783730588104,0.622675464907019
"Co",3546,8.94540834368667,0.371325734853029
"Co",3547,5.25019861716061,0.893821235752849
"Co",3548,10.1210401549701,0.248950209958008
"Co",3549,7.75784439513085,0.536692661467706
"Co",3550,8.14961064515487,0.47750449910018
"Co",3551,12.6636226393976,0.0929814037192561
"Co",3552,7.51393228860439,0.575084983003399
"Co",3553,5.99332745369344,0.810837832433513
"Co",3554,5.56846257914171,0.860227954409118
"Co",3555,5.88673678076287,0.825234953009398
"Co",3556,7.07255219015522,0.646470705858828
"Co",3557,9.41981898124024,0.319336132773445
"Co",3558,7.12023468884274,0.636872625474905
"Co",3559,10.9910363026267,0.176964607078584
"Co",3560,5.63807560053377,0.852829434113177
"Co",3561,7.49956594359455,0.578884223155369
"Co",3562,13.1923330256941,0.0705858828234353
"Co",3563,12.5467082549177,0.0971805638872226
"Co",3564,6.72250613676201,0.702259548090382
"Co",3565,9.41283887886658,0.320135972805439
"Co",3566,5.88602645394846,0.825234953009398
"Co",3567,7.66544760018689,0.550089982003599
"Co",3568,7.53406626770746,0.571485702859428
"Co",3569,9.68788651565754,0.293541291741652
"Co",3570,9.15468797048598,0.349330133973205
"Co",3571,9.49864277770595,0.311137772445511
"Co",3572,9.25479469787942,0.338932213557289
"Co",3573,7.99686086296862,0.501899620075985
"Co",3574,14.1241203768435,0.0469906018796241
"Co",3575,4.59724133442157,0.952609478104379
"Co",3576,17.7938824118508,0.00879824035192961
"Co",3577,9.05337914584771,0.358928214357129
"Co",3578,6.0018083107507,0.809838032393521
"Co",3579,14.1219479386025,0.0469906018796241
"Co",3580,10.8753669646016,0.185362927414517
"Co",3581,8.34000987305811,0.449510097980404
"Co",3582,4.52866540590858,0.957408518296341
"Co",3583,5.76604518719843,0.838232353529294
"Co",3584,4.77863967675404,0.940611877624475
"Co",3585,8.22481153127933,0.466906618676265
"Co",3586,11.994757355846,0.121175764847031
"Co",3587,8.31152252628061,0.453109378124375
"Co",3588,11.6632409840868,0.136572685462907
"Co",3589,11.3997254658968,0.151569686062787
"Co",3590,5.07218066822199,0.913817236552689
"Co",3591,5.65963132849538,0.850629874025195
"Co",3592,4.10594298455231,0.977604479104179
"Co",3593,9.59553552860049,0.30373925214957
"Co",3594,10.5529846673074,0.208158368326335
"Co",3595,4.62882946330799,0.95120975804839
"Co",3596,8.27438312324529,0.459308138372326
"Co",3597,9.4115217308709,0.320135972805439
"Co",3598,13.3054361759675,0.0665866826634673
"Co",3599,13.8658099827423,0.0531893621275745
"Co",3600,5.50949205907347,0.866426714657069
"Co",3601,8.38142291184374,0.442111577684463
"Co",3602,11.3183874066624,0.157368526294741
"Co",3603,9.11456403050408,0.353329334133173
"Co",3604,5.61930753894734,0.854829034193161
"Co",3605,8.77263948622925,0.391121775644871
"Co",3606,16.9788204724287,0.0141971605678864
"Co",3607,13.6019821505176,0.0595880823835233
"Co",3608,6.5416359114181,0.72745450909818
"Co",3609,10.2600293737194,0.231753649270146
"Co",3610,6.64849926305024,0.710857828434313
"Co",3611,9.96683299208578,0.262147570485903
"Co",3612,6.67016647338616,0.708058388322336
"Co",3613,6.16780169500848,0.784643071385723
"Co",3614,7.86228473003126,0.519496100779844
"Co",3615,11.1776415206992,0.166566686662667
"Co",3616,4.52660843695313,0.957608478304339
"Co",3617,8.26587808354955,0.459908018396321
"Co",3618,9.85320491013826,0.275744851029794
"Co",3619,19.1970290334775,0.00659868026394721
"Co",3620,10.4094735008493,0.218956208758248
"Co",3621,14.6282740332507,0.0385922815436913
"Co",3622,11.1831448072246,0.166166766646671
"Co",3623,5.1039655633964,0.911817636472705
"Co",3624,5.55189221793472,0.862427514497101
"Co",3625,9.00791197355551,0.363527294541092
"Co",3626,6.90085641284568,0.674465106978604
"Co",3627,9.62126848923509,0.299540091981604
"Co",3628,9.00192247815536,0.364327134573085
"Co",3629,6.61065619174173,0.71745650869826
"Co",3630,10.9723824157439,0.178364327134573
"Co",3631,8.18025456548568,0.473305338932214
"Co",3632,9.89227343222547,0.271545690861828
"Co",3633,6.96156225202121,0.664067186562687
"Co",3634,8.0435573262676,0.494501099780044
"Co",3635,10.8152907984169,0.191561687662468
"Co",3636,9.72902879261673,0.289342131573685
"Co",3637,11.0953704201298,0.171165766846631
"Co",3638,4.95538911812602,0.922215556888622
"Co",3639,11.1386109702558,0.168166366726655
"Co",3640,7.96193298523428,0.507098580283943
"Co",3641,11.6847343660381,0.135372925414917
"Co",3642,9.37373345060459,0.325734853029394
"Co",3643,9.45423776107339,0.315736852629474
"Co",3644,4.93963456727639,0.924215156968606
"Co",3645,8.95402277402832,0.369926014797041
"Co",3646,9.47345593234149,0.312937412517497
"Co",3647,9.63377260448118,0.298940211957609
"Co",3648,6.9110347495255,0.672665466906619
"Co",3649,8.46048292772028,0.431913617276545
"Co",3650,9.22657777908677,0.34253149370126
"Co",3651,10.9605329029692,0.179364127174565
"Co",3652,15.9308473616765,0.0227954409118176
"Co",3653,8.90396326321165,0.376324735052989
"Co",3654,5.70109674742116,0.84623075384923
"Co",3655,8.38793821282582,0.440911817636473
"Co",3656,13.6690072661494,0.0581883623275345
"Co",3657,6.37569169593638,0.753449310137972
"Co",3658,6.33283019407833,0.76124775044991
"Co",3659,5.06975118439314,0.914217156568686
"Co",3660,9.11732084112651,0.352729454109178
"Co",3661,8.28657115913148,0.457708458308338
"Co",3662,8.41120221046356,0.437712457508498
"Co",3663,16.4572566300131,0.0193961207758448
"Co",3664,6.20001259824696,0.780243951209758
"Co",3665,6.9757267847651,0.662067586482703
"Co",3666,6.95505699157958,0.665466906618676
"Co",3667,4.55476954305308,0.956608678264347
"Co",3668,10.5791195788054,0.206358728254349
"Co",3669,4.84046007186089,0.93621275744851
"Co",3670,16.4678888286954,0.0193961207758448
"Co",3671,5.60951698353972,0.856428714257149
"Co",3672,6.67784047093312,0.70745850829834
"Co",3673,4.97211006119795,0.921015796840632
"Co",3674,13.3708927210311,0.0655868826234753
"Co",3675,14.4392944032597,0.0415916816636673
"Co",3676,9.05225479896208,0.358928214357129
"Co",3677,11.6877243848793,0.135172965406919
"Co",3678,8.68984158782956,0.402119576084783
"Co",3679,6.06056585767035,0.801639672065587
"Co",3680,8.49045128937183,0.428114377124575
"Co",3681,11.9196595636747,0.123975204959008
"Co",3682,7.4185887748871,0.588682263547291
"Co",3683,9.00479231013961,0.363527294541092
"Co",3684,6.8411694768653,0.685062987402519
"Co",3685,7.92401197173945,0.5124975004999
"Co",3686,8.73489624656139,0.395920815836833
"Co",3687,8.1829445371786,0.473305338932214
"Co",3688,6.52272212033441,0.729654069186163
"Co",3689,11.3354123889427,0.156368726254749
"Co",3690,8.92494438552617,0.374325134973005
"Co",3691,17.7977179581679,0.00879824035192961
"Co",3692,5.96352284841613,0.815836832633473
"Co",3693,8.47242700279025,0.430913817236553
"Co",3694,8.41311311860682,0.437312537492501
"Co",3695,6.98972212862088,0.659068186362727
"Co",3696,10.6228142997143,0.204159168166367
"Co",3697,5.0163499931613,0.917616476704659
"Co",3698,6.96501033910275,0.663667266546691
"Co",3699,10.7614272682727,0.194161167766447
"Co",3700,5.24318654133134,0.89502099580084
"Co",3701,16.0188365404053,0.021995600879824
"Co",3702,6.06056824187141,0.801639672065587
"Co",3703,6.41578322063583,0.747850429914017
"Co",3704,10.7908041460445,0.193161367726455
"Co",3705,9.82707116372848,0.277944411117776
"Co",3706,9.08572980729292,0.356328734253149
"Co",3707,6.3825412580008,0.75244951009798
"Co",3708,11.0288373505014,0.174565086982603
"Co",3709,4.17959441524954,0.975404919016197
"Co",3710,10.2848100472973,0.229154169166167
"Co",3711,15.2728587319516,0.030993801239752
"Co",3712,12.9112472612515,0.0803839232153569
"Co",3713,3.77066783870399,0.986802639472106
"Co",3714,7.66297549900167,0.550489902019596
"Co",3715,10.9788286844328,0.177764447110578
"Co",3716,4.93067949423275,0.925614877024595
"Co",3717,7.0591210765125,0.648670265946811
"Co",3718,9.20735759674164,0.344131173765247
"Co",3719,9.91472795891318,0.268946210757848
"Co",3720,10.1708645958241,0.242351529694061
"Co",3721,6.90208897638254,0.673865226954609
"Co",3722,6.32219453911841,0.7624475104979
"Co",3723,12.7681741547607,0.0879824035192961
"Co",3724,10.9277206596735,0.181563687262547
"Co",3725,8.71653242810331,0.397720455908818
"Co",3726,7.56332120567654,0.566886622675465
"Co",3727,13.9821505019275,0.0507898420315937
"Co",3728,6.27870932956441,0.768846230753849
"Co",3729,10.6783044253799,0.1999600079984
"Co",3730,10.5039283219604,0.211557688462308
"Co",3731,5.80707596527358,0.833433313337333
"Co",3732,9.37509894779112,0.325534893021396
"Co",3733,11.3976485330103,0.151769646070786
"Co",3734,6.03275159032475,0.804439112177564
"Co",3735,8.44227944161315,0.433513297340532
"Co",3736,10.775684990524,0.193561287742452
"Co",3737,4.9080609182798,0.929214157168566
"Co",3738,5.51621753780145,0.865626874625075
"Co",3739,6.37508301794608,0.753649270145971
"Co",3740,11.5136645916595,0.144371125774845
"Co",3741,5.76376638892165,0.838832233553289
"Co",3742,7.16322808680681,0.631073785242951
"Co",3743,6.40116202032927,0.750049990002
"Co",3744,8.47288945394291,0.430713857228554
"Co",3745,12.9675058299412,0.0785842831433713
"Co",3746,20.1932837611363,0.00479904019196161
"Co",3747,8.60307449424113,0.414317136572685
"Co",3748,10.6938192827602,0.198960207958408
"Co",3749,4.75681642000598,0.943011397720456
"Co",3750,12.8855132470979,0.0823835232953409
"Co",3751,7.01985542782785,0.653269346130774
"Co",3752,5.80347093920321,0.833433313337333
"Co",3753,8.29202420911707,0.45750849830034
"Co",3754,19.0553390367216,0.00679864027194561
"Co",3755,5.12305791154509,0.909818036392721
"Co",3756,6.01647360680565,0.807638472305539
"Co",3757,7.63082424958645,0.555888822235553
"Co",3758,8.47624319499616,0.430113977204559
"Co",3759,11.4230652410088,0.150169966006799
"Co",3760,9.19273528952891,0.344931013797241
"Co",3761,5.53854030424139,0.862627474505099
"Co",3762,6.73235187285374,0.699660067986403
"Co",3763,12.0791313108047,0.117376524695061
"Co",3764,10.7547228587508,0.19496100779844
"Co",3765,8.31670883101793,0.452309538092382
"Co",3766,9.08312204097172,0.356528694261148
"Co",3767,11.9576023195183,0.122375524895021
"Co",3768,11.4265088425451,0.149570085982803
"Co",3769,13.1955435343722,0.0705858828234353
"Co",3770,8.63729655915921,0.409718056388722
"Co",3771,5.74360471965076,0.840831833633273
"Co",3772,9.63382927974266,0.298940211957609
"Co",3773,7.46109863023622,0.584083183363327
"Co",3774,6.16869879039706,0.784443111377724
"Co",3775,6.91803094145141,0.671665666866627
"Co",3776,10.8782282517907,0.185162967406519
"Co",3777,6.13012385997487,0.789842031593681
"Co",3778,8.72106665567631,0.397720455908818
"Co",3779,6.50028669762338,0.734853029394121
"Co",3780,16.1742471235878,0.0211957608478304
"Co",3781,4.74563563611105,0.943811237752449
"Co",3782,6.1897443007434,0.78244351129774
"Co",3783,7.76221544161933,0.53629274145171
"Co",3784,6.8055020676442,0.689262147570486
"Co",3785,8.07692162326649,0.489502099580084
"Co",3786,10.131243069327,0.24755048990202
"Co",3787,11.8356181807868,0.128174365126975
"Co",3788,11.8164593101503,0.129374125174965
"Co",3789,11.8735261845635,0.126174765046991
"Co",3790,6.96666083325002,0.663267346530694
"Co",3791,7.53072129048829,0.571685662867427
"Co",3792,11.3617729222123,0.155568886222755
"Co",3793,11.7444902651433,0.132773445310938
"Co",3794,5.4251205737564,0.877024595080984
"Co",3795,6.36268906337708,0.755648870225955
"Co",3796,9.41255002110117,0.320135972805439
"Co",3797,7.79228366540951,0.531693661267746
"Co",3798,15.9527025512254,0.0227954409118176
"Co",3799,9.84797726924887,0.276344731053789
"Co",3800,8.19700805911506,0.470705858828234
"Co",3801,9.28263078643394,0.335732853429314
"Co",3802,7.88017845830299,0.517896420715857
"Co",3803,9.03708307152479,0.361127774445111
"Co",3804,8.65986448447953,0.405718856228754
"Co",3805,9.07452222874687,0.357728454309138
"Co",3806,4.53236276538482,0.957408518296341
"Co",3807,8.81160555621872,0.385522895420916
"Co",3808,5.73466147757051,0.842031593681264
"Co",3809,8.73287675804764,0.396120775844831
"Co",3810,6.733108862401,0.699660067986403
"Co",3811,6.13599580769673,0.789042191561688
"Co",3812,10.0343336425709,0.256148770245951
"Co",3813,7.25158009353726,0.61627674465107
"Co",3814,10.2513620980201,0.232953409318136
"Co",3815,8.73569755663567,0.395920815836833
"Co",3816,5.50445397854352,0.867026594681064
"Co",3817,3.639662015444,0.989602079584083
"Co",3818,3.03021213634869,0.997400519896021
"Co",3819,9.2096914291165,0.34373125374925
"Co",3820,7.12891714371537,0.635872825434913
"Co",3821,10.6582929111296,0.201559688062388
"Co",3822,4.27223971992598,0.969806038792242
"Co",3823,7.33398468858951,0.602279544091182
"Co",3824,10.7926348010894,0.193161367726455
"Co",3825,4.96767958308544,0.921415716856629
"Co",3826,13.0366935851483,0.0757848430313937
"Co",3827,12.70423782244,0.0911817636472705
"Co",3828,14.6009920093223,0.0393921215756849
"Co",3829,5.07798700130834,0.913617276544691
"Co",3830,4.94035483886364,0.924215156968606
"Co",3831,9.78600495332856,0.282143571285743
"Co",3832,9.21143312150045,0.34373125374925
"Co",3833,4.05537387497017,0.979604079184163
"Co",3834,6.50425058875945,0.733853229354129
"Co",3835,8.55395941670349,0.421115776844631
"Co",3836,6.81808113348947,0.687862427514497
"Co",3837,9.02925519445157,0.361727654469106
"Co",3838,12.1347892070663,0.11497700459908
"Co",3839,5.86482590499409,0.827034593081384
"Co",3840,5.36282123381739,0.883423315336933
"Co",3841,8.53802052386831,0.422315536892621
"Co",3842,9.46898817286402,0.313937212557489
"Co",3843,8.02682657069579,0.49630073985203
"Co",3844,4.93965965096746,0.924215156968606
"Co",3845,7.17456452663723,0.628474305138972
"Co",3846,9.04973435727581,0.359728054389122
"Co",3847,10.7069390068091,0.198360327934413
"Co",3848,5.96400945638396,0.815836832633473
"Co",3849,9.13621486945249,0.351929614077185
"Co",3850,9.83641217021577,0.277144571085783
"Co",3851,13.0900853093282,0.0739852029594081
"Co",3852,6.96885872383248,0.662667466506699
"Co",3853,9.24449579867084,0.341531693661268
"Co",3854,10.6807452042562,0.1999600079984
"Co",3855,9.91899003564549,0.26874625074985
"Co",3856,15.1221788022018,0.0327934413117376
"Co",3857,9.77616065475499,0.282743451309738
"Co",3858,10.2559984380029,0.231953609278144
"Co",3859,6.65383681796942,0.710057988402319
"Co",3860,8.42944350572128,0.434313137372525
"Co",3861,7.40029883959625,0.592081583683263
"Co",3862,6.95527225193072,0.665466906618676
"Co",3863,7.67861404388537,0.547290541891622
"Co",3864,11.7923511493819,0.130573885222955
"Co",3865,10.8074334141036,0.192361527694461
"Co",3866,6.40636717851723,0.749650069986003
"Co",3867,9.84432518117669,0.276344731053789
"Co",3868,4.94789172322636,0.923215356928614
"Co",3869,9.97439715234719,0.261747650469906
"Co",3870,7.91993551282184,0.513097380523895
"Co",3871,4.43257749940614,0.961807638472306
"Co",3872,7.12722823190083,0.636672665466907
"Co",3873,5.46343698043012,0.870825834833033
"Co",3874,5.88654364173914,0.825234953009398
"Co",3875,13.0380103485381,0.0757848430313937
"Co",3876,11.2918769622466,0.160567886422715
"Co",3877,10.8346178313806,0.190561887622476
"Co",3878,8.8233838363187,0.384523095380924
"Co",3879,10.8689766267034,0.185762847430514
"Co",3880,18.8756716876226,0.00699860027994401
"Co",3881,4.61092406987487,0.952009598080384
"Co",3882,13.0462081181545,0.0749850029994001
"Co",3883,10.6670102496921,0.200359928014397
"Co",3884,6.99614351753962,0.658068386322735
"Co",3885,5.43420360833858,0.87622475504899
"Co",3886,5.80579164316077,0.833433313337333
"Co",3887,5.48921583513618,0.868426314737053
"Co",3888,7.12160139677542,0.636872625474905
"Co",3889,11.2807729181049,0.160967806438712
"Co",3890,6.3415049648857,0.759648070385923
"Co",3891,8.52327347739731,0.424715056988602
"Co",3892,9.19930130243665,0.344531093781244
"Co",3893,4.79543747661288,0.939212157568486
"Co",3894,7.20833559078707,0.622675464907019
"Co",3895,7.51964461350815,0.573285342931414
"Co",3896,7.29216550531342,0.610277944411118
"Co",3897,11.7983677727653,0.129774045190962
"Co",3898,7.30509459027166,0.608278344331134
"Co",3899,6.92673376572026,0.670465906818636
"Co",3900,14.0480251096239,0.0493901219756049
"Co",3901,16.6217770645393,0.017996400719856
"Co",3902,5.2094358288997,0.899020195960808
"Co",3903,5.72016527281565,0.844231153769246
"Co",3904,8.54522044095182,0.421715656868626
"Co",3905,8.7569207930066,0.393321335732853
"Co",3906,7.04276684581546,0.650869826034793
"Co",3907,9.07183471155855,0.358128374325135
"Co",3908,6.77023741810771,0.694461107778444
"Co",3909,5.79203731893503,0.834833033393321
"Co",3910,4.59022995280651,0.953409318136373
"Co",3911,9.37982150164569,0.325134973005399
"Co",3912,9.26295041343096,0.338132373525295
"Co",3913,9.144477205166,0.350329934013197
"Co",3914,5.58141407502643,0.859028194361128
"Co",3915,11.4885030602461,0.145370925814837
"Co",3916,10.4276690801596,0.218356328734253
"Co",3917,10.4723082546615,0.21495700859828
"Co",3918,4.80685917521623,0.93881223755249
"Co",3919,6.46542044723782,0.740851829634073
"Co",3920,20.8451106169943,0.00339932013597281
"Co",3921,9.22325549266529,0.342731453709258
"Co",3922,17.2183632628287,0.0125974805038992
"Co",3923,4.96376719756336,0.921415716856629
"Co",3924,8.40005249829878,0.439112177564487
"Co",3925,12.2015779109603,0.111777644471106
"Co",3926,9.38867741232551,0.32373525294941
"Co",3927,8.62180291953737,0.411717656468706
"Co",3928,10.1404959843637,0.246750649870026
"Co",3929,4.75378480759451,0.943411317736453
"Co",3930,5.24552053372031,0.894621075784843
"Co",3931,9.50616617970991,0.310737852429514
"Co",3932,5.79920978877092,0.834233153369326
"Co",3933,4.82803210998344,0.937812437512498
"Co",3934,8.2311061658244,0.465706858628274
"Co",3935,10.2355629749061,0.234553089382124
"Co",3936,8.10404806453684,0.485502899420116
"Co",3937,13.6951469337127,0.0579884023195361
"Co",3938,14.6829065962856,0.0381923615276945
"Co",3939,7.35652404753603,0.598680263947211
"Co",3940,4.43704406905857,0.961807638472306
"Co",3941,9.49789701140489,0.311337732453509
"Co",3942,7.7771893475697,0.534293141371726
"Co",3943,7.07286250239903,0.646470705858828
"Co",3944,15.5199124031141,0.0267946410717856
"Co",3945,10.3941254353124,0.220155968806239
"Co",3946,8.38865118717291,0.440911817636473
"Co",3947,8.64358121938922,0.407718456308738
"Co",3948,10.1680243535453,0.243151369726055
"Co",3949,9.34699877704205,0.328334333133373
"Co",3950,10.1353043503477,0.246950609878024
"Co",3951,7.79088154038729,0.531893621275745
"Co",3952,8.05906701256296,0.491901619676065
"Co",3953,9.80037741455405,0.280543891221756
"Co",3954,8.87088965184989,0.380323935212957
"Co",3955,9.1275254361133,0.352129574085183
"Co",3956,9.10140596918282,0.355128974205159
"Co",3957,9.51636656167113,0.309938012397521
"Co",3958,8.8807227562632,0.379724055188962
"Co",3959,9.38911939086896,0.32373525294941
"Co",3960,9.90719341072111,0.26994601079784
"Co",3961,7.09059241901302,0.643271345730854
"Co",3962,5.83561144330528,0.830633873225355
"Co",3963,5.87002354500947,0.826834633073385
"Co",3964,9.46033199495932,0.314737052589482
"Co",3965,15.9172566462772,0.0231953609278144
"Co",3966,5.69303794749504,0.847230553889222
"Co",3967,9.26567672896979,0.337732453509298
"Co",3968,7.91144602899047,0.514097180563887
"Co",3969,3.86057157889661,0.985202959408118
"Co",3970,7.41976440230997,0.588682263547291
"Co",3971,9.35581986529849,0.327334533093381
"Co",3972,8.19302104137665,0.470905818836233
"Co",3973,10.7871420329229,0.193161367726455
"Co",3974,7.88496074141992,0.517296540691862
"Co",3975,8.21917457917149,0.467706458708258
"Co",3976,13.5086493650074,0.0621875624875025
"Co",3977,4.421826150264,0.962407518496301
"Co",3978,6.84909582933702,0.683263347330534
"Co",3979,10.5986435575877,0.205358928214357
"Co",3980,9.54256290885053,0.308338332333533
"Co",3981,7.94549290698077,0.509098180363927
"Co",3982,5.3895018320607,0.882023595280944
"Co",3983,7.09834940323438,0.641871625674865
"Co",3984,8.73180334141935,0.396120775844831
"Co",3985,5.82345106707379,0.832633473305339
"Co",3986,7.91258381677295,0.514097180563887
"Co",3987,7.38897401489194,0.593881223755249
"Co",3988,4.18582018201442,0.975204959008198
"Co",3989,16.471712840047,0.0193961207758448
"Co",3990,6.89931847737452,0.674865026994601
"Co",3991,8.91934446433953,0.374325134973005
"Co",3992,9.68359345388532,0.294341131773645
"Co",3993,9.60339212484485,0.303139372125575
"Co",3994,7.25711046648144,0.614477104579084
"Co",3995,8.04863332203158,0.493501299740052
"Co",3996,5.4466870258714,0.873825234953009
"Co",3997,8.80028252773016,0.387322535492901
"Co",3998,8.37610036876083,0.442911417716457
"Co",3999,11.2748595913516,0.161167766446711
"Co",4000,8.98179216788085,0.366926614677065
"Co",4001,7.54560012931262,0.570085982803439
"Co",4002,9.84691044581876,0.276344731053789
"Co",4003,5.76796982774587,0.838032393521296
"Co",4004,8.52469848867403,0.424515096980604
"Co",4005,5.76975649293266,0.838032393521296
"Co",4006,11.7288933602766,0.133573285342931
"Co",4007,10.7897368871739,0.193161367726455
"Co",4008,5.4239351258436,0.877024595080984
"Co",4009,13.8252521620142,0.0549890021995601
"Co",4010,9.8057269173149,0.27994401119776
"Co",4011,11.017332942619,0.1749650069986
"Co",4012,6.32103250383031,0.763247350529894
"Co",4013,11.9000606892224,0.124375124975005
"Co",4014,6.05657306627137,0.802039592081584
"Co",4015,12.7923217278949,0.0873825234953009
"Co",4016,5.87943043162758,0.825634873025395
"Co",4017,6.08877017152332,0.797040591881624
"Co",4018,10.4044273941199,0.219756048790242
"Co",4019,9.19800901936549,0.344531093781244
"Co",4020,10.1248267017754,0.248950209958008
"Co",4021,13.9001237978797,0.0525894821035793
"Co",4022,12.6526945917203,0.0933813237352529
"Co",4023,6.11155510471718,0.794241151769646
"Co",4024,8.10656134459029,0.485302939412118
"Co",4025,4.63989373196912,0.9500099980004
"Co",4026,5.19799548284865,0.901419716056789
"Co",4027,10.4458551955398,0.216756648670266
"Co",4028,11.6579816796624,0.136772645470906
"Co",4029,9.38816392602243,0.32373525294941
"Co",4030,8.90421278282219,0.376324735052989
"Co",4031,8.24249294226249,0.464507098580284
"Co",4032,8.12687155621916,0.48250349930014
"Co",4033,13.7176809330564,0.0571885622875425
"Co",4034,11.2120359313947,0.164367126574685
"Co",4035,7.01184121042456,0.655268946210758
"Co",4036,8.64488159300367,0.40751849630074
"Co",4037,8.16715241076332,0.474905018996201
"Co",4038,9.08300552750305,0.356528694261148
"Co",4039,6.98076091502537,0.660867826434713
"Co",4040,6.59531991375823,0.719856028794241
"Co",4041,14.0053943884922,0.0503899220155969
"Co",4042,8.64371136494668,0.407718456308738
"Co",4043,6.2016071282759,0.78004399120176
"Co",4044,5.93216971535762,0.820235952809438
"Co",4045,10.1707993538549,0.242351529694061
"Co",4046,4.38732616206951,0.964807038592282
"Co",4047,18.7233538039548,0.00739852029594081
"Co",4048,10.6882140647738,0.199360127974405
"Co",4049,5.48658184806737,0.868826234753049
"Co",4050,11.506823962603,0.144571085782843
"Co",4051,5.97838264494123,0.813637272545491
"Co",4052,10.5695412893788,0.207358528294341
"Co",4053,5.50446656010436,0.867026594681064
"Co",4054,9.57008481796495,0.305538892221556
"Co",4055,5.07365609337128,0.913817236552689
"Co",4056,4.10161016218711,0.977804439112178
"Co",4057,13.3523985613917,0.0659868026394721
"Co",4058,7.7330534007391,0.539292141571686
"Co",4059,7.95897230776426,0.50749850029994
"Co",4060,8.52234346751206,0.424715056988602
"Co",4061,4.29503484641484,0.968206358728254
"Co",4062,5.46847658011171,0.870425914817037
"Co",4063,11.5615771154899,0.141371725654869
"Co",4064,6.70842337804193,0.703459308138372
"Co",4065,9.21526758574478,0.343531293741252
"Co",4066,8.70651427251369,0.39872025594881
"Co",4067,7.30006671363819,0.609078184363127
"Co",4068,7.41679701326493,0.589082183563287
"Co",4069,13.3558174105031,0.0659868026394721
"Co",4070,10.0338846495368,0.256548690261948
"Co",4071,5.05047545529447,0.91501699660068
"Co",4072,4.28633340577187,0.969006198760248
"Co",4073,6.02655391212491,0.805438912217556
"Co",4074,5.10065593075782,0.911817636472705
"Co",4075,12.581272913479,0.096380723855229
"Co",4076,6.99313372170414,0.658668266346731
"Co",4077,5.82979105923744,0.83123375324935
"Co",4078,5.92165616592069,0.82123575284943
"Co",4079,9.40857143278544,0.320535892821436
"Co",4080,10.3659519164129,0.22255548890222
"Co",4081,3.77232163855012,0.986802639472106
"Co",4082,7.91013565302978,0.514497100579884
"Co",4083,4.46465177039681,0.961607678464307
"Co",4084,7.28880960681795,0.610277944411118
"Co",4085,5.71853094509987,0.844231153769246
"Co",4086,2.93580334830708,0.998000399920016
"Co",4087,9.02858449588207,0.361927614477105
"Co",4088,12.9375729163301,0.0793841231753649
"Co",4089,5.09844534971785,0.912017596480704
"Co",4090,4.59986959563429,0.952609478104379
"Co",4091,6.28949578366979,0.767246550689862
"Co",4092,7.42031459093235,0.587882423515297
"Co",4093,10.9244294059802,0.181763647270546
"Co",4094,9.37893586868051,0.325134973005399
"Co",4095,6.59073549744895,0.72005598880224
"Co",4096,10.554191714382,0.208158368326335
"Co",4097,12.7256460759743,0.0903819236152769
"Co",4098,6.24641643531707,0.77244551089782
"Co",4099,4.47891630453745,0.960807838432314
"Co",4100,7.94885850811482,0.508298340331934
"Co",4101,11.4112153860882,0.150569886022795
"Co",4102,4.32814477491905,0.967606478704259
"Co",4103,6.32073029670556,0.763247350529894
"Co",4104,7.33093546686649,0.603279344131174
"Co",4105,9.18313627181382,0.345930813837233
"Co",4106,9.63387917587832,0.298940211957609
"Co",4107,8.68695226677488,0.402719456108778
"Co",4108,5.32159444910823,0.887622475504899
"Co",4109,5.57215570914758,0.86002799440112
"Co",4110,13.0064532535835,0.0767846430713857
"Co",4111,6.61819810099365,0.715656868626275
"Co",4112,4.4745301481141,0.96120775844831
"Co",4113,6.61884951131907,0.715656868626275
"Co",4114,6.87761787613169,0.67746450709858
"Co",4115,11.7161497335294,0.133973205358928
"Co",4116,6.11458108329563,0.793641271745651
"Co",4117,7.80846713633164,0.52869426114777
"Co",4118,5.23342248791153,0.896020795840832
"Co",4119,6.03645096680725,0.804039192161568
"Co",4120,7.35562407428151,0.598880223955209
"Co",4121,7.45321197023486,0.585282943411318
"Co",4122,7.29192193442447,0.610277944411118
"Co",4123,9.04944691351196,0.359728054389122
"Co",4124,4.53885597403757,0.957008598280344
"Co",4125,6.08566666759396,0.798240351929614
"Co",4126,16.3783266643221,0.01999600079984
"Co",4127,9.09415569165745,0.355328934213157
"Co",4128,5.87748246943801,0.825834833033393
"Co",4129,7.47912369685633,0.581683663267347
"Co",4130,2.90464647434769,0.998200359928014
"Co",4131,13.9287559880639,0.0521895620875825
"Co",4132,16.8706554575724,0.0147970405918816
"Co",4133,6.2471201519304,0.772245550889822
"Co",4134,5.98893484904707,0.811837632473505
"Co",4135,5.88862933929181,0.824235152969406
"Co",4136,13.9721822766727,0.0509898020395921
"Co",4137,7.42128813124691,0.587882423515297
"Co",4138,8.35107501519661,0.446710657868426
"Co",4139,10.7771351660274,0.193561287742452
"Co",4140,7.48814804944018,0.580683863227355
"Co",4141,7.85556744607393,0.520695860827834
"Co",4142,9.07261398323502,0.357928414317137
"Co",4143,4.77810285020621,0.940611877624475
"Co",4144,10.3948168580782,0.220155968806239
"Co",4145,9.61758107307207,0.300539892021596
"Co",4146,9.643742999328,0.298940211957609
"Co",4147,6.72382477412279,0.701459708058388
"Co",4148,9.50231841769644,0.310737852429514
"Co",4149,5.07078686387055,0.914217156568686
"Co",4150,3.48030056774613,0.992401519696061
"Co",4151,8.96263970130721,0.369126174765047
"Co",4152,8.11250129109504,0.484303139372126
"Co",4153,8.27599187746489,0.458908218356329
"Co",4154,11.9718874171244,0.121775644871026
"Co",4155,7.76750426690802,0.536092781443711
"Co",4156,6.4541228789669,0.742051589682064
"Co",4157,9.31022959411047,0.331533693261348
"Co",4158,4.8812109331972,0.93121375724855
"Co",4159,5.5258013303131,0.864227154569086
"Co",4160,11.0454144572811,0.173565286942611
"Co",4161,11.4170518725883,0.150569886022795
"Co",4162,8.07754203244968,0.489502099580084
"Co",4163,7.56630024504344,0.566086782643471
"Co",4164,5.70808621256359,0.845230953809238
"Co",4165,5.73191274067892,0.842231553689262
"Co",4166,5.3090294824448,0.889622075584883
"Co",4167,7.25264226408123,0.615876824635073
"Co",4168,12.0697444094588,0.117776444711058
"Co",4169,14.2106693095031,0.0451909618076385
"Co",4170,8.89635728807937,0.377324535092981
"Co",4171,12.2878443725782,0.107378524295141
"Co",4172,11.7797933114717,0.131373725254949
"Co",4173,13.2111132873919,0.0701859628074385
"Co",4174,7.08653741103858,0.644471105778844
"Co",4175,8.89692496026751,0.377324535092981
"Co",4176,7.44388145911157,0.58628274345131
"Co",4177,11.2484028926493,0.162367526494701
"Co",4178,7.66830994097464,0.549290141971606
"Co",4179,8.78805185435456,0.389522095580884
"Co",4180,11.3040473139889,0.159768046390722
"Co",4181,18.9066251030731,0.00699860027994401
"Co",4182,4.80676285411243,0.93881223755249
"Co",4183,17.909843742682,0.00879824035192961
"Co",4184,5.41104891700854,0.878224355128974
"Co",4185,10.8560720297102,0.186762647470506
"Co",4186,8.71378890107704,0.397920415916817
"Co",4187,6.12379692122244,0.791041791641672
"Co",4188,11.6237091075983,0.137772445510898
"Co",4189,7.00924789126964,0.655468906218756
"Co",4190,4.62580171253876,0.951409718056389
"Co",4191,5.2012955954971,0.901419716056789
"Co",4192,7.74759754153052,0.537292541491702
"Co",4193,4.92073470445331,0.927814437112577
"Co",4194,9.36691871726086,0.326334733053389
"Co",4195,5.83917079586644,0.830433913217356
"Co",4196,9.38569925852477,0.324135172965407
"Co",4197,7.54951555718949,0.569686062787442
"Co",4198,6.74689887123242,0.697660467906419
"Co",4199,7.60474710698057,0.559088182363527
"Co",4200,12.8328466447849,0.0855828834233153
"Co",4201,8.13122926190843,0.482103579284143
"Co",4202,9.32900835774241,0.329334133173365
"Co",4203,4.57404656497698,0.954009198160368
"Co",4204,9.30812481858413,0.331533693261348
"Co",4205,9.9956187024716,0.25994801039792
"Co",4206,11.9049434485193,0.123975204959008
"Co",4207,9.31579994989343,0.331133773245351
"Co",4208,6.95165858038666,0.666466706658668
"Co",4209,10.631752459961,0.203359328134373
"Co",4210,9.86260727904738,0.274545090981804
"Co",4211,5.94191288359539,0.82003599280144
"Co",4212,5.81108930493988,0.833233353329334
"Co",4213,7.29746775479876,0.609278144371126
"Co",4214,6.05023816685832,0.803039392121576
"Co",4215,7.73543396406828,0.539292141571686
"Co",4216,7.97763751413521,0.505098980203959
"Co",4217,10.3366265642316,0.225354929014197
"Co",4218,7.11264325784768,0.638672265546891
"Co",4219,7.94011948556701,0.509898020395921
"Co",4220,13.3287966367332,0.0659868026394721
"Co",4221,11.1584012974211,0.167366526694661
"Co",4222,5.93953976781964,0.82003599280144
"Co",4223,8.31762663368903,0.452309538092382
"Co",4224,6.43664631239901,0.744851029794041
"Co",4225,7.11365123438287,0.638472305538892
"Co",4226,5.36286250549458,0.883423315336933
"Co",4227,11.4447278661089,0.147970405918816
"Co",4228,7.14267596337848,0.633073385322935
"Co",4229,6.1078310571948,0.794641071785643
"Co",4230,9.63585544716545,0.298940211957609
"Co",4231,11.8061857432137,0.129574085182963
"Co",4232,5.44805356270038,0.873425314937013
"Co",4233,8.29555852811468,0.456508698260348
"Co",4234,8.18791008597387,0.471905618876225
"Co",4235,3.91042095452769,0.983003399320136
"Co",4236,11.2892867618585,0.160567886422715
"Co",4237,7.01076975041386,0.655468906218756
"Co",4238,7.05410364948534,0.649470105978804
"Co",4239,9.21118253999381,0.34373125374925
"Co",4240,9.90335701472139,0.270545890821836
"Co",4241,5.89052768225136,0.824035192961408
"Co",4242,11.8296557048899,0.12877424515097
"Co",4243,7.39644152140991,0.59248150369926
"Co",4244,12.0932173342111,0.116776644671066
"Co",4245,8.96438641162243,0.36872625474905
"Co",4246,14.8957951435686,0.0357928414317137
"Co",4247,11.6269040054567,0.137572485502899
"Co",4248,10.9252032328882,0.181763647270546
"Co",4249,18.5976641998949,0.00759848030393921
"Co",4250,5.49960782925285,0.867626474705059
"Co",4251,5.68959141343626,0.847230553889222
"Co",4252,7.48795472154623,0.580683863227355
"Co",4253,7.60798508283594,0.55868826234753
"Co",4254,10.4727035400651,0.214757048590282
"Co",4255,10.4459681190291,0.216756648670266
"Co",4256,12.5287559935203,0.0971805638872226
"Co",4257,7.64184611005874,0.554489102179564
"Co",4258,7.32873535192587,0.603879224155169
"Co",4259,9.38823717335728,0.32373525294941
"Co",4260,7.39008235333466,0.593881223755249
"Co",4261,14.1342051146035,0.0467906418716257
"Co",4262,8.3669225188919,0.445510897820436
"Co",4263,7.30022204873066,0.609078184363127
"Co",4264,6.3999347669193,0.750049990002
"Co",4265,6.1552092934684,0.786042791441712
"Co",4266,9.02694051978818,0.362127574485103
"Co",4267,8.48180001885558,0.429114177164567
"Co",4268,10.9900178906218,0.177164567086583
"Co",4269,13.8076732571404,0.0549890021995601
"Co",4270,17.3650500301447,0.0111977604479104
"Co",4271,9.63284228021274,0.298940211957609
"Co",4272,5.35390135496709,0.884423115376925
"Co",4273,17.2727196516272,0.011997600479904
"Co",4274,7.99274531715952,0.502699460107978
"Co",4275,11.2665168107289,0.161367726454709
"Co",4276,7.38301830911251,0.594281143771246
"Co",4277,5.00521271212898,0.918616276744651
"Co",4278,11.9235282578205,0.123975204959008
"Co",4279,12.5527128162119,0.0969806038792242
"Co",4280,5.57498576310533,0.859828034393121
"Co",4281,5.41901899434257,0.877424515096981
"Co",4282,5.28568328163833,0.891421715656869
"Co",4283,10.288793567706,0.229154169166167
"Co",4284,9.42027499673446,0.319336132773445
"Co",4285,4.95047445471576,0.922815436912617
"Co",4286,9.63268347481295,0.298940211957609
"Co",4287,5.84239850005244,0.83003399320136
"Co",4288,3.85388111998782,0.985402919416117
"Co",4289,7.70796985243359,0.543491301739652
"Co",4290,7.42980921672086,0.5874825034993
"Co",4291,12.0437219650659,0.119176164767047
"Co",4292,4.28586858996975,0.969006198760248
"Co",4293,12.9254928529822,0.0793841231753649
"Co",4294,12.9521373626281,0.0791841631673665
"Co",4295,6.13156526809999,0.789842031593681
"Co",4296,4.35021911904454,0.966806638672266
"Co",4297,11.7027761552082,0.134373125374925
"Co",4298,5.38071459452786,0.882423515296941
"Co",4299,10.0053604992814,0.258948210357928
"Co",4300,7.30513469290298,0.608278344331134
"Co",4301,4.94646034210808,0.923215356928614
"Co",4302,6.06132581264134,0.801639672065587
"Co",4303,11.1339539891028,0.168966206758648
"Co",4304,8.28546216609413,0.457908418316337
"Co",4305,6.71581459099288,0.703059388122376
"Co",4306,9.44771038023876,0.316736652669466
"Co",4307,10.4232198281802,0.218556288742252
"Co",4308,8.04678708292532,0.49370125974805
"Co",4309,10.3470744930758,0.224155168966207
"Co",4310,4.80994072268359,0.93881223755249
"Co",4311,6.36416557423956,0.754649070185963
"Co",4312,7.69576754780995,0.545290941811638
"Co",4313,6.90281490957884,0.673865226954609
"Co",4314,7.42963558317604,0.5874825034993
"Co",4315,10.0596071193013,0.25374925014997
"Co",4316,4.02125784106693,0.980203959208158
"Co",4317,10.7545629258914,0.19496100779844
"Co",4318,4.88666461663745,0.93121375724855
"Co",4319,6.44570742563081,0.743051389722056
"Co",4320,5.12274513157769,0.909818036392721
"Co",4321,4.51493533315454,0.958208358328334
"Co",4322,8.33391247933585,0.449910017996401
"Co",4323,9.30809498000309,0.331533693261348
"Co",4324,6.01265460047091,0.808038392321536
"Co",4325,8.29328790950498,0.456908618276345
"Co",4326,6.67687796783017,0.70745850829834
"Co",4327,6.68804863877961,0.705258948210358
"Co",4328,10.4442141775758,0.216756648670266
"Co",4329,11.9021240120365,0.124375124975005
"Co",4330,7.43292906949114,0.586882623475305
"Co",4331,6.79020467607631,0.691861627674465
"Co",4332,5.59402086356081,0.857628474305139
"Co",4333,7.16011226461805,0.631673665266947
"Co",4334,10.5859615935418,0.205958808238352
"Co",4335,9.8698129056003,0.273545290941812
"Co",4336,9.9243644326842,0.268346330733853
"Co",4337,9.39664835722172,0.321535692861428
"Co",4338,8.60129978559647,0.414317136572685
"Co",4339,9.30067281991529,0.33253349330134
"Co",4340,7.52397672442467,0.572885422915417
"Co",4341,8.79418344154763,0.388122375524895
"Co",4342,7.26713587705223,0.613677264547091
"Co",4343,7.00286953933002,0.656668666266747
"Co",4344,6.64919715413251,0.710857828434313
"Co",4345,11.9843784374505,0.121575684863027
"Co",4346,7.48268910904656,0.580883823235353
"Co",4347,8.42799509772595,0.434913017396521
"Co",4348,9.6273666110886,0.299340131973605
"Co",4349,8.2437346204199,0.463907218556289
"Co",4350,6.05820813906192,0.801839632073585
"Co",4351,8.31923507660119,0.452309538092382
"Co",4352,22.4490821445231,0.000999800039992002
"Co",4353,11.4378449194463,0.148370325934813
"Co",4354,7.73594114891597,0.539092181563687
"Co",4355,12.8160619809457,0.0859828034393121
"Co",4356,10.2958650462655,0.227954409118176
"Co",4357,5.47544350585432,0.869626074785043
"Co",4358,8.3541956993393,0.446110777844431
"Co",4359,6.86747603986279,0.679664067186563
"Co",4360,8.25668110859428,0.461107778444311
"Co",4361,7.07918298976523,0.645270945810838
"Co",4362,12.9342541405175,0.0793841231753649
"Co",4363,12.6308178577504,0.0945810837832434
"Co",4364,7.93011051755855,0.51129774045191
"Co",4365,9.02416142290312,0.362327534493101
"Co",4366,6.678091634304,0.70745850829834
"Co",4367,8.29348305290897,0.456908618276345
"Co",4368,4.53114845289554,0.957408518296341
"Co",4369,9.27119808454165,0.337332533493301
"Co",4370,13.3328527385171,0.0659868026394721
"Co",4371,5.41104318282851,0.878224355128974
"Co",4372,8.38253707919293,0.441911617676465
"Co",4373,5.55111770434564,0.862427514497101
"Co",4374,12.9747931789547,0.0785842831433713
"Co",4375,5.86682390086347,0.827034593081384
"Co",4376,6.92320405254361,0.670865826834633
"Co",4377,11.7470588284485,0.132573485302939
"Co",4378,10.0129731907835,0.258548290341932
"Co",4379,7.0382526600188,0.65126974605079
"Co",4380,7.50261826028861,0.578284343131374
"Co",4381,9.91097039877482,0.269346130773845
"Co",4382,4.93899946220461,0.924415116976605
"Co",4383,7.28402586468385,0.610677864427115
"Co",4384,7.91912277682914,0.513297340531894
"Co",4385,9.20075137079564,0.344331133773245
"Co",4386,8.70815000392668,0.398520295940812
"Co",4387,7.46115013165775,0.584083183363327
"Co",4388,14.8272627335481,0.0363927214557089
"Co",4389,5.8366496875225,0.830633873225355
"Co",4390,9.49323268526581,0.311537692461508
"Co",4391,9.94521368627565,0.265746850629874
"Co",4392,8.85980955446919,0.381323735252949
"Co",4393,10.7175181075317,0.197760447910418
"Co",4394,6.43730920112773,0.744851029794041
"Co",4395,7.06390674293698,0.648070385922815
"Co",4396,9.02547749337003,0.362327534493101
"Co",4397,4.64214518533413,0.949810037992401
"Co",4398,7.76533563014243,0.536092781443711
"Co",4399,5.96295065835551,0.815836832633473
"Co",4400,7.00116614801709,0.657068586282743
"Co",4401,3.28702503556892,0.995200959808038
"Co",4402,12.3061797012457,0.106178764247151
"Co",4403,7.41119855481466,0.590081983603279
"Co",4404,6.6482696104685,0.710857828434313
"Co",4405,6.71902748875138,0.702659468106379
"Co",4406,8.84067901717086,0.383523295340932
"Co",4407,10.3439632778465,0.224355128974205
"Co",4408,7.68227720115672,0.546490701859628
"Co",4409,5.75945024759534,0.839032193561288
"Co",4410,7.74256794149278,0.537292541491702
"Co",4411,5.6268483171485,0.854229154169166
"Co",4412,12.5095261484745,0.0975804839032194
"Co",4413,5.33268323501639,0.886622675464907
"Co",4414,7.78077151997559,0.534093181363727
"Co",4415,7.64357109140985,0.554289142171566
"Co",4416,5.50839462759413,0.866426714657069
"Co",4417,4.98076195438603,0.920815836832633
"Co",4418,6.36505433510584,0.754449110177964
"Co",4419,12.5961141453902,0.0957808438312338
"Co",4420,9.81918683470369,0.279744051189762
"Co",4421,4.28421961624682,0.969006198760248
"Co",4422,5.63880486453877,0.852829434113177
"Co",4423,3.56572273697526,0.991001799640072
"Co",4424,4.3830179608122,0.964807038592282
"Co",4425,7.44345513180338,0.58628274345131
"Co",4426,7.37165599129136,0.596480703859228
"Co",4427,8.23129829292796,0.465706858628274
"Co",4428,5.5737225308732,0.86002799440112
"Co",4429,5.09158746376181,0.912417516496701
"Co",4430,10.5666683948343,0.207358528294341
"Co",4431,13.9328640883441,0.0519896020795841
"Co",4432,10.0413000403174,0.255748850229954
"Co",4433,7.25683565342226,0.614677064587083
"Co",4434,8.08448309671931,0.488302339532094
"Co",4435,7.3056866958749,0.608278344331134
"Co",4436,11.7357030576594,0.132973405318936
"Co",4437,11.7108524761508,0.133973205358928
"Co",4438,10.1480539566286,0.246150769846031
"Co",4439,7.72409667370488,0.541491701659668
"Co",4440,6.43826509931654,0.744251149770046
"Co",4441,4.11210585036241,0.977604479104179
"Co",4442,7.89813727453924,0.515496900619876
"Co",4443,9.84811231770114,0.276344731053789
"Co",4444,6.51862764336599,0.730453909218156
"Co",4445,6.11988792969129,0.79244151169766
"Co",4446,6.26743665309044,0.77004599080184
"Co",4447,9.37644065907367,0.325534893021396
"Co",4448,8.72933913043386,0.396720655868826
"Co",4449,6.15711919692811,0.786042791441712
"Co",4450,6.55017545795418,0.725454909018196
"Co",4451,13.5978106302916,0.0595880823835233
"Co",4452,5.45212467622963,0.872625474905019
"Co",4453,7.99770472248994,0.501699660067986
"Co",4454,7.83470941157611,0.525094981003799
"Co",4455,9.65900205675646,0.297340531893621
"Co",4456,9.43856283698594,0.318136372725455
"Co",4457,9.2158007973359,0.343531293741252
"Co",4458,11.876786861673,0.126174765046991
"Co",4459,7.92297234545296,0.512897420515897
"Co",4460,13.4510925025105,0.0641871625674865
"Co",4461,13.0491588983372,0.0749850029994001
"Co",4462,5.72184770057484,0.843831233753249
"Co",4463,6.9855459140993,0.659468106378724
"Co",4464,9.5703105755484,0.305538892221556
"Co",4465,8.81914802513808,0.384723055388922
"Co",4466,10.5046225268559,0.211557688462308
"Co",4467,7.48488698099203,0.580883823235353
"Co",4468,10.4147430950772,0.21875624875025
"Co",4469,5.27747608809815,0.891821635672865
"Co",4470,3.70803314916827,0.988202359528094
"Co",4471,4.11993110717538,0.977004599080184
"Co",4472,9.23087666928609,0.342131573685263
"Co",4473,6.07318396745006,0.799240151969606
"Co",4474,7.83151494320632,0.525494901019796
"Co",4475,10.5202951479941,0.210157968406319
"Co",4476,13.2186874107573,0.0697860427914417
"Co",4477,13.8471425927087,0.0535892821435713
"Co",4478,8.75819012558165,0.393121375724855
"Co",4479,9.61339363727583,0.301339732053589
"Co",4480,7.71661787628332,0.542291541691662
"Co",4481,12.2121116559225,0.111377724455109
"Co",4482,8.53364837251189,0.422915416916617
"Co",4483,6.91050698248128,0.672665466906619
"Co",4484,7.76248448441444,0.53629274145171
"Co",4485,7.16460373043145,0.630873825234953
"Co",4486,11.0961209579322,0.171165766846631
"Co",4487,7.9523140909312,0.507698460307938
"Co",4488,7.60809534064734,0.55868826234753
"Co",4489,5.78897194105792,0.835232953409318
"Co",4490,9.19803055576654,0.344531093781244
"Co",4491,4.36847606556807,0.965806838632274
"Co",4492,9.12288525587419,0.352129574085183
"Co",4493,9.65964392722091,0.297340531893621
"Co",4494,4.19891568632076,0.974605078984203
"Co",4495,7.53105008306488,0.571685662867427
"Co",4496,6.25820688800681,0.771045790841832
"Co",4497,7.59925803217951,0.559888022395521
"Co",4498,10.2204680849397,0.236552689462108
"Co",4499,13.0601923090552,0.0749850029994001
"Co",4500,10.1970513099217,0.239752049590082
"Co",4501,6.56394361462398,0.723855228954209
"Co",4502,13.6484830870942,0.0585882823435313
"Co",4503,10.9824018655237,0.177564487102579
"Co",4504,5.77709947079006,0.836632673465307
"Co",4505,7.77877168283106,0.534293141371726
"Co",4506,11.4181496313994,0.150569886022795
"Co",4507,9.01608302225725,0.363127374525095
"Co",4508,7.70006999857088,0.544291141771646
"Co",4509,8.73361458123958,0.396120775844831
"Co",4510,8.94330416908417,0.371525694861028
"Co",4511,5.36528494284033,0.883423315336933
"Co",4512,14.5951021083727,0.0393921215756849
"Co",4513,7.59033627685534,0.5624875024995
"Co",4514,5.09161139279962,0.912417516496701
"Co",4515,7.65997066755571,0.550689862027595
"Co",4516,5.94432055682273,0.819636072785443
"Co",4517,9.00826587337386,0.363527294541092
"Co",4518,4.30665574948455,0.968006398720256
"Co",4519,7.08057552294113,0.645070985802839
"Co",4520,9.93616597818803,0.267146570685863
"Co",4521,15.2917662685715,0.0303939212157568
"Co",4522,6.36783611075964,0.754249150169966
"Co",4523,6.53788122654299,0.727854429114177
"Co",4524,6.20341014634005,0.779844031193761
"Co",4525,8.37289280036563,0.444311137772446
"Co",4526,5.19646751609849,0.901419716056789
"Co",4527,7.50865405383627,0.576684663067387
"Co",4528,12.7200484659894,0.0903819236152769
"Co",4529,8.56388890310066,0.419516096780644
"Co",4530,8.08251203903433,0.488902219556089
"Co",4531,7.87552425547145,0.518496300739852
"Co",4532,4.4470931684418,0.961807638472306
"Co",4533,4.4230217290546,0.962407518496301
"Co",4534,16.5041445919667,0.0187962407518496
"Co",4535,9.04293678586879,0.360527894421116
"Co",4536,7.84362884894117,0.522895420915817
"Co",4537,6.12706593071704,0.790241951609678
"Co",4538,5.17048724677065,0.90501899620076
"Co",4539,6.08392152690013,0.798440311937612
"Co",4540,7.28782540932227,0.610277944411118
"Co",4541,4.87248623918609,0.932213557288542
"Co",4542,9.45214753953024,0.316136772645471
"Co",4543,12.8428197481153,0.0845830833833233
"Co",4544,4.8576575922466,0.93381323735253
"Co",4545,8.41633303464883,0.436712657468506
"Co",4546,7.34054281262331,0.60127974405119
"Co",4547,10.558592307432,0.207958408318336
"Co",4548,8.34027904690258,0.449310137972406
"Co",4549,7.73400636955731,0.539292141571686
"Co",4550,4.52859386407478,0.957408518296341
"Co",4551,8.75382728879197,0.393921215756849
"Co",4552,5.92342787812973,0.82123575284943
"Co",4553,13.1871673259545,0.0707858428314337
"Co",4554,9.22762851307701,0.34253149370126
"Co",4555,11.8531881373571,0.127374525094981
"Co",4556,13.2847162897755,0.0675864827034593
"Co",4557,5.04256356735112,0.915616876624675
"Co",4558,16.7085441428369,0.0163967206558688
"Co",4559,5.88581280862198,0.825234953009398
"Co",4560,4.5716589954929,0.954409118176365
"Co",4561,6.24743660460265,0.772245550889822
"Co",4562,4.82145734585052,0.938212357528494
"Co",4563,7.93928567624343,0.509898020395921
"Co",4564,4.01740487834584,0.980203959208158
"Co",4565,5.9835214881146,0.812437512497501
"Co",4566,5.65724996927449,0.850629874025195
"Co",4567,4.75577173902938,0.943011397720456
"Co",4568,6.05700752920725,0.802039592081584
"Co",4569,11.5210460503886,0.143571285742851
"Co",4570,5.62966810971852,0.854029194161168
"Co",4571,8.81570267215699,0.385122975404919
"Co",4572,11.2125701140493,0.164367126574685
"Co",4573,8.9455249734462,0.371125774845031
"Co",4574,10.5521126584547,0.208158368326335
"Co",4575,7.44098297838045,0.58628274345131
"Co",4576,7.06557215711911,0.647670465906819
"Co",4577,7.75264802106793,0.537092581483703
"Co",4578,15.1598652909796,0.0325934813037392
"Co",4579,6.67132316449096,0.708058388322336
"Co",4580,5.22483427974495,0.897020595880824
"Co",4581,8.0821527193053,0.489102179564087
"Co",4582,5.27622403886298,0.891821635672865
"Co",4583,10.0776490043806,0.25254949010198
"Co",4584,13.5264291401147,0.0613877224555089
"Co",4585,6.56715622409615,0.723855228954209
"Co",4586,11.3069369963027,0.159168166366727
"Co",4587,7.04532223228779,0.650669866026795
"Co",4588,2.23592627179156,1
"Co",4589,7.56087837804134,0.567286542691462
"Co",4590,9.11896071595626,0.352729454109178
"Co",4591,12.408446997809,0.100779844031194
"Co",4592,15.3190578623967,0.0301939612077584
"Co",4593,5.88525846695293,0.825234953009398
"Co",4594,12.3219715362877,0.105578884223155
"Co",4595,6.29690994258289,0.76624675064987
"Co",4596,8.94702990100836,0.370925814837033
"Co",4597,5.08483407891416,0.912817436512697
"Co",4598,6.11215288562215,0.794241151769646
"Co",4599,5.69626419389488,0.847230553889222
"Co",4600,9.50556699615456,0.310737852429514
"Co",4601,9.91255663587199,0.269346130773845
"Co",4602,6.34953774323228,0.757848430313937
"Co",4603,4.2934248451173,0.968406318736253
"Co",4604,8.65756697671551,0.405718856228754
"Co",4605,5.44184767568436,0.874625074985003
"Co",4606,5.88435339939124,0.825434913017396
"Co",4607,12.2512920751398,0.10877824435113
"Co",4608,5.00944962442532,0.918216356728654
"Co",4609,5.05223297113767,0.91501699660068
"Co",4610,6.45329518585254,0.742051589682064
"Co",4611,6.523233210586,0.729454109178164
"Co",4612,5.36141002087646,0.883423315336933
"Co",4613,6.01055559461341,0.808838232353529
"Co",4614,6.76193003945912,0.696060787842432
"Co",4615,6.7465766959773,0.697860427914417
"Co",4616,5.29456338894352,0.89122175564887
"Co",4617,14.7651492174249,0.0365926814637073
"Co",4618,15.1186661312781,0.0327934413117376
"Co",4619,6.07114865855786,0.799240151969606
"Co",4620,6.17874647451356,0.783443311337732
"Co",4621,7.67597076773805,0.548490301939612
"Co",4622,5.88890052399145,0.824235152969406
"Co",4623,11.5889965386243,0.139772045590882
"Co",4624,12.4583777912722,0.0995800839832034
"Co",4625,10.8600520370049,0.185962807438512
"Co",4626,9.71535617195298,0.290541891621676
"Co",4627,5.84486721524635,0.829834033193361
"Co",4628,9.45263338219212,0.315936812637473
"Co",4629,13.5189878449686,0.0617876424715057
"Co",4630,11.9194973379136,0.123975204959008
"Co",4631,7.44488074237387,0.58628274345131
"Co",4632,10.5427077876302,0.209158168366327
"Co",4633,5.45846254366978,0.871625674865027
"Co",4634,8.24494282350406,0.46370725854829
"Co",4635,6.25566188174642,0.77124575084983
"Co",4636,11.1979102759297,0.165766846630674
"Co",4637,11.5667168853999,0.141171765646871
"Co",4638,8.8802726442857,0.379724055188962
"Co",4639,6.49711749700757,0.735452909418116
"Co",4640,11.7224361502005,0.13377324535093
"Co",4641,9.74498112087431,0.287742451509698
"Co",4642,5.93810752045241,0.820235952809438
"Co",4643,8.75273818380694,0.394521095780844
"Co",4644,13.4206867362664,0.0651869626074785
"Co",4645,6.11895687404737,0.792641471705659
"Co",4646,7.0806755174485,0.645070985802839
"Co",4647,5.33822416339888,0.886622675464907
"Co",4648,11.9417149032739,0.12377524495101
"Co",4649,7.45826017932546,0.584083183363327
"Co",4650,9.9484758347424,0.265346930613877
"Co",4651,5.64003263460285,0.852629474105179
"Co",4652,3.1869932712797,0.996800639872026
"Co",4653,10.705175833827,0.198360327934413
"Co",4654,5.68172415881645,0.848430313937213
"Co",4655,4.72688498450147,0.945210957808438
"Co",4656,9.47327701943695,0.313137372525495
"Co",4657,7.73064777660102,0.540091981603679
"Co",4658,7.13110351899027,0.635672865426915
"Co",4659,9.23213641363108,0.341931613677265
"Co",4660,12.4594238260907,0.0995800839832034
"Co",4661,5.27378202056943,0.892021595680864
"Co",4662,8.47172937835322,0.430913817236553
"Co",4663,5.25127007070239,0.893621275744851
"Co",4664,3.20398373498514,0.996400719856029
"Co",4665,8.29054267364083,0.457708458308338
"Co",4666,7.63982988080835,0.554489102179564
"Co",4667,9.04889834851373,0.359728054389122
"Co",4668,9.70315670816655,0.291741651669666
"Co",4669,6.33309593257734,0.761047790441912
"Co",4670,14.5649687427745,0.0397920415916817
"Co",4671,7.4705283410492,0.582883423315337
"Co",4672,3.14369018921298,0.996800639872026
"Co",4673,7.2053585061168,0.623075384923015
"Co",4674,10.1062023422286,0.249750049990002
"Co",4675,14.3923517534023,0.0423915216956609
"Co",4676,9.23042559201133,0.342131573685263
"Co",4677,10.0025362957867,0.259148170365927
"Co",4678,7.03471654739619,0.651869626074785
"Co",4679,10.8682192285288,0.185762847430514
"Co",4680,7.78452317368419,0.533493301339732
"Co",4681,9.29414902415184,0.333533293341332
"Co",4682,13.105041914588,0.0733853229354129
"Co",4683,3.62365202505346,0.99000199960008
"Co",4684,8.11215092469578,0.484303139372126
"Co",4685,14.7957274735852,0.0365926814637073
"Co",4686,5.89856256654218,0.823635272945411
"Co",4687,6.70683453929854,0.703459308138372
"Co",4688,4.85632115582561,0.934013197360528
"Co",4689,8.05323926785232,0.49250149970006
"Co",4690,5.15452599320059,0.907018596280744
"Co",4691,4.25588470791277,0.970805838832234
"Co",4692,5.50869817293648,0.866426714657069
"Co",4693,10.2982747665465,0.227754449110178
"Co",4694,3.50248538051261,0.992001599680064
"Co",4695,4.6632552953499,0.948810237952409
"Co",4696,9.95316083334828,0.265346930613877
"Co",4697,9.67444867512637,0.295540891821636
"Co",4698,6.99653451263916,0.658068386322735
"Co",4699,10.5366902593764,0.209158168366327
"Co",4700,4.57951802283671,0.953609278144371
"Co",4701,7.59217821353937,0.562087582483503
"Co",4702,5.19244414217835,0.902019596080784
"Co",4703,5.768183954831,0.838032393521296
"Co",4704,6.60239498886715,0.718856228754249
"Co",4705,6.19090641464086,0.78244351129774
"Co",4706,4.33988261675896,0.967006598680264
"Co",4707,12.1377103750206,0.11497700459908
"Co",4708,4.35162539608345,0.966806638672266
"Co",4709,10.0540241268039,0.254749050189962
"Co",4710,10.9729311521757,0.178364327134573
"Co",4711,8.65335281755753,0.405918816236753
"Co",4712,3.4275401544615,0.994001199760048
"Co",4713,11.8257303479189,0.128974205158968
"Co",4714,7.13736248716617,0.633873225354929
"Co",4715,8.77186459966234,0.391121775644871
"Co",4716,12.4764607955017,0.0989802039592082
"Co",4717,9.46213542678518,0.314737052589482
"Co",4718,8.23751009969378,0.465106978604279
"Co",4719,8.88794458950895,0.37872425514897
"Co",4720,8.76592842096133,0.392321535692861
"Co",4721,8.53208375734184,0.422915416916617
"Co",4722,7.6065885662866,0.558888222355529
"Co",4723,9.82114278446227,0.279144171165767
"Co",4724,8.46168216934259,0.431913617276545
"Co",4725,9.83043333900125,0.277344531093781
"Co",4726,5.50148433903846,0.867426514697061
"Co",4727,7.2449955610449,0.61747650469906
"Co",4728,9.62429728492528,0.299540091981604
"Co",4729,12.622010427594,0.0947810437912417
"Co",4730,8.26865439152218,0.459908018396321
"Co",4731,9.49522295047976,0.311337732453509
"Co",4732,8.31974629729368,0.452309538092382
"Co",4733,12.6968860293662,0.0915816836632673
"Co",4734,8.24230974159883,0.464507098580284
"Co",4735,8.74801811285099,0.395120975804839
"Co",4736,10.4515743132673,0.216156768646271
"Co",4737,6.80245056688418,0.689662067586483
"Co",4738,9.90466310950947,0.270145970805839
"Co",4739,8.39739037836341,0.439112177564487
"Co",4740,7.22059515735904,0.619676064787043
"Co",4741,15.7130894537467,0.0247950409918016
"Co",4742,10.7720040985748,0.193561287742452
"Co",4743,6.43562356514482,0.74505098980204
"Co",4744,8.54346535404969,0.422115576884623
"Co",4745,5.40470240641642,0.879824035192961
"Co",4746,5.82831853566265,0.83123375324935
"Co",4747,24.3197521218223,0.000599880023995201
"Co",4748,11.6932180854043,0.134573085382923
"Co",4749,7.26805009770803,0.613077384523095
"Co",4750,9.71480608628355,0.290741851629674
"Co",4751,4.03260238805612,0.980203959208158
"Co",4752,7.12648836830283,0.636672665466907
"Co",4753,14.1309533558001,0.0467906418716257
"Co",4754,16.1212231247554,0.0211957608478304
"Co",4755,5.82321065453957,0.832633473305339
"Co",4756,10.5393740539255,0.209158168366327
"Co",4757,8.89462514577676,0.37752449510098
"Co",4758,12.4219896571632,0.100179964007199
"Co",4759,7.88142775209792,0.517896420715857
"Co",4760,8.16272695918636,0.475704859028194
"Co",4761,7.30421163838875,0.608478304339132
"Co",4762,12.595373679329,0.0957808438312338
"Co",4763,13.5672563910075,0.0603879224155169
"Co",4764,8.31615256541556,0.452309538092382
"Co",4765,14.5396536270433,0.0399920015996801
"Co",4766,7.84884071233222,0.522095580883823
"Co",4767,9.96956897283644,0.261947610477904
"Co",4768,7.07142221992791,0.646670665866827
"Co",4769,6.34410110760319,0.759048190361928
"Co",4770,7.47629555705609,0.582083583283343
"Co",4771,6.79566257853878,0.690461907618476
"Co",4772,3.1488705553614,0.996800639872026
"Co",4773,9.14951865863898,0.350129974005199
"Co",4774,6.26056723400507,0.770445910817836
"Co",4775,7.95131789131939,0.507898420315937
"Co",4776,8.72619631279559,0.397120575884823
"Co",4777,7.66272745663198,0.550489902019596
"Co",4778,13.5853314283852,0.0599880023995201
"Co",4779,6.17956695436976,0.783243351329734
"Co",4780,12.253953199515,0.10877824435113
"Co",4781,6.44282883384025,0.743451309738052
"Co",4782,6.59774765955007,0.719256148770246
"Co",4783,9.90716301067039,0.26994601079784
"Co",4784,17.8464182978616,0.00879824035192961
"Co",4785,7.86017305804495,0.519896020795841
"Co",4786,10.1418462044333,0.246750649870026
"Co",4787,15.7625966509085,0.0247950409918016
"Co",4788,11.6794874881791,0.135572885422915
"Co",4789,12.1633984230139,0.114177164567087
"Co",4790,7.46130847546712,0.584083183363327
"Co",4791,10.1344592253714,0.246950609878024
"Co",4792,7.45596514613692,0.584283143371326
"Co",4793,4.73204007090865,0.944811037792441
"Co",4794,6.81702807377965,0.687862427514497
"Co",4795,14.9392242203426,0.0355928814237153
"Co",4796,6.94960832745682,0.666666666666667
"Co",4797,14.8385517198979,0.0359928014397121
"Co",4798,6.24938809575278,0.771845630873825
"Co",4799,12.2287484067988,0.110777844431114
"Co",4800,6.49809916456329,0.735452909418116
"Co",4801,12.1841401948509,0.112577484503099
"Co",4802,5.55244957717278,0.862027594481104
"Co",4803,12.4576959157867,0.0997800439912018
"Co",4804,10.0676277359869,0.25374925014997
"Co",4805,10.7477274695141,0.195160967806439
"Co",4806,11.6625717256308,0.136572685462907
"Co",4807,7.91133673508142,0.514097180563887
"Co",4808,8.94112883489416,0.372125574885023
"Co",4809,9.90963613624999,0.269746050789842
"Co",4810,11.5707507464126,0.140771845630874
"Co",4811,6.87093464825989,0.678464307138572
"Co",4812,8.88608096276883,0.378924215156969
"Co",4813,13.2310755803182,0.0695860827834433
"Co",4814,4.16706414023901,0.975804839032194
"Co",4815,13.11814555466,0.0731853629274145
"Co",4816,7.27388261597122,0.612277544491102
"Co",4817,12.1041530089337,0.116576684663067
"Co",4818,5.88234381673098,0.825634873025395
"Co",4819,10.5435230177888,0.209158168366327
"Co",4820,13.3189528774685,0.0661867626474705
"Co",4821,9.02607843972086,0.362127574485103
"Co",4822,8.34003139253923,0.449510097980404
"Co",4823,7.82541796134115,0.526094781043791
"Co",4824,8.08778085675104,0.488102379524095
"Co",4825,5.59411260273188,0.857628474305139
"Co",4826,6.71921202062632,0.702659468106379
"Co",4827,11.9514621886771,0.122775444911018
"Co",4828,10.5777856913781,0.206558688262348
"Co",4829,9.66528788104125,0.296740651869626
"Co",4830,7.02689695228355,0.652269546090782
"Co",4831,7.02448556738641,0.652669466106779
"Co",4832,6.75909362489296,0.69626074785043
"Co",4833,8.10538440656646,0.485502899420116
"Co",4834,8.53435724965404,0.422915416916617
"Co",4835,6.39270279893407,0.750849830033993
"Co",4836,9.81694584198351,0.279744051189762
"Co",4837,11.1182814566544,0.169766046790642
"Co",4838,8.20299526401701,0.469306138772246
"Co",4839,12.1393337792434,0.11497700459908
"Co",4840,8.25738030009575,0.460907818436313
"Co",4841,5.59781193208133,0.857428514297141
"Co",4842,6.85444014440469,0.681663667266547
"Co",4843,5.67021041069205,0.849630073985203
"Co",4844,10.6136271705484,0.204359128174365
"Co",4845,5.26501712536296,0.892621475704859
"Co",4846,9.63949428276479,0.298940211957609
"Co",4847,6.13707248459221,0.789042191561688
"Co",4848,5.87997331093865,0.825634873025395
"Co",4849,5.97427517780554,0.814437112577485
"Co",4850,6.29257944885615,0.766646670665867
"Co",4851,13.6807155477043,0.0579884023195361
"Co",4852,10.3048888188523,0.227354529094181
"Co",4853,9.52743580659504,0.309738052389522
"Co",4854,7.37060607382688,0.596480703859228
"Co",4855,10.4880519155841,0.213157368526295
"Co",4856,5.43748420149615,0.875624875024995
"Co",4857,8.06679489081122,0.491101779644071
"Co",4858,5.39286895661013,0.882023595280944
"Co",4859,8.05747878459678,0.491901619676065
"Co",4860,6.48632428939013,0.737052589482104
"Co",4861,5.30113280321063,0.890621875624875
"Co",4862,6.04038399795166,0.804039192161568
"Co",4863,7.05440174152751,0.649470105978804
"Co",4864,5.23636559835199,0.895820835832833
"Co",4865,9.64231944671411,0.298940211957609
"Co",4866,7.2845550361898,0.610677864427115
"Co",4867,8.54198587737744,0.422115576884623
"Co",4868,5.4614225272054,0.87122575484903
"Co",4869,12.9927594850763,0.0777844431113777
"Co",4870,9.94085313763705,0.266746650669866
"Co",4871,10.7863479344988,0.193161367726455
"Co",4872,10.4615090839181,0.216156768646271
"Co",4873,7.52349742344288,0.572885422915417
"Co",4874,12.4931810061132,0.0981803639272146
"Co",4875,6.45895691532252,0.741651669666067
"Co",4876,6.85929723429683,0.68126374725055
"Co",4877,7.27048844480152,0.612677464507099
"Co",4878,8.80706662555491,0.386122775444911
"Co",4879,8.26687990019605,0.459908018396321
"Co",4880,9.81973322125285,0.279544091181764
"Co",4881,13.0341669138347,0.0757848430313937
"Co",4882,7.73755276337985,0.53869226154769
"Co",4883,5.50710742663634,0.866426714657069
"Co",4884,6.09570217703757,0.79624075184963
"Co",4885,5.57174485164214,0.86002799440112
"Co",4886,5.51356343703313,0.86622675464907
"Co",4887,11.4771385815195,0.145970805838832
"Co",4888,7.24523319449838,0.61747650469906
"Co",4889,6.21410422610299,0.777844431113777
"Co",4890,6.84057682416494,0.685062987402519
"Co",4891,11.5740320605332,0.140371925614877
"Co",4892,7.65201889076857,0.551889622075585
"Co",4893,10.8262545970724,0.190761847630474
"Co",4894,3.40243671160323,0.994601079784043
"Co",4895,13.5393616613439,0.0611877624475105
"Co",4896,8.62108904223948,0.411917616476705
"Co",4897,11.1714377717429,0.166566686662667
"Co",4898,8.07287687902976,0.490101979604079
"Co",4899,7.83773021893683,0.524495100979804
"Co",4900,7.85498406628113,0.52129574085183
"Co",4901,7.42493517187407,0.5874825034993
"Co",4902,7.10372362821619,0.640671865626875
"Co",4903,8.49415446868326,0.427714457108578
"Co",4904,11.9770608709597,0.121575684863027
"Co",4905,12.0085616565718,0.11997600479904
"Co",4906,9.55365437872828,0.307338532293541
"Co",4907,9.53564248814817,0.309138172365527
"Co",4908,8.26363064077313,0.459908018396321
"Co",4909,7.67340117730475,0.548690261947611
"Co",4910,8.8343982202955,0.38372325534893
"Co",4911,8.46651141449045,0.431513697260548
"Co",4912,5.63542252032349,0.853229354129174
"Co",4913,7.38437952117656,0.594281143771246
"Co",4914,3.78559852978586,0.986802639472106
"Co",4915,17.3677754360333,0.0111977604479104
"Co",4916,11.2407492954509,0.162767446510698
"Co",4917,4.03638521643536,0.98000399920016
"Co",4918,14.3175775229472,0.0433913217356529
"Co",4919,7.84227315539417,0.523295340931814
"Co",4920,11.1360519362225,0.16876624675065
"Co",4921,13.1964092433511,0.0705858828234353
"Co",4922,8.7475007422003,0.395120975804839
"Co",4923,6.01289854585497,0.808038392321536
"Co",4924,7.8843711874672,0.517696460707858
"Co",4925,10.7452964337913,0.195560887822436
"Co",4926,6.58215753036359,0.72125574885023
"Co",4927,7.24490023495215,0.61747650469906
"Co",4928,6.22428105530901,0.776444711057788
"Co",4929,7.78700880433433,0.533093381323735
"Co",4930,7.09474395037205,0.64247150569886
"Co",4931,4.60442128971795,0.952009598080384
"Co",4932,8.86282014069198,0.381123775244951
"Co",4933,6.61345001432036,0.717056588682264
"Co",4934,7.58409133395404,0.563087382523495
"Co",4935,11.9556874304109,0.122375524895021
"Co",4936,3.95355606735484,0.982403519296141
"Co",4937,6.81483734660711,0.688062387522495
"Co",4938,6.37266528482874,0.754049190161968
"Co",4939,6.79036040018414,0.691861627674465
"Co",4940,11.7798274016243,0.131373725254949
"Co",4941,4.2546742882019,0.970805838832234
"Co",4942,12.8352348677498,0.0855828834233153
"Co",4943,6.72117183494177,0.702659468106379
"Co",4944,4.48493492190246,0.960407918416317
"Co",4945,7.27111938467999,0.612677464507099
"Co",4946,6.80831815755431,0.688662267546491
"Co",4947,10.1757439064206,0.241751649670066
"Co",4948,7.617577866581,0.55748850229954
"Co",4949,5.35067921096351,0.88502299540092
"Co",4950,6.96233004705232,0.663867226554689
"Co",4951,2.95074759055137,0.998000399920016
"Co",4952,6.45345992199557,0.742051589682064
"Co",4953,13.9727066794817,0.0509898020395921
"Co",4954,7.25086367282901,0.61627674465107
"Co",4955,5.25568851769411,0.893221355728854
"Co",4956,8.08538182657455,0.488302339532094
"Co",4957,6.2184407354664,0.777044591081784
"Co",4958,10.8302571111414,0.190761847630474
"Co",4959,5.97822457466876,0.813637272545491
"Co",4960,7.54293932176594,0.570485902819436
"Co",4961,6.16705093271432,0.784643071385723
"Co",4962,6.9451183991072,0.667866426714657
"Co",4963,9.36879781539554,0.326134773045391
"Co",4964,14.7968457235906,0.0365926814637073
"Co",4965,8.98525429309458,0.366726654669066
"Co",4966,11.0921456931677,0.171165766846631
"Co",4967,6.77892890133543,0.693461307738452
"Co",4968,5.62327237295031,0.854829034193161
"Co",4969,8.97870044791787,0.367126574685063
"Co",4970,16.3661035920693,0.0201959608078384
"Co",4971,10.6935196888787,0.198960207958408
"Co",4972,7.3046304549562,0.608478304339132
"Co",4973,12.1898168698058,0.112377524495101
"Co",4974,11.6579082401992,0.136772645470906
"Co",4975,5.3504702445039,0.88502299540092
"Co",4976,10.677696017266,0.200159968006399
"Co",4977,11.1928108770329,0.165966806638672
"Co",4978,6.1747814246975,0.784043191361728
"Co",4979,3.58853219969521,0.991001799640072
"Co",4980,6.85392450955041,0.681863627274545
"Co",4981,9.89418287269379,0.271345730853829
"Co",4982,9.29371441593207,0.333533293341332
"Co",4983,9.99613441282847,0.259548090381924
"Co",4984,11.4193584285693,0.150569886022795
"Co",4985,6.30042536513093,0.765446910617876
"Co",4986,4.50924492248535,0.958608278344331
"Co",4987,8.29577900327899,0.456508698260348
"Co",4988,8.48972762919661,0.428314337132573
"Co",4989,6.72943752972904,0.700259948010398
"Co",4990,6.18543077947692,0.783043391321736
"Co",4991,6.42942303577405,0.746450709858028
"Co",4992,8.22314960411893,0.46750649870026
"Co",4993,4.78092437738323,0.940211957608478
"Co",4994,3.05149846823053,0.997400519896021
"Co",4995,11.5728675664734,0.140571885622875
"Co",4996,7.71350168745232,0.542891421715657
"Co",4997,5.19835625409465,0.901419716056789
"Co",4998,11.4262629596512,0.149570085982803
"Co",4999,7.31153776753303,0.607078584283143
"Co",5000,4.52038037139758,0.957808438312338
"Co",5001,8.54380950230549,0.421915616876625
"Co",5002,10.5541671807073,0.208158368326335
"Co",5003,9.97424111942638,0.261747650469906
"Co",5004,7.32158657721405,0.605278944211158
"Co",5005,6.43447358446619,0.74505098980204
"Co",5006,8.54692196052795,0.421715656868626
"Co",5007,5.01676074584091,0.917616476704659
"Co",5008,7.34972268050234,0.599680063987203
"Co",5009,5.68106989082273,0.848430313937213
"Co",5010,9.23010383873705,0.342131573685263
"Co",5011,10.0366960662011,0.255948810237952
"Co",5012,11.1862508620976,0.166166766646671
"Co",5013,5.86166956210411,0.82743451309738
"Co",5014,6.01459548614827,0.807838432313537
"Co",5015,13.0446044595038,0.0753849230153969
"Co",5016,6.29083478661349,0.766846630673865
"Co",5017,11.5037098989171,0.144571085782843
"Co",5018,15.795192946902,0.0243951209758048
"Co",5019,14.8222819519599,0.0363927214557089
"Co",5020,7.89255362917436,0.51629674065187
"Co",5021,7.96723049223178,0.506498700259948
"Co",5022,8.34794212203113,0.447710457908418
"Co",5023,10.1293940124165,0.247950409918016
"Co",5024,6.94726909644942,0.667266546690662
"Co",5025,5.86885237032024,0.826834633073385
"Co",5026,5.86656142846721,0.827034593081384
"Co",5027,13.1151458962968,0.0731853629274145
"Co",5028,8.17512812564433,0.474305138972206
"Co",5029,14.9851117109395,0.0351929614077185
"Co",5030,8.1032517928286,0.485702859428114
"Co",5031,10.1744713715676,0.241751649670066
"Co",5032,3.77225079491868,0.986802639472106
"Co",5033,4.58582671227052,0.953609278144371
"Co",5034,8.55775180056918,0.420915816836633
"Co",5035,5.72834060288892,0.842631473705259
"Co",5036,4.64676746314714,0.949610077984403
"Co",5037,10.0144383673352,0.258348330333933
"Co",5038,10.8280874907255,0.190761847630474
"Co",5039,7.53393613924754,0.571485702859428
"Co",5040,6.39004994407279,0.751449710057988
"Co",5041,6.60086099383415,0.718856228754249
"Co",5042,4.10695349216132,0.977604479104179
"Co",5043,4.66120562738038,0.949010197960408
"Co",5044,3.9048731834458,0.983403319336133
"Co",5045,6.80985242476535,0.688462307538492
"Co",5046,8.73393220937933,0.396120775844831
"Co",5047,7.99605184444951,0.501899620075985
"Co",5048,9.27378321277246,0.336332733453309
"Co",5049,5.86257036596871,0.82743451309738
"Co",5050,4.29411471453281,0.968406318736253
"Co",5051,8.67202870413055,0.404319136172765
"Co",5052,8.21266197164911,0.468306338732254
"Co",5053,6.12135242321133,0.79244151169766
"Co",5054,6.13120633050093,0.789842031593681
"Co",5055,10.0594259126884,0.25374925014997
"Co",5056,11.6135220818795,0.13877224555089
"Co",5057,7.75913774318863,0.536492701459708
"Co",5058,5.13766715878265,0.908218356328734
"Co",5059,5.90229883393005,0.823235352929414
"Co",5060,7.85047299525465,0.522095580883823
"Co",5061,5.7833412433788,0.836432713457309
"Co",5062,9.11155361616889,0.353529294141172
"Co",5063,7.41597554664932,0.589082183563287
"Co",5064,9.21700884294373,0.343531293741252
"Co",5065,6.70479643569954,0.703859228154369
"Co",5066,4.13634717990635,0.977004599080184
"Co",5067,6.760385392736,0.696060787842432
"Co",5068,4.76410067699132,0.942011597680464
"Co",5069,6.82436950844455,0.687062587482503
"Co",5070,10.4271013634438,0.218356328734253
"Co",5071,5.43424667099859,0.87622475504899
"Co",5072,7.23476106350614,0.618876224755049
"Co",5073,17.9172966551642,0.00879824035192961
"Co",5074,5.41627388650789,0.877624475104979
"Co",5075,8.85498939297395,0.381723655268946
"Co",5076,10.230851567193,0.234753049390122
"Co",5077,4.81265244333889,0.93881223755249
"Co",5078,6.96113019831341,0.664067186562687
"Co",5079,8.21481699658071,0.468306338732254
"Co",5080,9.74386517769409,0.287742451509698
"Co",5081,7.44074240010804,0.58628274345131
"Co",5082,7.4607454823705,0.584083183363327
"Co",5083,8.48663301623765,0.42871425714857
"Co",5084,7.13260073844248,0.635272945410918
"Co",5085,5.94956508400008,0.818436312737453
"Co",5086,8.50885122307699,0.426514697060588
"Co",5087,5.90594974087011,0.822635472905419
"Co",5088,6.15922985646907,0.785842831433713
"Co",5089,8.93309514527729,0.373525294941012
"Co",5090,8.43406483671868,0.434113177364527
"Co",5091,11.8706151042398,0.126574685062987
"Co",5092,6.57007862703824,0.722855428914217
"Co",5093,10.1568866292922,0.244751049790042
"Co",5094,7.25189960549491,0.616076784643071
"Co",5095,12.469163240834,0.099380123975205
"Co",5096,7.79464965760826,0.531093781243751
"Co",5097,7.94571609302363,0.509098180363927
"Co",5098,8.80745465941513,0.386122775444911
"Co",5099,10.3408473220854,0.224555088982204
"Co",5100,7.07785377197439,0.645670865826835
"Co",5101,7.69524674146419,0.545290941811638
"Co",5102,8.60717973414457,0.414117176564687
"Co",5103,5.85728574816798,0.828234353129374
"Co",5104,8.05637092130013,0.491901619676065
"Co",5105,6.48283531148677,0.737252549490102
"Co",5106,8.56154355051703,0.420315936812637
"Co",5107,5.77864836818244,0.836632673465307
"Co",5108,5.13572391671701,0.908218356328734
"Co",5109,7.01871275819641,0.653869226154769
"Co",5110,10.2903464811776,0.228954209158168
"Co",5111,13.194826563014,0.0705858828234353
"Co",5112,9.32810585934283,0.329334133173365
"Co",5113,12.6188162818737,0.0947810437912417
"Co",5114,4.62653655373708,0.951409718056389
"Co",5115,10.1655536661027,0.243551289742052
"Co",5116,5.95816749506915,0.816436712657469
"Co",5117,10.2421466073333,0.234153169366127
"Co",5118,9.55767714646822,0.307138572285543
"Co",5119,9.29818472361407,0.332933413317337
"Co",5120,7.38852925777232,0.593881223755249
"Co",5121,9.62999011161455,0.299340131973605
"Co",5122,8.25838598436965,0.460907818436313
"Co",5123,6.81894904784713,0.687862427514497
"Co",5124,7.83946188443802,0.523895220955809
"Co",5125,13.8465173567558,0.0535892821435713
"Co",5126,10.6964813704108,0.198560287942412
"Co",5127,15.0425881582766,0.0341931613677265
"Co",5128,12.2201312353728,0.111177764447111
"Co",5129,11.0528883393198,0.173365326934613
"Co",5130,5.50586241529575,0.866826634673065
"Co",5131,5.06489895712735,0.914417116576685
"Co",5132,5.96988159782704,0.815436912617477
"Co",5133,5.76421323311183,0.838632273545291
"Co",5134,11.9911980221294,0.121175764847031
"Co",5135,10.2643539875432,0.231353729254149
"Co",5136,8.67115295305874,0.404519096180764
"Co",5137,8.6668799523201,0.404919016196761
"Co",5138,5.8868701704439,0.8250349930014
"Co",5139,6.52786842630476,0.729054189162168
"Co",5140,8.37245839525858,0.444311137772446
"Co",5141,9.29446048469714,0.333533293341332
"Co",5142,4.85335296599629,0.934213157368526
"Co",5143,5.81297319860974,0.833233353329334
"Co",5144,5.64101733089527,0.852629474105179
"Co",5145,5.93918097336012,0.82003599280144
"Co",5146,8.17394944651662,0.474305138972206
"Co",5147,13.8871911666091,0.0527894421115777
"Co",5148,3.65101224133539,0.989202159568086
"Co",5149,7.59531867408307,0.56128774245151
"Co",5150,8.37786150842723,0.442711457708458
"Co",5151,13.8329125325458,0.0543891221755649
"Co",5152,10.5361291252948,0.209158168366327
"Co",5153,7.0472461139158,0.650669866026795
"Co",5154,7.12317766893659,0.636672665466907
"Co",5155,7.82800022271539,0.525894821035793
"Co",5156,8.29786177497101,0.455908818236353
"Co",5157,7.65636281867333,0.551089782043591
"Co",5158,7.07567804553466,0.646070785842831
"Co",5159,5.54833688631055,0.862427514497101
"Co",5160,5.8395925291332,0.830433913217356
"Co",5161,7.24691662230845,0.617276544691062
"Co",5162,8.0967241903182,0.486702659468106
"Co",5163,4.37621827996963,0.965206958608278
"Co",5164,12.7629223709979,0.0881823635272945
"Co",5165,4.78422601815871,0.94001199760048
"Co",5166,12.1026655946334,0.116576684663067
"Co",5167,8.25286899688308,0.461907618476305
"Co",5168,11.7276389018164,0.133573285342931
"Co",5169,8.83088779946266,0.383923215356929
"Co",5170,8.40472804443263,0.43871225754849
"Co",5171,10.9550833254472,0.180163967206559
"Co",5172,8.99986798115259,0.364527094581084
"Co",5173,11.6426408149821,0.137172565486903
"Co",5174,7.21957567360505,0.619676064787043
"Co",5175,12.6839339410083,0.0927814437112578
"Co",5176,12.2704707299501,0.107978404319136
"Co",5177,5.15202601038072,0.907418516296741
"Co",5178,9.09034748552406,0.355728854229154
"Co",5179,7.12044294854144,0.636872625474905
"Co",5180,4.31438591063146,0.968006398720256
"Co",5181,14.9278461482527,0.0357928414317137
"Co",5182,21.3600818370166,0.001999600079984
"Co",5183,6.3230041466654,0.7624475104979
"Co",5184,7.92968130451999,0.51129774045191
"Co",5185,11.1533343728692,0.167366526694661
"Co",5186,5.44579645595749,0.874025194961008
"Co",5187,7.83988646123493,0.523895220955809
"Co",5188,5.62275818131062,0.854829034193161
"Co",5189,6.99878343164298,0.657668466306739
"Co",5190,7.20430307347172,0.623075384923015
"Co",5191,7.37877379504111,0.595280943811238
"Co",5192,7.26137717149763,0.614477104579084
"Co",5193,4.62318822095793,0.951409718056389
"Co",5194,4.58954451460124,0.953409318136373
"Co",5195,11.2431451935449,0.162567486502699
"Co",5196,10.6156208209756,0.204359128174365
"Co",5197,5.82606900490947,0.832233553289342
"Co",5198,11.9242501602107,0.123975204959008
"Co",5199,6.65724444942245,0.710057988402319
"Co",5200,8.22054088461417,0.467706458708258
"Co",5201,14.4765421827843,0.0409918016396721
"Co",5202,11.6860272053641,0.135172965406919
"Co",5203,8.67055148314896,0.404519096180764
"Co",5204,5.82256951685787,0.832633473305339
"Co",5205,8.15426823100827,0.476904619076185
"Co",5206,5.78124322865972,0.836432713457309
"Co",5207,8.22471932838721,0.466906618676265
"Co",5208,7.47756684447523,0.581683663267347
"Co",5209,7.19109723835066,0.625274945010998
"Co",5210,5.72968920794582,0.842631473705259
"Co",5211,8.62376713235156,0.411517696460708
"Co",5212,11.6662220110886,0.136172765446911
"Co",5213,16.306977317392,0.0201959608078384
"Co",5214,6.07887636887995,0.798840231953609
"Co",5215,5.90074396107383,0.823235352929414
"Co",5216,11.6458219579013,0.136972605478904
"Co",5217,5.7531849039708,0.84003199360128
"Co",5218,5.57873400192571,0.859028194361128
"Co",5219,7.60379238374279,0.559088182363527
"Co",5220,6.36447195425146,0.754649070185963
"Co",5221,8.87777512635478,0.380123975204959
"Co",5222,6.59324093479424,0.72005598880224
"Co",5223,7.73108935905645,0.540091981603679
"Co",5224,7.59615158382351,0.56128774245151
"Co",5225,9.81031606775838,0.279744051189762
"Co",5226,9.34177419133124,0.328534293141372
"Co",5227,8.69668377104861,0.401319736052789
"Co",5228,6.1655072525715,0.784643071385723
"Co",5229,20.7774827363683,0.00339932013597281
"Co",5230,6.99979445629182,0.657668466306739
"Co",5231,7.37399315907199,0.596080783843231
"Co",5232,8.5732333234109,0.417916416716657
"Co",5233,7.44074501333938,0.58628274345131
"Co",5234,7.06774188502854,0.647070585882823
"Co",5235,7.60053314274106,0.559888022395521
"Co",5236,6.18056323962804,0.783243351329734
"Co",5237,7.5997699546439,0.559888022395521
"Co",5238,6.53190133951702,0.728654269146171
"Co",5239,8.07129085436972,0.490101979604079
"Co",5240,7.96401585774916,0.506698660267946
"Co",5241,8.51552073462179,0.425314937012597
"Co",5242,7.28147025517291,0.61127774445111
"Co",5243,8.58102657257626,0.416916616676665
"Co",5244,10.6359820502784,0.202959408118376
"Co",5245,6.45682940406758,0.741851629674065
"Co",5246,4.81831120284082,0.938212357528494
"Co",5247,7.09353797378836,0.642871425714857
"Co",5248,8.51596954171831,0.425314937012597
"Co",5249,6.05504659931492,0.802239552089582
"Co",5250,12.3867892201248,0.101779644071186
"Co",5251,8.05811126987317,0.491901619676065
"Co",5252,10.3822694744213,0.221155768846231
"Co",5253,8.84798186841863,0.382923415316937
"Co",5254,9.21687644331664,0.343531293741252
"Co",5255,4.68009736162637,0.947810437912417
"Co",5256,7.81167259971289,0.528494301139772
"Co",5257,14.7260807309065,0.0365926814637073
"Co",5258,8.88050821156477,0.379724055188962
"Co",5259,9.32902935327058,0.329334133173365
"Co",5260,6.98786083784944,0.659268146370726
"Co",5261,6.64339345970581,0.711457708458308
"Co",5262,10.9954598920069,0.176564687062587
"Co",5263,9.47936876415037,0.312337532493501
"Co",5264,10.7530185474827,0.19496100779844
"Co",5265,5.46153583012071,0.87122575484903
"Co",5266,14.585127731476,0.0395920815836833
"Co",5267,6.25793647129638,0.771045790841832
"Co",5268,8.06423129494306,0.49130173965207
"Co",5269,6.87389519011674,0.67746450709858
"Co",5270,5.30379586909393,0.890421915616877
"Co",5271,9.33447121321245,0.329334133173365
"Co",5272,7.45500164843588,0.584883023395321
"Co",5273,5.60564177801032,0.857028594281144
"Co",5274,6.72438273798062,0.701459708058388
"Co",5275,8.40336182856174,0.43871225754849
"Co",5276,8.05468242031736,0.492301539692062
"Co",5277,4.45596953955859,0.961807638472306
"Co",5278,5.67598784516916,0.848830233953209
"Co",5279,7.896571389473,0.515696860627874
"Co",5280,5.92084037803397,0.82123575284943
"Co",5281,7.95818055985336,0.507698460307938
"Co",5282,4.55075530034725,0.956608678264347
"Co",5283,9.25439157814429,0.338932213557289
"Co",5284,6.62125061014473,0.715256948610278
"Co",5285,9.14855331108188,0.350129974005199
"Co",5286,11.4129238523682,0.150569886022795
"Co",5287,8.48903039744098,0.428314337132573
"Co",5288,6.13307281295928,0.789442111577685
"Co",5289,3.29938484690821,0.995200959808038
"Co",5290,5.68080493177138,0.848630273945211
"Co",5291,6.43767393270585,0.744851029794041
"Co",5292,6.94730232642536,0.667266546690662
"Co",5293,12.6901871020143,0.0921815636872625
"Co",5294,8.21810656059594,0.467706458708258
"Co",5295,7.15103369190382,0.632273545290942
"Co",5296,10.0602543708191,0.25374925014997
"Co",5297,6.84193153554835,0.685062987402519
"Co",5298,7.73422690738056,0.539292141571686
"Co",5299,6.06849004735119,0.799640071985603
"Co",5300,4.25255461463263,0.970805838832234
"Co",5301,9.83822428464805,0.277144571085783
"Co",5302,6.51636648686443,0.731453709258148
"Co",5303,8.47972104780717,0.429314137172566
"Co",5304,14.9389376689437,0.0355928814237153
"Co",5305,11.4998211587543,0.14497100579884
"Co",5306,7.29852607784881,0.609078184363127
"Co",5307,6.82994936018869,0.685662867426515
"Co",5308,9.95566190090585,0.264747050589882
"Co",5309,5.77514008316606,0.836632673465307
"Co",5310,10.8948345081025,0.183963207358528
"Co",5311,10.155679744132,0.24495100979804
"Co",5312,7.24447694137234,0.617676464707059
"Co",5313,9.88935302989887,0.271745650869826
"Co",5314,8.21554754947692,0.467906418716257
"Co",5315,6.08784443405546,0.797840431913617
"Co",5316,8.18101255868322,0.473305338932214
"Co",5317,4.64390270361949,0.949810037992401
"Co",5318,5.08956909255832,0.912417516496701
"Co",5319,8.43564183107816,0.434113177364527
"Co",5320,9.13316453997854,0.351929614077185
"Co",5321,7.09653487442012,0.642271545690862
"Co",5322,11.8890943570264,0.125374925014997
"Co",5323,10.0550094330578,0.254549090181964
"Co",5324,18.1273119383629,0.00879824035192961
"Co",5325,8.02721224673948,0.49630073985203
"Co",5326,6.46524381591794,0.740851829634073
"Co",5327,5.89770975108956,0.823635272945411
"Co",5328,11.6831578671309,0.135572885422915
"Co",5329,6.93487390623307,0.669266146770646
"Co",5330,6.20785900115234,0.778844231153769
"Co",5331,6.19579812771133,0.780643871225755
"Co",5332,15.4886259929811,0.026994601079784
"Co",5333,11.3763707206786,0.154169166166767
"Co",5334,5.13362431158492,0.908218356328734
"Co",5335,6.74160596188966,0.698060387922416
"Co",5336,19.4498700424986,0.00639872025594881
"Co",5337,7.13325796751195,0.635072985402919
"Co",5338,7.27116097117766,0.612677464507099
"Co",5339,8.52115652556026,0.424915016996601
"Co",5340,14.1490925153932,0.0463907218556289
"Co",5341,6.84364562241788,0.684663067386523
"Co",5342,10.0096997888407,0.25874825034993
"Co",5343,10.3565275285222,0.223555288942212
"Co",5344,6.90543203184828,0.673465306938612
"Co",5345,8.67545514181541,0.403519296140772
"Co",5346,7.95003392118662,0.507898420315937
"Co",5347,4.59110621387538,0.953409318136373
"Co",5348,5.31931843105846,0.888222355528894
"Co",5349,15.4905114095869,0.026994601079784
"Co",5350,9.91935248482008,0.26874625074985
"Co",5351,10.6743116597464,0.200159968006399
"Co",5352,10.3083189148594,0.227154569086183
"Co",5353,16.2578044259287,0.0203959208158368
"Co",5354,6.92195542242439,0.670865826834633
"Co",5355,8.74564911543075,0.395120975804839
"Co",5356,6.12754964657793,0.790241951609678
"Co",5357,4.90658669780939,0.929214157168566
"Co",5358,10.6849817544903,0.199560087982404
"Co",5359,5.92322004787326,0.82123575284943
"Co",5360,8.82559271857926,0.384323135372925
"Co",5361,7.21386200419303,0.621075784843031
"Co",5362,8.24423898542511,0.463907218556289
"Co",5363,6.13665280191839,0.789042191561688
"Co",5364,4.31330547356021,0.968006398720256
"Co",5365,9.44718209835202,0.316736652669466
"Co",5366,5.57960248270183,0.859028194361128
"Co",5367,3.36852072344468,0.994801039792042
"Co",5368,5.92873449486217,0.820835832833433
"Co",5369,7.55546527468186,0.568086382723455
"Co",5370,13.307578827663,0.0665866826634673
"Co",5371,7.68791195706339,0.545690861827634
"Co",5372,9.67129692005079,0.295740851829634
"Co",5373,6.25160984647422,0.771645670865827
"Co",5374,9.48964625163129,0.311737652469506
"Co",5375,7.95324596314384,0.507698460307938
"Co",5376,7.8932226984526,0.51629674065187
"Co",5377,6.75550053348445,0.696660667866427
"Co",5378,11.4549139463364,0.147970405918816
"Co",5379,10.84631491369,0.188362327534493
"Co",5380,15.2861540579054,0.0307938412317536
"Co",5381,9.17420749397726,0.346930613877225
"Co",5382,5.52395303828391,0.864427114577085
"Co",5383,2.68878887651147,0.999400119976005
"Co",5384,8.95537057043489,0.369726054789042
"Co",5385,9.25708722153587,0.33873225354929
"Co",5386,11.8601831948891,0.126974605078984
"Co",5387,8.72301971918779,0.39752049590082
"Co",5388,4.0255058630627,0.980203959208158
"Co",5389,8.76261168846563,0.39252149570086
"Co",5390,7.06905655145056,0.646870625874825
"Co",5391,5.51162637466862,0.866426714657069
"Co",5392,6.56131216417145,0.724255148970206
"Co",5393,9.24722882358853,0.341131773645271
"Co",5394,11.9832158897615,0.121575684863027
"Co",5395,7.20543487322846,0.623075384923015
"Co",5396,6.30308656856309,0.765246950609878
"Co",5397,6.98502335575958,0.659868026394721
"Co",5398,6.73094645092209,0.7000599880024
"Co",5399,7.50964148100707,0.576484703059388
"Co",5400,4.71186491408966,0.946610677864427
"Co",5401,5.87021914734785,0.826834633073385
"Co",5402,7.21429871182306,0.620675864827035
"Co",5403,13.2521078916328,0.0687862427514497
"Co",5404,4.44022465734565,0.961807638472306
"Co",5405,5.59682565214862,0.857628474305139
"Co",5406,13.3246926125503,0.0661867626474705
"Co",5407,11.465575731757,0.146770645870826
"Co",5408,9.97111255934234,0.261947610477904
"Co",5409,23.259519348194,0.000799840031993601
"Co",5410,6.58652161054252,0.720855828834233
"Co",5411,11.8437613069865,0.127974405118976
"Co",5412,5.11405762397811,0.910817836432713
"Co",5413,5.68833832785441,0.847230553889222
"Co",5414,8.47474311270585,0.430313937212558
"Co",5415,10.1449161651769,0.246550689862028
"Co",5416,8.64030571480117,0.409118176364727
"Co",5417,8.12210112220401,0.483303339332134
"Co",5418,3.90020226840863,0.98380323935213
"Co",5419,7.28889933375248,0.610277944411118
"Co",5420,9.62634099390272,0.299340131973605
"Co",5421,11.2990076790395,0.15996800639872
"Co",5422,6.99366660465537,0.658668266346731
"Co",5423,6.32485667532106,0.762247550489902
"Co",5424,12.7094923442405,0.0909818036392721
"Co",5425,11.4126465661199,0.150569886022795
"Co",5426,7.04700108371661,0.650669866026795
"Co",5427,14.4765305730451,0.0409918016396721
"Co",5428,10.1183328839089,0.248950209958008
"Co",5429,7.16530592442828,0.630473905218956
"Co",5430,9.84094934083743,0.276544691061788
"Co",5431,4.86980298827342,0.932213557288542
"Co",5432,9.92235996683812,0.268346330733853
"Co",5433,8.32675128679213,0.450909818036393
"Co",5434,5.78120693273598,0.836432713457309
"Co",5435,5.42523400881083,0.877024595080984
"Co",5436,9.47330113327956,0.313137372525495
"Co",5437,12.3065036736751,0.106178764247151
"Co",5438,4.89775311861595,0.930413917216557
"Co",5439,3.94617681558697,0.982803439312138
"Co",5440,4.35387582893412,0.966806638672266
"Co",5441,7.70445082014874,0.543491301739652
"Co",5442,7.38932739506882,0.593881223755249
"Co",5443,9.26034256326443,0.338332333533293
"Co",5444,9.95406141793231,0.265346930613877
"Co",5445,8.51356288302645,0.425914817036593
"Co",5446,7.59255646902616,0.562087582483503
"Co",5447,7.92445505372612,0.5124975004999
"Co",5448,10.6374257924452,0.202759448110378
"Co",5449,5.74446466777181,0.840831833633273
"Co",5450,11.7553207847166,0.132173565286943
"Co",5451,7.59946958137596,0.559888022395521
"Co",5452,5.7540412728595,0.84003199360128
"Co",5453,10.8776367227561,0.185362927414517
"Co",5454,13.7294792625657,0.0567886422715457
"Co",5455,12.1604753323962,0.114177164567087
"Co",5456,13.9661181487587,0.0511897620475905
"Co",5457,7.92341177787176,0.512697460507898
"Co",5458,8.59486093448447,0.415116976604679
"Co",5459,6.86801216935623,0.679464107178564
"Co",5460,2.89720974543634,0.998200359928014
"Co",5461,7.69438434328782,0.545290941811638
"Co",5462,6.17085339483774,0.784243151369726
"Co",5463,7.58878616804057,0.562687462507498
"Co",5464,4.85942843354371,0.933613277344531
"Co",5465,5.82584551572646,0.832233553289342
"Co",5466,11.0663175162969,0.171965606878624
"Co",5467,3.89767574645674,0.98380323935213
"Co",5468,6.65704154348555,0.710057988402319
"Co",5469,11.368725249837,0.155168966206759
"Co",5470,8.41106758723751,0.437712457508498
"Co",5471,8.93626291469801,0.373125374925015
"Co",5472,12.0911659070914,0.116776644671066
"Co",5473,7.69841711421964,0.544691061787642
"Co",5474,8.99755992823427,0.364927014597081
"Co",5475,11.8414751618834,0.127974405118976
"Co",5476,9.12608452625526,0.352129574085183
"Co",5477,8.69744581344433,0.401319736052789
"Co",5478,5.81218986682103,0.833233353329334
"Co",5479,7.17662790274952,0.627874425114977
"Co",5480,5.36595561039638,0.883423315336933
"Co",5481,7.71044294837964,0.543291341731654
"Co",5482,7.61987276261488,0.557288542291542
"Co",5483,9.48176445207454,0.312337532493501
"Co",5484,11.9423149413628,0.12377524495101
"Co",5485,10.6997013946085,0.198360327934413
"Co",5486,4.93226677902851,0.925414917016597
"Co",5487,7.20473856128277,0.623075384923015
"Co",5488,6.63421459254192,0.712857428514297
"Co",5489,5.18185971472155,0.903219356128774
"Co",5490,9.43942506604847,0.317936412717456
"Co",5491,10.875644922012,0.185362927414517
"Co",5492,7.54179635324445,0.570685862827434
"Co",5493,7.00917529446704,0.655468906218756
"Co",5494,5.80542295609303,0.833433313337333
"Co",5495,5.76632672316255,0.838232353529294
"Co",5496,10.1760763154121,0.241551689662068
"Co",5497,4.45141018509705,0.961807638472306
"Co",5498,8.74418110783992,0.395320935812837
"Co",5499,10.0538874035224,0.254749050189962
"Co",5500,6.90650288920924,0.673465306938612
"Co",5501,11.8080382078938,0.129374125174965
"Co",5502,7.38539797297011,0.594281143771246
"Co",5503,6.58229106280473,0.72125574885023
"Co",5504,17.484245686032,0.0105978804239152
"Co",5505,7.21755828899958,0.619676064787043
"Co",5506,7.59829196107904,0.560287942411518
"Co",5507,9.85558416720588,0.275344931013797
"Co",5508,11.6847151911076,0.135372925414917
"Co",5509,7.99217330145035,0.502899420115977
"Co",5510,3.63477942236935,0.99000199960008
"Co",5511,6.21792911970061,0.777044591081784
"Co",5512,9.806591814272,0.27994401119776
"Co",5513,13.142257550944,0.0719856028794241
"Co",5514,9.77407627503233,0.282943411317736
"Co",5515,5.78370978143141,0.836432713457309
"Co",5516,8.34886580691395,0.447310537892422
"Co",5517,6.32658766417291,0.762247550489902
"Co",5518,10.2168216940971,0.237152569486103
"Co",5519,8.02656555691712,0.49630073985203
"Co",5520,6.71186575929693,0.703059388122376
"Co",5521,6.82743587419299,0.686062787442511
"Co",5522,3.37045442127277,0.994801039792042
"Co",5523,9.83932142229108,0.276944611077784
"Co",5524,5.79723088198119,0.834433113377325
"Co",5525,7.15614991232187,0.631873625274945
"Co",5526,10.6113695855842,0.204359128174365
"Co",5527,6.12108558062803,0.79244151169766
"Co",5528,14.9206076229924,0.0357928414317137
"Co",5529,13.6765943816634,0.0579884023195361
"Co",5530,10.0937792714402,0.250749850029994
"Co",5531,12.6388082542229,0.0941811637672466
"Co",5532,7.81307034486886,0.528294341131774
"Co",5533,6.05241553995552,0.803039392121576
"Co",5534,7.51942086956532,0.573285342931414
"Co",5535,8.57047096421275,0.418316336732653
"Co",5536,4.57010298849906,0.954609078184363
"Co",5537,7.51334004711828,0.575284943011398
"Co",5538,4.11020755874881,0.977604479104179
"Co",5539,6.72997139180811,0.700259948010398
"Co",5540,6.85992282959867,0.68126374725055
"Co",5541,11.3291477480032,0.156368726254749
"Co",5542,4.98535679080231,0.920215956808638
"Co",5543,9.26584935184385,0.337732453509298
"Co",5544,3.93353070737578,0.982803439312138
"Co",5545,13.0624129818206,0.0749850029994001
"Co",5546,5.38088550999819,0.882423515296941
"Co",5547,10.305597567707,0.227354529094181
"Co",5548,7.27202307236627,0.6124775044991
"Co",5549,7.92489679197104,0.512297540491902
"Co",5550,7.62752574277292,0.556088782243551
"Co",5551,6.65460380604901,0.710057988402319
"Co",5552,15.2036548368878,0.0317936412717457
"Co",5553,5.86978238297513,0.826834633073385
"Co",5554,6.21425118603386,0.777844431113777
"Co",5555,3.63294909853158,0.99000199960008
"Co",5556,8.16892061368162,0.474905018996201
"Co",5557,9.91768554310354,0.26874625074985
"Co",5558,7.75686887371884,0.536692661467706
"Co",5559,6.48881275438836,0.736852629474105
"Co",5560,6.39536257376454,0.750649870025995
"Co",5561,5.6479689001317,0.851829634073185
"Co",5562,10.7914846079615,0.193161367726455
"Co",5563,10.7117881432494,0.198160367926415
"Co",5564,7.1402480350788,0.633473305338932
"Co",5565,6.49752554710969,0.735452909418116
"Co",5566,6.8250902449341,0.686662667466507
"Co",5567,9.01036203080449,0.363127374525095
"Co",5568,15.6063451924235,0.0257948410317936
"Co",5569,6.79103494764277,0.691661667666467
"Co",5570,11.5623039693662,0.141371725654869
"Co",5571,10.8128233489385,0.191761647670466
"Co",5572,21.8353387677555,0.0017996400719856
"Co",5573,9.45069877031156,0.316136772645471
"Co",5574,7.31563544780127,0.606478704259148
"Co",5575,12.2495020532664,0.10877824435113
"Co",5576,8.48893482062095,0.428314337132573
"Co",5577,6.45210303683274,0.742251549690062
"Co",5578,9.12343085763021,0.352129574085183
"Co",5579,5.69701007338585,0.847030593881224
"Co",5580,9.68510993080551,0.29374125174965
"Co",5581,5.49139548953804,0.868026394721056
"Co",5582,8.14572208193349,0.478904219156169
"Co",5583,6.28010221098259,0.768846230753849
"Co",5584,6.7700193608737,0.694461107778444
"Co",5585,13.303825901021,0.0665866826634673
"Co",5586,7.11909349040764,0.6374725054989
"Co",5587,8.5212344937608,0.424915016996601
"Co",5588,14.7674200925563,0.0365926814637073
"Co",5589,6.99007018393098,0.658868226354729
"Co",5590,9.59071736566477,0.30373925214957
"Co",5591,11.2197715967728,0.164167166566687
"Co",5592,11.1756416025058,0.166566686662667
"Co",5593,6.12223087555662,0.791841631673665
"Co",5594,6.0087792143608,0.809038192361528
"Co",5595,10.6719222772927,0.200159968006399
"Co",5596,11.2422569741025,0.162767446510698
"Co",5597,7.09372601021832,0.64247150569886
"Co",5598,11.6311203591939,0.137372525494901
"Co",5599,6.29909001466575,0.765846830633873
"Co",5600,15.9523986947166,0.0227954409118176
"Co",5601,3.84789018756774,0.985402919416117
"Co",5602,12.335020963689,0.10497900419916
"Co",5603,8.06664377142144,0.491101779644071
"Co",5604,6.46364713088286,0.740851829634073
"Co",5605,7.07559265811844,0.646070785842831
"Co",5606,14.5082836778138,0.0407918416316737
"Co",5607,9.95286119702571,0.265346930613877
"Co",5608,9.53350535019743,0.309138172365527
"Co",5609,9.55709977731848,0.307138572285543
"Co",5610,6.30407046362734,0.76504699060188
"Co",5611,13.3913896501448,0.0653869226154769
"Co",5612,7.72706513067976,0.540491901619676
"Co",5613,5.00094187060827,0.919016196760648
"Co",5614,3.91296122921072,0.983003399320136
"Co",5615,4.92766427029329,0.92621475704859
"Co",5616,5.41495087344973,0.877824435112977
"Co",5617,15.0556872610377,0.0341931613677265
"Co",5618,7.91755246953892,0.513297340531894
"Co",5619,7.19698029390929,0.624275144971006
"Co",5620,7.68430784300844,0.54629074185163
"Co",5621,5.39814868226617,0.881423715256949
"Co",5622,5.85193447130519,0.829234153169366
"Co",5623,6.55114618891187,0.725254949010198
"Co",5624,9.58933141882989,0.30373925214957
"Co",5625,7.51068829427939,0.576084783043391
"Co",5626,4.27269753328358,0.969806038792242
"Co",5627,7.21974360661315,0.619676064787043
"Co",5628,8.40573292734177,0.43871225754849
"Co",5629,7.00193242374243,0.657068586282743
"Co",5630,4.10952909998238,0.977604479104179
"Co",5631,5.41392770128266,0.878024395120976
"Co",5632,7.71811361589778,0.542091581683663
"Co",5633,5.40630572994266,0.879424115176965
"Co",5634,6.45034071420133,0.74245150969806
"Co",5635,10.2437000751565,0.233953209358128
"Co",5636,8.94881657255763,0.370325934813037
"Co",5637,7.4334104466418,0.586882623475305
"Co",5638,8.57881276940518,0.417116576684663
"Co",5639,8.00084302258725,0.501699660067986
"Co",5640,9.17549220115581,0.346930613877225
"Co",5641,8.43612028411698,0.434113177364527
"Co",5642,7.31703523099924,0.606078784243151
"Co",5643,8.0586502825644,0.491901619676065
"Co",5644,9.03039362749266,0.361727654469106
"Co",5645,9.86528164836292,0.274145170965807
"Co",5646,9.96882756340264,0.261947610477904
"Co",5647,6.00846801474191,0.809038192361528
"Co",5648,16.1549776805867,0.0211957608478304
"Co",5649,6.39166850066928,0.751049790041992
"Co",5650,13.7838850423034,0.0551889622075585
"Co",5651,12.1272351028802,0.115776844631074
"Co",5652,11.0268259586305,0.174565086982603
"Co",5653,10.3742587042449,0.221955608878224
"Co",5654,4.2177880927764,0.97380523895221
"Co",5655,5.73397783393793,0.842031593681264
"Co",5656,11.0475399888095,0.173565286942611
"Co",5657,7.9943032670115,0.50249950009998
"Co",5658,4.86446777660765,0.932613477304539
"Co",5659,7.73485311231229,0.539292141571686
"Co",5660,9.64641497165056,0.298540291941612
"Co",5661,10.1797290018995,0.241151769646071
"Co",5662,10.0146111765021,0.258348330333933
"Co",5663,9.11841153790053,0.352729454109178
"Co",5664,7.38927283032908,0.593881223755249
"Co",5665,5.59688029622421,0.857628474305139
"Co",5666,10.9867211430351,0.177164567086583
"Co",5667,4.9898515872035,0.92001599680064
"Co",5668,11.2989400064772,0.15996800639872
"Co",5669,6.60315641244682,0.718256348730254
"Co",5670,15.6436420655985,0.0257948410317936
"Co",5671,6.07764763636447,0.798840231953609
"Co",5672,7.66626766582493,0.549490101979604
"Co",5673,6.73442284108179,0.699660067986403
"Co",5674,5.56160913013994,0.861027794441112
"Co",5675,9.53955079053927,0.308538292341532
"Co",5676,8.17056089236678,0.474505098980204
"Co",5677,8.39059283830966,0.440511897620476
"Co",5678,7.79947009560195,0.529894021195761
"Co",5679,5.00756363859446,0.918416316736653
"Co",5680,10.607814525609,0.204359128174365
"Co",5681,5.76519794329869,0.838432313537293
"Co",5682,12.106241646128,0.116576684663067
"Co",5683,8.56651880058519,0.419116176764647
"Co",5684,5.92167036762109,0.82123575284943
"Co",5685,7.70923171229006,0.543491301739652
"Co",5686,7.98437512291721,0.504499100179964
"Co",5687,6.1364987505799,0.789042191561688
"Co",5688,10.1574926069231,0.244751049790042
"Co",5689,4.81213419779749,0.93881223755249
"Co",5690,8.80020459800403,0.387322535492901
"Co",5691,5.29757619008834,0.891021795640872
"Co",5692,8.7046494475361,0.399320135972805
"Co",5693,5.50756119633769,0.866426714657069
"Co",5694,6.29566363392489,0.766646670665867
"Co",5695,4.79566170176562,0.939212157568486
"Co",5696,8.36309384517148,0.445710857828434
"Co",5697,18.0689516396667,0.00879824035192961
"Co",5698,20.4882903056987,0.00379924015196961
"Co",5699,10.8977152933099,0.18376324735053
"Co",5700,7.87218394799055,0.518496300739852
"Co",5701,13.2921917617812,0.0673865226954609
"Co",5702,8.89687718416032,0.377324535092981
"Co",5703,8.80233777108759,0.386722655468906
"Co",5704,5.66822361068259,0.849830033993201
"Co",5705,8.7874497316437,0.389722055588882
"Co",5706,6.39036379810256,0.751449710057988
"Co",5707,11.2940338080146,0.160367926414717
"Co",5708,12.4572907355453,0.0997800439912018
"Co",5709,13.347546036163,0.0659868026394721
"Co",5710,10.7963157547363,0.193161367726455
"Co",5711,8.6622170891122,0.405518896220756
"Co",5712,6.49827561268131,0.735452909418116
"Co",5713,6.06101574064809,0.801639672065587
"Co",5714,6.82286615166856,0.687262547490502
"Co",5715,7.10515764237641,0.640471905618876
"Co",5716,10.511653375996,0.211357728454309
"Co",5717,6.72287570419968,0.702059588082384
"Co",5718,12.4044765997812,0.101179764047191
"Co",5719,14.5598179811948,0.0397920415916817
"Co",5720,15.2709549385162,0.0311937612477504
"Co",5721,9.77593262618984,0.282743451309738
"Co",5722,4.06816122723114,0.979004199160168
"Co",5723,9.15091073646946,0.349730053989202
"Co",5724,13.3742853466821,0.0653869226154769
"Co",5725,7.21647591322507,0.619876024795041
"Co",5726,6.08928228045005,0.797040591881624
"Co",5727,8.45529688755977,0.432313537292542
"Co",5728,7.18106855780869,0.627074585082983
"Co",5729,10.2671522826333,0.231153769246151
"Co",5730,6.52774459544001,0.729054189162168
"Co",5731,8.26613398009971,0.459908018396321
"Co",5732,8.85392734127669,0.382123575284943
"Co",5733,15.1888773256416,0.0321935612877425
"Co",5734,7.83709386648039,0.524495100979804
"Co",5735,9.88652060446105,0.272345530893821
"Co",5736,9.89664312542638,0.271145770845831
"Co",5737,11.828542871016,0.128974205158968
"Co",5738,6.54533307931493,0.726454709058188
"Co",5739,7.73767638347897,0.538492301539692
"Co",5740,6.85260588341924,0.682263547290542
"Co",5741,6.46041733534085,0.741651669666067
"Co",5742,5.59304903075758,0.857828434313137
"Co",5743,8.57070594820627,0.418316336732653
"Co",5744,5.91117962527076,0.821635672865427
"Co",5745,11.5821113576175,0.139772045590882
"Co",5746,17.5490409272819,0.0103979204159168
"Co",5747,8.91977147881769,0.374325134973005
"Co",5748,10.703841094296,0.198360327934413
"Co",5749,5.72061296816591,0.844031193761248
"Co",5750,4.48205817285253,0.960607878424315
"Co",5751,8.65388056077569,0.405918816236753
"Co",5752,13.4185954225046,0.0651869626074785
"Co",5753,13.8066572193862,0.0549890021995601
"Co",5754,4.15234616643687,0.976604679064187
"Co",5755,7.39727775701698,0.592281543691262
"Co",5756,11.4635286220283,0.147170565886823
"Co",5757,6.97589389121899,0.661867626474705
"Co",5758,11.2143897675418,0.164367126574685
"Co",5759,7.18629899834127,0.625674865026995
"Co",5760,4.44842031313945,0.961807638472306
"Co",5761,8.62527190040836,0.411117776444711
"Co",5762,7.3487511728074,0.599680063987203
"Co",5763,7.47705624903409,0.581683663267347
"Co",5764,6.12802210893571,0.79004199160168
"Co",5765,13.1279606353082,0.0727854429114177
"Co",5766,7.01422195825921,0.654469106178764
"Co",5767,8.30813243906968,0.454309138172366
"Co",5768,8.3498298292823,0.446910617876425
"Co",5769,6.33815207309877,0.760247950409918
"Co",5770,13.5119764298334,0.0617876424715057
"Co",5771,10.3190788489903,0.226154769046191
"Co",5772,8.15255262164416,0.477304539092182
"Co",5773,5.0580888226005,0.914817036592681
"Co",5774,7.65748554686255,0.551089782043591
"Co",5775,11.4566392698734,0.147970405918816
"Co",5776,4.65993421549561,0.949010197960408
"Co",5777,10.7245944005112,0.197360527894421
"Co",5778,7.64971784631518,0.55248950209958
"Co",5779,7.79701911010235,0.529894021195761
"Co",5780,6.46920424585221,0.739852029594081
"Co",5781,5.09187268037792,0.912217556488702
"Co",5782,9.10239385705657,0.354929014197161
"Co",5783,6.72595789205167,0.70125974805039
"Co",5784,9.61810988692548,0.300139972005599
"Co",5785,12.678280468201,0.0927814437112578
"Co",5786,7.55192121040946,0.568886222755449
"Co",5787,9.1794465628455,0.346530693861228
"Co",5788,8.13026517178892,0.482103579284143
"Co",5789,5.83351667377758,0.830833833233353
"Co",5790,7.92858982631154,0.511497700459908
"Co",5791,6.05605987294393,0.802039592081584
"Co",5792,9.89270110906696,0.271545690861828
"Co",5793,10.1708297577368,0.242351529694061
"Co",5794,7.06295014692242,0.648270345930814
"Co",5795,10.8387583367111,0.18876224755049
"Co",5796,3.8880973782307,0.984003199360128
"Co",5797,4.8512751458087,0.934613077384523
"Co",5798,8.4231784217468,0.435312937412517
"Co",5799,5.90153634741191,0.823235352929414
"Co",5800,6.01010445249769,0.808838232353529
"Co",5801,7.3229322381527,0.605278944211158
"Co",5802,4.49513455176552,0.96000799840032
"Co",5803,8.71600083234668,0.397720455908818
"Co",5804,9.49649442828988,0.311337732453509
"Co",5805,9.42217940170421,0.319336132773445
"Co",5806,6.25791676103535,0.771045790841832
"Co",5807,7.41207202481922,0.589882023595281
"Co",5808,10.6424006541083,0.202159568086383
"Co",5809,6.67689623187005,0.70745850829834
"Co",5810,9.10229703964032,0.354929014197161
"Co",5811,10.1349585123812,0.246950609878024
"Co",5812,5.2007156461184,0.901419716056789
"Co",5813,6.05856290532944,0.801839632073585
"Co",5814,5.8949818969696,0.823635272945411
"Co",5815,17.0306118234969,0.013997200559888
"Co",5816,5.12654744497186,0.909218156368726
"Co",5817,8.29794406107177,0.455908818236353
"Co",5818,8.9105587132378,0.375524895020996
"Co",5819,5.81406326366024,0.833233353329334
"Co",5820,9.33178949524606,0.329334133173365
"Co",5821,4.38799261201922,0.964607078584283
"Co",5822,5.1945345900873,0.901819636072785
"Co",5823,9.03272588987591,0.361727654469106
"Co",5824,9.42873786070629,0.31873625274945
"Co",5825,6.97334849125284,0.662067586482703
"Co",5826,9.69784542783469,0.292141571685663
"Co",5827,6.15324671074859,0.78624275144971
"Co",5828,7.68710279644742,0.545690861827634
"Co",5829,12.9099878904732,0.0803839232153569
"Co",5830,9.79528717750921,0.280743851229754
"Co",5831,8.65360237544365,0.405918816236753
"Co",5832,10.3964750031176,0.21995600879824
"Co",5833,9.52501393801177,0.309738052389522
"Co",5834,7.87669957986719,0.518496300739852
"Co",5835,11.4936613001282,0.14497100579884
"Co",5836,8.74320568879824,0.395320935812837
"Co",5837,7.73505120572949,0.539292141571686
"Co",5838,9.5489300586521,0.30753849230154
"Co",5839,4.9868357000835,0.920215956808638
"Co",5840,7.4813738855961,0.581083783243351
"Co",5841,7.66355328313082,0.550289942011598
"Co",5842,6.79262279491616,0.691061787642472
"Co",5843,5.85397996022755,0.828834233153369
"Co",5844,8.73372533202539,0.396120775844831
"Co",5845,11.7853795902958,0.130773845230954
"Co",5846,10.026535229749,0.257148570285943
"Co",5847,10.2273309183886,0.23495300939812
"Co",5848,9.04120914019995,0.360727854429114
"Co",5849,7.8752223609923,0.518496300739852
"Co",5850,5.05258333714718,0.91501699660068
"Co",5851,7.54506809493751,0.570285942811438
"Co",5852,8.05558446580204,0.492101579684063
"Co",5853,5.50642609188549,0.866826634673065
"Co",5854,7.71443267994272,0.54249150169966
"Co",5855,11.8970153109871,0.124975004999
"Co",5856,7.32026377314008,0.605678864227155
"Co",5857,6.51952354308975,0.729854029194161
"Co",5858,5.80603743504736,0.833433313337333
"Co",5859,6.62043247732581,0.715656868626275
"Co",5860,8.57387760492722,0.417716456708658
"Co",5861,8.96650822445045,0.36872625474905
"Co",5862,11.9192739716456,0.123975204959008
"Co",5863,6.86092680155113,0.680663867226555
"Co",5864,6.07031684301162,0.799440111977604
"Co",5865,4.76553874761774,0.941811637672465
"Co",5866,7.00094136247094,0.657268546290742
"Co",5867,8.6446529291332,0.40751849630074
"Co",5868,4.29383032634414,0.968406318736253
"Co",5869,8.85429806578121,0.381923615276945
"Co",5870,12.7119042580859,0.0905818836232753
"Co",5871,6.97201256876579,0.662067586482703
"Co",5872,7.83442487149392,0.525094981003799
"Co",5873,5.39715754216526,0.881623675264947
"Co",5874,6.06160091764627,0.801639672065587
"Co",5875,12.3555952845722,0.103579284143171
"Co",5876,9.18954370712441,0.345130973805239
"Co",5877,5.76177678779177,0.838832233553289
"Co",5878,8.43449134108047,0.434113177364527
"Co",5879,9.50666324013272,0.310737852429514
"Co",5880,10.698175840045,0.198560287942412
"Co",5881,10.0267838075654,0.256948610277944
"Co",5882,11.3559238410006,0.155568886222755
"Co",5883,4.12303253278745,0.977004599080184
"Co",5884,8.53019019771546,0.423115376924615
"Co",5885,8.78354184159005,0.390121975604879
"Co",5886,8.78367431908632,0.390121975604879
"Co",5887,6.56977205325764,0.722855428914217
"Co",5888,10.4184653001051,0.218556288742252
"Co",5889,7.30366532579794,0.608478304339132
"Co",5890,7.43900097295767,0.58628274345131
"Co",5891,9.96414873646205,0.262747450509898
"Co",5892,6.24253668300622,0.773045390921816
"Co",5893,8.13025956110633,0.482103579284143
"Co",5894,14.1408553036856,0.0463907218556289
"Co",5895,4.44397370434805,0.961807638472306
"Co",5896,6.8976767320122,0.675064987002599
"Co",5897,4.05319164973776,0.979604079184163
"Co",5898,4.44421717055647,0.961807638472306
"Co",5899,9.22880382206458,0.34253149370126
"Co",5900,5.12189437863799,0.91001799640072
"Co",5901,4.93565274085287,0.9250149970006
"Co",5902,6.26076798086012,0.770445910817836
"Co",5903,5.78591630603691,0.836032793441312
"Co",5904,14.148730921719,0.0463907218556289
"Co",5905,8.01789071940465,0.499100179964007
"Co",5906,7.10641687365194,0.640071985602879
"Co",5907,6.03425472255239,0.804239152169566
"Co",5908,5.60138079288581,0.857028594281144
"Co",5909,7.76075164944658,0.53629274145171
"Co",5910,6.49406817498911,0.736052789442112
"Co",5911,6.89241276440713,0.675464907018596
"Co",5912,8.91149597637806,0.375524895020996
"Co",5913,6.77370192884129,0.694261147770446
"Co",5914,7.14765422234257,0.632673465306939
"Co",5915,5.6056329481813,0.857028594281144
"Co",5916,4.51597206610279,0.958008398320336
"Co",5917,5.71292960356064,0.844631073785243
"Co",5918,7.58969241168913,0.5624875024995
"Co",5919,9.7419731954476,0.287742451509698
"Co",5920,6.01794762208101,0.80743851229754
"Co",5921,5.82033033512602,0.832633473305339
"Co",5922,7.26609655121808,0.613677264547091
"Co",5923,16.0451984133917,0.0217956408718256
"Co",5924,4.56860525957961,0.955208958208358
"Co",5925,10.3184056312226,0.226154769046191
"Co",5926,7.72297974069386,0.541491701659668
"Co",5927,7.15657230623304,0.631673665266947
"Co",5928,10.2417437725126,0.234153169366127
"Co",5929,9.65453280233183,0.297340531893621
"Co",5930,13.0550517334067,0.0749850029994001
"Co",5931,11.739850148576,0.132773445310938
"Co",5932,4.30959366258799,0.968006398720256
"Co",5933,3.60269080720161,0.990601879624075
"Co",5934,6.90746370173514,0.673465306938612
"Co",5935,6.79425615832372,0.690661867626475
"Co",5936,6.86805814690177,0.679464107178564
"Co",5937,10.6987054300698,0.198560287942412
"Co",5938,9.25567647319482,0.33873225354929
"Co",5939,8.11973442007556,0.483903219356129
"Co",5940,6.02032838888508,0.807238552289542
"Co",5941,6.03839416647389,0.804039192161568
"Co",5942,7.51162285047923,0.575884823035393
"Co",5943,17.2658210695961,0.011997600479904
"Co",5944,10.5798247220302,0.205958808238352
"Co",5945,6.93534875618994,0.669266146770646
"Co",5946,5.61604810005684,0.855428914217157
"Co",5947,14.5212389938366,0.0401919616076785
"Co",5948,9.02231676282994,0.362327534493101
"Co",5949,5.22918491739354,0.896820635872825
"Co",5950,7.49600511823573,0.579484103179364
"Co",5951,9.13299653186201,0.351929614077185
"Co",5952,7.15366836651614,0.632273545290942
"Co",5953,7.76814235988539,0.536092781443711
"Co",5954,8.02354478120805,0.49750049990002
"Co",5955,16.2244108332596,0.0207958408318336
"Co",5956,11.4090718020545,0.150769846030794
"Co",5957,6.38263356103019,0.75244951009798
"Co",5958,8.26633302630631,0.459908018396321
"Co",5959,7.55726782672915,0.568086382723455
"Co",5960,8.92723934632588,0.373925214957009
"Co",5961,9.82605044148784,0.278344331133773
"Co",5962,7.78009870264742,0.534093181363727
"Co",5963,9.23961192596934,0.341931613677265
"Co",5964,12.2690144772224,0.107978404319136
"Co",5965,7.852158398228,0.521695660867826
"Co",5966,12.0918068285916,0.116776644671066
"Co",5967,6.34342425692378,0.759048190361928
"Co",5968,6.8521754255826,0.682263547290542
"Co",5969,9.14498339284825,0.350329934013197
"Co",5970,10.7808821608861,0.193361327734453
"Co",5971,15.8774220081839,0.0237952409518096
"Co",5972,6.47679211640721,0.738452309538092
"Co",5973,9.21821152620387,0.343131373725255
"Co",5974,8.91865130275593,0.374325134973005
"Co",5975,12.1130083812824,0.116576684663067
"Co",5976,9.58141108049631,0.304139172165567
"Co",5977,8.15643437389889,0.476504699060188
"Co",5978,12.3952302426769,0.101379724055189
"Co",5979,8.4458908371528,0.433313337332533
"Co",5980,10.2250676810922,0.235352929414117
"Co",5981,8.22360736301977,0.46750649870026
"Co",5982,8.17198061723769,0.474505098980204
"Co",5983,10.9494786855289,0.180563887222555
"Co",5984,5.46175458990518,0.87122575484903
"Co",5985,8.42208732192341,0.435512897420516
"Co",5986,16.5412159008003,0.0183963207358528
"Co",5987,10.1776776748,0.241151769646071
"Co",5988,8.87187206230271,0.380323935212957
"Co",5989,8.45614771289402,0.432313537292542
"Co",5990,15.2764763205366,0.030993801239752
"Co",5991,5.17204222257223,0.904819036192761
"Co",5992,6.41524683517292,0.747850429914017
"Co",5993,6.43180705616919,0.745850829834033
"Co",5994,10.4116903966013,0.21875624875025
"Co",5995,9.2963399873253,0.332933413317337
"Co",5996,6.96416640474627,0.663667266546691
"Co",5997,9.28498209662339,0.334933013397321
"Co",5998,6.49144449027884,0.736452709458108
"Co",5999,9.37492546187815,0.325534893021396
"Co",6000,14.1573060912308,0.0459908018396321
"Co",6001,8.31303097366379,0.452709458108378
"Co",6002,12.1993130381502,0.111777644471106
"Co",6003,5.55448513714242,0.861827634473105
"Co",6004,13.5830093769522,0.0601879624075185
"Co",6005,6.6461052741337,0.71125774845031
"Co",6006,8.89092590072644,0.377724455108978
"Co",6007,10.3852928213103,0.220955808838232
"Co",6008,4.94721016823107,0.923215356928614
"Co",6009,6.51899050656058,0.73005398920216
"Co",6010,14.3740663563223,0.0425914817036593
"Co",6011,9.49969171333862,0.311137772445511
"Co",6012,7.70408985917663,0.543491301739652
"Co",6013,6.94917926789063,0.666666666666667
"Co",6014,6.946775805172,0.667266546690662
"Co",6015,8.72512129038816,0.397120575884823
"Co",6016,8.88081334035965,0.379724055188962
"Co",6017,8.7913965691871,0.388322335532893
"Co",6018,9.41759546352051,0.31993601279744
"Co",6019,6.73342789464004,0.699660067986403
"Co",6020,10.4304092545999,0.218156368726255
"Co",6021,6.66289624400449,0.709258148370326
"Co",6022,11.3861284807801,0.152969406118776
"Co",6023,9.02512668156697,0.362327534493101
"Co",6024,9.650767122529,0.297940411917616
"Co",6025,3.57180216494004,0.991001799640072
"Co",6026,6.09465627139988,0.796440711857628
"Co",6027,5.0743841763738,0.913817236552689
"Co",6028,10.5369470094705,0.209158168366327
"Co",6029,4.97730264907793,0.921015796840632
"Co",6030,10.0345506880103,0.256148770245951
"Co",6031,11.2608181032848,0.161767646470706
"Co",6032,5.37884440889525,0.882623475304939
"Co",6033,10.1670747466449,0.243351329734053
"Co",6034,6.97179468606299,0.662067586482703
"Co",6035,7.7275753450896,0.540291941611678
"Co",6036,5.68536421460996,0.847830433913217
"Co",6037,11.9706694190474,0.121775644871026
"Co",6038,6.55956988735343,0.724655068986203
"Co",6039,6.07486128585376,0.799240151969606
"Co",6040,3.30710430194276,0.995200959808038
"Co",6041,10.5926932788494,0.205758848230354
"Co",6042,4.18878326811216,0.9750049990002
"Co",6043,8.48123890564997,0.429114177164567
"Co",6044,6.12066784196264,0.79244151169766
"Co",6045,11.8020102111096,0.129574085182963
"Co",6046,12.6163400194462,0.0949810037992402
"Co",6047,7.43867789924238,0.58628274345131
"Co",6048,8.01429053979507,0.499700059988002
"Co",6049,9.27662905969783,0.336332733453309
"Co",6050,4.05989253862026,0.979404119176165
"Co",6051,9.86522718057719,0.274145170965807
"Co",6052,5.43999476578153,0.875424915016997
"Co",6053,8.01975859290036,0.498500299940012
"Co",6054,11.9154708713188,0.123975204959008
"Co",6055,8.54905574163266,0.421515696860628
"Co",6056,23.0707209637885,0.000799840031993601
"Co",6057,6.19159132589704,0.78244351129774
"Co",6058,4.70984069912663,0.946810637872425
"Co",6059,9.95238370008894,0.265346930613877
"Co",6060,12.1897169127696,0.112377524495101
"Co",6061,5.67401512453378,0.849230153969206
"Co",6062,6.76347049306156,0.696060787842432
"Co",6063,5.34923343922046,0.88502299540092
"Co",6064,10.7817373697592,0.193361327734453
"Co",6065,17.0938979614851,0.0137972405518896
"Co",6066,6.98819543742164,0.659268146370726
"Co",6067,10.3564006150959,0.223555288942212
"Co",6068,11.8693438203245,0.126774645070986
"Co",6069,14.4669990067594,0.0411917616476705
"Co",6070,10.4382639484877,0.216956608678264
"Co",6071,3.90059768837361,0.98380323935213
"Co",6072,9.28688603485844,0.334733053389322
"Co",6073,7.3789920238091,0.595280943811238
"Co",6074,6.77279573483034,0.694261147770446
"Co",6075,6.01783231062242,0.80743851229754
"Co",6076,8.37682084092557,0.442711457708458
"Co",6077,5.96809131113085,0.815636872625475
"Co",6078,10.2904323881873,0.228954209158168
"Co",6079,7.14780375932739,0.632673465306939
"Co",6080,11.0621988993938,0.172765446910618
"Co",6081,5.70602484131788,0.845230953809238
"Co",6082,7.53067785192607,0.571685662867427
"Co",6083,5.05674648817052,0.91501699660068
"Co",6084,7.6509902621053,0.552289542091582
"Co",6085,6.07935296272169,0.798840231953609
"Co",6086,8.48762854180384,0.42871425714857
"Co",6087,12.9163464457505,0.0797840431913617
"Co",6088,9.82298922510108,0.278944211157768
"Co",6089,14.9052379972364,0.0357928414317137
"Co",6090,4.12786221074916,0.977004599080184
"Co",6091,9.5175626804764,0.309938012397521
"Co",6092,9.04831049426917,0.359728054389122
"Co",6093,10.8931125689494,0.183963207358528
"Co",6094,7.86316945971652,0.519296140771846
"Co",6095,5.20547790268276,0.900419916016797
"Co",6096,5.67327285529126,0.849430113977205
"Co",6097,6.09326338573774,0.796640671865627
"Co",6098,12.6685889245805,0.0927814437112578
"Co",6099,5.4497316678098,0.873425314937013
"Co",6100,7.96160916428457,0.507098580283943
"Co",6101,9.31424614797268,0.331133773245351
"Co",6102,8.1138508764395,0.484303139372126
"Co",6103,6.73933813153076,0.698660267946411
"Co",6104,5.60037789060831,0.857028594281144
"Co",6105,8.30960741717558,0.454109178164367
"Co",6106,13.7029452288841,0.0579884023195361
"Co",6107,5.82846569561619,0.83123375324935
"Co",6108,14.3843918649252,0.0423915216956609
"Co",6109,9.62070236119638,0.299540091981604
"Co",6110,8.00876902665487,0.500899820035993
"Co",6111,6.96078733260532,0.664067186562687
"Co",6112,13.688574439876,0.0579884023195361
"Co",6113,10.1869535382409,0.240351929614077
"Co",6114,3.39631128810367,0.994601079784043
"Co",6115,9.2838349808861,0.335332933413317
"Co",6116,5.41801942179043,0.877424515096981
"Co",6117,9.17228784007136,0.34753049390122
"Co",6118,13.3641857491548,0.0659868026394721
"Co",6119,9.35148336146872,0.327934413117377
"Co",6120,6.19740197895348,0.780643871225755
"Co",6121,11.03366601512,0.17376524695061
"Co",6122,6.0773359925756,0.798840231953609
"Co",6123,11.4147706123482,0.150569886022795
"Co",6124,5.30410388869149,0.890421915616877
"Co",6125,6.43439449759464,0.74505098980204
"Co",6126,4.84641602230762,0.935612877424515
"Co",6127,5.09156863526505,0.912417516496701
"Co",6128,6.51699063123459,0.731453709258148
"Co",6129,13.3547119574788,0.0659868026394721
"Co",6130,6.25356555392793,0.77124575084983
"Co",6131,10.4888998245254,0.212957408518296
"Co",6132,4.86313875168847,0.933013397320536
"Co",6133,11.6580047911115,0.136772645470906
"Co",6134,12.1556350119691,0.114177164567087
"Co",6135,12.8481516226794,0.0841831633673265
"Co",6136,7.28373526427009,0.610677864427115
"Co",6137,5.15594627614468,0.906818636272746
"Co",6138,5.44352690528947,0.874625074985003
"Co",6139,7.76482750902125,0.536092781443711
"Co",6140,7.82228000379436,0.527094581083783
"Co",6141,7.28350042548919,0.610677864427115
"Co",6142,4.07980512243861,0.978404319136173
"Co",6143,5.21941834591792,0.898020395920816
"Co",6144,7.64375210152153,0.554089182163567
"Co",6145,8.06352614232989,0.491501699660068
"Co",6146,8.45256911479487,0.43251349730054
"Co",6147,7.23521705476162,0.618876224755049
"Co",6148,10.5591521236319,0.207958408318336
"Co",6149,5.72031959702309,0.844231153769246
"Co",6150,5.99945461723442,0.810237952409518
"Co",6151,10.4334571713054,0.21755648870226
"Co",6152,20.7365901122505,0.00359928014397121
"Co",6153,15.837040182753,0.0237952409518096
"Co",6154,10.0480584904357,0.255148970205959
"Co",6155,7.18669096838414,0.625674865026995
"Co",6156,13.016060886759,0.0763847230553889
"Co",6157,10.6816294580704,0.199760047990402
"Co",6158,9.67240129653661,0.295740851829634
"Co",6159,11.7734984090687,0.131573685262947
"Co",6160,7.10332341880482,0.640871825634873
"Co",6161,6.76188642065983,0.696060787842432
"Co",6162,10.7617830088962,0.194161167766447
"Co",6163,4.22848276629583,0.973005398920216
"Co",6164,5.99713884257403,0.810437912417517
"Co",6165,6.98313609253142,0.660267946410718
"Co",6166,5.16464178599634,0.905818836232753
"Co",6167,8.38532806734304,0.44131173765247
"Co",6168,5.61618027428855,0.855428914217157
"Co",6169,6.33356296768685,0.761047790441912
"Co",6170,8.47539995578711,0.430313937212558
"Co",6171,4.29272069224768,0.968406318736253
"Co",6172,4.23642753460777,0.972405518896221
"Co",6173,4.8636129050216,0.932813437312538
"Co",6174,8.07203294622971,0.490101979604079
"Co",6175,6.59886015480305,0.719056188762248
"Co",6176,5.00966743116777,0.918216356728654
"Co",6177,6.94387751786675,0.668066386722656
"Co",6178,8.34716128265933,0.447910417916417
"Co",6179,15.2757178873115,0.030993801239752
"Co",6180,9.97175930293665,0.261947610477904
"Co",6181,10.4685203700873,0.215556888622276
"Co",6182,10.9980023689742,0.176364727054589
"Co",6183,9.527444273367,0.309738052389522
"Co",6184,9.21695766352161,0.343531293741252
"Co",6185,5.99033529452498,0.811437712457509
"Co",6186,9.40093286262035,0.321135772845431
"Co",6187,11.601026723147,0.139372125574885
"Co",6188,6.86564317203133,0.679864027194561
"Co",6189,9.72018037155885,0.290341931613677
"Co",6190,7.64207506445223,0.554489102179564
"Co",6191,12.9165232878274,0.0797840431913617
"Co",6192,8.43684278011008,0.434113177364527
"Co",6193,4.60767966446218,0.952009598080384
"Co",6194,8.33702092867387,0.449710057988402
"Co",6195,7.41017413865873,0.590081983603279
"Co",6196,14.4719841616944,0.0411917616476705
"Co",6197,11.0740630545642,0.171765646870626
"Co",6198,14.8141254767559,0.0365926814637073
"Co",6199,5.60633242068533,0.856628674265147
"Co",6200,11.8290795649058,0.128974205158968
"Co",6201,15.9325964053661,0.0227954409118176
"Co",6202,8.47264862579189,0.430713857228554
"Co",6203,8.55940748425996,0.420715856828634
"Co",6204,7.88327839848139,0.517696460707858
"Co",6205,12.6432333486688,0.0937812437512497
"Co",6206,9.28711677480226,0.334733053389322
"Co",6207,2.60945778460672,0.999400119976005
"Co",6208,9.28637509431553,0.334733053389322
"Co",6209,5.96071074911748,0.816436712657469
"Co",6210,7.05168942516329,0.649870025994801
"Co",6211,9.01382467919785,0.363127374525095
"Co",6212,15.2531148941471,0.0311937612477504
"Co",6213,17.6144317576026,0.0101979604079184
"Co",6214,6.68848948786797,0.705258948210358
"Co",6215,9.54044462571576,0.308338332333533
"Co",6216,7.18242918556717,0.626874625074985
"Co",6217,4.37731575777931,0.965206958608278
"Co",6218,9.17358551138585,0.347130573885223
"Co",6219,4.61563341061517,0.951809638072385
"Co",6220,3.4193116381185,0.994401119776045
"Co",6221,9.07276708665501,0.357928414317137
"Co",6222,9.2289792416135,0.34253149370126
"Co",6223,11.0008701937872,0.176164767046591
"Co",6224,11.9246616451832,0.123975204959008
"Co",6225,12.2497016262315,0.10877824435113
"Co",6226,10.2073627536827,0.239152169566087
"Co",6227,6.70821248830708,0.703459308138372
"Co",6228,7.25323321422263,0.615876824635073
"Co",6229,8.30132969201634,0.455508898220356
"Co",6230,5.14207915552221,0.907818436312737
"Co",6231,6.0984766295995,0.796040791841632
"Co",6232,8.33055889181927,0.450509898020396
"Co",6233,9.61741376963607,0.300539892021596
"Co",6234,10.1821942015749,0.240551889622076
"Co",6235,11.4102776527739,0.150569886022795
"Co",6236,15.6186213267076,0.0257948410317936
"Co",6237,5.80502748513973,0.833433313337333
"Co",6238,11.9448954920416,0.123575284943011
"Co",6239,6.48126453333403,0.7374525094981
"Co",6240,6.45227240075104,0.742251549690062
"Co",6241,7.03307267086979,0.652069586082783
"Co",6242,7.65402889923402,0.551489702059588
"Co",6243,6.5311989802766,0.728654269146171
"Co",6244,8.26280655571071,0.460107978404319
"Co",6245,7.09431287718672,0.64247150569886
"Co",6246,16.7194559989113,0.0163967206558688
"Co",6247,5.33357130374196,0.886622675464907
"Co",6248,8.83629446474299,0.383523295340932
"Co",6249,6.04182180360212,0.803839232153569
"Co",6250,6.82374243884789,0.687062587482503
"Co",6251,6.61207370456268,0.717256548690262
"Co",6252,5.025648561162,0.916816636672665
"Co",6253,10.0844425272161,0.251549690061988
"Co",6254,11.3004949587807,0.159768046390722
"Co",6255,5.42899240828035,0.877024595080984
"Co",6256,11.6548441508401,0.136972605478904
"Co",6257,9.91331113102626,0.269346130773845
"Co",6258,10.7273633876208,0.197160567886423
"Co",6259,10.5311108607403,0.209558088382324
"Co",6260,5.97590117354841,0.814037192561488
"Co",6261,17.6582267870207,0.00979804039192162
"Co",6262,8.24218762386178,0.464507098580284
"Co",6263,8.32428125843003,0.451709658068386
"Co",6264,6.62888689287723,0.713857228554289
"Co",6265,5.19846666028414,0.901419716056789
"Co",6266,10.4697546356115,0.215556888622276
"Co",6267,6.14107529838162,0.788642271545691
"Co",6268,5.67673341916418,0.848830233953209
"Co",6269,15.7261478381969,0.0247950409918016
"Co",6270,10.5199013657614,0.210157968406319
"Co",6271,6.74025559054292,0.698460307938412
"Co",6272,6.9044245925418,0.673465306938612
"Co",6273,9.11242551957534,0.353529294141172
"Co",6274,12.5490483896052,0.0971805638872226
"Co",6275,9.17763415852838,0.346530693861228
"Co",6276,5.99042351512492,0.811437712457509
"Co",6277,9.17145406014779,0.34753049390122
"Co",6278,6.23455453214365,0.774245150969806
"Co",6279,4.02744483103498,0.980203959208158
"Co",6280,6.84873663592927,0.683263347330534
"Co",6281,9.56344713466646,0.306338732253549
"Co",6282,13.4365835294388,0.0647870425914817
"Co",6283,7.63374204152501,0.555288942211558
"Co",6284,4.98115854608992,0.920615876824635
"Co",6285,5.39698377123031,0.881623675264947
"Co",6286,11.7760469154639,0.131573685262947
"Co",6287,7.06536689359169,0.647670465906819
"Co",6288,7.1052308527787,0.640471905618876
"Co",6289,8.59532327598612,0.414717056588682
"Co",6290,6.1431669433143,0.787842431513697
"Co",6291,8.83829469820864,0.383523295340932
"Co",6292,5.73805417695496,0.841831633673265
"Co",6293,5.03938069978301,0.916016796640672
"Co",6294,6.16009090227479,0.785842831433713
"Co",6295,10.4212927606829,0.218556288742252
"Co",6296,7.70445844663431,0.543491301739652
"Co",6297,12.1163335000194,0.116576684663067
"Co",6298,5.66965608697274,0.849630073985203
"Co",6299,7.76008780028693,0.536492701459708
"Co",6300,4.62037111013183,0.951809638072385
"Co",6301,5.51882856245794,0.864827034593081
"Co",6302,4.76723580109206,0.941811637672465
"Co",6303,11.0508030475505,0.173365326934613
"Co",6304,9.6033672105435,0.303139372125575
"Co",6305,8.73909317209115,0.395720855828834
"Co",6306,9.89720825102273,0.271145770845831
"Co",6307,9.61952174407622,0.300139972005599
"Co",6308,7.0556660564994,0.649470105978804
"Co",6309,3.52868721110681,0.991601679664067
"Co",6310,5.90168557888322,0.823235352929414
"Co",6311,16.3805843598759,0.01999600079984
"Co",6312,9.72502822402856,0.290341931613677
"Co",6313,4.00380977378302,0.98120375924815
"Co",6314,4.92052444534417,0.927814437112577
"Co",6315,9.31368971015056,0.331133773245351
"Co",6316,7.43646803152285,0.586882623475305
"Co",6317,9.84463574250128,0.276344731053789
"Co",6318,4.66458631570771,0.948810237952409
"Co",6319,5.15847085225147,0.906418716256749
"Co",6320,10.3127197760125,0.226754649070186
"Co",6321,11.2331740584947,0.16376724655069
"Co",6322,8.71206549264471,0.398320335932813
"Co",6323,9.52636486220982,0.309738052389522
"Co",6324,5.40748762374164,0.879024195160968
"Co",6325,16.4526847652699,0.0193961207758448
"Co",6326,8.27391248027044,0.459508098380324
"Co",6327,6.34978931067579,0.757848430313937
"Co",6328,7.25753711091915,0.614477104579084
"Co",6329,4.73508940460206,0.944611077784443
"Co",6330,5.59174527406245,0.858028394321136
"Co",6331,8.42300303797296,0.435312937412517
"Co",6332,4.98871333272666,0.92001599680064
"Co",6333,15.1467873418511,0.0325934813037392
"Co",6334,7.54244111895551,0.570485902819436
"Co",6335,9.9890996776756,0.260347930413917
"Co",6336,4.57766367408024,0.953609278144371
"Co",6337,5.48925080583152,0.868426314737053
"Co",6338,4.56136040296116,0.956008798240352
"Co",6339,12.2302306116386,0.110777844431114
"Co",6340,6.92014392626331,0.671065786842632
"Co",6341,10.0949123775249,0.250749850029994
"Co",6342,4.2123645470347,0.97380523895221
"Co",6343,6.49296115865769,0.736052789442112
"Co",6344,4.69504946308226,0.947410517896421
"Co",6345,12.3129907852731,0.105778844231154
"Co",6346,10.6436142498302,0.201959608078384
"Co",6347,6.44764928824264,0.742651469706059
"Co",6348,6.87006931199289,0.678664267146571
"Co",6349,7.37476311920557,0.596080783843231
"Co",6350,6.04696874815156,0.803439312137572
"Co",6351,11.0295843455621,0.174165166966607
"Co",6352,7.25056589181162,0.616476704659068
"Co",6353,11.4178465761385,0.150569886022795
"Co",6354,9.80762065659962,0.27994401119776
"Co",6355,14.037336738931,0.0497900419916017
"Co",6356,11.1780007999715,0.166566686662667
"Co",6357,15.4460765604822,0.0271945610877824
"Co",6358,4.35689802148582,0.966606678664267
"Co",6359,9.21265160063953,0.34373125374925
"Co",6360,7.0653599424686,0.647670465906819
"Co",6361,14.1790719606131,0.0457908418316337
"Co",6362,5.37599213382771,0.882623475304939
"Co",6363,10.5124523175542,0.211157768446311
"Co",6364,5.83520284309753,0.830633873225355
"Co",6365,6.38092062466046,0.752849430113977
"Co",6366,8.92146899923492,0.374325134973005
"Co",6367,5.6654608892797,0.849830033993201
"Co",6368,12.7249858847564,0.0903819236152769
"Co",6369,13.5977739456722,0.0595880823835233
"Co",6370,9.48889876409379,0.311737652469506
"Co",6371,8.13394334399541,0.480903819236153
"Co",6372,6.77589716160534,0.694061187762448
"Co",6373,7.87377501709679,0.518496300739852
"Co",6374,8.92674984391243,0.373925214957009
"Co",6375,7.66471144828753,0.550289942011598
"Co",6376,7.26093438865166,0.614477104579084
"Co",6377,8.41821305875933,0.436312737452509
"Co",6378,8.32105579603939,0.452109578084383
"Co",6379,6.44494908467095,0.743251349730054
"Co",6380,7.6449813664274,0.553689262147571
"Co",6381,10.3313667427602,0.225554889022196
"Co",6382,5.98405684724986,0.812437512497501
"Co",6383,12.7956558929954,0.0869826034793041
"Co",6384,5.32708647464565,0.887022595480904
"Co",6385,6.55673079892733,0.724855028994201
"Co",6386,5.33249550858466,0.886622675464907
"Co",6387,7.43879611404296,0.58628274345131
"Co",6388,6.46628610884484,0.740651869626075
"Co",6389,7.09357862620641,0.642671465706859
"Co",6390,8.44427316020682,0.433313337332533
"Co",6391,9.2019963957477,0.344331133773245
"Co",6392,8.98236864249637,0.366926614677065
"Co",6393,7.99181341142329,0.502899420115977
"Co",6394,8.39530173355649,0.439112177564487
"Co",6395,5.64830582966707,0.851629674065187
"Co",6396,8.40304957661826,0.43871225754849
"Co",6397,9.82993594864521,0.277344531093781
"Co",6398,12.4845845526947,0.0985802839432114
"Co",6399,9.4952464160595,0.311337732453509
"Co",6400,6.17327159858237,0.784243151369726
"Co",6401,11.2033063793856,0.165366926614677
"Co",6402,10.8323227595334,0.190761847630474
"Co",6403,8.49869797997266,0.42751449710058
"Co",6404,5.16256346844136,0.905818836232753
"Co",6405,6.49021976209843,0.736652669466107
"Co",6406,7.87112863614064,0.51869626074785
"Co",6407,9.3120237600067,0.331333733253349
"Co",6408,14.3586565430639,0.0429914017196561
"Co",6409,14.4155745141961,0.0419916016796641
"Co",6410,5.18720885875115,0.902619476104779
"Co",6411,4.01345426873758,0.980403919216157
"Co",6412,5.35868092301584,0.884023195360928
"Co",6413,8.17403099119164,0.474305138972206
"Co",6414,10.9146187846426,0.182563487302539
"Co",6415,5.18216973157482,0.903219356128774
"Co",6416,6.36380913190982,0.754849030193961
"Co",6417,8.71060466947793,0.398520295940812
"Co",6418,15.104048988964,0.0329934013197361
"Co",6419,5.20744355226083,0.899420115976805
"Co",6420,8.93769209693914,0.372925414917017
"Co",6421,8.22341076318023,0.46750649870026
"Co",6422,14.0380096735651,0.0497900419916017
"Co",6423,6.03927902177259,0.804039192161568
"Co",6424,7.64354784198594,0.554289142171566
"Co",6425,7.70464235521018,0.543491301739652
"Co",6426,12.7698228028218,0.0879824035192961
"Co",6427,7.8590500512752,0.520095980803839
"Co",6428,6.62749903659136,0.713857228554289
"Co",6429,7.52201239942406,0.573085382923415
"Co",6430,5.74618991963177,0.840631873625275
"Co",6431,2.86233679415268,0.998400319936013
"Co",6432,7.98705123964893,0.503499300139972
"Co",6433,5.56336949284216,0.861027794441112
"Co",6434,7.11152572667149,0.639072185562887
"Co",6435,4.17277052718254,0.975604879024195
"Co",6436,6.74410474764377,0.698060387922416
"Co",6437,5.28023415204817,0.891621675664867
"Co",6438,8.11463697669197,0.484303139372126
"Co",6439,7.72599130290345,0.540491901619676
"Co",6440,9.71806145547433,0.290341931613677
"Co",6441,6.9397854267531,0.668866226754649
"Co",6442,6.49496997290164,0.736052789442112
"Co",6443,5.38606409579262,0.882023595280944
"Co",6444,7.95287007906191,0.507698460307938
"Co",6445,11.5995982443784,0.139572085582883
"Co",6446,9.66088838424642,0.297340531893621
"Co",6447,9.56101272634746,0.306338732253549
"Co",6448,8.45188316582804,0.43251349730054
"Co",6449,4.49582559471355,0.959808038392322
"Co",6450,3.38568309285165,0.994801039792042
"Co",6451,12.0290139771241,0.119376124775045
"Co",6452,6.19255171696202,0.782043591281744
"Co",6453,8.01653842884892,0.499300139972006
"Co",6454,6.35117472220512,0.757848430313937
"Co",6455,7.50336380317603,0.578284343131374
"Co",6456,6.50842469587496,0.733053389322136
"Co",6457,5.81385960229892,0.833233353329334
"Co",6458,21.0006783489096,0.0027994401119776
"Co",6459,8.68196339467286,0.403319336132773
"Co",6460,6.20540587079245,0.779644071185763
"Co",6461,18.2734294651302,0.00799840031993601
"Co",6462,8.53863928886818,0.422315536892621
"Co",6463,6.51401325677497,0.731853629274145
"Co",6464,7.65751164818064,0.551089782043591
"Co",6465,12.429662544256,0.0999800039992002
"Co",6466,4.11236901114071,0.977604479104179
"Co",6467,6.21123618428445,0.778244351129774
"Co",6468,17.7234154093816,0.00939812037592481
"Co",6469,8.49901737765293,0.42751449710058
"Co",6470,10.1192185601553,0.248950209958008
"Co",6471,10.5484672875923,0.208558288342332
"Co",6472,6.90363644913555,0.673865226954609
"Co",6473,6.67234587073787,0.708058388322336
"Co",6474,11.4765364951235,0.145970805838832
"Co",6475,10.2838837792085,0.229154169166167
"Co",6476,8.04841783435469,0.493501299740052
"Co",6477,13.2449301802104,0.0691861627674465
"Co",6478,7.17783654386432,0.627074585082983
"Co",6479,14.6565872598919,0.0385922815436913
"Co",6480,4.45231674502625,0.961807638472306
"Co",6481,13.0887782731781,0.0739852029594081
"Co",6482,8.77205074820156,0.391121775644871
"Co",6483,5.67512693231083,0.849030193961208
"Co",6484,5.88530743414782,0.825234953009398
"Co",6485,8.60740459329105,0.413917216556689
"Co",6486,8.2317340150399,0.465706858628274
"Co",6487,11.3379270639302,0.156368726254749
"Co",6488,8.54126523636978,0.422315536892621
"Co",6489,10.9430864187837,0.180563887222555
"Co",6490,8.40940351960938,0.437712457508498
"Co",6491,5.52192018722386,0.864627074585083
"Co",6492,25.6814955875869,0.0001999600079984
"Co",6493,9.05165722717035,0.359128174365127
"Co",6494,9.5462509537017,0.307738452309538
"Co",6495,12.747437388538,0.0883823235352929
"Co",6496,13.826662632741,0.0549890021995601
"Co",6497,7.37848131935598,0.595280943811238
"Co",6498,11.4766747687286,0.145970805838832
"Co",6499,7.23954387210034,0.618676264747051
"Co",6500,8.89549724279627,0.37752449510098
"Co",6501,4.01052244866037,0.981003799240152
"Co",6502,17.1257295892501,0.0137972405518896
"Co",6503,11.5539438572563,0.141771645670866
"Co",6504,7.52264487042481,0.572885422915417
"Co",6505,7.91404550187224,0.513497300539892
"Co",6506,7.26664028205968,0.613677264547091
"Co",6507,9.42441132505493,0.319136172765447
"Co",6508,7.61938082553877,0.557288542291542
"Co",6509,3.55457003026851,0.991401719656069
"Co",6510,17.7770946025756,0.00919816036792642
"Co",6511,7.84269859581653,0.523295340931814
"Co",6512,12.0538099974401,0.11877624475105
"Co",6513,7.62047531039858,0.557288542291542
"Co",6514,7.58064413532631,0.563487302539492
"Co",6515,3.35664704795423,0.994801039792042
"Co",6516,6.99815744876793,0.657868426314737
"Co",6517,7.35491449405663,0.599080183963207
"Co",6518,11.8718897388514,0.126374725054989
"Co",6519,5.38847019468835,0.882023595280944
"Co",6520,6.85021495297534,0.682863427314537
"Co",6521,8.1629600170629,0.475704859028194
"Co",6522,8.84468766047013,0.383123375324935
"Co",6523,6.98047015303507,0.660867826434713
"Co",6524,7.57918945027379,0.563887222555489
"Co",6525,7.05546908938231,0.649470105978804
"Co",6526,10.8647783833839,0.185762847430514
"Co",6527,7.30863329731156,0.60747850429914
"Co",6528,11.1147283973755,0.170165966806639
"Co",6529,6.9623843625626,0.663867226554689
"Co",6530,8.32299741055954,0.451909618076385
"Co",6531,7.24274377436208,0.617876424715057
"Co",6532,4.84073171033714,0.93621275744851
"Co",6533,6.49522771967938,0.736052789442112
"Co",6534,11.5899320833695,0.139772045590882
"Co",6535,5.10124613019497,0.911817636472705
"Co",6536,7.61501510871835,0.558088382323535
"Co",6537,5.14291911059232,0.907818436312737
"Co",6538,13.0444461489871,0.0753849230153969
"Co",6539,7.8686542203709,0.518896220755849
"Co",6540,8.26737624790513,0.459908018396321
"Co",6541,8.6157843286434,0.412917416516697
"Co",6542,3.71600889972591,0.988002399520096
"Co",6543,11.9706770356925,0.121775644871026
"Co",6544,7.33570956910808,0.602279544091182
"Co",6545,6.30759105781163,0.764447110577884
"Co",6546,10.9208356389291,0.181963607278544
"Co",6547,5.19771505373816,0.901419716056789
"Co",6548,4.32414151442993,0.967606478704259
"Co",6549,7.55196581191245,0.568886222755449
"Co",6550,11.9104880519624,0.123975204959008
"Co",6551,4.60161119011781,0.952409518096381
"Co",6552,8.12476824564305,0.482703459308138
"Co",6553,9.33621774169475,0.329334133173365
"Co",6554,13.0916209350165,0.0739852029594081
"Co",6555,4.80282861362477,0.939012197560488
"Co",6556,9.9451412950601,0.265746850629874
"Co",6557,10.0093023351977,0.25874825034993
"Co",6558,7.21830012201747,0.619676064787043
"Co",6559,6.41376638587244,0.748250349930014
"Co",6560,6.89566605191621,0.675064987002599
"Co",6561,6.31700530281304,0.763447310537892
"Co",6562,9.44279210257798,0.317336532693461
"Co",6563,3.91529592061127,0.983003399320136
"Co",6564,5.31605177135563,0.888822235552889
"Co",6565,9.36946445980641,0.326134773045391
"Co",6566,7.12365314129013,0.636672665466907
"Co",6567,6.07597856218122,0.799240151969606
"Co",6568,15.180426614519,0.0323935212957408
"Co",6569,8.99076929019279,0.365726854629074
"Co",6570,6.58340860441683,0.721055788842232
"Co",6571,11.4068033234803,0.150769846030794
"Co",6572,8.12233810240596,0.483303339332134
"Co",6573,5.62044261174995,0.854829034193161
"Co",6574,4.11906988727262,0.977004599080184
"Co",6575,6.10580707852384,0.794841031793641
"Co",6576,4.45116470191613,0.961807638472306
"Co",6577,6.29935283712749,0.765846830633873
"Co",6578,7.76372229020154,0.53629274145171
"Co",6579,6.69544940432806,0.70505898820236
"Co",6580,15.0881684112966,0.0331933613277345
"Co",6581,11.9062284070676,0.123975204959008
"Co",6582,10.2412348679364,0.234153169366127
"Co",6583,14.5300623881365,0.0399920015996801
"Co",6584,10.2480665202851,0.233553289342132
"Co",6585,5.80223529685705,0.833433313337333
"Co",6586,8.4592941408053,0.432113577284543
"Co",6587,8.92150930472164,0.374325134973005
"Co",6588,8.14105749357483,0.479304139172166
"Co",6589,14.5913650256707,0.0395920815836833
"Co",6590,5.43913340634211,0.875424915016997
"Co",6591,7.27720919339026,0.611877624475105
"Co",6592,7.62336854915347,0.557088582283543
"Co",6593,13.5756009619087,0.0603879224155169
"Co",6594,8.67337848004803,0.403919216156769
"Co",6595,8.11179802413363,0.484503099380124
"Co",6596,6.84182396355791,0.685062987402519
"Co",6597,7.03984275350199,0.651069786042791
"Co",6598,7.30766378624881,0.60747850429914
"Co",6599,9.25054079210204,0.339932013597281
"Co",6600,4.1825870698537,0.975404919016197
"Co",6601,3.90170430144249,0.98380323935213
"Co",6602,8.53324316711291,0.422915416916617
"Co",6603,5.71529975039084,0.844431113777245
"Co",6604,5.08972686353999,0.912417516496701
"Co",6605,9.76371798183183,0.284543091381724
"Co",6606,9.15596644686011,0.349130173965207
"Co",6607,8.22093254285375,0.467706458708258
"Co",6608,6.5356485306929,0.728254349130174
"Co",6609,7.36748932542,0.596880623875225
"Co",6610,5.53378602751459,0.863427314537093
"Co",6611,12.1473852208419,0.114777044591082
"Co",6612,11.0273694097625,0.174565086982603
"Co",6613,6.98827788821316,0.659268146370726
"Co",6614,10.0785378699188,0.252349530093981
"Co",6615,6.21185074788207,0.778244351129774
"Co",6616,16.814796559234,0.0153969206158768
"Co",6617,6.22059057294243,0.776644671065787
"Co",6618,10.6878143222515,0.199360127974405
"Co",6619,7.99885425114047,0.501699660067986
"Co",6620,7.75592534327424,0.536892621475705
"Co",6621,7.97178210955926,0.505698860227954
"Co",6622,7.66418322360576,0.550289942011598
"Co",6623,8.01996186085671,0.498500299940012
"Co",6624,10.9780949274086,0.177764447110578
"Co",6625,10.0908294831893,0.250949810037992
"Co",6626,5.96435788160431,0.815836832633473
"Co",6627,11.4752594536875,0.145970805838832
"Co",6628,4.35825585652086,0.966606678664267
"Co",6629,4.92086336027455,0.927814437112577
"Co",6630,10.3016510000768,0.227354529094181
"Co",6631,12.250912010505,0.10877824435113
"Co",6632,12.2119733057301,0.111377724455109
"Co",6633,6.29719532343475,0.76624675064987
"Co",6634,5.09179952383542,0.912217556488702
"Co",6635,7.6698616626808,0.549290141971606
"Co",6636,11.2518753444413,0.162167566486703
"Co",6637,4.5944105994634,0.953209358128374
"Co",6638,9.16550068103362,0.34873025394921
"Co",6639,7.67740936453266,0.548090381923615
"Co",6640,6.5613590119942,0.724255148970206
"Co",6641,4.00127381831908,0.98120375924815
"Co",6642,6.77860136795337,0.693661267746451
"Co",6643,8.15215270336597,0.477304539092182
"Co",6644,9.12379466269823,0.352129574085183
"Co",6645,8.70352078168344,0.399520095980804
"Co",6646,8.0331896364423,0.495900819836033
"Co",6647,12.6981558184945,0.0915816836632673
"Co",6648,4.92141945200595,0.927814437112577
"Co",6649,12.4798419537338,0.0987802439512098
"Co",6650,5.30007257284427,0.890821835632873
"Co",6651,5.45705741332785,0.872025594881024
"Co",6652,7.63914392591846,0.554489102179564
"Co",6653,9.120542555681,0.352329534093181
"Co",6654,7.23793915244858,0.618676264747051
"Co",6655,5.27635034570355,0.891821635672865
"Co",6656,7.35683159475403,0.598480303939212
"Co",6657,5.84754927616558,0.829434113177364
"Co",6658,12.6030987979705,0.095380923815237
"Co",6659,11.5345866261747,0.143171365726855
"Co",6660,9.83207810436556,0.277344531093781
"Co",6661,7.26352041499348,0.614277144571086
"Co",6662,6.75598922200024,0.696660667866427
"Co",6663,6.90901999012152,0.673265346930614
"Co",6664,19.6265870268277,0.00579884023195361
"Co",6665,5.53030781384774,0.864027194561088
"Co",6666,11.2048744027161,0.165366926614677
"Co",6667,8.77167755208234,0.391121775644871
"Co",6668,8.02576862971904,0.49630073985203
"Co",6669,5.47781645427014,0.869626074785043
"Co",6670,11.1485731890052,0.167566486702659
"Co",6671,9.35850540434821,0.327334533093381
"Co",6672,9.21074381234052,0.34373125374925
"Co",6673,7.26831012838898,0.613077384523095
"Co",6674,10.4921732342105,0.2125574885023
"Co",6675,9.80425573963831,0.280143971205759
"Co",6676,8.02947700611801,0.49630073985203
"Co",6677,7.28945774758347,0.610277944411118
"Co",6678,6.85539100742747,0.68126374725055
"Co",6679,9.63173910439244,0.299140171965607
"Co",6680,7.57312880935578,0.564887022595481
"Co",6681,20.1066276213246,0.00499900019996001
"Co",6682,7.452265508035,0.585482903419316
"Co",6683,8.76312184899245,0.39252149570086
"Co",6684,5.06046099558921,0.914617076584683
"Co",6685,10.3930769270993,0.220355928814237
"Co",6686,5.86647674901272,0.827034593081384
"Co",6687,7.29877001401394,0.609078184363127
"Co",6688,6.29094682661596,0.766846630673865
"Co",6689,13.9808427121449,0.0507898420315937
"Co",6690,8.15939809310777,0.476104779044191
"Co",6691,7.07141504165057,0.646670665866827
"Co",6692,8.50118658425416,0.42751449710058
"Co",6693,8.22889391213687,0.465906818636273
"Co",6694,10.5661671480887,0.207358528294341
"Co",6695,6.18755656311814,0.782843431313737
"Co",6696,6.21093090236076,0.778244351129774
"Co",6697,8.35558043764885,0.446110777844431
"Co",6698,7.24695691808753,0.617276544691062
"Co",6699,4.69830587804924,0.947410517896421
"Co",6700,11.8680419816185,0.126974605078984
"Co",6701,9.53181394485037,0.309138172365527
"Co",6702,8.58468314877231,0.416116776644671
"Co",6703,12.5909261576598,0.0959808038392322
"Co",6704,8.46583529961464,0.431513697260548
"Co",6705,6.85920263197886,0.68126374725055
"Co",6706,7.52689602116027,0.572685462907419
"Co",6707,3.39055305956799,0.994601079784043
"Co",6708,10.2946390063858,0.228154369126175
"Co",6709,5.96464570209912,0.815836832633473
"Co",6710,7.42032902636907,0.587882423515297
"Co",6711,3.38270384389872,0.994801039792042
"Co",6712,4.06087036807935,0.979204159168166
"Co",6713,5.93143628071036,0.820235952809438
"Co",6714,4.70184342794477,0.947010597880424
"Co",6715,7.23838429030467,0.618676264747051
"Co",6716,8.08975492950577,0.487902419516097
"Co",6717,18.0978256568803,0.00879824035192961
"Co",6718,9.14653893130736,0.350129974005199
"Co",6719,6.56103668127648,0.724255148970206
"Co",6720,7.37619330543421,0.595680863827235
"Co",6721,6.77619899914478,0.693861227754449
"Co",6722,7.78474224848358,0.533493301339732
"Co",6723,8.79262505594602,0.388122375524895
"Co",6724,6.91254100914389,0.672265546890622
"Co",6725,7.58599513534242,0.563087382523495
"Co",6726,7.62744374130617,0.556088782243551
"Co",6727,9.44228605708963,0.317336532693461
"Co",6728,4.58404136312157,0.953609278144371
"Co",6729,4.40110716754978,0.963407318536293
"Co",6730,11.134570283218,0.168966206758648
"Co",6731,5.21501713589583,0.898420315936813
"Co",6732,5.61432170167885,0.855828834233153
"Co",6733,6.84157072989677,0.685062987402519
"Co",6734,7.29683842424993,0.609278144371126
"Co",6735,9.07393643527763,0.357728454309138
"Co",6736,10.2317137621862,0.234753049390122
"Co",6737,9.01636365214259,0.363127374525095
"Co",6738,8.75876387757009,0.392921415716857
"Co",6739,10.628784235612,0.203959208158368
"Co",6740,9.38601862473817,0.324135172965407
"Co",6741,11.1553010786169,0.167366526694661
"Co",6742,4.60957671015382,0.952009598080384
"Co",6743,10.9997481242757,0.176164767046591
"Co",6744,5.96463825716319,0.815836832633473
"Co",6745,11.1774770990052,0.166566686662667
"Co",6746,7.52356627493003,0.572885422915417
"Co",6747,11.6944403934918,0.134373125374925
"Co",6748,4.91779993090128,0.928214357128574
"Co",6749,13.1378909207772,0.0721855628874225
"Co",6750,7.6794493002528,0.547090581883623
"Co",6751,9.18211128155571,0.346330733853229
"Co",6752,11.4918638039775,0.145170965806839
"Co",6753,5.60470161334649,0.857028594281144
"Co",6754,10.132087616469,0.247150569886023
"Co",6755,6.80062216691206,0.689662067586483
"Co",6756,4.62982179233555,0.95120975804839
"Co",6757,5.34157374853896,0.886422715456909
"Co",6758,8.27142073245659,0.459708058388322
"Co",6759,7.72348178118392,0.541491701659668
"Co",6760,5.32336604749159,0.887422515496901
"Co",6761,8.27397445457459,0.459508098380324
"Co",6762,11.5555287589692,0.141571685662867
"Co",6763,7.02640818633373,0.65246950609878
"Co",6764,6.51691053450438,0.731453709258148
"Co",6765,7.70459617786074,0.543491301739652
"Co",6766,7.99633897098948,0.501899620075985
"Co",6767,7.84577757638974,0.52249550089982
"Co",6768,8.39848964649946,0.439112177564487
"Co",6769,8.66326048033855,0.405318936212757
"Co",6770,9.77695941160266,0.282743451309738
"Co",6771,9.12389059868511,0.352129574085183
"Co",6772,4.02036957122496,0.980203959208158
"Co",6773,11.8563668020673,0.127174565086983
"Co",6774,13.2826534722005,0.0679864027194561
"Co",6775,5.83311925333612,0.830833833233353
"Co",6776,3.99205891696346,0.98120375924815
"Co",6777,14.0490765933581,0.0493901219756049
"Co",6778,9.49772368085573,0.311337732453509
"Co",6779,8.22202849226562,0.467706458708258
"Co",6780,2.91084485141531,0.998200359928014
"Co",6781,8.34863623464702,0.447310537892422
"Co",6782,6.1935416586845,0.781843631273745
"Co",6783,11.069917597007,0.171965606878624
"Co",6784,9.37721525605966,0.325534893021396
"Co",6785,13.0885213518871,0.0739852029594081
"Co",6786,12.76417643825,0.0881823635272945
"Co",6787,11.771683839258,0.131573685262947
"Co",6788,10.0993807239859,0.250149970005999
"Co",6789,5.26261357103795,0.892821435712857
"Co",6790,6.05039585910328,0.803039392121576
"Co",6791,7.55540333631473,0.568086382723455
"Co",6792,8.30656386592233,0.454709058188362
"Co",6793,6.30800088060369,0.764447110577884
"Co",6794,4.8978551895438,0.930413917216557
"Co",6795,5.07049196006486,0.914217156568686
"Co",6796,6.35272974733704,0.756648670265947
"Co",6797,5.36190680670001,0.883423315336933
"Co",6798,10.2679142108835,0.231153769246151
"Co",6799,7.77642968153197,0.534293141371726
"Co",6800,6.31437286164405,0.763847230553889
"Co",6801,10.0047923793939,0.258948210357928
"Co",6802,5.98403420232114,0.812437512497501
"Co",6803,8.739219567785,0.395720855828834
"Co",6804,5.28834566664725,0.891421715656869
"Co",6805,8.40475624810648,0.43871225754849
"Co",6806,7.59334049659392,0.561887622475505
"Co",6807,6.23855535235521,0.773445310937812
"Co",6808,5.15105239923395,0.907418516296741
"Co",6809,11.6467352826974,0.136972605478904
"Co",6810,10.137948346309,0.246750649870026
"Co",6811,5.88794494072317,0.824435112977405
"Co",6812,7.97695113652031,0.505098980203959
"Co",6813,14.0354384789356,0.0497900419916017
"Co",6814,9.51061659375665,0.310537892421516
"Co",6815,6.85972242865594,0.68126374725055
"Co",6816,13.881343591927,0.0527894421115777
"Co",6817,4.7227948491927,0.945210957808438
"Co",6818,10.3857352896891,0.220555888822236
"Co",6819,8.84396151717289,0.383123375324935
"Co",6820,6.42595768714529,0.746850629874025
"Co",6821,5.62143136637059,0.854829034193161
"Co",6822,7.64577116969321,0.553489302139572
"Co",6823,10.9993907400925,0.176164767046591
"Co",6824,9.160371717956,0.348930213957209
"Co",6825,8.06094543194246,0.491701659668066
"Co",6826,4.8021833379114,0.939012197560488
"Co",6827,3.33668187309291,0.994801039792042
"Co",6828,4.83130733661415,0.937612477504499
"Co",6829,6.54391718084059,0.726654669066187
"Co",6830,7.01629583905077,0.654069186162767
"Co",6831,8.79506638126401,0.388122375524895
"Co",6832,10.809366709133,0.192161567686463
"Co",6833,7.71047826125309,0.543291341731654
"Co",6834,11.2713175851871,0.161167766446711
"Co",6835,5.0664285267855,0.914417116576685
"Co",6836,6.61914417320529,0.715656868626275
"Co",6837,9.23935159340499,0.341931613677265
"Co",6838,4.78571562221018,0.939612077584483
"Co",6839,3.04734784727927,0.997400519896021
"Co",6840,9.99923086362776,0.259348130373925
"Co",6841,10.9730136507848,0.178364327134573
"Co",6842,17.3058363347834,0.0113977204559088
"Co",6843,9.78023785620152,0.28254349130174
"Co",6844,6.44476824238387,0.743251349730054
"Co",6845,7.48567947990091,0.580883823235353
"Co",6846,6.9805654817595,0.660867826434713
"Co",6847,7.08377381957098,0.644671065786843
"Co",6848,6.82393566854469,0.687062587482503
"Co",6849,8.8984113240424,0.376924615076985
"Co",6850,9.99234191163401,0.25994801039792
"Co",6851,9.84448871356508,0.276344731053789
"Co",6852,7.86205349049453,0.519496100779844
"Co",6853,6.07615830660509,0.799240151969606
"Co",6854,7.89385920133353,0.51629674065187
"Co",6855,6.5161566165809,0.731453709258148
"Co",6856,5.53900007218263,0.862627474505099
"Co",6857,10.5801678506162,0.205958808238352
"Co",6858,6.34849756673043,0.758248350329934
"Co",6859,6.53011487915293,0.728654269146171
"Co",6860,8.18185707719923,0.473305338932214
"Co",6861,8.80962612932043,0.385922815436913
"Co",6862,8.51670535262187,0.425314937012597
"Co",6863,9.25944676726431,0.338332333533293
"Co",6864,6.82628995736937,0.686462707458508
"Co",6865,7.06721347454985,0.647670465906819
"Co",6866,5.93127212934874,0.820235952809438
"Co",6867,5.73154349930176,0.842231553689262
"Co",6868,10.1982307283741,0.239752049590082
"Co",6869,12.4713479578494,0.099380123975205
"Co",6870,9.05465515193286,0.358928214357129
"Co",6871,9.3958395757023,0.321535692861428
"Co",6872,5.00371304215312,0.918616276744651
"Co",6873,8.4991034743374,0.42751449710058
"Co",6874,12.1140090548156,0.116576684663067
"Co",6875,11.4540978766925,0.147970405918816
"Co",6876,7.43255616311944,0.586882623475305
"Co",6877,8.68392097843056,0.403119376124775
"Co",6878,9.16356809690043,0.348930213957209
"Co",6879,7.33903946500601,0.60127974405119
"Co",6880,6.31037026012825,0.764247150569886
"Co",6881,7.29193135484317,0.610277944411118
"Co",6882,11.9912795491329,0.121175764847031
"Co",6883,5.25730149876074,0.893221355728854
"Co",6884,8.1150648758784,0.484303139372126
"Co",6885,17.7512833943952,0.00919816036792642
"Co",6886,5.74732101507834,0.840631873625275
"Co",6887,6.32421976923192,0.7624475104979
"Co",6888,11.7886858794647,0.130573885222955
"Co",6889,7.78935743146457,0.532093581283743
"Co",6890,10.2386541149968,0.234353129374125
"Co",6891,9.59766761167822,0.303539292141572
"Co",6892,8.30111024150489,0.455508898220356
"Co",6893,7.97068267046035,0.505698860227954
"Co",6894,11.4025971345715,0.151169766046791
"Co",6895,18.478478702255,0.00779844031193761
"Co",6896,4.89290155770274,0.93121375724855
"Co",6897,5.47252064146639,0.869626074785043
"Co",6898,12.2083657009776,0.111777644471106
"Co",6899,6.25161227073667,0.771645670865827
"Co",6900,6.34560176867056,0.759048190361928
"Co",6901,8.20498976681665,0.469306138772246
"Co",6902,3.43735746883961,0.993401319736053
"Co",6903,10.8235562930915,0.190761847630474
"Co",6904,8.38865452465387,0.440911817636473
"Co",6905,6.01088774890172,0.808838232353529
"Co",6906,20.7143829608837,0.00379924015196961
"Co",6907,7.65577427763222,0.551089782043591
"Co",6908,5.01613918339226,0.917616476704659
"Co",6909,5.90149252195522,0.823235352929414
"Co",6910,7.44361309374419,0.58628274345131
"Co",6911,12.132537520019,0.11497700459908
"Co",6912,10.0128333185981,0.258548290341932
"Co",6913,12.1130846887248,0.116576684663067
"Co",6914,5.60722698409219,0.856428714257149
"Co",6915,5.04858507717617,0.91501699660068
"Co",6916,8.62909302518162,0.410717856428714
"Co",6917,12.2070307065414,0.111777644471106
"Co",6918,6.00447552923612,0.809638072385523
"Co",6919,6.27972323093886,0.768846230753849
"Co",6920,8.16562624199608,0.475104979004199
"Co",6921,6.40913733095726,0.748850229954009
"Co",6922,7.48292296250034,0.580883823235353
"Co",6923,8.99169123004759,0.365726854629074
"Co",6924,11.3469062609696,0.155768846230754
"Co",6925,8.41544231722867,0.436712657468506
"Co",6926,8.46681548007575,0.43131373725255
"Co",6927,12.9904479583867,0.0781843631273745
"Co",6928,9.59334888339433,0.30373925214957
"Co",6929,6.95240565870787,0.665866826634673
"Co",6930,7.07385696324266,0.64627074585083
"Co",6931,9.39881482923246,0.321135772845431
"Co",6932,8.42909998839414,0.434513097380524
"Co",6933,5.5744986683527,0.859828034393121
"Co",6934,12.9805349892254,0.0783843231353729
"Co",6935,6.57884216706839,0.721655668866227
"Co",6936,5.24543186960767,0.894621075784843
"Co",6937,8.63539771373974,0.409918016396721
"Co",6938,6.42645395366807,0.746850629874025
"Co",6939,5.08503282785136,0.912817436512697
"Co",6940,5.56235780552996,0.861027794441112
"Co",6941,6.80657845351936,0.688862227554489
"Co",6942,4.13303066559163,0.977004599080184
"Co",6943,5.02264629587354,0.916816636672665
"Co",6944,10.2083156191232,0.23875224955009
"Co",6945,8.81601181608426,0.385122975404919
"Co",6946,7.88468804200789,0.51749650069986
"Co",6947,9.00592377497895,0.363527294541092
"Co",6948,12.7021082888828,0.0911817636472705
"Co",6949,8.96813230017054,0.368326334733053
"Co",6950,6.41383816300171,0.748050389922016
"Co",6951,7.59427621025884,0.561687662467506
"Co",6952,10.8632014446842,0.185962807438512
"Co",6953,5.42362459477101,0.877024595080984
"Co",6954,9.73877663102519,0.288142371525695
"Co",6955,11.1879354811422,0.165966806638672
"Co",6956,4.4667378750232,0.961407718456309
"Co",6957,9.97691093146585,0.261747650469906
"Co",6958,8.35943558963669,0.445910817836433
"Co",6959,14.847938517872,0.0357928414317137
"Co",6960,11.400925482016,0.151169766046791
"Co",6961,6.59615245647572,0.719856028794241
"Co",6962,8.66874432195772,0.404719056188762
"Co",6963,3.25338466556481,0.995800839832034
"Co",6964,14.1743493011257,0.0457908418316337
"Co",6965,9.62189127534839,0.299540091981604
"Co",6966,6.04529183551924,0.803439312137572
"Co",6967,10.9855867398474,0.177364527094581
"Co",6968,8.55765108707004,0.420915816836633
"Co",6969,5.37383135369379,0.882623475304939
"Co",6970,13.1237681808481,0.0731853629274145
"Co",6971,5.26313507541951,0.892821435712857
"Co",6972,5.17343015028487,0.904419116176765
"Co",6973,8.96237385054567,0.369126174765047
"Co",6974,8.11715250710975,0.483903219356129
"Co",6975,10.6210099962362,0.204359128174365
"Co",6976,8.13816723913817,0.479904019196161
"Co",6977,7.38546525629127,0.594281143771246
"Co",6978,9.43251848012943,0.31873625274945
"Co",6979,3.88415504689247,0.984203159368126
"Co",6980,8.76035602613584,0.392721455708858
"Co",6981,7.96789872503555,0.50629874025195
"Co",6982,15.710370273507,0.0247950409918016
"Co",6983,11.0172521752983,0.1749650069986
"Co",6984,19.8178028265132,0.00539892021595681
"Co",6985,8.28498401945748,0.457908418316337
"Co",6986,5.58016203917633,0.859028194361128
"Co",6987,13.5809804445566,0.0601879624075185
"Co",6988,7.39248540744734,0.593281343731254
"Co",6989,10.5765774408453,0.206758648270346
"Co",6990,9.25282240472944,0.339532093581284
"Co",6991,14.6191858212968,0.0387922415516897
"Co",6992,6.44511912252179,0.743251349730054
"Co",6993,11.8986247286811,0.124775044991002
"Co",6994,6.24623227124931,0.77244551089782
"Co",6995,5.52736082235484,0.864027194561088
"Co",6996,6.18322477244629,0.783043391321736
"Co",6997,8.39330076728086,0.439712057588482
"Co",6998,7.36193845527879,0.597280543891222
"Co",6999,9.61841340032245,0.300139972005599
"Co",7000,8.58658284017415,0.415916816636673
"Co",7001,8.40385189782111,0.43871225754849
"Co",7002,11.3405071252038,0.156168766246751
"Co",7003,5.12113203077095,0.91001799640072
"Co",7004,7.39005466012958,0.593881223755249
"Co",7005,10.5835927948897,0.205958808238352
"Co",7006,3.96553368938498,0.982403519296141
"Co",7007,9.9809115744967,0.261547690461908
"Co",7008,6.40472556004855,0.749850029994001
"Co",7009,17.6747786600046,0.00979804039192162
"Co",7010,5.44816899740019,0.873425314937013
"Co",7011,11.7141233994296,0.133973205358928
"Co",7012,10.2055107134501,0.239152169566087
"Co",7013,7.21458865583389,0.620675864827035
"Co",7014,6.35138069423826,0.757648470305939
"Co",7015,6.53348085981077,0.728254349130174
"Co",7016,11.9998381693075,0.120375924815037
"Co",7017,3.66396856895156,0.989002199560088
"Co",7018,5.97871394206319,0.813637272545491
"Co",7019,3.30466837041902,0.995200959808038
"Co",7020,7.98573877662116,0.504099180163967
"Co",7021,9.9419666087046,0.266546690661868
"Co",7022,6.61521666909937,0.716456708658268
"Co",7023,7.52343453356491,0.572885422915417
"Co",7024,9.20794030456145,0.344131173765247
"Co",7025,5.40035119752798,0.881023795240952
"Co",7026,6.34008222024997,0.759848030393921
"Co",7027,4.85430169585857,0.934213157368526
"Co",7028,4.7481159292571,0.943811237752449
"Co",7029,9.99448888885075,0.25994801039792
"Co",7030,6.03449039607746,0.804239152169566
"Co",7031,5.41942907018819,0.877224555088982
"Co",7032,6.50877391164974,0.733053389322136
"Co",7033,9.11953611414052,0.352729454109178
"Co",7034,3.93535047057748,0.982803439312138
"Co",7035,9.52246703150048,0.309738052389522
"Co",7036,8.97526355260067,0.367326534693061
"Co",7037,13.5829315332118,0.0601879624075185
"Co",7038,6.15979295151951,0.785842831433713
"Co",7039,3.74636294595726,0.987402519496101
"Co",7040,9.43456431775695,0.31873625274945
"Co",7041,11.81806806227,0.129374125174965
"Co",7042,7.85462736850258,0.52129574085183
"Co",7043,9.70361808465856,0.291741651669666
"Co",7044,10.7492538363586,0.195160967806439
"Co",7045,4.19874208092273,0.974605078984203
"Co",7046,7.48523469578552,0.580883823235353
"Co",7047,5.50850139510257,0.866426714657069
"Co",7048,8.48364085050744,0.428914217156569
"Co",7049,11.082485625898,0.171565686862627
"Co",7050,11.9737103484184,0.121575684863027
"Co",7051,11.2454237960536,0.162567486502699
"Co",7052,8.62263123324135,0.411717656468706
"Co",7053,5.59796807773782,0.857428514297141
"Co",7054,7.11376044557309,0.638472305538892
"Co",7055,9.27405532803766,0.336332733453309
"Co",7056,8.52753550461065,0.423515296940612
"Co",7057,11.6195063567186,0.138172365526895
"Co",7058,12.6088573365323,0.0951809638072385
"Co",7059,5.01284096933816,0.917616476704659
"Co",7060,8.49367774881716,0.427714457108578
"Co",7061,6.55792020910383,0.724855028994201
"Co",7062,7.9619061291904,0.507098580283943
"Co",7063,5.32131957202483,0.887622475504899
"Co",7064,5.83762432836104,0.830633873225355
"Co",7065,5.53897729167372,0.862627474505099
"Co",7066,7.82392632658059,0.526094781043791
"Co",7067,5.57747689166555,0.859228154369126
"Co",7068,15.6063814356641,0.0257948410317936
"Co",7069,10.0742013368072,0.253549290141972
"Co",7070,8.17165079356681,0.474505098980204
"Co",7071,6.25660190938447,0.77124575084983
"Co",7072,7.95405989328793,0.507698460307938
"Co",7073,10.1660089716972,0.243551289742052
"Co",7074,7.2207895890335,0.619676064787043
"Co",7075,10.964367827951,0.178564287142571
"Co",7076,11.5658529854303,0.141171765646871
"Co",7077,7.60539432366025,0.559088182363527
"Co",7078,5.06740373065975,0.914417116576685
"Co",7079,13.6132826109239,0.0591881623675265
"Co",7080,8.39273410827323,0.439912017596481
"Co",7081,7.21204971110637,0.62127574485103
"Co",7082,16.9666732738337,0.0141971605678864
"Co",7083,16.0949699353418,0.0211957608478304
"Co",7084,5.02182709204718,0.916816636672665
"Co",7085,8.25846589233896,0.460707858428314
"Co",7086,5.17174051037514,0.904819036192761
"Co",7087,4.3839676674227,0.964807038592282
"Co",7088,9.212370047082,0.34373125374925
"Co",7089,9.4898730521094,0.311737652469506
"Co",7090,15.1145843600396,0.0327934413117376
"Co",7091,8.11927171728016,0.483903219356129
"Co",7092,7.9247250976116,0.512297540491902
"Co",7093,6.58525032931396,0.720855828834233
"Co",7094,5.74320327441231,0.841031793641272
"Co",7095,16.38877495227,0.01999600079984
"Co",7096,13.4728267038324,0.0631873625274945
"Co",7097,8.69162870435892,0.402119576084783
"Co",7098,6.96809216265689,0.662667466506699
"Co",7099,15.0171833813549,0.0345930813837233
"Co",7100,11.2120210350695,0.164367126574685
"Co",7101,10.357949192193,0.223355328934213
"Co",7102,10.3054374014005,0.227354529094181
"Co",7103,6.92624947758421,0.670465906818636
"Co",7104,6.84637724900631,0.684463107378524
"Co",7105,6.19066615462691,0.78244351129774
"Co",7106,4.03451420201799,0.980203959208158
"Co",7107,6.23506337150802,0.774045190961808
"Co",7108,10.3576029458371,0.223355328934213
"Co",7109,10.5385193055101,0.209158168366327
"Co",7110,12.9145696577075,0.0799840031993601
"Co",7111,6.10234319661876,0.795440911817636
"Co",7112,4.93881939047085,0.924415116976605
"Co",7113,14.1130136202811,0.0469906018796241
"Co",7114,12.7581863947246,0.0881823635272945
"Co",7115,5.42024098068075,0.877224555088982
"Co",7116,6.65761218385791,0.710057988402319
"Co",7117,6.15968821118335,0.785842831433713
"Co",7118,6.53840726236035,0.727654469106179
"Co",7119,7.10061800767244,0.641671665666867
"Co",7120,4.48170689585316,0.960607878424315
"Co",7121,6.32980528013729,0.761447710457908
"Co",7122,9.16923192202145,0.348330333933213
"Co",7123,6.83849528464646,0.685262947410518
"Co",7124,6.01117027422498,0.808838232353529
"Co",7125,8.23372393032895,0.465106978604279
"Co",7126,10.7405266012712,0.196160767846431
"Co",7127,13.9412440878746,0.0513897220555889
"Co",7128,5.69273806467621,0.847230553889222
"Co",7129,9.14373108376978,0.350329934013197
"Co",7130,5.55880935090973,0.861427714457109
"Co",7131,6.24449609408398,0.77244551089782
"Co",7132,5.13982837681826,0.908018396320736
"Co",7133,20.4277602626759,0.00419916016796641
"Co",7134,10.6236241247528,0.204159168166367
"Co",7135,9.61228869359184,0.301339732053589
"Co",7136,9.74660219628532,0.287342531493701
"Co",7137,9.16062460816579,0.348930213957209
"Co",7138,7.63693003346523,0.555088982203559
"Co",7139,16.2420674050161,0.0205958808238352
"Co",7140,10.9124468467609,0.182963407318536
"Co",7141,7.5994945322204,0.559888022395521
"Co",7142,5.53133511861728,0.863827234553089
"Co",7143,5.87375274232645,0.826434713057388
"Co",7144,16.4860172429103,0.0191961607678464
"Co",7145,6.92137395760005,0.670865826834633
"Co",7146,6.55936743878738,0.724855028994201
"Co",7147,5.41532982725619,0.877824435112977
"Co",7148,8.43469628811107,0.434113177364527
"Co",7149,8.4916356369144,0.427914417116577
"Co",7150,7.87876873763636,0.518096380723855
"Co",7151,9.12182055143484,0.352129574085183
"Co",7152,9.87209673759261,0.273345330933813
"Co",7153,9.28620909586442,0.334733053389322
"Co",7154,8.14270679334695,0.479104179164167
"Co",7155,4.98529826655047,0.920215956808638
"Co",7156,7.21919568237206,0.619676064787043
"Co",7157,10.8250263091271,0.190761847630474
"Co",7158,10.2016622826899,0.239352129574085
"Co",7159,5.00449164714507,0.918616276744651
"Co",7160,18.7591483601504,0.00719856028794241
"Co",7161,11.773033457218,0.131573685262947
"Co",7162,6.76210195879725,0.696060787842432
"Co",7163,6.5271894474387,0.729054189162168
"Co",7164,12.1405457458897,0.11497700459908
"Co",7165,6.49172645911136,0.736452709458108
"Co",7166,6.59311933483264,0.72005598880224
"Co",7167,15.3014957659088,0.0303939212157568
"Co",7168,4.83377113236976,0.937212557488502
"Co",7169,4.16425239773778,0.976004799040192
"Co",7170,10.4200220717725,0.218556288742252
"Co",7171,3.59714489440591,0.990801839632074
"Co",7172,8.10038567194397,0.486502699460108
"Co",7173,9.21788831914421,0.343331333733253
"Co",7174,5.8887724717182,0.824235152969406
"Co",7175,6.09093524181603,0.796640671865627
"Co",7176,9.19266206722631,0.344931013797241
"Co",7177,10.9175956304348,0.182363527294541
"Co",7178,6.89516408841376,0.675064987002599
"Co",7179,7.30616687491042,0.608078384323135
"Co",7180,9.17295710399716,0.347130573885223
"Co",7181,8.77105273918062,0.391121775644871
"Co",7182,8.58863288360521,0.415716856628674
"Co",7183,7.46747937162039,0.583283343331334
"Co",7184,9.3447642059169,0.328334333133373
"Co",7185,6.91344508899215,0.672265546890622
"Co",7186,7.95957369544769,0.50749850029994
"Co",7187,6.96919632303877,0.662667466506699
"Co",7188,5.8267756365186,0.832233553289342
"Co",7189,8.84731139676163,0.382923415316937
"Co",7190,10.980764732444,0.177764447110578
"Co",7191,18.6297463444003,0.00759848030393921
"Co",7192,9.45551571734511,0.315736852629474
"Co",7193,6.21870148732526,0.777044591081784
"Co",7194,7.07339883385237,0.646470705858828
"Co",7195,10.7633343359039,0.193961207758448
"Co",7196,11.6902852660524,0.13497300539892
"Co",7197,14.648301329235,0.0385922815436913
"Co",7198,7.4315678765139,0.587082583483303
"Co",7199,12.7951838553946,0.0871825634873025
"Co",7200,11.2604411084126,0.161967606478704
"Co",7201,4.14039310769542,0.976804639072186
"Co",7202,5.96212168071867,0.816036792641472
"Co",7203,6.47289788584604,0.739252149570086
"Co",7204,8.24950997735169,0.4625074985003
"Co",7205,9.09187403753359,0.355528894221156
"Co",7206,13.6675334282104,0.0583883223355329
"Co",7207,15.771866752079,0.0247950409918016
"Co",7208,5.56057468124419,0.861027794441112
"Co",7209,9.49928995861445,0.311137772445511
"Co",7210,6.22282394052613,0.776644671065787
"Co",7211,8.32881092872341,0.450509898020396
"Co",7212,4.7145203204748,0.94621075784843
"Co",7213,6.57854634571899,0.721655668866227
"Co",7214,7.77242373166388,0.535292941411718
"Co",7215,7.21419711331086,0.620875824835033
"Co",7216,7.40371087510204,0.590881823635273
"Co",7217,4.51868368282479,0.957808438312338
"Co",7218,9.86784871109842,0.273945210957808
"Co",7219,11.3923536552584,0.152369526094781
"Co",7220,7.65912061677227,0.550689862027595
"Co",7221,6.5163820687103,0.731453709258148
"Co",7222,10.0243634338951,0.257348530293941
"Co",7223,12.0295541695714,0.119376124775045
"Co",7224,4.78218458447245,0.94001199760048
"Co",7225,6.17687335395192,0.783643271345731
"Co",7226,10.2413784456892,0.234153169366127
"Co",7227,4.87605865361772,0.932213557288542
"Co",7228,7.08067376468583,0.645070985802839
"Co",7229,6.48411051392513,0.737052589482104
"Co",7230,7.68005041591692,0.547090581883623
"Co",7231,7.38857369145373,0.593881223755249
"Co",7232,5.36006915304768,0.883823235352929
"Co",7233,9.10378243773616,0.354929014197161
"Co",7234,6.33147697593196,0.76124775044991
"Co",7235,8.12635284616218,0.48250349930014
"Co",7236,10.370518420294,0.221955608878224
"Co",7237,9.97650980315777,0.261747650469906
"Co",7238,12.1071123252219,0.116576684663067
"Co",7239,8.83560587807432,0.383523295340932
"Co",7240,6.31823656764331,0.763447310537892
"Co",7241,5.34525670880598,0.885422915416917
"Co",7242,9.20339355627141,0.344331133773245
"Co",7243,9.81308547534005,0.279744051189762
"Co",7244,10.5702034563422,0.207358528294341
"Co",7245,4.40846137240601,0.962607478504299
"Co",7246,5.57231604106443,0.86002799440112
"Co",7247,7.60460640397463,0.559088182363527
"Co",7248,8.93909568322647,0.372325534893021
"Co",7249,8.83143581048782,0.383923215356929
"Co",7250,8.81193737973651,0.385522895420916
"Co",7251,7.72876972469533,0.540091981603679
"Co",7252,12.0284024427679,0.119376124775045
"Co",7253,11.8290425697455,0.128974205158968
"Co",7254,13.4164112744499,0.0651869626074785
"Co",7255,9.44494916156404,0.316736652669466
"Co",7256,19.0942248476625,0.00679864027194561
"Co",7257,4.8556305299135,0.934013197360528
"Co",7258,8.1789882765905,0.473505298940212
"Co",7259,8.60216090272922,0.414317136572685
"Co",7260,14.9805452482896,0.0351929614077185
"Co",7261,6.90772560303742,0.673265346930614
"Co",7262,11.2210763169563,0.164167166566687
"Co",7263,9.25299082233627,0.339532093581284
"Co",7264,6.41275231749589,0.748450309938012
"Co",7265,4.83857163208845,0.936812637472506
"Co",7266,7.91814647829108,0.513297340531894
"Co",7267,8.0330154529297,0.495900819836033
"Co",7268,9.02866839227008,0.361927614477105
"Co",7269,7.78844789280723,0.532693461307738
"Co",7270,16.0628963645744,0.0211957608478304
"Co",7271,14.729577812554,0.0365926814637073
"Co",7272,4.77949882222782,0.940411917616477
"Co",7273,10.3874022372127,0.220555888822236
"Co",7274,8.37883420657872,0.442311537692462
"Co",7275,8.01641084228055,0.499300139972006
"Co",7276,8.15031110749752,0.47750449910018
"Co",7277,6.28738959122535,0.767646470705859
"Co",7278,8.76523520420031,0.392321535692861
"Co",7279,10.7788106051903,0.193561287742452
"Co",7280,8.63252327416052,0.410517896420716
"Co",7281,4.61695137124642,0.951809638072385
"Co",7282,11.0949923150939,0.171165766846631
"Co",7283,6.39072487156525,0.75124975004999
"Co",7284,5.79495636975923,0.834633073385323
"Co",7285,6.53966107670507,0.727654469106179
"Co",7286,7.51734930594347,0.574485102979404
"Co",7287,9.14622564164878,0.350129974005199
"Co",7288,8.81428858967945,0.385122975404919
"Co",7289,4.85750786831036,0.93381323735253
"Co",7290,3.64401870082054,0.989402119576085
"Co",7291,5.48317873208748,0.869026194761048
"Co",7292,9.15231246189603,0.349530093981204
"Co",7293,15.194955807385,0.0319936012797441
"Co",7294,7.18388291114979,0.626474705058988
"Co",7295,9.28781604160963,0.334133173365327
"Co",7296,9.48132154921183,0.312337532493501
"Co",7297,9.71221159287248,0.290941811637672
"Co",7298,8.81386854340181,0.385322935412917
"Co",7299,8.42818217737386,0.434913017396521
"Co",7300,7.38126009635195,0.594881023795241
"Co",7301,4.77701765247036,0.940811837632474
"Co",7302,4.34667890499009,0.967006598680264
"Co",7303,7.56013339574099,0.567286542691462
"Co",7304,6.6452003288185,0.71125774845031
"Co",7305,12.6651012305097,0.0929814037192561
"Co",7306,10.1464490181801,0.246550689862028
"Co",7307,11.042327791148,0.17376524695061
"Co",7308,19.4913391667032,0.00639872025594881
"Co",7309,8.14787014525498,0.477904419116177
"Co",7310,5.56975624424058,0.860227954409118
"Co",7311,8.81632398931612,0.385122975404919
"Co",7312,14.7119961594819,0.0369926014797041
"Co",7313,3.78086723981326,0.986802639472106
"Co",7314,6.51418303978005,0.731853629274145
"Co",7315,5.70104507234512,0.84623075384923
"Co",7316,6.66215100961747,0.709458108378324
"Co",7317,9.13656859046847,0.351729654069186
"Co",7318,7.60538557018867,0.559088182363527
"Co",7319,10.902473320961,0.183563287342531
"Co",7320,11.2632450267295,0.161567686462707
"Co",7321,8.46467598386207,0.431513697260548
"Co",7322,4.42050215246246,0.962407518496301
"Co",7323,6.84739543352464,0.684263147370526
"Co",7324,7.59571629211905,0.56128774245151
"Co",7325,6.83650703350222,0.685462907418516
"Co",7326,5.08264312540797,0.913017396520696
"Co",7327,5.59738442665312,0.857628474305139
"Co",7328,13.1562372380728,0.0713857228554289
"Co",7329,5.27917321814689,0.891621675664867
"Co",7330,8.16010233523704,0.475904819036193
"Co",7331,5.73691254689913,0.841831633673265
"Co",7332,8.91629884022277,0.374525094981004
"Co",7333,9.43458710803074,0.31873625274945
"Co",7334,11.1856305829374,0.166166766646671
"Co",7335,13.126798014177,0.0727854429114177
"Co",7336,5.10559275565811,0.911617676464707
"Co",7337,11.0454039504948,0.173565286942611
"Co",7338,4.31863828025152,0.967806438712258
"Co",7339,5.81469400836139,0.833233353329334
"Co",7340,8.83455193920022,0.38372325534893
"Co",7341,5.3344323624919,0.886622675464907
"Co",7342,6.28645216613666,0.767846430713857
"Co",7343,6.16457369381959,0.784843031393721
"Co",7344,6.31504420929764,0.763647270545891
"Co",7345,13.1736914791672,0.0711857628474305
"Co",7346,4.93652878554914,0.924615076984603
"Co",7347,8.02607292731065,0.49630073985203
"Co",7348,9.51316986316783,0.310337932413517
"Co",7349,5.5604025442579,0.86122775444911
"Co",7350,7.06172112755522,0.648470305938812
"Co",7351,14.9487875597401,0.0353929214157169
"Co",7352,8.0176022548176,0.499100179964007
"Co",7353,12.0665126573138,0.118176364727055
"Co",7354,8.12267922992939,0.483103379324135
"Co",7355,8.18111092770351,0.473305338932214
"Co",7356,8.63763640062493,0.409518096380724
"Co",7357,15.3520315821643,0.0293941211757648
"Co",7358,6.92033536795111,0.671065786842632
"Co",7359,11.025158067094,0.174565086982603
"Co",7360,10.1422631495375,0.246750649870026
"Co",7361,12.775257085158,0.0877824435112977
"Co",7362,5.94135293589223,0.82003599280144
"Co",7363,12.1361322529202,0.11497700459908
"Co",7364,10.6243217285217,0.204159168166367
"Co",7365,4.40511314981953,0.962807438512298
"Co",7366,6.47501977205184,0.738852229554089
"Co",7367,6.8865250297236,0.676064787042591
"Co",7368,6.79861483692466,0.689662067586483
"Co",7369,10.0452887955666,0.255748850229954
"Co",7370,7.87242349119779,0.518496300739852
"Co",7371,11.3771223006121,0.154169166166767
"Co",7372,7.91675426590956,0.513297340531894
"Co",7373,3.58779400805295,0.991001799640072
"Co",7374,13.0469836884226,0.0749850029994001
"Co",7375,8.97092623402227,0.368126374725055
"Co",7376,11.6024719787476,0.139172165566887
"Co",7377,12.5060816085777,0.0977804439112178
"Co",7378,7.34589741508813,0.600479904019196
"Co",7379,7.7060081369101,0.543491301739652
"Co",7380,6.35926859226174,0.755848830233953
"Co",7381,5.70600571809638,0.845230953809238
"Co",7382,6.45583133955185,0.742051589682064
"Co",7383,11.3378603287779,0.156368726254749
"Co",7384,6.8658070437061,0.679864027194561
"Co",7385,5.41689252566013,0.877424515096981
"Co",7386,6.57680987019401,0.722055588882224
"Co",7387,6.20676024839892,0.779044191161768
"Co",7388,8.52661878803809,0.423515296940612
"Co",7389,5.65551678133571,0.850829834033193
"Co",7390,6.81853330383584,0.687862427514497
"Co",7391,8.85547988203308,0.381523695260948
"Co",7392,5.51618094153807,0.865626874625075
"Co",7393,9.47745157549082,0.312337532493501
"Co",7394,6.05232320808162,0.803039392121576
"Co",7395,6.44524248736852,0.743251349730054
"Co",7396,8.78155365975769,0.390521895620876
"Co",7397,6.36729195422822,0.754249150169966
"Co",7398,11.4822979014401,0.145570885822835
"Co",7399,11.7713699843149,0.131573685262947
"Co",7400,6.12623145003136,0.790241951609678
"Co",7401,9.38613486707007,0.324135172965407
"Co",7402,6.13699821035334,0.789042191561688
"Co",7403,5.01552566226121,0.917616476704659
"Co",7404,8.76871927963901,0.391921615676865
"Co",7405,7.33232957159848,0.603079384123175
"Co",7406,6.55060987489696,0.725254949010198
"Co",7407,6.00362911122951,0.809638072385523
"Co",7408,12.8372576928033,0.0851829634073185
"Co",7409,7.53244113022203,0.571485702859428
"Co",7410,3.77510010155787,0.986802639472106
"Co",7411,9.5379462870103,0.30873825234953
"Co",7412,9.07903082098608,0.356928614277145
"Co",7413,9.10249931826181,0.354929014197161
"Co",7414,7.27544924981166,0.612077584483103
"Co",7415,7.63088964584531,0.555888822235553
"Co",7416,12.9431864413525,0.0793841231753649
"Co",7417,7.92122032873198,0.513097380523895
"Co",7418,11.5183878426895,0.14377124575085
"Co",7419,11.0194153874262,0.174765046990602
"Co",7420,9.14973902496658,0.350129974005199
"Co",7421,3.53728985672072,0.991601679664067
"Co",7422,10.5560777035706,0.207958408318336
"Co",7423,7.33725094605941,0.601679664067187
"Co",7424,13.2494500538083,0.0689862027594481
"Co",7425,5.15100524963614,0.907418516296741
"Co",7426,11.096654577352,0.171165766846631
"Co",7427,7.83763343266273,0.524495100979804
"Co",7428,8.00326068318117,0.501499700059988
"Co",7429,8.83676903332355,0.383523295340932
"Co",7430,9.92602198233533,0.267946410717856
"Co",7431,5.6001855594393,0.857028594281144
"Co",7432,6.50170162271573,0.734853029394121
"Co",7433,6.57652703943072,0.722055588882224
"Co",7434,6.30195797359065,0.765446910617876
"Co",7435,6.75808528822458,0.696460707858428
"Co",7436,10.2585502674636,0.231953609278144
"Co",7437,7.59864615205268,0.560087982403519
"Co",7438,5.74098337131934,0.841431713657269
"Co",7439,6.8050000757305,0.689262147570486
"Co",7440,8.45328463961195,0.43251349730054
"Co",7441,10.7592968364437,0.19496100779844
"Co",7442,10.551080582447,0.208158368326335
"Co",7443,5.92371247211827,0.82123575284943
"Co",7444,5.26193282158465,0.892821435712857
"Co",7445,12.1750946263157,0.113177364527095
"Co",7446,7.50647145862047,0.57748450309938
"Co",7447,7.91175914997194,0.514097180563887
"Co",7448,9.19386952833051,0.344731053789242
"Co",7449,6.87237160896501,0.678464307138572
"Co",7450,8.07640170347432,0.489702059588082
"Co",7451,14.1990871734142,0.0453909218156369
"Co",7452,8.1134556249269,0.484303139372126
"Co",7453,7.62863425050713,0.556088782243551
"Co",7454,13.9368463099235,0.0519896020795841
"Co",7455,5.78025193728647,0.836432713457309
"Co",7456,8.41022650933678,0.437712457508498
"Co",7457,6.18182056433372,0.783243351329734
"Co",7458,6.76036376847443,0.696060787842432
"Co",7459,10.9577656674555,0.180163967206559
"Co",7460,8.56549203169638,0.419116176764647
"Co",7461,6.8785214375269,0.67746450709858
"Co",7462,9.54157593213847,0.308338332333533
"Co",7463,5.30277448582554,0.890621875624875
"Co",7464,11.8558685187849,0.127374525094981
"Co",7465,8.99583965512167,0.365326934613077
"Co",7466,13.4601531854338,0.0637872425514897
"Co",7467,10.6988288177043,0.198360327934413
"Co",7468,19.7335144492933,0.00579884023195361
"Co",7469,9.1490452289928,0.350129974005199
"Co",7470,5.9183815457358,0.821635672865427
"Co",7471,9.62824399356313,0.299340131973605
"Co",7472,11.6183757934486,0.138372325534893
"Co",7473,11.1387757335399,0.168166366726655
"Co",7474,6.54157830180958,0.72745450909818
"Co",7475,5.17571014746346,0.903819236152769
"Co",7476,10.7184804438587,0.197760447910418
"Co",7477,6.44302355789651,0.743451309738052
"Co",7478,8.51034184185539,0.426314737052589
"Co",7479,4.25263428747579,0.970805838832234
"Co",7480,9.98890032043948,0.260347930413917
"Co",7481,14.1477979644125,0.0463907218556289
"Co",7482,7.93934067926648,0.509898020395921
"Co",7483,6.98458862119193,0.660067986402719
"Co",7484,8.02482622792181,0.496500699860028
"Co",7485,8.57738313943682,0.41751649670066
"Co",7486,10.8193598216721,0.191161767646471
"Co",7487,7.89955249976416,0.515496900619876
"Co",7488,17.8135832813741,0.00879824035192961
"Co",7489,9.42198211851678,0.319336132773445
"Co",7490,9.03833649139392,0.360927814437113
"Co",7491,6.83876765761397,0.685262947410518
"Co",7492,6.51449863698303,0.731853629274145
"Co",7493,6.77429978087747,0.694261147770446
"Co",7494,5.01178194907766,0.917616476704659
"Co",7495,7.6172948312998,0.55748850229954
"Co",7496,10.672844397061,0.200159968006399
"Co",7497,9.79419482965613,0.280743851229754
"Co",7498,7.32948463947889,0.603479304139172
"Co",7499,7.66648115680584,0.549490101979604
"Co",7500,8.65646874977551,0.405918816236753
"Co",7501,7.36702734295721,0.597080583883223
"Co",7502,5.58310997364867,0.859028194361128
"Co",7503,11.5915570622841,0.139772045590882
"Co",7504,5.73476228474411,0.842031593681264
"Co",7505,9.19629882993235,0.344731053789242
"Co",7506,11.9772927562288,0.121575684863027
"Co",7507,11.818886569615,0.129174165166967
"Co",7508,6.10735538805477,0.794641071785643
"Co",7509,5.19045083500205,0.902219556088782
"Co",7510,11.6627402023574,0.136572685462907
"Co",7511,11.4823935236953,0.145570885822835
"Co",7512,13.5968038413656,0.0595880823835233
"Co",7513,5.2679217811278,0.892421515696861
"Co",7514,9.68130679242748,0.294741051789642
"Co",7515,6.40550550203886,0.749850029994001
"Co",7516,7.14922898558009,0.632673465306939
"Co",7517,9.55087269575841,0.30753849230154
"Co",7518,6.93166834337771,0.669666066786643
"Co",7519,6.21695199521162,0.777244551089782
"Co",7520,4.78908238629447,0.939612077584483
"Co",7521,4.67758933202887,0.948010397920416
"Co",7522,7.4706394504731,0.582883423315337
"Co",7523,9.48346881550418,0.312337532493501
"Co",7524,6.62791752066644,0.713857228554289
"Co",7525,8.43845026700217,0.43371325734853
"Co",7526,9.44773126415575,0.316736652669466
"Co",7527,14.2156800871996,0.0451909618076385
"Co",7528,11.6528258012144,0.136972605478904
"Co",7529,6.4251812680431,0.746850629874025
"Co",7530,9.2214699300624,0.343131373725255
"Co",7531,5.57651482157999,0.859428114377125
"Co",7532,7.61994687256313,0.557288542291542
"Co",7533,5.33927637091014,0.886422715456909
"Co",7534,10.8769502726991,0.185362927414517
"Co",7535,6.88018918636249,0.677264547090582
"Co",7536,8.78052738365062,0.390521895620876
"Co",7537,4.64408575056592,0.949810037992401
"Co",7538,7.9772269976942,0.505098980203959
"Co",7539,4.35313491825295,0.966806638672266
"Co",7540,8.61624544038358,0.412717456508698
"Co",7541,5.71839976914632,0.844231153769246
"Co",7542,4.80169009507628,0.939012197560488
"Co",7543,8.91732219039329,0.374525094981004
"Co",7544,9.35620706502499,0.327334533093381
"Co",7545,9.98886656550386,0.260347930413917
"Co",7546,11.0201751111168,0.174765046990602
"Co",7547,5.09638874457113,0.912217556488702
"Co",7548,10.4457625401344,0.216756648670266
"Co",7549,7.63414113507181,0.555288942211558
"Co",7550,14.3323229393613,0.0431913617276545
"Co",7551,8.14436224739441,0.478904219156169
"Co",7552,4.76895296231129,0.94121175764847
"Co",7553,4.98742939189808,0.920215956808638
"Co",7554,5.55970898143337,0.86122775444911
"Co",7555,10.5960355251209,0.205558888222356
"Co",7556,8.31193575692225,0.453109378124375
"Co",7557,14.0825890018086,0.0479904019196161
"Co",7558,8.58239311856818,0.416516696660668
"Co",7559,6.41396476303902,0.748050389922016
"Co",7560,9.36706477296178,0.326334733053389
"Co",7561,5.67071736691418,0.849630073985203
"Co",7562,4.48088474005368,0.960807838432314
"Co",7563,4.95557040980731,0.922215556888622
"Co",7564,10.102462675678,0.250149970005999
"Co",7565,6.35426963079587,0.75624875024995
"Co",7566,7.92354926470358,0.512697460507898
"Co",7567,6.91886241357773,0.671465706858628
"Co",7568,9.05286072612648,0.358928214357129
"Co",7569,3.21893130366792,0.996000799840032
"Co",7570,10.2479737586472,0.233553289342132
"Co",7571,9.27159026357842,0.337132573485303
"Co",7572,5.95324332192104,0.818036392721456
"Co",7573,9.08016950665046,0.356728654269146
"Co",7574,13.8060936973826,0.0549890021995601
"Co",7575,11.2729988188116,0.161167766446711
"Co",7576,7.87825046251672,0.518096380723855
"Co",7577,11.6504099408938,0.136972605478904
"Co",7578,7.40332408238078,0.591081783643271
"Co",7579,4.9757774379201,0.921015796840632
"Co",7580,8.21730592114599,0.467706458708258
"Co",7581,9.61480320132875,0.300939812037592
"Co",7582,6.00329233319798,0.809638072385523
"Co",7583,7.73361235115425,0.539292141571686
"Co",7584,7.32209856303692,0.605278944211158
"Co",7585,13.1351681978176,0.0725854829034193
"Co",7586,5.12185397608613,0.91001799640072
"Co",7587,4.47955175718303,0.960807838432314
"Co",7588,5.39418807420009,0.881823635272945
"Co",7589,8.74687488306444,0.395120975804839
"Co",7590,5.81863653631791,0.832833433313337
"Co",7591,13.4011128883299,0.0653869226154769
"Co",7592,5.19141707808996,0.902019596080784
"Co",7593,6.57675927271566,0.722055588882224
"Co",7594,9.73884523359305,0.288142371525695
"Co",7595,10.9755618741588,0.178164367126575
"Co",7596,9.87065769517147,0.273345330933813
"Co",7597,8.60206746968774,0.414317136572685
"Co",7598,9.10348640827593,0.354929014197161
"Co",7599,17.5461819584595,0.0103979204159168
"Co",7600,6.98128218799124,0.660667866426715
"Co",7601,5.42104092182046,0.877224555088982
"Co",7602,8.83260578658528,0.38372325534893
"Co",7603,5.17794980757623,0.903619276144771
"Co",7604,7.89064387438896,0.516696660667866
"Co",7605,3.87152730480256,0.984603079384123
"Co",7606,10.3218886466983,0.225754849030194
"Co",7607,7.31454451612518,0.606678664267147
"Co",7608,7.02218696878177,0.653069386122775
"Co",7609,7.56437582413963,0.566886622675465
"Co",7610,11.5798095126333,0.13997200559888
"Co",7611,4.72550050948405,0.945210957808438
"Co",7612,8.88066689158515,0.379724055188962
"Co",7613,9.84701676564706,0.276344731053789
"Co",7614,6.21555617161255,0.77744451109778
"Co",7615,7.03915045993614,0.65126974605079
"Co",7616,16.6030023864057,0.017996400719856
"Co",7617,4.02036225784298,0.980203959208158
"Co",7618,15.1763888693855,0.0323935212957408
"Co",7619,6.86549216343386,0.679864027194561
"Co",7620,8.20433740207608,0.469306138772246
"Co",7621,9.98151254426867,0.261547690461908
"Co",7622,5.5741885432993,0.86002799440112
"Co",7623,9.06651740346359,0.358328334333133
"Co",7624,8.03402986511094,0.495700859828034
"Co",7625,7.75377816485351,0.536892621475705
"Co",7626,7.0924539298388,0.642871425714857
"Co",7627,10.7836086681843,0.193161367726455
"Co",7628,7.2697390413675,0.612677464507099
"Co",7629,6.20279163365373,0.779844031193761
"Co",7630,4.38722864898642,0.964807038592282
"Co",7631,8.06883603621726,0.490901819636073
"Co",7632,3.76360880271267,0.987002599480104
"Co",7633,10.9686412028572,0.178364327134573
"Co",7634,9.57358493989901,0.305138972205559
"Co",7635,9.89437969073609,0.271345730853829
"Co",7636,4.72547620347552,0.945210957808438
"Co",7637,8.13383452602469,0.481103779244151
"Co",7638,11.6370955946277,0.137172565486903
"Co",7639,6.82496916505599,0.686662667466507
"Co",7640,15.6369944667315,0.0257948410317936
"Co",7641,4.57257468506239,0.954409118176365
"Co",7642,9.03784783671651,0.360927814437113
"Co",7643,8.32374324295881,0.451709658068386
"Co",7644,5.76793727960873,0.838032393521296
"Co",7645,9.5153591081114,0.310137972405519
"Co",7646,6.51973560065007,0.729854029194161
"Co",7647,4.79748080996937,0.939212157568486
"Co",7648,6.42707663687864,0.746850629874025
"Co",7649,11.6232018495288,0.137972405518896
"Co",7650,6.07593865676564,0.799240151969606
"Co",7651,12.1540516294498,0.114177164567087
"Co",7652,8.50764528657851,0.426914617076585
"Co",7653,8.69424228406442,0.401319736052789
"Co",7654,4.46393128997457,0.961807638472306
"Co",7655,12.4468061325346,0.0997800439912018
"Co",7656,9.8948498121284,0.271345730853829
"Co",7657,9.1880788707993,0.345330933813237
"Co",7658,11.6973768026535,0.134373125374925
"Co",7659,7.65162194315047,0.551889622075585
"Co",7660,6.31849970233742,0.763447310537892
"Co",7661,6.39660067261113,0.750449910017996
"Co",7662,8.41212785530396,0.4375124975005
"Co",7663,5.76468767459795,0.838632273545291
"Co",7664,9.90576537467092,0.270145970805839
"Co",7665,9.60817288835165,0.302939412117576
"Co",7666,8.03134946519864,0.49630073985203
"Co",7667,7.10817993945588,0.639672065586883
"Co",7668,14.8686328489472,0.0357928414317137
"Co",7669,4.59997190455766,0.952609478104379
"Co",7670,7.56853582531949,0.565486902619476
"Co",7671,6.44336517895584,0.743451309738052
"Co",7672,6.30842925426205,0.764447110577884
"Co",7673,6.54778121723029,0.72625474905019
"Co",7674,9.00473067743394,0.363527294541092
"Co",7675,11.3936455888613,0.151969606078784
"Co",7676,7.91662951513197,0.513297340531894
"Co",7677,8.82549970852054,0.384323135372925
"Co",7678,8.36844642144243,0.445110977804439
"Co",7679,7.36439276442232,0.597080583883223
"Co",7680,4.55813418112081,0.956408718256349
"Co",7681,5.58326494707964,0.859028194361128
"Co",7682,6.73618960196617,0.699060187962408
"Co",7683,12.5747710355962,0.0967806438712258
"Co",7684,10.4218530610416,0.218556288742252
"Co",7685,4.98387259689497,0.920215956808638
"Co",7686,13.7324562446125,0.0567886422715457
"Co",7687,7.46551731314125,0.583483303339332
"Co",7688,7.38135648898106,0.594681063787243
"Co",7689,6.26158383502408,0.770445910817836
"Co",7690,7.3669183763748,0.597080583883223
"Co",7691,7.30967700286945,0.607278544291142
"Co",7692,6.02442851998569,0.805638872225555
"Co",7693,9.78466906256821,0.282343531293741
"Co",7694,4.18559112364107,0.975204959008198
"Co",7695,6.55806158503177,0.724855028994201
"Co",7696,8.1916655973146,0.471105778844231
"Co",7697,6.45886623297068,0.741651669666067
"Co",7698,7.01961771760875,0.653469306138772
"Co",7699,7.66776379669452,0.549290141971606
"Co",7700,4.87272527248447,0.932213557288542
"Co",7701,9.92161932121863,0.268346330733853
"Co",7702,7.23605378675003,0.618876224755049
"Co",7703,5.26233306759912,0.892821435712857
"Co",7704,5.71649831510791,0.844231153769246
"Co",7705,7.16440127683083,0.630873825234953
"Co",7706,8.75100845495498,0.394921015796841
"Co",7707,6.12491233523394,0.790841831633673
"Co",7708,8.36471329531511,0.445510897820436
"Co",7709,4.50375618111278,0.959408118376325
"Co",7710,9.96249367999377,0.26374725054989
"Co",7711,7.23178480511979,0.619076184763047
"Co",7712,3.67430748355696,0.988602279544091
"Co",7713,5.90536113573907,0.822635472905419
"Co",7714,4.64559974264182,0.949810037992401
"Co",7715,5.34605787136638,0.885422915416917
"Co",7716,6.96917285255421,0.662667466506699
"Co",7717,16.7674733515702,0.0161967606478704
"Co",7718,12.7938480870311,0.0871825634873025
"Co",7719,6.01969865574961,0.807238552289542
"Co",7720,11.2156421596701,0.164367126574685
"Co",7721,5.23656570386001,0.895820835832833
"Co",7722,4.94102997500187,0.924215156968606
"Co",7723,9.95311765299027,0.265346930613877
"Co",7724,8.95971642882611,0.369526094781044
"Co",7725,8.0814334184561,0.489102179564087
"Co",7726,19.845103269883,0.00539892021595681
"Co",7727,5.63094747384901,0.853829234153169
"Co",7728,3.80912776599996,0.986602679464107
"Co",7729,7.71915654306747,0.542091581683663
"Co",7730,19.3540198005043,0.00639872025594881
"Co",7731,8.23174892443456,0.465706858628274
"Co",7732,11.3284839293182,0.156368726254749
"Co",7733,6.5006482768249,0.734853029394121
"Co",7734,8.94195028132827,0.371725654869026
"Co",7735,7.33760605824145,0.601679664067187
"Co",7736,7.37296726318414,0.596080783843231
"Co",7737,4.13728287761325,0.977004599080184
"Co",7738,9.96707885378331,0.262147570485903
"Co",7739,7.42929739796855,0.5874825034993
"Co",7740,6.12393062172779,0.790841831633673
"Co",7741,9.85027715585053,0.276144771045791
"Co",7742,10.2356723860223,0.234553089382124
"Co",7743,11.1181605026694,0.169766046790642
"Co",7744,8.5092126091667,0.426514697060588
"Co",7745,7.53438459742966,0.571485702859428
"Co",7746,8.6222090965347,0.411717656468706
"Co",7747,9.9611361608961,0.264347130573885
"Co",7748,9.24313247522221,0.341731653669266
"Co",7749,9.00036066459839,0.364327134573085
"Co",7750,7.44935182573266,0.585482903419316
"Co",7751,7.82951653344873,0.525894821035793
"Co",7752,7.65115408592149,0.552089582083583
"Co",7753,5.78458496203385,0.836432713457309
"Co",7754,7.22834968611826,0.619276144771046
"Co",7755,8.41645267358905,0.436712657468506
"Co",7756,7.73220534063631,0.539892021595681
"Co",7757,10.7842242579198,0.193161367726455
"Co",7758,10.9017293608818,0.183563287342531
"Co",7759,7.92956673019486,0.51129774045191
"Co",7760,7.44933952459397,0.585482903419316
"Co",7761,8.61190307011663,0.413317336532693
"Co",7762,4.61018802008556,0.952009598080384
"Co",7763,8.67453710264812,0.40371925614877
"Co",7764,8.97716280727383,0.367326534693061
"Co",7765,5.71938596897763,0.844231153769246
"Co",7766,7.61074201487676,0.55868826234753
"Co",7767,12.8357893312673,0.0855828834233153
"Co",7768,6.75393461006158,0.696860627874425
"Co",7769,8.65859393263923,0.405718856228754
"Co",7770,5.59723947407264,0.857628474305139
"Co",7771,8.8951952076724,0.37752449510098
"Co",7772,11.9836710931329,0.121575684863027
"Co",7773,8.49388455087748,0.427714457108578
"Co",7774,9.59418133652775,0.30373925214957
"Co",7775,13.6069826909865,0.0595880823835233
"Co",7776,5.043481825627,0.915616876624675
"Co",7777,4.09892214857183,0.978004399120176
"Co",7778,7.73698959069836,0.538892221555689
"Co",7779,4.42697167240064,0.962007598480304
"Co",7780,8.77678813614239,0.390721855628874
"Co",7781,8.6165116582807,0.412717456508698
"Co",7782,14.9253362614259,0.0357928414317137
"Co",7783,4.45371812984104,0.961807638472306
"Co",7784,4.04315516673039,0.979804039192162
"Co",7785,4.84324796568092,0.93621275744851
"Co",7786,4.82913557005077,0.937812437512498
"Co",7787,6.59316224577108,0.72005598880224
"Co",7788,13.056290083834,0.0749850029994001
"Co",7789,12.7254631687753,0.0903819236152769
"Co",7790,5.15511229993703,0.906818636272746
"Co",7791,7.76802631399201,0.536092781443711
"Co",7792,7.78417032118907,0.533493301339732
"Co",7793,5.67035723595311,0.849630073985203
"Co",7794,7.23625133356376,0.618676264747051
"Co",7795,9.45660769669607,0.315336932613477
"Co",7796,10.2738772108519,0.230553889222156
"Co",7797,5.20073444129312,0.901419716056789
"Co",7798,7.02519640092893,0.652669466106779
"Co",7799,9.02538608141617,0.362327534493101
"Co",7800,8.8223986752561,0.384523095380924
"Co",7801,7.58263911623601,0.563287342531494
"Co",7802,9.98906317827473,0.260347930413917
"Co",7803,15.6584171392564,0.0255948810237952
"Co",7804,6.56791516237169,0.723655268946211
"Co",7805,12.4160514685592,0.100379924015197
"Co",7806,7.71179322290314,0.543091381723655
"Co",7807,6.66055683703119,0.709858028394321
"Co",7808,8.18517253985164,0.473105378924215
"Co",7809,6.4563163129115,0.741851629674065
"Co",7810,5.60261727734712,0.857028594281144
"Co",7811,5.88769327378336,0.824635072985403
"Co",7812,6.92817793868556,0.670265946810638
"Co",7813,7.7097179026272,0.543491301739652
"Co",7814,6.70420023720061,0.703859228154369
"Co",7815,5.94164407029066,0.82003599280144
"Co",7816,8.3212380434374,0.452109578084383
"Co",7817,9.92355844569525,0.268346330733853
"Co",7818,6.092930910896,0.796640671865627
"Co",7819,8.89268519861264,0.37752449510098
"Co",7820,14.7447715801258,0.0365926814637073
"Co",7821,8.11492726345892,0.484303139372126
"Co",7822,5.63865779678122,0.852829434113177
"Co",7823,7.21314913775424,0.62127574485103
"Co",7824,6.24155378829528,0.773245350929814
"Co",7825,7.20210128556678,0.623475304939012
"Co",7826,11.8624461636167,0.126974605078984
"Co",7827,9.6107813611967,0.301939612077584
"Co",7828,18.6571366303248,0.00759848030393921
"Co",7829,15.8858306142878,0.0235952809438112
"Co",7830,6.27376773725351,0.769446110777844
"Co",7831,10.5731601190009,0.206958608278344
"Co",7832,12.6857331757945,0.0927814437112578
"Co",7833,2.84730759551283,0.998600279944011
"Co",7834,10.5463766938556,0.20875824835033
"Co",7835,9.20571027886689,0.344131173765247
"Co",7836,8.29675778766563,0.45630873825235
"Co",7837,11.3037509787019,0.159768046390722
"Co",7838,4.35993235584081,0.96620675864827
"Co",7839,7.6694326816087,0.549290141971606
"Co",7840,6.29841371060488,0.76624675064987
"Co",7841,12.5390470859534,0.0971805638872226
"Co",7842,6.60057432681808,0.718856228754249
"Co",7843,5.36679045828038,0.883023395320936
"Co",7844,4.79415567777576,0.939212157568486
"Co",7845,6.77936205945787,0.693261347730454
"Co",7846,7.50594182909876,0.57748450309938
"Co",7847,6.30954631631957,0.764247150569886
"Co",7848,5.58891175077471,0.858428314337133
"Co",7849,12.8156796604389,0.0859828034393121
"Co",7850,2.93804374871223,0.998000399920016
"Co",7851,8.89655936717494,0.377324535092981
"Co",7852,9.47114446278962,0.31373725254949
"Co",7853,5.07008036934695,0.914217156568686
"Co",7854,5.65006489863015,0.85122975404919
"Co",7855,7.72457540398807,0.541091781643671
"Co",7856,11.1875770393701,0.165966806638672
"Co",7857,14.1424003071703,0.0463907218556289
"Co",7858,7.12082162269553,0.636872625474905
"Co",7859,7.78045253887385,0.534093181363727
"Co",7860,15.2435477375101,0.0311937612477504
"Co",7861,5.54247449420856,0.862627474505099
"Co",7862,10.3296099645844,0.225554889022196
"Co",7863,7.07973925809722,0.645270945810838
"Co",7864,5.49895780152735,0.867626474705059
"Co",7865,6.59830492086434,0.719256148770246
"Co",7866,6.59987074977633,0.719056188762248
"Co",7867,10.690150733545,0.199360127974405
"Co",7868,12.0193834136503,0.119576084783043
"Co",7869,6.33521242242878,0.760847830433913
"Co",7870,10.2608286047447,0.231553689262148
"Co",7871,8.82258348223576,0.384523095380924
"Co",7872,6.64470113497509,0.71125774845031
"Co",7873,4.54984015391054,0.956608678264347
"Co",7874,5.92219281773671,0.82123575284943
"Co",7875,20.0806431237471,0.00499900019996001
"Co",7876,5.89400624226818,0.823635272945411
"Co",7877,14.9443431761027,0.0353929214157169
"Co",7878,11.0304923977392,0.174165166966607
"Co",7879,10.8560704614162,0.186762647470506
"Co",7880,7.14192502604652,0.633273345330934
"Co",7881,8.87534615152671,0.380323935212957
"Co",7882,6.03841660727284,0.804039192161568
"Co",7883,6.69840243343808,0.704459108178364
"Co",7884,9.55698020063477,0.307138572285543
"Co",7885,3.46881666595311,0.992601479704059
"Co",7886,5.82446518697881,0.83243351329734
"Co",7887,11.1017233202118,0.170965806838632
"Co",7888,12.7953653123319,0.0869826034793041
"Co",7889,5.67900465388527,0.848630273945211
"Co",7890,11.4233135581128,0.1499700059988
"Co",7891,10.9397695720346,0.180563887222555
"Co",7892,6.51504043244904,0.731453709258148
"Co",7893,7.61923755788507,0.557288542291542
"Co",7894,7.64323470350936,0.554489102179564
"Co",7895,9.13421766589846,0.351929614077185
"Co",7896,8.90155839932572,0.376324735052989
"Co",7897,4.57925074889152,0.953609278144371
"Co",7898,5.88977995871537,0.824035192961408
"Co",7899,10.6056993463277,0.204559088182364
"Co",7900,6.97165479202064,0.662067586482703
"Co",7901,9.70207938805129,0.291741651669666
"Co",7902,4.65617705415553,0.949410117976405
"Co",7903,10.608337805206,0.204359128174365
"Co",7904,8.25359775744406,0.461907618476305
"Co",7905,10.6549347152863,0.201759648070386
"Co",7906,7.37624296230655,0.595680863827235
"Co",7907,8.45262131915882,0.43251349730054
"Co",7908,7.97045455707041,0.506098780243951
"Co",7909,6.39605585744272,0.750649870025995
"Co",7910,6.40443609896582,0.749850029994001
"Co",7911,6.09320074252932,0.796640671865627
"Co",7912,9.93062560669819,0.26754649070186
"Co",7913,5.34760908132165,0.88502299540092
"Co",7914,9.29216764117839,0.333533293341332
"Co",7915,10.1856743410498,0.240351929614077
"Co",7916,7.99786654171686,0.501699660067986
"Co",7917,5.85277768664315,0.829234153169366
"Co",7918,10.4676089475343,0.215556888622276
"Co",7919,5.30245521948629,0.890621875624875
"Co",7920,8.00297369401986,0.501499700059988
"Co",7921,8.97843804194582,0.367126574685063
"Co",7922,5.75065978382133,0.840431913617277
"Co",7923,8.47422345316789,0.430513897220556
"Co",7924,3.97394840932267,0.982203559288142
"Co",7925,7.92816343995139,0.511497700459908
"Co",7926,8.47240073531748,0.430913817236553
"Co",7927,5.83251620836975,0.831033793241352
"Co",7928,6.17285908863192,0.784243151369726
"Co",7929,12.4268184710844,0.0999800039992002
"Co",7930,5.36344824900084,0.883423315336933
"Co",7931,4.78444734330373,0.94001199760048
"Co",7932,8.19925813417331,0.470505898820236
"Co",7933,5.73533690647568,0.842031593681264
"Co",7934,12.4603197579171,0.0995800839832034
"Co",7935,17.9145656979167,0.00879824035192961
"Co",7936,5.42407199823546,0.877024595080984
"Co",7937,6.56775303052876,0.723655268946211
"Co",7938,8.32382581950421,0.451709658068386
"Co",7939,8.15029689765552,0.47750449910018
"Co",7940,6.15733051929436,0.786042791441712
"Co",7941,5.53165977251777,0.863827234553089
"Co",7942,6.59232895703261,0.72005598880224
"Co",7943,9.59409568189912,0.30373925214957
"Co",7944,7.33893740917094,0.60127974405119
"Co",7945,7.55376190037796,0.568486302739452
"Co",7946,7.94967728337394,0.508098380323935
"Co",7947,9.29575064234339,0.332933413317337
"Co",7948,12.2109204267158,0.111577684463107
"Co",7949,13.5894914425612,0.0599880023995201
"Co",7950,9.89534761300294,0.271345730853829
"Co",7951,5.83147186385511,0.831033793241352
"Co",7952,7.01593011606991,0.654269146170766
"Co",7953,8.02050953896793,0.498300339932014
"Co",7954,5.32616054864033,0.887022595480904
"Co",7955,4.89769896478003,0.930413917216557
"Co",7956,4.56391045332718,0.955808838232354
"Co",7957,5.13701197633895,0.908218356328734
"Co",7958,6.41203888162386,0.748450309938012
"Co",7959,14.9109373211327,0.0357928414317137
"Co",7960,18.7679211540916,0.00719856028794241
"Co",7961,5.7772168763141,0.836632673465307
"Co",7962,7.85160972450629,0.521895620875825
"Co",7963,5.00054560882089,0.919216156768646
"Co",7964,9.92517776445484,0.268146370725855
"Co",7965,7.12935905587736,0.635872825434913
"Co",7966,9.06532411577663,0.358328334333133
"Co",7967,10.1325513702988,0.246950609878024
"Co",7968,6.87523288908288,0.67746450709858
"Co",7969,6.33866185004391,0.759848030393921
"Co",7970,5.43268866982839,0.876424715056989
"Co",7971,12.0324683258408,0.119376124775045
"Co",7972,5.98609800465596,0.812037592481504
"Co",7973,7.73234150986147,0.539892021595681
"Co",7974,8.33579108171313,0.449710057988402
"Co",7975,6.12943406305553,0.789842031593681
"Co",7976,3.47783543688487,0.992401519696061
"Co",7977,14.3154554167249,0.0433913217356529
"Co",7978,10.348983617198,0.223955208958208
"Co",7979,4.17948736849191,0.975404919016197
"Co",7980,6.72088366885725,0.702659468106379
"Co",7981,8.24302058054369,0.464107178564287
"Co",7982,8.81535242263359,0.385122975404919
"Co",7983,10.1915942876005,0.23995200959808
"Co",7984,6.45735318319645,0.741851629674065
"Co",7985,9.24670518058423,0.341131773645271
"Co",7986,11.156200280482,0.167366526694661
"Co",7987,15.361149528648,0.028994201159768
"Co",7988,5.1836198201942,0.902819436112777
"Co",7989,8.14239480652142,0.479104179164167
"Co",7990,7.06733239539656,0.647670465906819
"Co",7991,6.00494486433902,0.809238152369526
"Co",7992,8.36991387103851,0.445110977804439
"Co",7993,5.52079033000564,0.864827034593081
"Co",7994,7.08741651845412,0.644071185762847
"Co",7995,11.288301443323,0.160567886422715
"Co",7996,11.4346268313204,0.148370325934813
"Co",7997,10.6644527772766,0.200559888022396
"Co",7998,4.94310902269515,0.924015196960608
"Co",7999,9.20511971238966,0.344131173765247
"Co",8000,8.93844652336537,0.372725454909018
"Co",8001,9.55725605508854,0.307138572285543
"Co",8002,8.5027033682932,0.427314537092581
"Co",8003,9.35970499533255,0.326734653069386
"Co",8004,6.05900842566942,0.801839632073585
"Co",8005,7.25933689354179,0.614477104579084
"Co",8006,4.26191256363671,0.970205958808238
"Co",8007,8.82843959243985,0.384323135372925
"Co",8008,8.46177927173829,0.431913617276545
"Co",8009,3.87405065145003,0.984603079384123
"Co",8010,4.67581035990167,0.948010397920416
"Co",8011,7.36577425853605,0.597080583883223
"Co",8012,8.80571716858259,0.386122775444911
"Co",8013,3.89800144285755,0.98380323935213
"Co",8014,14.5819685460966,0.0395920815836833
"Co",8015,7.71827490772947,0.542091581683663
"Co",8016,4.34436951931657,0.967006598680264
"Co",8017,9.89224033188347,0.271545690861828
"Co",8018,5.08939426163286,0.912417516496701
"Co",8019,12.2812662004079,0.107578484303139
"Co",8020,11.1919417420576,0.165966806638672
"Co",8021,6.87096575515534,0.678464307138572
"Co",8022,6.63380023689561,0.712857428514297
"Co",8023,11.5864253324544,0.139772045590882
"Co",8024,6.91541182919605,0.672065586882624
"Co",8025,13.399313206071,0.0653869226154769
"Co",8026,5.13920042152488,0.908018396320736
"Co",8027,8.06739290586705,0.490901819636073
"Co",8028,5.67280866629402,0.849630073985203
"Co",8029,11.1239109690216,0.169366126774645
"Co",8030,5.21546875131898,0.898420315936813
"Co",8031,7.58586594075544,0.563087382523495
"Co",8032,8.44938951844344,0.433113377324535
"Co",8033,6.2426808138834,0.773045390921816
"Co",8034,7.61484284454119,0.558288342331534
"Co",8035,4.52636156409025,0.957608478304339
"Co",8036,8.45497710027146,0.432313537292542
"Co",8037,6.11730955062757,0.793041391721656
"Co",8038,10.1069667720322,0.249750049990002
"Co",8039,7.4352179882994,0.586882623475305
"Co",8040,10.0070834627104,0.25874825034993
"Co",8041,10.8042489911846,0.192761447710458
"Co",8042,4.61354112225808,0.952009598080384
"Co",8043,7.40949024327608,0.590081983603279
"Co",8044,10.6632709385038,0.200559888022396
"Co",8045,9.89595149140644,0.271345730853829
"Co",8046,4.62797803463658,0.95120975804839
"Co",8047,5.20729378630065,0.899620075984803
"Co",8048,10.4995702774889,0.211957608478304
"Co",8049,6.02163701632455,0.806838632273545
"Co",8050,7.66239529265437,0.550489902019596
"Co",8051,5.97567394271732,0.814037192561488
"Co",8052,4.10820683604706,0.977604479104179
"Co",8053,6.60532053636237,0.718256348730254
"Co",8054,7.31875236518286,0.605878824235153
"Co",8055,12.7338943911187,0.0897820435912817
"Co",8056,4.86817430499633,0.932613477304539
"Co",8057,13.4245042312711,0.0649870025994801
"Co",8058,7.15061398095139,0.63247350529894
"Co",8059,8.75086510720843,0.394921015796841
"Co",8060,10.7396344944535,0.196360727854429
"Co",8061,3.71343984627669,0.988002399520096
"Co",8062,10.6098815583446,0.204359128174365
"Co",8063,6.1690682955965,0.784443111377724
"Co",8064,13.9038061424809,0.0525894821035793
"Co",8065,6.49630353092383,0.735652869426115
"Co",8066,5.53326446413703,0.863427314537093
"Co",8067,6.24817663658234,0.772245550889822
"Co",8068,5.79510040752362,0.834633073385323
"Co",8069,8.46284747722603,0.431913617276545
"Co",8070,9.26693296043101,0.3375324935013
"Co",8071,11.1095739448376,0.170565886822635
"Co",8072,10.6009799636058,0.205158968206359
"Co",8073,11.9884484463645,0.121175764847031
"Co",8074,7.42433326716859,0.5874825034993
"Co",8075,4.80725120004962,0.93881223755249
"Co",8076,8.50287900044233,0.427314537092581
"Co",8077,8.05665132507048,0.491901619676065
"Co",8078,5.25767734481576,0.893221355728854
"Co",8079,17.8576640586363,0.00879824035192961
"Co",8080,8.41177771709638,0.4375124975005
"Co",8081,7.53656113576952,0.57128574285143
"Co",8082,7.66852328915394,0.549290141971606
"Co",8083,9.24394606771713,0.341731653669266
"Co",8084,18.9421690594079,0.00699860027994401
"Co",8085,6.3425175304437,0.759248150369926
"Co",8086,4.67464383540751,0.948010397920416
"Co",8087,7.0909224055797,0.642871425714857
"Co",8088,8.09933682554421,0.486502699460108
"Co",8089,12.0690195977198,0.117976404719056
"Co",8090,10.330968381729,0.225554889022196
"Co",8091,8.48251818083057,0.429114177164567
"Co",8092,6.81910024254728,0.687862427514497
"Co",8093,3.12017369136626,0.996800639872026
"Co",8094,4.42079557332943,0.962407518496301
"Co",8095,10.7011055490733,0.198360327934413
"Co",8096,8.79035176804268,0.38872225554889
"Co",8097,5.97348342363699,0.814637072585483
"Co",8098,7.55567371284465,0.568086382723455
"Co",8099,5.90967307870355,0.822035592881424
"Co",8100,11.8003898634356,0.129574085182963
"Co",8101,5.27231892628566,0.892421515696861
"Co",8102,7.25677437222538,0.614677064587083
"Co",8103,8.98878618013566,0.366326734653069
"Co",8104,7.45996433931893,0.584083183363327
"Co",8105,7.57173870898882,0.565086982603479
"Co",8106,6.98718935377869,0.659268146370726
"Co",8107,5.31482573300934,0.888822235552889
"Co",8108,9.23590985154163,0.341931613677265
"Co",8109,9.89750908244596,0.271145770845831
"Co",8110,7.21268005135704,0.62127574485103
"Co",8111,6.34925907138847,0.757848430313937
"Co",8112,8.76930020484548,0.391521695660868
"Co",8113,7.12373433718494,0.636672665466907
"Co",8114,5.8167355978097,0.833033393321336
"Co",8115,12.2068887806053,0.111777644471106
"Co",8116,10.4725090822907,0.21495700859828
"Co",8117,4.93542675681073,0.9250149970006
"Co",8118,6.72246787901312,0.702259548090382
"Co",8119,10.3985838634653,0.21995600879824
"Co",8120,6.39668538550126,0.750449910017996
"Co",8121,8.423807492332,0.435312937412517
"Co",8122,7.25451801294636,0.615676864627075
"Co",8123,9.43937596657588,0.317936412717456
"Co",8124,4.26173773407663,0.970205958808238
"Co",8125,4.10431523711034,0.977804439112178
"Co",8126,11.1059144989988,0.170965806838632
"Co",8127,15.8006635952831,0.0243951209758048
"Co",8128,6.30888180701649,0.764247150569886
"Co",8129,9.62593622706061,0.299340131973605
"Co",8130,9.17238217379227,0.347330533893221
"Co",8131,11.3646418693198,0.155568886222755
"Co",8132,8.99370192401142,0.365326934613077
"Co",8133,11.6594597238324,0.136772645470906
"Co",8134,6.66085058951725,0.709858028394321
"Co",8135,4.73148687139528,0.944811037792441
"Co",8136,8.75344717969624,0.394121175764847
"Co",8137,6.11240144862208,0.794041191761648
"Co",8138,6.791002236521,0.691661667666467
"Co",8139,6.88012829261416,0.677264547090582
"Co",8140,7.38122785860836,0.594881023795241
"Co",8141,7.30987159197343,0.607278544291142
"Co",8142,8.03761383386941,0.495300939812038
"Co",8143,11.6109647372533,0.13877224555089
"Co",8144,7.79547228458568,0.530693861227754
"Co",8145,6.5681872029482,0.723655268946211
"Co",8146,7.07177410854101,0.646670665866827
"Co",8147,5.70924995127277,0.84503099380124
"Co",8148,11.2255254890791,0.164167166566687
"Co",8149,10.2277506344444,0.23495300939812
"Co",8150,9.68453725665739,0.293941211757648
"Co",8151,3.94230880317906,0.982803439312138
"Co",8152,3.31625076638406,0.995200959808038
"Co",8153,9.08736819455854,0.356328734253149
"Co",8154,7.51729108783024,0.574485102979404
"Co",8155,13.8329686603282,0.0543891221755649
"Co",8156,7.28487267024073,0.610477904419116
"Co",8157,4.32357100131668,0.967606478704259
"Co",8158,10.8942732227943,0.183963207358528
"Co",8159,7.41305500147561,0.589482103579284
"Co",8160,11.447610551194,0.147970405918816
"Co",8161,6.6193368762647,0.715656868626275
"Co",8162,8.98297170482476,0.366926614677065
"Co",8163,7.31726561212452,0.606078784243151
"Co",8164,10.6725374553754,0.200159968006399
"Co",8165,7.39983036767771,0.592081583683263
"Co",8166,5.93002232464715,0.820835832833433
"Co",8167,5.20691628224222,0.899620075984803
"Co",8168,8.04044096380335,0.495100979804039
"Co",8169,9.0121817886949,0.363127374525095
"Co",8170,5.18688498658665,0.902619476104779
"Co",8171,15.1078171829238,0.0329934013197361
"Co",8172,5.84299478513449,0.83003399320136
"Co",8173,11.0303793185811,0.174165166966607
"Co",8174,16.0769971202279,0.0211957608478304
"Co",8175,6.48257021423888,0.737252549490102
"Co",8176,7.36085485413702,0.597280543891222
"Co",8177,7.618143584363,0.557288542291542
"Co",8178,7.2631009888251,0.614277144571086
"Co",8179,5.75299039944016,0.84003199360128
"Co",8180,9.26052540433449,0.338332333533293
"Co",8181,6.84807291934814,0.684263147370526
"Co",8182,7.30861910124642,0.60747850429914
"Co",8183,11.6046453265289,0.139172165566887
"Co",8184,12.4400649497507,0.0999800039992002
"Co",8185,3.80754764093837,0.986602679464107
"Co",8186,7.8624033719029,0.519496100779844
"Co",8187,9.12135432708922,0.352129574085183
"Co",8188,8.96359030387515,0.369126174765047
"Co",8189,6.52879302504951,0.728854229154169
"Co",8190,11.3204767954077,0.157368526294741
"Co",8191,12.3574375837369,0.103379324135173
"Co",8192,15.8806541417223,0.0237952409518096
"Co",8193,8.10096549299323,0.486502699460108
"Co",8194,7.86086281869501,0.519896020795841
"Co",8195,11.7934156698134,0.130373925214957
"Co",8196,7.34647542755621,0.600279944011198
"Co",8197,5.99387948462618,0.810837832433513
"Co",8198,5.71025722554765,0.844831033793241
"Co",8199,8.24022830251204,0.464507098580284
"Co",8200,9.14067872761385,0.351329734053189
"Co",8201,4.79039122889279,0.939412117576485
"Co",8202,4.93289164678089,0.925414917016597
"Co",8203,6.28604016011354,0.767846430713857
"Co",8204,11.0739271032254,0.171765646870626
"Co",8205,4.44881426128458,0.961807638472306
"Co",8206,8.84955654669722,0.38252349530094
"Co",8207,7.57927490692873,0.563887222555489
"Co",8208,6.87092866724331,0.678464307138572
"Co",8209,9.30338332561075,0.332133573285343
"Co",8210,10.5089754267179,0.211357728454309
"Co",8211,9.23441073138497,0.341931613677265
"Co",8212,4.84562945143415,0.935812837432514
"Co",8213,8.17694088618049,0.474305138972206
"Co",8214,4.11819258599522,0.977004599080184
"Co",8215,6.4938987890942,0.736052789442112
"Co",8216,6.51384580103566,0.731853629274145
"Co",8217,10.1045644949439,0.250149970005999
"Co",8218,5.87486517591678,0.826434713057388
"Co",8219,8.77212163991078,0.391121775644871
"Co",8220,10.7333731667486,0.196760647870426
"Co",8221,7.05106477676227,0.650069986002799
"Co",8222,6.50695809394225,0.733453309338132
"Co",8223,7.24015758753592,0.618676264747051
"Co",8224,11.2500767446268,0.162367526494701
"Co",8225,11.904184313402,0.124375124975005
"Co",8226,12.79854986327,0.0867826434713057
"Co",8227,10.3584261491933,0.223155368926215
"Co",8228,12.3874421154921,0.101779644071186
"Co",8229,9.27165140904899,0.337132573485303
"Co",8230,10.4409720129559,0.216956608678264
"Co",8231,8.47529636004748,0.430313937212558
"Co",8232,4.01162328385081,0.980803839232154
"Co",8233,6.78348967701271,0.693261347730454
"Co",8234,14.4184711596754,0.0419916016796641
"Co",8235,5.70111709468699,0.84623075384923
"Co",8236,7.54194095279141,0.570685862827434
"Co",8237,4.91500037638852,0.928414317136573
"Co",8238,10.3237793602416,0.225754849030194
"Co",8239,7.89176887892341,0.516696660667866
"Co",8240,10.6185904853699,0.204359128174365
"Co",8241,8.53528756157166,0.422915416916617
"Co",8242,6.35483680473018,0.75624875024995
"Co",8243,6.34931874302274,0.757848430313937
"Co",8244,6.91022860728808,0.672665466906619
"Co",8245,5.68706382778956,0.847430513897221
"Co",8246,8.00889192204033,0.500899820035993
"Co",8247,4.99256212936137,0.92001599680064
"Co",8248,6.73330116569625,0.699660067986403
"Co",8249,5.35992869364691,0.883823235352929
"Co",8250,6.61468349676682,0.716656668666267
"Co",8251,8.41615587931699,0.436712657468506
"Co",8252,8.29235278172619,0.45750849830034
"Co",8253,7.17209630126467,0.628874225154969
"Co",8254,6.97439220528474,0.662067586482703
"Co",8255,18.2594837594933,0.00819836032793441
"Co",8256,4.6602111673968,0.949010197960408
"Co",8257,6.76643140879338,0.695260947810438
"Co",8258,8.09923319556913,0.486502699460108
"Co",8259,10.1344141439772,0.246950609878024
"Co",8260,4.23811654461559,0.972205558888222
"Co",8261,8.31917069000056,0.452309538092382
"Co",8262,7.52320329734317,0.572885422915417
"Co",8263,11.6385110933508,0.137172565486903
"Co",8264,8.26894812812355,0.459908018396321
"Co",8265,6.88762104857062,0.675664867026595
"Co",8266,8.01858006942211,0.498900219956009
"Co",8267,5.32126477491087,0.887622475504899
"Co",8268,9.41297159614433,0.320135972805439
"Co",8269,5.40187281092362,0.880623875224955
"Co",8270,10.2017149663228,0.239352129574085
"Co",8271,10.0889222981833,0.251349730053989
"Co",8272,21.7770934216748,0.0017996400719856
"Co",8273,13.1330674740292,0.0725854829034193
"Co",8274,6.59799510686065,0.719256148770246
"Co",8275,10.9470770320415,0.180563887222555
"Co",8276,8.81183908465513,0.385522895420916
"Co",8277,6.33335249289934,0.761047790441912
"Co",8278,4.97611716371367,0.921015796840632
"Co",8279,6.96450484899401,0.663667266546691
"Co",8280,8.16483427732109,0.475104979004199
"Co",8281,10.5813715783006,0.205958808238352
"Co",8282,10.7883996016139,0.193161367726455
"Co",8283,8.52275964813487,0.424715056988602
"Co",8284,6.32397355308609,0.7624475104979
"Co",8285,10.7282071844281,0.197160567886423
"Co",8286,9.5400057037555,0.308538292341532
"Co",8287,7.91228825516885,0.514097180563887
"Co",8288,10.2353743582604,0.234553089382124
"Co",8289,5.90135309194193,0.823235352929414
"Co",8290,6.54135028715095,0.72745450909818
"Co",8291,10.2677125354711,0.231153769246151
"Co",8292,6.47531044843052,0.738852229554089
"Co",8293,8.61718482836861,0.412717456508698
"Co",8294,10.0052223167806,0.258948210357928
"Co",8295,7.80516369031358,0.529294141171766
"Co",8296,8.05831149574445,0.491901619676065
"Co",8297,6.17776423755748,0.783443311337732
"Co",8298,15.5212693914998,0.0267946410717856
"Co",8299,10.3358503808667,0.225354929014197
"Co",8300,16.4441133638965,0.0193961207758448
"Co",8301,6.41457865929576,0.748050389922016
"Co",8302,7.5526647593023,0.568486302739452
"Co",8303,15.9364735963908,0.0227954409118176
"Co",8304,7.72943948394669,0.540091981603679
"Co",8305,7.92010939935417,0.513097380523895
"Co",8306,8.62961707265066,0.410717856428714
"Co",8307,5.25640066716826,0.893221355728854
"Co",8308,7.73676483218304,0.538892221555689
"Co",8309,9.0097848452522,0.363127374525095
"Co",8310,8.2069212836754,0.468906218756249
"Co",8311,9.51305519681475,0.310337932413517
"Co",8312,9.03055769313556,0.361727654469106
"Co",8313,5.58433238669608,0.859028194361128
"Co",8314,6.83046313002637,0.685662867426515
"Co",8315,5.38134471832049,0.882423515296941
"Co",8316,5.21983032047848,0.898020395920816
"Co",8317,11.4437803544313,0.147970405918816
"Co",8318,7.99322277521105,0.502699460107978
"Co",8319,9.65511987691593,0.297340531893621
"Co",8320,6.79320136452158,0.690861827634473
"Co",8321,9.72713041304053,0.289742051589682
"Co",8322,6.77971908954663,0.693261347730454
"Co",8323,7.08745099701983,0.644071185762847
"Co",8324,8.85119451635899,0.382323535292941
"Co",8325,4.76538302754309,0.941811637672465
"Co",8326,7.52851854396988,0.57248550289942
"Co",8327,6.79595460567515,0.690461907618476
"Co",8328,10.6027987162039,0.205158968206359
"Co",8329,3.10823634054361,0.996800639872026
"Co",8330,6.26756402935735,0.77004599080184
"Co",8331,5.56618579534211,0.860227954409118
"Co",8332,7.64064712761936,0.554489102179564
"Co",8333,8.71795376158627,0.397720455908818
"Co",8334,10.1112637678669,0.249750049990002
"Co",8335,14.2338128984888,0.0449910017996401
"Co",8336,10.3058839210993,0.227354529094181
"Co",8337,8.98823136687585,0.366326734653069
"Co",8338,7.50566946648388,0.57748450309938
"Co",8339,8.08558891794934,0.488302339532094
"Co",8340,6.17645642780928,0.783643271345731
"Co",8341,7.40733945964033,0.590481903619276
"Co",8342,10.7401844013212,0.196160767846431
"Co",8343,13.8052684779547,0.0549890021995601
"Co",8344,7.77722285137388,0.534293141371726
"Co",8345,5.02719778644055,0.916816636672665
"Co",8346,5.99337563871418,0.810837832433513
"Co",8347,11.7964294374402,0.129774045190962
"Co",8348,25.3608571452122,0.0001999600079984
"Co",8349,9.63012721467646,0.299340131973605
"Co",8350,10.1189233024453,0.248950209958008
"Co",8351,4.77029219003381,0.94121175764847
"Co",8352,6.14708323334173,0.787242551489702
"Co",8353,16.5052577002074,0.0187962407518496
"Co",8354,6.75762709791888,0.696660667866427
"Co",8355,6.23546717039892,0.774045190961808
"Co",8356,9.77481957869486,0.282943411317736
"Co",8357,11.5716551359669,0.140771845630874
"Co",8358,7.28450900578031,0.610677864427115
"Co",8359,8.0460341005072,0.493901219756049
"Co",8360,8.14389897942445,0.478904219156169
"Co",8361,6.06564150820357,0.800639872025595
"Co",8362,12.1540798146616,0.114177164567087
"Co",8363,7.61749425465263,0.55748850229954
"Co",8364,8.15758899838676,0.47630473905219
"Co",8365,6.68904400221371,0.705258948210358
"Co",8366,5.03908417811894,0.916016796640672
"Co",8367,3.49785045563823,0.992201559688062
"Co",8368,8.92644188737967,0.374125174965007
"Co",8369,9.86574198117751,0.274145170965807
"Co",8370,4.93957312909964,0.924215156968606
"Co",8371,6.23964887334077,0.773445310937812
"Co",8372,16.6085738291679,0.017996400719856
"Co",8373,8.24145957154428,0.464507098580284
"Co",8374,13.0586713614401,0.0749850029994001
"Co",8375,10.9375059895245,0.180563887222555
"Co",8376,4.35038969841014,0.966806638672266
"Co",8377,8.59301441124198,0.415116976604679
"Co",8378,5.7771173328222,0.836632673465307
"Co",8379,13.8975964185661,0.0525894821035793
"Co",8380,12.788320075486,0.0875824835032993
"Co",8381,6.12008147555599,0.79244151169766
"Co",8382,7.46670769335518,0.583283343331334
"Co",8383,4.55625543695038,0.956608678264347
"Co",8384,8.62658329746338,0.411117776444711
"Co",8385,16.7332260988146,0.0163967206558688
"Co",8386,8.57874922951493,0.417116576684663
"Co",8387,6.53109120268579,0.728654269146171
"Co",8388,6.96532901423328,0.663667266546691
"Co",8389,4.93479320254966,0.925214957008598
"Co",8390,10.8705930920792,0.185762847430514
"Co",8391,5.4819469704295,0.869426114777045
"Co",8392,6.93782010844669,0.668866226754649
"Co",8393,6.44616634533133,0.743051389722056
"Co",8394,14.1701195142833,0.0459908018396321
"Co",8395,10.24018663113,0.234153169366127
"Co",8396,9.001051888944,0.364327134573085
"Co",8397,6.40887763599346,0.748850229954009
"Co",8398,7.88088943877094,0.517896420715857
"Co",8399,6.1497444618077,0.786842631473705
"Co",8400,6.43974929212095,0.744051189762048
"Co",8401,6.0352696577087,0.804239152169566
"Co",8402,6.74945354479476,0.697260547890422
"Co",8403,8.26219722244676,0.460107978404319
"Co",8404,8.03807623562079,0.495300939812038
"Co",8405,6.38881594594969,0.751649670065987
"Co",8406,7.85086570980373,0.522095580883823
"Co",8407,6.08363774668854,0.798440311937612
"Co",8408,5.47490657435927,0.869626074785043
"Co",8409,4.20885643681837,0.974005198960208
"Co",8410,8.48178912169681,0.429114177164567
"Co",8411,9.0607500512132,0.358528294341132
"Co",8412,7.23097091084455,0.619076184763047
"Co",8413,8.43106185661111,0.434313137372525
"Co",8414,5.86414558492902,0.827234553089382
"Co",8415,5.81942485825758,0.832833433313337
"Co",8416,7.87252266992974,0.518496300739852
"Co",8417,7.0435101103397,0.650869826034793
"Co",8418,9.40336497807527,0.320935812837432
"Co",8419,7.36094882563856,0.597280543891222
"Co",8420,11.9899634551761,0.121175764847031
"Co",8421,4.0943312502902,0.978204359128174
"Co",8422,12.9384347555198,0.0793841231753649
"Co",8423,11.8004084187144,0.129574085182963
"Co",8424,16.464865322514,0.0193961207758448
"Co",8425,4.68740413384859,0.947810437912417
"Co",8426,11.363921473514,0.155568886222755
"Co",8427,4.62050899801721,0.951809638072385
"Co",8428,11.1077779236112,0.170765846830634
"Co",8429,7.33926464817222,0.60127974405119
"Co",8430,8.5497567363951,0.421515696860628
"Co",8431,10.9703458481309,0.178364327134573
"Co",8432,10.2470327267113,0.233553289342132
"Co",8433,6.50288119994062,0.734453109378124
"Co",8434,5.97223772457946,0.814837032593481
"Co",8435,5.16528227806219,0.905818836232753
"Co",8436,10.5954629866155,0.205558888222356
"Co",8437,7.15145884485085,0.632273545290942
"Co",8438,15.2715615256721,0.0311937612477504
"Co",8439,8.89946269420952,0.376724655068986
"Co",8440,10.5452750118876,0.208958208358328
"Co",8441,5.76436324846208,0.838632273545291
"Co",8442,7.96738948648613,0.506498700259948
"Co",8443,8.98887630638302,0.366326734653069
"Co",8444,11.5858751826648,0.139772045590882
"Co",8445,4.37329538528752,0.965406918616277
"Co",8446,6.82327388729468,0.687062587482503
"Co",8447,3.4422144917402,0.993401319736053
"Co",8448,8.56427894785517,0.419516096780644
"Co",8449,8.21409677116353,0.468306338732254
"Co",8450,9.034852922818,0.361527694461108
"Co",8451,8.42534362906602,0.434913017396521
"Co",8452,10.6002125722875,0.205158968206359
"Co",8453,7.30517231667764,0.608278344331134
"Co",8454,5.18493662732709,0.902819436112777
"Co",8455,1.97144170083911,1
"Co",8456,18.8088698977312,0.00699860027994401
"Co",8457,11.1280826452898,0.169366126774645
"Co",8458,6.40586906658811,0.749850029994001
"Co",8459,15.6165571881395,0.0257948410317936
"Co",8460,7.9875857497488,0.503499300139972
"Co",8461,11.6144912341411,0.13877224555089
"Co",8462,9.11585982790447,0.353329334133173
"Co",8463,11.3298851261806,0.156368726254749
"Co",8464,7.72666897060304,0.540491901619676
"Co",8465,6.55752169722933,0.724855028994201
"Co",8466,8.06719092832378,0.491101779644071
"Co",8467,8.91245982982284,0.375324935012997
"Co",8468,8.37455793764443,0.443511297740452
"Co",8469,19.4162501457247,0.00639872025594881
"Co",8470,8.25326912738004,0.461907618476305
"Co",8471,8.87031685307551,0.380523895220956
"Co",8472,5.85809970605146,0.828234353129374
"Co",8473,5.37609650926586,0.882623475304939
"Co",8474,7.58708509956119,0.562887422515497
"Co",8475,7.31079177494385,0.607278544291142
"Co",8476,5.25198841623359,0.893621275744851
"Co",8477,11.7997154291254,0.129574085182963
"Co",8478,9.09358369150323,0.355328934213157
"Co",8479,8.76980899573034,0.391521695660868
"Co",8480,9.39262681422368,0.32253549290142
"Co",8481,13.9435971190429,0.0513897220555889
"Co",8482,7.47772483981333,0.581683663267347
"Co",8483,8.3691528934024,0.445110977804439
"Co",8484,11.3055352708437,0.159368126374725
"Co",8485,6.37725856316729,0.753449310137972
"Co",8486,10.7691690312757,0.19376124775045
"Co",8487,8.56432628423174,0.419516096780644
"Co",8488,7.35302119767539,0.599480103979204
"Co",8489,19.0919653563181,0.00679864027194561
"Co",8490,10.0377737591868,0.255948810237952
"Co",8491,7.31029243885413,0.607278544291142
"Co",8492,6.02685856466607,0.805438912217556
"Co",8493,6.70691804094645,0.703459308138372
"Co",8494,6.4481374069675,0.742651469706059
"Co",8495,6.78868041568694,0.691861627674465
"Co",8496,4.51074261575829,0.958608278344331
"Co",8497,12.1905248590872,0.112177564487103
"Co",8498,6.39999239521083,0.750049990002
"Co",8499,8.12990004630382,0.482103579284143
"Co",8500,9.41516177029601,0.320135972805439
"Co",8501,12.4055936389815,0.101179764047191
"Co",8502,16.875566037962,0.0147970405918816
"Co",8503,4.47626194120116,0.96120775844831
"Co",8504,12.035965085439,0.119376124775045
"Co",8505,8.39622695295878,0.439112177564487
"Co",8506,6.57889124576909,0.721655668866227
"Co",8507,4.76528670135707,0.941811637672465
"Co",8508,4.87835885168155,0.932013597280544
"Co",8509,5.09680606402142,0.912217556488702
"Co",8510,4.95308002632774,0.922415516896621
"Co",8511,12.0951516365928,0.116776644671066
"Co",8512,7.35809585665163,0.598080383923215
"Co",8513,9.48974350969141,0.311737652469506
"Co",8514,6.86441416619425,0.679864027194561
"Co",8515,6.43427285678328,0.74505098980204
"Co",8516,5.94181257802228,0.82003599280144
"Co",8517,9.90668236115707,0.26994601079784
"Co",8518,7.59905163257838,0.559888022395521
"Co",8519,7.031040554366,0.652269546090782
"Co",8520,8.62059484664854,0.411917616476705
"Co",8521,7.69954878538985,0.544291141771646
"Co",8522,8.25603360143046,0.46130773845231
"Co",8523,6.85406600286248,0.681663667266547
"Co",8524,9.81294560358754,0.279744051189762
"Co",8525,6.93225255488949,0.669666066786643
"Co",8526,4.171399122476,0.975604879024195
"Co",8527,6.40958189693603,0.748850229954009
"Co",8528,3.94064990548986,0.982803439312138
"Co",8529,9.56215997430964,0.306338732253549
"Co",8530,7.3908171696321,0.593481303739252
"Co",8531,7.91643222620763,0.513297340531894
"Co",8532,8.84755909578638,0.382923415316937
"Co",8533,5.73725393093591,0.841831633673265
"Co",8534,11.4237378203851,0.1499700059988
"Co",8535,6.2566360133961,0.771045790841832
"Co",8536,7.69866724662553,0.544691061787642
"Co",8537,12.70849256542,0.0909818036392721
"Co",8538,9.22962245461608,0.342131573685263
"Co",8539,9.46262541497185,0.314737052589482
"Co",8540,7.80265676466217,0.529894021195761
"Co",8541,6.9355171846278,0.669266146770646
"Co",8542,7.49729177550282,0.579284143171366
"Co",8543,9.16994308109128,0.348330333933213
"Co",8544,13.5289286736744,0.0611877624475105
"Co",8545,13.7835323803257,0.0551889622075585
"Co",8546,7.58723095472021,0.562887422515497
"Co",8547,8.76503268556323,0.392321535692861
"Co",8548,10.6895907130987,0.199360127974405
"Co",8549,9.18065064391817,0.346530693861228
"Co",8550,7.83840775885105,0.524495100979804
"Co",8551,6.92452408111339,0.670665866826635
"Co",8552,6.27494179874779,0.768846230753849
"Co",8553,9.30421501306603,0.331933613277345
"Co",8554,10.9411298793203,0.180563887222555
"Co",8555,11.4093906917289,0.150769846030794
"Co",8556,9.8289286816603,0.27754449110178
"Co",8557,7.72979336917538,0.540091981603679
"Co",8558,7.11808038172032,0.637672465506899
"Co",8559,7.40723679299055,0.590481903619276
"Co",8560,6.84303710111718,0.684863027394521
"Co",8561,8.23673387544366,0.465106978604279
"Co",8562,7.56436535647453,0.566886622675465
"Co",8563,7.89127246057996,0.516696660667866
"Co",8564,7.30074632524807,0.608878224355129
"Co",8565,10.7895097521032,0.193161367726455
"Co",8566,7.90800491382652,0.514897020595881
"Co",8567,5.02588450814375,0.916816636672665
"Co",8568,9.04801811453859,0.359928014397121
"Co",8569,9.21427083877202,0.343531293741252
"Co",8570,10.7224884654309,0.197760447910418
"Co",8571,3.88488090371973,0.984003199360128
"Co",8572,5.66863724525896,0.849830033993201
"Co",8573,8.21358888006961,0.468306338732254
"Co",8574,10.4435854683166,0.216756648670266
"Co",8575,6.08070130174374,0.798840231953609
"Co",8576,8.31021107464798,0.45370925814837
"Co",8577,12.6081844568385,0.0951809638072385
"Co",8578,14.0929730108674,0.0479904019196161
"Co",8579,10.4482850488515,0.216556688662268
"Co",8580,14.9968313322186,0.0349930013997201
"Co",8581,12.0287883791458,0.119376124775045
"Co",8582,8.95266764114481,0.369926014797041
"Co",8583,10.4562343229658,0.216156768646271
"Co",8584,9.73619687111315,0.288342331533693
"Co",8585,5.92318032221749,0.82123575284943
"Co",8586,5.93903900302706,0.82003599280144
"Co",8587,13.6523775021108,0.0585882823435313
"Co",8588,5.19495905172155,0.901819636072785
"Co",8589,6.57994441116082,0.721655668866227
"Co",8590,10.8411912627396,0.188562287542491
"Co",8591,9.91561140265051,0.26874625074985
"Co",8592,9.34259070022725,0.328534293141372
"Co",8593,8.29384030268466,0.456708658268346
"Co",8594,7.78817497805508,0.532893421315737
"Co",8595,4.66104809595052,0.949010197960408
"Co",8596,5.62767901675215,0.854229154169166
"Co",8597,8.46434315719222,0.431513697260548
"Co",8598,7.6539440679109,0.551489702059588
"Co",8599,7.05810065035337,0.649070185962807
"Co",8600,15.4017575891503,0.0285942811437712
"Co",8601,6.70484669030364,0.703859228154369
"Co",8602,11.7225564884101,0.13377324535093
"Co",8603,11.0362739270317,0.17376524695061
"Co",8604,5.9607453516918,0.816436712657469
"Co",8605,5.25905475634303,0.893021395720856
"Co",8606,13.8894900911985,0.0527894421115777
"Co",8607,10.9183332496184,0.182363527294541
"Co",8608,7.75849820841236,0.536492701459708
"Co",8609,6.45435275993134,0.742051589682064
"Co",8610,5.87943264994166,0.825634873025395
"Co",8611,5.0441560376224,0.915616876624675
"Co",8612,6.50305900669269,0.734453109378124
"Co",8613,15.5439088972924,0.0261947610477904
"Co",8614,9.50717220695503,0.310737852429514
"Co",8615,6.60919755115921,0.717656468706259
"Co",8616,16.0025030563809,0.021995600879824
"Co",8617,9.67205677948556,0.295740851829634
"Co",8618,11.0707540869233,0.171965606878624
"Co",8619,9.32439859695589,0.329734053189362
"Co",8620,10.4422977862913,0.216956608678264
"Co",8621,6.869718065195,0.678664267146571
"Co",8622,10.9259651495705,0.181763647270546
"Co",8623,11.4430461256573,0.147970405918816
"Co",8624,5.36814473811333,0.882823435312937
"Co",8625,8.07220945218887,0.490101979604079
"Co",8626,6.30571603208011,0.764847030593881
"Co",8627,7.02203432331987,0.653069386122775
"Co",8628,5.2791852103806,0.891621675664867
"Co",8629,6.11422789515822,0.793841231753649
"Co",8630,19.0017325187467,0.00699860027994401
"Co",8631,16.9163828052866,0.0145970805838832
"Co",8632,7.52648338042928,0.572685462907419
"Co",8633,8.23812304684705,0.465106978604279
"Co",8634,5.80367947175051,0.833433313337333
"Co",8635,6.29919399794576,0.765846830633873
"Co",8636,10.3459155316671,0.224155168966207
"Co",8637,10.3768766731708,0.221755648870226
"Co",8638,7.5608236796522,0.567286542691462
"Co",8639,5.37155907464322,0.882623475304939
"Co",8640,5.316702076442,0.888822235552889
"Co",8641,7.55738818283703,0.568086382723455
"Co",8642,9.53325739540338,0.309138172365527
"Co",8643,4.64514096720814,0.949810037992401
"Co",8644,14.8583435082173,0.0357928414317137
"Co",8645,7.57019046457313,0.565086982603479
"Co",8646,9.12636359606304,0.352129574085183
"Co",8647,6.06849233668231,0.799640071985603
"Co",8648,5.41801586878177,0.877424515096981
"Co",8649,9.75602985054007,0.286542691461708
"Co",8650,20.3010582809035,0.00459908018396321
"Co",8651,9.12299842243556,0.352129574085183
"Co",8652,9.22309131342269,0.342731453709258
"Co",8653,8.87880122346152,0.379724055188962
"Co",8654,6.08552970006608,0.798240351929614
"Co",8655,8.48446934783928,0.428914217156569
"Co",8656,4.46853563431739,0.961407718456309
"Co",8657,9.11110235499069,0.35372925414917
"Co",8658,5.80056422066289,0.834033193361328
"Co",8659,7.6823048254906,0.546490701859628
"Co",8660,10.2406931429146,0.234153169366127
"Co",8661,4.70781381929731,0.946810637872425
"Co",8662,8.36682647883322,0.445510897820436
"Co",8663,9.93147337691008,0.26754649070186
"Co",8664,8.7069504779561,0.39872025594881
"Co",8665,8.72612100934751,0.397120575884823
"Co",8666,4.55508747190208,0.956608678264347
"Co",8667,14.0724419756915,0.0481903619276145
"Co",8668,8.26304045593471,0.460107978404319
"Co",8669,5.39296022012363,0.882023595280944
"Co",8670,7.87002900173192,0.518896220755849
"Co",8671,9.43023457395151,0.31873625274945
"Co",8672,17.1023278595667,0.0137972405518896
"Co",8673,12.0611210389913,0.118376324735053
"Co",8674,11.0010459075588,0.176164767046591
"Co",8675,6.54221488784594,0.727254549090182
"Co",8676,7.02429200357776,0.652869426114777
"Co",8677,6.11312989550638,0.793841231753649
"Co",8678,5.24385558880468,0.89502099580084
"Co",8679,5.79851188897899,0.834233153369326
"Co",8680,6.75872814843368,0.69626074785043
"Co",8681,6.43848624383389,0.744051189762048
"Co",8682,8.29227167635148,0.45750849830034
"Co",8683,6.08634370016358,0.798240351929614
"Co",8684,12.5315282358691,0.0971805638872226
"Co",8685,8.78110050768231,0.390521895620876
"Co",8686,9.573172522731,0.305138972205559
"Co",8687,6.77600142158917,0.694061187762448
"Co",8688,7.34550338665801,0.600479904019196
"Co",8689,15.8532147272468,0.0237952409518096
"Co",8690,5.58007786833392,0.859028194361128
"Co",8691,6.11721470270919,0.793041391721656
"Co",8692,6.60437032562851,0.718256348730254
"Co",8693,5.19595816629729,0.901619676064787
"Co",8694,11.5075298737675,0.144571085782843
"Co",8695,10.3992195106908,0.21995600879824
"Co",8696,7.64428445648872,0.554089182163567
"Co",8697,8.75591736976226,0.393521295740852
"Co",8698,8.95123866367001,0.369926014797041
"Co",8699,8.89629849776318,0.37752449510098
"Co",8700,8.94521461727956,0.371325734853029
"Co",8701,6.44976993159035,0.74245150969806
"Co",8702,7.8953169381077,0.516096780643871
"Co",8703,3.90287772007269,0.98380323935213
"Co",8704,8.64967816331256,0.407118576284743
"Co",8705,7.34503387775845,0.600479904019196
"Co",8706,11.1491561402823,0.167566486702659
"Co",8707,4.50885720596588,0.958608278344331
"Co",8708,7.533132415881,0.571485702859428
"Co",8709,6.86496880595965,0.679864027194561
"Co",8710,7.01132412560719,0.655268946210758
"Co",8711,7.75121700815086,0.537092581483703
"Co",8712,6.33980586225104,0.759848030393921
"Co",8713,6.77582579927201,0.694061187762448
"Co",8714,7.79220812920497,0.531693661267746
"Co",8715,10.7331397429039,0.196760647870426
"Co",8716,6.66997292994043,0.708058388322336
"Co",8717,11.1725512184587,0.166566686662667
"Co",8718,5.89398872644239,0.823835232953409
"Co",8719,6.20150457150802,0.78004399120176
"Co",8720,13.5393808664257,0.0611877624475105
"Co",8721,8.18260077258061,0.473305338932214
"Co",8722,7.06218651177926,0.648270345930814
"Co",8723,11.2965374338119,0.160367926414717
"Co",8724,8.98700499154722,0.366726654669066
"Co",8725,10.1811320391073,0.240751849630074
"Co",8726,4.42991767687042,0.961807638472306
"Co",8727,9.08417680800153,0.356328734253149
"Co",8728,8.1973952162358,0.470705858828234
"Co",8729,5.40653411817365,0.879024195160968
"Co",8730,7.70327427512433,0.543491301739652
"Co",8731,12.5387175757107,0.0971805638872226
"Co",8732,7.45947662534391,0.584083183363327
"Co",8733,5.90637662776359,0.822435512897421
"Co",8734,9.68944557511378,0.293541291741652
"Co",8735,11.2767958526206,0.161167766446711
"Co",8736,4.34386286533592,0.967006598680264
"Co",8737,9.70540984239099,0.291741651669666
"Co",8738,9.78629503395308,0.282143571285743
"Co",8739,8.93784475901714,0.372925414917017
"Co",8740,6.84706045113876,0.684263147370526
"Co",8741,7.39225360576387,0.593281343731254
"Co",8742,7.67244065834677,0.548890221955609
"Co",8743,7.71310848220455,0.542891421715657
"Co",8744,7.54531006573384,0.570085982803439
"Co",8745,6.94567851549189,0.66746650669866
"Co",8746,9.69698886270649,0.292141571685663
"Co",8747,5.50797292386957,0.866426714657069
"Co",8748,13.1767513922273,0.0711857628474305
"Co",8749,4.1089259486937,0.977604479104179
"Co",8750,10.6321943700362,0.203359328134373
"Co",8751,9.63426344102439,0.298940211957609
"Co",8752,7.6978697543943,0.544891021795641
"Co",8753,9.06379251834866,0.358328334333133
"Co",8754,6.91062034406102,0.672665466906619
"Co",8755,4.58030057818334,0.953609278144371
"Co",8756,14.7064567451665,0.0369926014797041
"Co",8757,6.6443821290807,0.71125774845031
"Co",8758,4.13198050676209,0.977004599080184
"Co",8759,8.93874681729341,0.37252549490102
"Co",8760,6.64927214572663,0.710857828434313
"Co",8761,9.82910980178556,0.277344531093781
"Co",8762,5.18992229894738,0.902219556088782
"Co",8763,7.36640268367555,0.597080583883223
"Co",8764,9.43789382329322,0.318336332733453
"Co",8765,11.0309590695717,0.173965206958608
"Co",8766,13.6450256580472,0.0587882423515297
"Co",8767,11.4002289454146,0.151169766046791
"Co",8768,7.85912862978091,0.520095980803839
"Co",8769,11.8909314908643,0.125374925014997
"Co",8770,12.5082120753132,0.0975804839032194
"Co",8771,18.444450991892,0.00799840031993601
"Co",8772,9.43673308745818,0.31873625274945
"Co",8773,5.69678933066774,0.847030593881224
"Co",8774,4.02324020324156,0.980203959208158
"Co",8775,4.28011852417322,0.969206158768246
"Co",8776,9.16620299373773,0.34873025394921
"Co",8777,3.76687925261515,0.987002599480104
"Co",8778,6.84120202365989,0.685062987402519
"Co",8779,7.22600497788807,0.619276144771046
"Co",8780,8.61330915268093,0.413317336532693
"Co",8781,6.72126463690554,0.702659468106379
"Co",8782,4.95479305358438,0.922215556888622
"Co",8783,10.5704259618597,0.207358528294341
"Co",8784,13.5478292548146,0.0607878424315137
"Co",8785,5.73252669748658,0.842231553689262
"Co",8786,9.4370647933662,0.318536292741452
"Co",8787,9.52514123297613,0.309738052389522
"Co",8788,8.28212054454252,0.458108378324335
"Co",8789,9.73888695477305,0.288142371525695
"Co",8790,10.9788928295746,0.177764447110578
"Co",8791,17.6097960893271,0.0101979604079184
"Co",8792,4.23430297004037,0.972605478904219
"Co",8793,6.29272412359768,0.766646670665867
"Co",8794,5.6832541479711,0.848230353929214
"Co",8795,11.9019605593791,0.124375124975005
"Co",8796,10.0932974294191,0.250749850029994
"Co",8797,12.2267944137499,0.110777844431114
"Co",8798,6.79702816204306,0.690061987602479
"Co",8799,9.11635224703318,0.353129374125175
"Co",8800,4.58744174398382,0.953409318136373
"Co",8801,5.27556357961589,0.892021595680864
"Co",8802,7.08504412547387,0.644471105778844
"Co",8803,5.04380440834422,0.915616876624675
"Co",8804,8.7986999402458,0.387722455508898
"Co",8805,12.657699656827,0.0931813637272546
"Co",8806,10.9146565962407,0.182563487302539
"Co",8807,10.6773591942365,0.200159968006399
"Co",8808,9.3904213778527,0.323135372925415
"Co",8809,7.51991816820853,0.573285342931414
"Co",8810,7.57860634821634,0.564087182563487
"Co",8811,15.4488929375455,0.0271945610877824
"Co",8812,6.59764641272309,0.719256148770246
"Co",8813,6.53462514942375,0.728254349130174
"Co",8814,7.83287656507312,0.525494901019796
"Co",8815,7.70361853007799,0.543491301739652
"Co",8816,7.47592019044933,0.582083583283343
"Co",8817,3.79772696164214,0.986802639472106
"Co",8818,8.05508781159654,0.492301539692062
"Co",8819,6.75629859619201,0.696660667866427
"Co",8820,6.28660336723638,0.767846430713857
"Co",8821,7.49298494652723,0.580283943211358
"Co",8822,5.29890797268837,0.890821835632873
"Co",8823,10.5150034556538,0.210557888422316
"Co",8824,5.27190346205114,0.892421515696861
"Co",8825,8.00967593907072,0.500699860027994
"Co",8826,12.7839288005217,0.0877824435112977
"Co",8827,7.41159702432341,0.590081983603279
"Co",8828,6.82938106171312,0.685662867426515
"Co",8829,13.9388095550498,0.0515896820635873
"Co",8830,10.3441649746748,0.224155168966207
"Co",8831,7.2362947993573,0.618676264747051
"Co",8832,10.9341203121832,0.181163767246551
"Co",8833,5.3583813819468,0.884023195360928
"Co",8834,11.3237015360853,0.157168566286743
"Co",8835,5.48528973623354,0.868826234753049
"Co",8836,6.01015851241289,0.808838232353529
"Co",8837,10.8371137382711,0.189562087582483
"Co",8838,13.2681016949502,0.0681863627274545
"Co",8839,6.95727000594337,0.664867026594681
"Co",8840,8.45925824718546,0.432113577284543
"Co",8841,12.3433426038026,0.104579084183163
"Co",8842,6.87178090949864,0.678464307138572
"Co",8843,7.52326179743051,0.572885422915417
"Co",8844,4.06436559085409,0.979004199160168
"Co",8845,8.90865043429372,0.375724855028994
"Co",8846,6.74219374042826,0.698060387922416
"Co",8847,6.4123581192149,0.748450309938012
"Co",8848,13.3492615977828,0.0659868026394721
"Co",8849,7.30340846673715,0.608478304339132
"Co",8850,7.1277315075225,0.636472705458908
"Co",8851,12.4105755201232,0.100779844031194
"Co",8852,9.35854056070326,0.327334533093381
"Co",8853,9.57453270929196,0.305138972205559
"Co",8854,8.07846397028763,0.489502099580084
"Co",8855,10.7622243022163,0.194161167766447
"Co",8856,6.51676402954809,0.731453709258148
"Co",8857,10.2850557445688,0.229154169166167
"Co",8858,5.33328185504456,0.886622675464907
"Co",8859,9.36207413094078,0.326534693061388
"Co",8860,8.95659010578808,0.369726054789042
"Co",8861,8.49380958061818,0.427714457108578
"Co",8862,6.10087403384381,0.795640871825635
"Co",8863,11.1399993194069,0.167966406718656
"Co",8864,5.50975293115388,0.866426714657069
"Co",8865,4.97916448900898,0.921015796840632
"Co",8866,5.759114273786,0.839232153569286
"Co",8867,8.81362727787018,0.385322935412917
"Co",8868,10.5264222658742,0.209758048390322
"Co",8869,12.157051820793,0.114177164567087
"Co",8870,4.17779146468084,0.975404919016197
"Co",8871,7.85149935570817,0.521895620875825
"Co",8872,6.0781403925088,0.798840231953609
"Co",8873,7.64355885740548,0.554289142171566
"Co",8874,10.7829830321278,0.193161367726455
"Co",8875,21.5261636471762,0.001999600079984
"Co",8876,7.27414789290802,0.612077584483103
"Co",8877,7.76395279419901,0.536092781443711
"Co",8878,7.66031751166904,0.550689862027595
"Co",8879,6.61892283817036,0.715656868626275
"Co",8880,14.3278818231697,0.0433913217356529
"Co",8881,10.1683691698893,0.243151369726055
"Co",8882,11.628154549639,0.137372525494901
"Co",8883,7.06479283827272,0.647670465906819
"Co",8884,6.33377292116063,0.761047790441912
"Co",8885,6.0838348214524,0.798440311937612
"Co",8886,8.10940072478317,0.484703059388122
"Co",8887,11.0471428526861,0.173565286942611
"Co",8888,8.14337481053411,0.478904219156169
"Co",8889,10.4511311895527,0.216156768646271
"Co",8890,10.9094275322146,0.183363327334533
"Co",8891,9.76054413958249,0.285342931413717
"Co",8892,5.53781668127846,0.862627474505099
"Co",8893,12.2451499452714,0.109178164367127
"Co",8894,5.99071309927021,0.811437712457509
"Co",8895,6.61993856044521,0.715656868626275
"Co",8896,12.3284966798829,0.105578884223155
"Co",8897,22.7832332929305,0.000799840031993601
"Co",8898,16.1596306134199,0.0211957608478304
"Co",8899,3.37513106123825,0.994801039792042
"Co",8900,8.28567798987822,0.457908418316337
"Co",8901,10.0129357600774,0.258548290341932
"Co",8902,5.37370024841326,0.882623475304939
"Co",8903,8.43716115766316,0.434113177364527
"Co",8904,7.12834444699311,0.636072785442911
"Co",8905,8.76529549022351,0.392321535692861
"Co",8906,3.92817774604012,0.982803439312138
"Co",8907,12.748563226801,0.0883823235352929
"Co",8908,9.79531416421824,0.280743851229754
"Co",8909,7.39766030689134,0.592281543691262
"Co",8910,4.12990767645877,0.977004599080184
"Co",8911,6.2375504798861,0.773445310937812
"Co",8912,4.41066198855583,0.962607478504299
"Co",8913,8.82639117367292,0.384323135372925
"Co",8914,15.0717388736395,0.0337932413517297
"Co",8915,7.62441264073567,0.556688662267547
"Co",8916,7.19337764464416,0.625074985002999
"Co",8917,11.9018182520745,0.124375124975005
"Co",8918,8.54649673771797,0.421715656868626
"Co",8919,7.67718773560637,0.548090381923615
"Co",8920,5.38034177856551,0.882623475304939
"Co",8921,6.78151329475452,0.693261347730454
"Co",8922,13.1095408170247,0.0733853229354129
"Co",8923,5.37556876451845,0.882623475304939
"Co",8924,10.576519585872,0.206758648270346
"Co",8925,7.82548487790368,0.526094781043791
"Co",8926,4.62350365442103,0.951409718056389
"Co",8927,7.94188047622572,0.509898020395921
"Co",8928,5.62138130593743,0.854829034193161
"Co",8929,8.77552766557631,0.390921815636873
"Co",8930,6.25733867202649,0.771045790841832
"Co",8931,7.12291579475553,0.636672665466907
"Co",8932,3.28184404180564,0.995200959808038
"Co",8933,7.30575769702597,0.608278344331134
"Co",8934,11.7640143449061,0.131773645270946
"Co",8935,5.66735012563211,0.849830033993201
"Co",8936,8.65180442392264,0.406518696260748
"Co",8937,5.7463971319969,0.840631873625275
"Co",8938,9.76866885234281,0.28374325134973
"Co",8939,13.1122405472515,0.0733853229354129
"Co",8940,18.0690450375151,0.00879824035192961
"Co",8941,8.57766445222859,0.41751649670066
"Co",8942,5.59995711361104,0.857028594281144
"Co",8943,7.17419902695747,0.628674265146971
"Co",8944,5.76113621681591,0.838832233553289
"Co",8945,9.69563553098769,0.29254149170166
"Co",8946,6.51102199267424,0.73245350929814
"Co",8947,7.97100354815979,0.505698860227954
"Co",8948,8.74806422619633,0.395120975804839
"Co",8949,4.82563602202219,0.938012397520496
"Co",8950,7.82720266069313,0.525894821035793
"Co",8951,5.74753791254088,0.840631873625275
"Co",8952,7.13133810297444,0.635672865426915
"Co",8953,10.1628462148961,0.24375124975005
"Co",8954,9.98999152823583,0.260147970405919
"Co",8955,9.94873064231865,0.265346930613877
"Co",8956,7.83260536493549,0.525494901019796
"Co",8957,4.83741365980609,0.936812637472506
"Co",8958,5.17343752200495,0.904419116176765
"Co",8959,6.39377502058437,0.750649870025995
"Co",8960,8.59854437034195,0.414317136572685
"Co",8961,8.76847976130463,0.391921615676865
"Co",8962,11.5733068466568,0.140571885622875
"Co",8963,6.8104934212127,0.688462307538492
"Co",8964,9.10297944727856,0.354929014197161
"Co",8965,9.38999330365181,0.323535292941412
"Co",8966,7.53196561244184,0.571485702859428
"Co",8967,5.02681466472905,0.916816636672665
"Co",8968,7.63373222343188,0.555288942211558
"Co",8969,5.76996175268849,0.838032393521296
"Co",8970,11.6131012267873,0.13877224555089
"Co",8971,5.51770486771966,0.86502699460108
"Co",8972,9.29057682173007,0.33373325334933
"Co",8973,10.4889478463396,0.212957408518296
"Co",8974,7.49834296744076,0.579084183163367
"Co",8975,9.93564177582701,0.267146570685863
"Co",8976,10.9770193315152,0.177764447110578
"Co",8977,6.17207586417035,0.784243151369726
"Co",8978,9.70550498673975,0.291741651669666
"Co",8979,6.83313824864501,0.685662867426515
"Co",8980,8.222145325707,0.46750649870026
"Co",8981,4.31646726238836,0.967806438712258
"Co",8982,13.5181087562097,0.0617876424715057
"Co",8983,5.63031504324519,0.854029194161168
"Co",8984,10.6078519082156,0.204359128174365
"Co",8985,8.93225927589447,0.373525294941012
"Co",8986,10.1991773944359,0.239352129574085
"Co",8987,4.80253667499684,0.939012197560488
"Co",8988,8.18456362671205,0.473305338932214
"Co",8989,7.42305620195654,0.5874825034993
"Co",8990,10.4611546051512,0.216156768646271
"Co",8991,10.5527258367124,0.208158368326335
"Co",8992,13.7354234321639,0.0565886822635473
"Co",8993,9.87595027730833,0.273145370925815
"Co",8994,7.2842124736633,0.610677864427115
"Co",8995,9.80030471854215,0.280543891221756
"Co",8996,8.59292649543153,0.415116976604679
"Co",8997,6.37655304229691,0.753449310137972
"Co",8998,8.00912071934036,0.500899820035993
"Co",8999,12.5097873748711,0.0975804839032194
"Co",9000,11.0662521910302,0.171965606878624
"Co",9001,10.2936802868779,0.228554289142172
"Co",9002,7.14416818533087,0.633073385322935
"Co",9003,8.22457408176365,0.466906618676265
"Co",9004,7.24650592518589,0.617276544691062
"Co",9005,5.94006887421764,0.82003599280144
"Co",9006,14.5617845942238,0.0397920415916817
"Co",9007,11.7040817561232,0.134373125374925
"Co",9008,7.95653229815787,0.507698460307938
"Co",9009,5.62449838249088,0.854629074185163
"Co",9010,11.3745593472822,0.154369126174765
"Co",9011,9.6516533618333,0.297740451909618
"Co",9012,10.3079327267896,0.227154569086183
"Co",9013,7.1232800675825,0.636672665466907
"Co",9014,11.8404776965027,0.127974405118976
"Co",9015,6.0108625151764,0.808838232353529
"Co",9016,8.35790580274235,0.446110777844431
"Co",9017,5.68377260227375,0.848230353929214
"Co",9018,10.1992495392348,0.239352129574085
"Co",9019,4.3938941162135,0.964407118576285
"Co",9020,7.03859907796456,0.65126974605079
"Co",9021,11.3726264098948,0.154569086182763
"Co",9022,8.53113550485102,0.423115376924615
"Co",9023,6.41538745331175,0.747850429914017
"Co",9024,4.67157218483413,0.948210357928414
"Co",9025,7.34735965007772,0.599880023995201
"Co",9026,6.14415665775044,0.787642471505699
"Co",9027,8.42735468683338,0.434913017396521
"Co",9028,7.33011900222084,0.603479304139172
"Co",9029,10.3616176026947,0.222755448910218
"Co",9030,9.3042508246721,0.331933613277345
"Co",9031,11.1419518094007,0.167766446710658
"Co",9032,8.08290582256902,0.488902219556089
"Co",9033,8.96094601586364,0.369326134773045
"Co",9034,11.5365822267482,0.142971405718856
"Co",9035,7.32737634198415,0.604079184163167
"Co",9036,8.59144275397006,0.415116976604679
"Co",9037,6.06181715079617,0.801639672065587
"Co",9038,4.74893544110526,0.943811237752449
"Co",9039,11.166889217659,0.167366526694661
"Co",9040,6.3826073721217,0.75244951009798
"Co",9041,6.75078577681332,0.697260547890422
"Co",9042,8.28589357655233,0.457908418316337
"Co",9043,7.31688555167293,0.606078784243151
"Co",9044,6.34171795293281,0.759648070385923
"Co",9045,12.6786969566791,0.0927814437112578
"Co",9046,6.20035881901512,0.78004399120176
"Co",9047,11.9089110136527,0.123975204959008
"Co",9048,7.53654902132016,0.57128574285143
"Co",9049,14.007845049347,0.0503899220155969
"Co",9050,13.7169165500542,0.0571885622875425
"Co",9051,5.94528855665101,0.819236152769446
"Co",9052,10.9360875759766,0.180763847230554
"Co",9053,9.56547434855906,0.305938812237552
"Co",9054,6.09582576607752,0.79624075184963
"Co",9055,8.7757807858672,0.390721855628874
"Co",9056,9.50972225060622,0.310737852429514
"Co",9057,10.1301559805387,0.247950409918016
"Co",9058,8.32725389651577,0.450709858028394
"Co",9059,5.08772217083109,0.912617476504699
"Co",9060,12.3622452848704,0.103179364127175
"Co",9061,6.82600073936891,0.686462707458508
"Co",9062,5.94813430277307,0.818636272745451
"Co",9063,6.87543355970871,0.67746450709858
"Co",9064,5.16238794203852,0.905818836232753
"Co",9065,8.41443451491526,0.436912617476505
"Co",9066,12.4248094587576,0.100179964007199
"Co",9067,7.8184299720194,0.52749450109978
"Co",9068,7.16610377921347,0.630073985202959
"Co",9069,5.71186174612032,0.844631073785243
"Co",9070,4.37069525651651,0.965606878624275
"Co",9071,10.4520664029987,0.216156768646271
"Co",9072,7.60661837652111,0.558888222355529
"Co",9073,10.1815989587632,0.240551889622076
"Co",9074,18.6845287099225,0.00759848030393921
"Co",9075,7.77167210453072,0.535292941411718
"Co",9076,10.7929575437438,0.193161367726455
"Co",9077,7.57027158449682,0.565086982603479
"Co",9078,6.86763008727557,0.679664067186563
"Co",9079,7.37621110629792,0.595680863827235
"Co",9080,5.93062279290919,0.820435912817437
"Co",9081,12.5100599116736,0.0975804839032194
"Co",9082,5.82667647829845,0.832233553289342
"Co",9083,6.51329978564655,0.731853629274145
"Co",9084,5.68747033272021,0.847430513897221
"Co",9085,14.5673874483919,0.0397920415916817
"Co",9086,7.93068232963321,0.51129774045191
"Co",9087,6.31963942340067,0.763247350529894
"Co",9088,8.61542586551172,0.412917416516697
"Co",9089,15.7082797184769,0.0247950409918016
"Co",9090,7.5525622272695,0.568486302739452
"Co",9091,7.15304939631469,0.632273545290942
"Co",9092,6.64640552008532,0.71125774845031
"Co",9093,11.6249799338048,0.137772445510898
"Co",9094,6.12013370261184,0.79244151169766
"Co",9095,5.57546522273891,0.859828034393121
"Co",9096,6.88774156276546,0.675664867026595
"Co",9097,6.24426838415931,0.77244551089782
"Co",9098,13.7747996187393,0.0551889622075585
"Co",9099,12.7250955570253,0.0903819236152769
"Co",9100,6.58642160046037,0.720855828834233
"Co",9101,14.928486704151,0.0357928414317137
"Co",9102,9.98902061183477,0.260347930413917
"Co",9103,4.58374612868138,0.953609278144371
"Co",9104,7.41551875358616,0.589082183563287
"Co",9105,11.1903909531707,0.165966806638672
"Co",9106,12.8178721956978,0.0857828434313137
"Co",9107,8.95108159793301,0.369926014797041
"Co",9108,10.3282541969118,0.225554889022196
"Co",9109,4.87772783416307,0.932013597280544
"Co",9110,8.55763499171729,0.420915816836633
"Co",9111,7.35532501172187,0.598880223955209
"Co",9112,6.92917467076711,0.670265946810638
"Co",9113,7.2155990407806,0.620275944811038
"Co",9114,5.10823107586356,0.911417716456709
"Co",9115,3.53266651955698,0.991601679664067
"Co",9116,8.18294644232103,0.473305338932214
"Co",9117,5.81526743671719,0.833233353329334
"Co",9118,5.66777003530893,0.849830033993201
"Co",9119,7.79429526260347,0.531093781243751
"Co",9120,7.03513317656328,0.651669666066787
"Co",9121,9.71357965060011,0.290741851629674
"Co",9122,12.2887355888828,0.107378524295141
"Co",9123,6.89498275842269,0.675264947010598
"Co",9124,5.11360022682314,0.910817836432713
"Co",9125,8.25896419760363,0.460707858428314
"Co",9126,5.98624292917944,0.812037592481504
"Co",9127,8.40415606503396,0.43871225754849
"Co",9128,6.0335919779078,0.804239152169566
"Co",9129,12.9515170168452,0.0791841631673665
"Co",9130,6.35455147350967,0.75624875024995
"Co",9131,10.7934408635815,0.193161367726455
"Co",9132,8.84609048919737,0.382923415316937
"Co",9133,10.8309477937555,0.190761847630474
"Co",9134,7.79146625151711,0.531893621275745
"Co",9135,6.75732456030335,0.696660667866427
"Co",9136,7.52403472745974,0.572885422915417
"Co",9137,10.6575191297702,0.201559688062388
"Co",9138,3.29472331949644,0.995200959808038
"Co",9139,10.0434510809048,0.255748850229954
"Co",9140,8.01886632235099,0.49870025994801
"Co",9141,6.57763243474591,0.722055588882224
"Co",9142,8.46748115625536,0.43131373725255
"Co",9143,9.29328841224844,0.333533293341332
"Co",9144,6.12607329637581,0.790241951609678
"Co",9145,11.8440383350773,0.127974405118976
"Co",9146,8.52467699213963,0.424515096980604
"Co",9147,9.93069004645648,0.26754649070186
"Co",9148,6.82230187569817,0.687262547490502
"Co",9149,10.6614407938982,0.200959808038392
"Co",9150,3.3529145795269,0.994801039792042
"Co",9151,5.47840815673689,0.869626074785043
"Co",9152,7.9177862637726,0.513297340531894
"Co",9153,10.6589532518476,0.201359728054389
"Co",9154,13.1968016909993,0.0705858828234353
"Co",9155,10.3086981881515,0.227154569086183
"Co",9156,7.28006143071957,0.611477704459108
"Co",9157,13.4709816953253,0.0631873625274945
"Co",9158,7.03258867095769,0.652069586082783
"Co",9159,5.04925206405161,0.91501699660068
"Co",9160,7.61899582217023,0.557288542291542
"Co",9161,10.5949745420767,0.205558888222356
"Co",9162,3.20521826553448,0.996400719856029
"Co",9163,7.57109932902912,0.565086982603479
"Co",9164,5.8135985817238,0.833233353329334
"Co",9165,7.41542455798211,0.589082183563287
"Co",9166,13.6258585161159,0.0591881623675265
"Co",9167,6.93129946120629,0.669866026794641
"Co",9168,5.54683225041623,0.862427514497101
"Co",9169,7.04815578254843,0.650469906018796
"Co",9170,9.21051616391429,0.34373125374925
"Co",9171,12.067414276067,0.117976404719056
"Co",9172,15.0927044621157,0.0331933613277345
"Co",9173,8.15417556592149,0.476904619076185
"Co",9174,9.96868131884091,0.261947610477904
"Co",9175,14.3652948693649,0.0429914017196561
"Co",9176,9.69796300112222,0.292141571685663
"Co",9177,5.65479574436293,0.850829834033193
"Co",9178,8.89113655281983,0.377724455108978
"Co",9179,15.3497802179403,0.0297940411917616
"Co",9180,5.80488709237318,0.833433313337333
"Co",9181,13.0439647675008,0.0753849230153969
"Co",9182,10.7717368726373,0.193561287742452
"Co",9183,10.5671028169441,0.207358528294341
"Co",9184,5.98608831198027,0.812037592481504
"Co",9185,6.00850460384683,0.809038192361528
"Co",9186,8.70304548934354,0.399520095980804
"Co",9187,6.43736155851519,0.744851029794041
"Co",9188,7.95482883974029,0.507698460307938
"Co",9189,12.9572823308961,0.0787842431513697
"Co",9190,10.0620246591463,0.25374925014997
"Co",9191,5.83761094415749,0.830633873225355
"Co",9192,6.11800082329927,0.792841431713657
"Co",9193,7.57268912483954,0.564887022595481
"Co",9194,7.54856651275929,0.569886022795441
"Co",9195,6.34694465945998,0.758648270345931
"Co",9196,12.73053124756,0.0901819636072786
"Co",9197,5.52209672255107,0.864627074585083
"Co",9198,6.7649620548415,0.695260947810438
"Co",9199,6.81940030627231,0.687862427514497
"Co",9200,9.87599531825586,0.273145370925815
"Co",9201,10.8721471535681,0.185562887422516
"Co",9202,9.38186513064144,0.324535092981404
"Co",9203,6.62370491544212,0.71505698860228
"Co",9204,10.4333919002997,0.21755648870226
"Co",9205,8.7819118663086,0.390321935612877
"Co",9206,7.5693039351066,0.565286942611478
"Co",9207,9.69160004666571,0.293341331733653
"Co",9208,14.1548361170965,0.0459908018396321
"Co",9209,8.9656264449286,0.36872625474905
"Co",9210,6.35325591066299,0.756448710257948
"Co",9211,13.3404995955104,0.0659868026394721
"Co",9212,7.74386674492337,0.537292541491702
"Co",9213,7.04112195850163,0.650869826034793
"Co",9214,7.17067949651626,0.629074185162967
"Co",9215,10.8376242676096,0.189162167566487
"Co",9216,7.16772962103116,0.629874025194961
"Co",9217,6.14644757368217,0.787442511497701
"Co",9218,5.92172672910272,0.82123575284943
"Co",9219,9.40202831756741,0.321135772845431
"Co",9220,10.8592879202359,0.185962807438512
"Co",9221,12.8724794032131,0.0827834433113377
"Co",9222,11.5476506795151,0.142171565686863
"Co",9223,9.84270534581046,0.276344731053789
"Co",9224,6.57246867326091,0.722255548890222
"Co",9225,3.62087673561092,0.99000199960008
"Co",9226,4.63240723202537,0.950609878024395
"Co",9227,9.08492342116355,0.356328734253149
"Co",9228,7.58652010945818,0.563087382523495
"Co",9229,12.5215298133602,0.0975804839032194
"Co",9230,6.39907141159267,0.750049990002
"Co",9231,6.20652054987175,0.779044191161768
"Co",9232,11.0243453982709,0.174565086982603
"Co",9233,6.5903594401841,0.72005598880224
"Co",9234,7.21815596018342,0.619676064787043
"Co",9235,8.05613352691927,0.491901619676065
"Co",9236,3.66719923995842,0.989002199560088
"Co",9237,13.8552053991152,0.0533893221355729
"Co",9238,11.8425159802604,0.127974405118976
"Co",9239,13.1637839351218,0.0711857628474305
"Co",9240,14.6898301793327,0.0377924415116977
"Co",9241,15.2846237601447,0.0307938412317536
"Co",9242,5.81926028227608,0.832833433313337
"Co",9243,6.74902031538463,0.697260547890422
"Co",9244,5.90824325179338,0.822235552889422
"Co",9245,4.53464691923045,0.957208558288342
"Co",9246,8.27286156969569,0.459508098380324
"Co",9247,7.74990720607806,0.537092581483703
"Co",9248,6.80326297243369,0.689662067586483
"Co",9249,14.4686672508958,0.0411917616476705
"Co",9250,14.5557301243589,0.0399920015996801
"Co",9251,6.4271761220802,0.746850629874025
"Co",9252,10.6447623094562,0.201959608078384
"Co",9253,10.0128557624963,0.258548290341932
"Co",9254,9.12512602080366,0.352129574085183
"Co",9255,10.2820352923278,0.229354129174165
"Co",9256,7.89965640296413,0.515496900619876
"Co",9257,8.41384717989041,0.437112577484503
"Co",9258,8.1190051986971,0.483903219356129
"Co",9259,5.10107150818368,0.911817636472705
"Co",9260,11.3096713806839,0.158568286342731
"Co",9261,11.1373838061897,0.168166366726655
"Co",9262,5.60380111899624,0.857028594281144
"Co",9263,8.55524920496114,0.421115776844631
"Co",9264,8.26849229183918,0.459908018396321
"Co",9265,6.51175909194686,0.731853629274145
"Co",9266,8.93128129826695,0.373525294941012
"Co",9267,5.33015147979494,0.886822635472905
"Co",9268,7.64892764335042,0.552689462107579
"Co",9269,5.43200170383986,0.876624675064987
"Co",9270,10.0259363883664,0.257148570285943
"Co",9271,7.524125522616,0.572885422915417
"Co",9272,7.92806536626432,0.511497700459908
"Co",9273,6.49332008933609,0.736052789442112
"Co",9274,9.96278652719744,0.263547290541892
"Co",9275,9.17956436600787,0.346530693861228
"Co",9276,11.6020639934475,0.139172165566887
"Co",9277,5.63855029809426,0.852829434113177
"Co",9278,8.73423119072737,0.395920815836833
"Co",9279,5.2214466918152,0.897820435912817
"Co",9280,7.95226344725063,0.507698460307938
"Co",9281,12.7817293050249,0.0877824435112977
"Co",9282,6.71550905571702,0.703059388122376
"Co",9283,12.6312484848759,0.0945810837832434
"Co",9284,9.29189164085744,0.333533293341332
"Co",9285,7.33531536254344,0.602279544091182
"Co",9286,11.6489768736547,0.136972605478904
"Co",9287,4.86016470828332,0.933613277344531
"Co",9288,6.59107875197793,0.72005598880224
"Co",9289,6.3672468724186,0.754249150169966
"Co",9290,13.0572590328481,0.0749850029994001
"Co",9291,7.10105328635851,0.641671665666867
"Co",9292,13.3268727699047,0.0659868026394721
"Co",9293,7.05830908819024,0.648670265946811
"Co",9294,5.80285285771154,0.833433313337333
"Co",9295,15.2693664813438,0.0311937612477504
"Co",9296,11.9560628468536,0.122375524895021
"Co",9297,10.4073199293407,0.219356128774245
"Co",9298,17.8771892265143,0.00879824035192961
"Co",9299,14.6977564465865,0.0375924815036993
"Co",9300,7.89420406640102,0.51629674065187
"Co",9301,8.00812780998868,0.500899820035993
"Co",9302,5.5976624592231,0.857428514297141
"Co",9303,9.06564794964137,0.358328334333133
"Co",9304,10.8581459228047,0.186362727454509
"Co",9305,6.59246677557169,0.72005598880224
"Co",9306,4.03747474980675,0.98000399920016
"Co",9307,7.29613901541512,0.609278144371126
"Co",9308,7.68291738959601,0.54629074185163
"Co",9309,9.65466025014129,0.297340531893621
"Co",9310,7.03738600452004,0.651469706058788
"Co",9311,10.7134214894615,0.198160367926415
"Co",9312,6.67355582743974,0.707658468306339
"Co",9313,8.30726036834676,0.454709058188362
"Co",9314,9.00767417040345,0.363527294541092
"Co",9315,7.20249263229556,0.623275344931014
"Co",9316,5.76496053961552,0.838632273545291
"Co",9317,5.30946263743522,0.889622075584883
"Co",9318,7.78611982823728,0.533093381323735
"Co",9319,4.11477168803842,0.977404519096181
"Co",9320,11.0316812104255,0.173965206958608
"Co",9321,5.6666206421033,0.849830033993201
"Co",9322,8.30712841429988,0.454709058188362
"Co",9323,10.4280283367605,0.218356328734253
"Co",9324,12.9560337412173,0.0789842031593681
"Co",9325,9.92099681656919,0.268346330733853
"Co",9326,9.3513957050933,0.327934413117377
"Co",9327,6.2038549934592,0.779844031193761
"Co",9328,9.83708978286091,0.277144571085783
"Co",9329,8.50084916843448,0.42751449710058
"Co",9330,8.86662897553893,0.381123775244951
"Co",9331,11.353004620298,0.155768846230754
"Co",9332,9.08546626860291,0.356328734253149
"Co",9333,7.43108088029868,0.587282543491302
"Co",9334,7.38276982018974,0.594281143771246
"Co",9335,8.8453141535434,0.383123375324935
"Co",9336,7.72518064240427,0.540891821635673
"Co",9337,8.07737358660529,0.489502099580084
"Co",9338,8.25389842444841,0.461907618476305
"Co",9339,7.93413939702995,0.510697860427914
"Co",9340,13.0260604652468,0.0759848030393921
"Co",9341,14.9147540498653,0.0357928414317137
"Co",9342,10.1462789362243,0.246550689862028
"Co",9343,5.94739667175122,0.818636272745451
"Co",9344,7.84274278243191,0.523295340931814
"Co",9345,7.73281537305712,0.539492101579684
"Co",9346,8.05236804810175,0.492701459708058
"Co",9347,5.35366172737291,0.884423115376925
"Co",9348,17.8615177667924,0.00879824035192961
"Co",9349,6.14384855508936,0.787642471505699
"Co",9350,7.04899358510787,0.650469906018796
"Co",9351,6.57840879346239,0.721655668866227
"Co",9352,4.45244356205734,0.961807638472306
"Co",9353,10.1789731230071,0.241151769646071
"Co",9354,4.4595655159533,0.961807638472306
"Co",9355,3.83859385729167,0.985402919416117
"Co",9356,12.6124852570067,0.0949810037992402
"Co",9357,8.52348698501117,0.424715056988602
"Co",9358,7.20200383524306,0.623475304939012
"Co",9359,10.0600151897086,0.25374925014997
"Co",9360,8.64025878965336,0.409118176364727
"Co",9361,4.50658750911475,0.959008198360328
"Co",9362,8.08731114375627,0.488102379524095
"Co",9363,8.21966602494231,0.467706458708258
"Co",9364,13.1574840692794,0.0713857228554289
"Co",9365,5.27023273264186,0.892421515696861
"Co",9366,11.7037546081339,0.134373125374925
"Co",9367,7.26035147423096,0.614477104579084
"Co",9368,7.84664325781191,0.522295540891822
"Co",9369,8.37885686176389,0.442311537692462
"Co",9370,11.803653360453,0.129574085182963
"Co",9371,11.4198157114038,0.150569886022795
"Co",9372,4.64973974562932,0.949610077984403
"Co",9373,5.56626551348609,0.860227954409118
"Co",9374,12.6433028244615,0.0937812437512497
"Co",9375,8.9151551324812,0.374525094981004
"Co",9376,9.16964016268464,0.348330333933213
"Co",9377,10.2523710232336,0.23255348930214
"Co",9378,6.20863442773376,0.778844231153769
"Co",9379,8.74926517775791,0.395120975804839
"Co",9380,6.55881353510966,0.724855028994201
"Co",9381,12.6516629182655,0.0935812837432514
"Co",9382,4.44224557565852,0.961807638472306
"Co",9383,14.5999381680905,0.0393921215756849
"Co",9384,4.52346351339409,0.957608478304339
"Co",9385,3.77365433496951,0.986802639472106
"Co",9386,6.89395282676898,0.675264947010598
"Co",9387,4.95593819163335,0.922215556888622
"Co",9388,6.75313770981978,0.697060587882424
"Co",9389,7.56196422914047,0.567086582683463
"Co",9390,7.68096130046352,0.546690661867626
"Co",9391,4.09263665343303,0.978204359128174
"Co",9392,12.6156571584897,0.0949810037992402
"Co",9393,6.89289058683977,0.675464907018596
"Co",9394,8.07535182834508,0.489902019596081
"Co",9395,18.4594041991646,0.00799840031993601
"Co",9396,7.4882222334659,0.580683863227355
"Co",9397,5.67760110094369,0.848830233953209
"Co",9398,6.56336706588814,0.723855228954209
"Co",9399,8.06915209176262,0.490901819636073
"Co",9400,8.61499141346849,0.412917416516697
"Co",9401,4.05663691470856,0.979604079184163
"Co",9402,7.61227457354107,0.558288342331534
"Co",9403,11.5761067809871,0.13997200559888
"Co",9404,4.11467601183446,0.977404519096181
"Co",9405,13.4645862569572,0.0633873225354929
"Co",9406,6.64945708979803,0.710857828434313
"Co",9407,6.18080201207016,0.783243351329734
"Co",9408,9.5130287619503,0.310337932413517
"Co",9409,11.2749936791997,0.161167766446711
"Co",9410,9.19754439819718,0.344531093781244
"Co",9411,12.100679754018,0.116776644671066
"Co",9412,11.2688120824835,0.161367726454709
"Co",9413,5.31649650312357,0.888822235552889
"Co",9414,11.6084370967658,0.138972205558888
"Co",9415,5.02307646420121,0.916816636672665
"Co",9416,15.1767367673218,0.0323935212957408
"Co",9417,6.60048678397911,0.718856228754249
"Co",9418,9.0553077452968,0.35872825434913
"Co",9419,8.4833801154372,0.428914217156569
"Co",9420,4.91171038453308,0.929214157168566
"Co",9421,5.8280163802666,0.831433713257348
"Co",9422,4.20252877174048,0.974405118976205
"Co",9423,6.17658623818542,0.783643271345731
"Co",9424,4.4663391304997,0.961407718456309
"Co",9425,6.37106045480434,0.754049190161968
"Co",9426,6.70365805687695,0.703859228154369
"Co",9427,6.95261523102363,0.665866826634673
"Co",9428,3.68634316492628,0.988402319536093
"Co",9429,6.91486521652587,0.672065586882624
"Co",9430,10.0894407773511,0.250949810037992
"Co",9431,7.93647443485418,0.510097980403919
"Co",9432,7.19343302262774,0.625074985002999
"Co",9433,10.1627127544831,0.24375124975005
"Co",9434,8.36342921855675,0.445510897820436
"Co",9435,6.34338050282989,0.759048190361928
"Co",9436,6.06761919378658,0.800239952009598
"Co",9437,8.09680686479891,0.486702659468106
"Co",9438,15.1408190201456,0.0325934813037392
"Co",9439,7.89042049879419,0.516896620675865
"Co",9440,6.99596274907225,0.658268346330734
"Co",9441,6.41885376843456,0.747650469906019
"Co",9442,8.7310741226633,0.396120775844831
"Co",9443,6.17663864552588,0.783643271345731
"Co",9444,8.7900867620944,0.38872225554889
"Co",9445,12.9176567136452,0.0797840431913617
"Co",9446,6.9286139200814,0.670265946810638
"Co",9447,7.26190036596728,0.614477104579084
"Co",9448,5.55719969757652,0.861427714457109
"Co",9449,7.26472208745389,0.613877224555089
"Co",9450,9.13172204595719,0.351929614077185
"Co",9451,8.61206582434161,0.413317336532693
"Co",9452,8.57599989077636,0.41751649670066
"Co",9453,5.39223646793656,0.882023595280944
"Co",9454,12.2728269416769,0.107978404319136
"Co",9455,6.86465721267629,0.679864027194561
"Co",9456,9.82479938369724,0.278544291141772
"Co",9457,5.5018001142611,0.867226554689062
"Co",9458,11.6673838312445,0.136172765446911
"Co",9459,4.09588975158968,0.978004399120176
"Co",9460,7.63105746989342,0.555688862227555
"Co",9461,3.70611689639352,0.988202359528094
"Co",9462,7.35188478564086,0.599680063987203
"Co",9463,20.9578365014725,0.0027994401119776
"Co",9464,5.22134009202463,0.897820435912817
"Co",9465,6.96697251476789,0.663267346530694
"Co",9466,4.79594567052081,0.939212157568486
"Co",9467,4.9495322029575,0.923215356928614
"Co",9468,15.2586644793613,0.0311937612477504
"Co",9469,11.9569495090811,0.122375524895021
"Co",9470,7.66143530688467,0.550489902019596
"Co",9471,6.74591744104461,0.697860427914417
"Co",9472,8.18899416258728,0.471705658868226
"Co",9473,10.6980568176152,0.198560287942412
"Co",9474,5.23984941637664,0.895220955808838
"Co",9475,9.39890007005891,0.321135772845431
"Co",9476,10.1943039263121,0.239752049590082
"Co",9477,6.4324013787664,0.745650869826035
"Co",9478,14.1412581748323,0.0463907218556289
"Co",9479,12.0893324226463,0.116776644671066
"Co",9480,8.39355569609407,0.439712057588482
"Co",9481,8.53478287090221,0.422915416916617
"Co",9482,11.3649901136563,0.155568886222755
"Co",9483,5.14306853872549,0.907818436312737
"Co",9484,4.8399660627432,0.936612677464507
"Co",9485,9.07313096037709,0.357928414317137
"Co",9486,6.91719711620922,0.671865626874625
"Co",9487,6.71834073341472,0.703059388122376
"Co",9488,5.78680821369719,0.835632873425315
"Co",9489,6.61644362265417,0.716056788642272
"Co",9490,8.39129560584612,0.440311937612477
"Co",9491,15.2744365674823,0.030993801239752
"Co",9492,9.39748632151486,0.321335732853429
"Co",9493,10.6179769018867,0.204359128174365
"Co",9494,10.6710083763457,0.200159968006399
"Co",9495,10.8976033665975,0.183963207358528
"Co",9496,10.874372658394,0.185362927414517
"Co",9497,4.48617981658765,0.960407918416317
"Co",9498,8.78315333396071,0.390121975604879
"Co",9499,11.5958214168253,0.139572085582883
"Co",9500,13.4756215718105,0.0631873625274945
"Co",9501,6.10783949718859,0.794641071785643
"Co",9502,9.17978658205013,0.346530693861228
"Co",9503,9.26383928720188,0.337932413517297
"Co",9504,5.83737037151772,0.830633873225355
"Co",9505,6.65979440383532,0.709858028394321
"Co",9506,7.60674198354661,0.558888222355529
"Co",9507,7.02314128190778,0.653069386122775
"Co",9508,10.8825571138654,0.18496300739852
"Co",9509,9.66336573358268,0.296740651869626
"Co",9510,12.0956471187143,0.116776644671066
"Co",9511,12.8147768597604,0.0859828034393121
"Co",9512,15.4849716288647,0.026994601079784
"Co",9513,9.07111389952377,0.358128374325135
"Co",9514,14.0280242924269,0.0499900019996001
"Co",9515,7.98996946216829,0.502899420115977
"Co",9516,12.7179834616427,0.0903819236152769
"Co",9517,8.26858837058856,0.459908018396321
"Co",9518,5.82657985194129,0.832233553289342
"Co",9519,4.58065850026983,0.953609278144371
"Co",9520,10.0105292972851,0.25874825034993
"Co",9521,7.26044147125904,0.614477104579084
"Co",9522,8.57171901950824,0.418316336732653
"Co",9523,11.2241051097953,0.164167166566687
"Co",9524,9.90566652079443,0.270145970805839
"Co",9525,5.8889291292553,0.824235152969406
"Co",9526,7.14548404755701,0.633073385322935
"Co",9527,7.06919827123849,0.646870625874825
"Co",9528,16.694108477576,0.0163967206558688
"Co",9529,11.5173241847558,0.14377124575085
"Co",9530,7.39391500507637,0.592881423715257
"Co",9531,7.75722864218611,0.536692661467706
"Co",9532,5.18918828146977,0.902219556088782
"Co",9533,6.64002533730672,0.712257548490302
"Co",9534,8.95684452489934,0.369726054789042
"Co",9535,5.65552327059925,0.850829834033193
"Co",9536,5.1554788847929,0.906818636272746
"Co",9537,11.4362844154822,0.148370325934813
"Co",9538,3.93048547270917,0.982803439312138
"Co",9539,5.67179416968813,0.849630073985203
"Co",9540,9.01373519225589,0.363127374525095
"Co",9541,15.4964023437683,0.026994601079784
"Co",9542,6.56710620160428,0.723855228954209
"Co",9543,10.5594741388902,0.207958408318336
"Co",9544,9.08230090662175,0.356528694261148
"Co",9545,11.0994253790385,0.171165766846631
"Co",9546,5.27092625618926,0.892421515696861
"Co",9547,9.91371076543956,0.269146170765847
"Co",9548,6.73275883327153,0.699660067986403
"Co",9549,12.7036537521943,0.0911817636472705
"Co",9550,5.68752594969195,0.847430513897221
"Co",9551,6.98369846717006,0.660067986402719
"Co",9552,9.56621384162733,0.305738852229554
"Co",9553,11.9912996298487,0.121175764847031
"Co",9554,4.77007574547588,0.94121175764847
"Co",9555,12.4738879723954,0.0989802039592082
"Co",9556,6.46622902247637,0.740651869626075
"Co",9557,6.48087951182865,0.737852429514097
"Co",9558,12.5081409178707,0.0975804839032194
"Co",9559,4.37591410030049,0.965206958608278
"Co",9560,9.61621301828765,0.300739852029594
"Co",9561,7.41399236864544,0.589282143571286
"Co",9562,7.77900298724967,0.534293141371726
"Co",9563,8.44694676555274,0.433113377324535
"Co",9564,15.2929119693025,0.0303939212157568
"Co",9565,11.1228694551975,0.169566086782643
"Co",9566,12.1745063325185,0.113177364527095
"Co",9567,7.50300175041647,0.578284343131374
"Co",9568,6.90925034334657,0.673265346930614
"Co",9569,7.12428615086296,0.636672665466907
"Co",9570,4.20591427212557,0.974405118976205
"Co",9571,8.3349945560274,0.449910017996401
"Co",9572,8.71319955020488,0.398120375924815
"Co",9573,9.06207196684963,0.358528294341132
"Co",9574,12.2988793873267,0.106978604279144
"Co",9575,5.84095841344481,0.830433913217356
"Co",9576,3.76730509650562,0.987002599480104
"Co",9577,11.7774728289396,0.131573685262947
"Co",9578,13.8953207646441,0.0525894821035793
"Co",9579,15.5027362596203,0.026994601079784
"Co",9580,7.45083749814299,0.585482903419316
"Co",9581,7.36266760542662,0.597280543891222
"Co",9582,18.5440544148469,0.00759848030393921
"Co",9583,7.64908237697628,0.552689462107579
"Co",9584,9.29235861850188,0.333533293341332
"Co",9585,9.84393074820125,0.276344731053789
"Co",9586,7.83672193881031,0.524495100979804
"Co",9587,8.45535365422572,0.432313537292542
"Co",9588,10.3062360112599,0.227354529094181
"Co",9589,7.50259064853029,0.578284343131374
"Co",9590,5.10694363571133,0.911417716456709
"Co",9591,11.178601177568,0.166566686662667
"Co",9592,10.478425572218,0.213957208558288
"Co",9593,7.59934182596308,0.559888022395521
"Co",9594,8.58854086533049,0.415716856628674
"Co",9595,7.4054022577867,0.590481903619276
"Co",9596,10.3479321486555,0.224155168966207
"Co",9597,6.93379597186689,0.669466106778644
"Co",9598,8.7243081227234,0.397120575884823
"Co",9599,10.7438174993403,0.195560887822436
"Co",9600,5.08702589868328,0.912617476504699
"Co",9601,6.67459101023172,0.707658468306339
"Co",9602,7.23790485944852,0.618676264747051
"Co",9603,3.99674380177117,0.98120375924815
"Co",9604,16.0968355224913,0.0211957608478304
"Co",9605,8.37004088336917,0.445110977804439
"Co",9606,10.9863102243922,0.177364527094581
"Co",9607,9.9585638585624,0.264547090581884
"Co",9608,5.37709504362117,0.882623475304939
"Co",9609,11.3691232140269,0.15496900619876
"Co",9610,9.5037271389038,0.310737852429514
"Co",9611,6.71573439074834,0.703059388122376
"Co",9612,13.1398659179763,0.0721855628874225
"Co",9613,8.84948589555287,0.38252349530094
"Co",9614,9.77427975622462,0.282943411317736
"Co",9615,6.94234577805261,0.668266346730654
"Co",9616,4.62896035736624,0.95120975804839
"Co",9617,7.36390276756256,0.597080583883223
"Co",9618,13.2533934877399,0.0687862427514497
"Co",9619,8.89315741896087,0.37752449510098
"Co",9620,6.82802841904046,0.685662867426515
"Co",9621,8.56854601301529,0.418916216756649
"Co",9622,7.25155910868287,0.61627674465107
"Co",9623,6.5582908899955,0.724855028994201
"Co",9624,8.76120380475703,0.39252149570086
"Co",9625,5.03878862578881,0.916016796640672
"Co",9626,7.12916882733694,0.635872825434913
"Co",9627,10.9714414676617,0.178364327134573
"Co",9628,10.6842940353026,0.199760047990402
"Co",9629,6.24274634919982,0.773045390921816
"Co",9630,12.3552479621609,0.103579284143171
"Co",9631,5.89343211613246,0.823835232953409
"Co",9632,7.57407855498803,0.564687062587482
"Co",9633,4.76216652182823,0.942211557688462
"Co",9634,9.39281651732017,0.322335532893421
"Co",9635,7.49352626655177,0.580083983203359
"Co",9636,13.7831670283119,0.0551889622075585
"Co",9637,8.22123394281334,0.467706458708258
"Co",9638,6.6683739623619,0.708458308338332
"Co",9639,4.00277112614472,0.98120375924815
"Co",9640,13.7554730851331,0.0555888822235553
"Co",9641,6.2050120936585,0.779844031193761
"Co",9642,18.2055584826428,0.00839832033593281
"Co",9643,7.6987275179234,0.544691061787642
"Co",9644,11.1308702380329,0.169166166766647
"Co",9645,15.0307726532219,0.0343931213757249
"Co",9646,5.32065989044105,0.887822435512897
"Co",9647,7.26107635328199,0.614477104579084
"Co",9648,10.2871622806221,0.229154169166167
"Co",9649,11.2151580196695,0.164367126574685
"Co",9650,6.8391761310032,0.685262947410518
"Co",9651,13.7671377853653,0.0553889222155569
"Co",9652,7.89172797671955,0.516696660667866
"Co",9653,5.65969410092166,0.850629874025195
"Co",9654,5.13626848093853,0.908218356328734
"Co",9655,18.2082080366444,0.00839832033593281
"Co",9656,6.69720711035856,0.704859028194361
"Co",9657,4.72784988130317,0.945210957808438
"Co",9658,2.48081015117508,0.999400119976005
"Co",9659,7.45963417266083,0.584083183363327
"Co",9660,4.07063304395032,0.978604279144171
"Co",9661,4.43344274934393,0.961807638472306
"Co",9662,11.9783956149904,0.121575684863027
"Co",9663,8.82058973879288,0.384523095380924
"Co",9664,7.42059670009067,0.587882423515297
"Co",9665,9.66881442834799,0.296140771845631
"Co",9666,17.4261324784155,0.010997800439912
"Co",9667,14.160453253515,0.0459908018396321
"Co",9668,8.31155222045857,0.453109378124375
"Co",9669,7.26939963165194,0.612677464507099
"Co",9670,6.50508050117531,0.733853229354129
"Co",9671,12.064451360924,0.118176364727055
"Co",9672,9.33817889304927,0.32873425314937
"Co",9673,7.20243060149349,0.623275344931014
"Co",9674,9.00097690624079,0.364327134573085
"Co",9675,13.2009497327996,0.0705858828234353
"Co",9676,9.35563631872091,0.327334533093381
"Co",9677,10.5081170714026,0.211557688462308
"Co",9678,11.9469171511573,0.123175364927015
"Co",9679,11.7004253323924,0.134373125374925
"Co",9680,8.27569231174294,0.458908218356329
"Co",9681,10.5080771947158,0.211557688462308
"Co",9682,5.41687257769328,0.877424515096981
"Co",9683,7.93422382534547,0.510697860427914
"Co",9684,8.34306538970145,0.448910217956409
"Co",9685,11.94225070546,0.12377524495101
"Co",9686,5.73028167468755,0.842431513697261
"Co",9687,12.3863152202185,0.101779644071186
"Co",9688,4.9305929100681,0.925614877024595
"Co",9689,7.72907343509098,0.540091981603679
"Co",9690,10.4163983165851,0.21875624875025
"Co",9691,9.02987579104442,0.361727654469106
"Co",9692,4.49000393086556,0.960207958408318
"Co",9693,7.57234603796815,0.564887022595481
"Co",9694,13.6745430785069,0.0579884023195361
"Co",9695,6.5720641945461,0.72245550889822
"Co",9696,4.68948320859212,0.947810437912417
"Co",9697,12.10990254849,0.116576684663067
"Co",9698,6.46366941952547,0.740851829634073
"Co",9699,8.21857665993912,0.467706458708258
"Co",9700,7.13752616694433,0.633873225354929
"Co",9701,6.25802415948542,0.771045790841832
"Co",9702,8.68951594888424,0.402119576084783
"Co",9703,10.4393602425017,0.216956608678264
"Co",9704,8.99123580874914,0.365726854629074
"Co",9705,9.4870872617106,0.311937612477505
"Co",9706,6.82592322526725,0.686462707458508
"Co",9707,4.50762049670965,0.959008198360328
"Co",9708,8.81477459486658,0.385122975404919
"Co",9709,12.9767884992669,0.0785842831433713
"Co",9710,8.2736986234774,0.459508098380324
"Co",9711,6.20784121243283,0.778844231153769
"Co",9712,4.98411364409961,0.920215956808638
"Co",9713,9.27356983831316,0.336532693461308
"Co",9714,8.99652612608304,0.365126974605079
"Co",9715,10.2322328079378,0.234753049390122
"Co",9716,6.00055478411934,0.81003799240152
"Co",9717,6.38456973044777,0.752249550089982
"Co",9718,5.16843150606633,0.905418916216757
"Co",9719,7.27854638917574,0.611477704459108
"Co",9720,8.14540017626416,0.478904219156169
"Co",9721,12.1768520000186,0.113177364527095
"Co",9722,8.07466683009332,0.489902019596081
"Co",9723,4.31484268530826,0.968006398720256
"Co",9724,5.17644268508838,0.903619276144771
"Co",9725,7.52800040492005,0.57248550289942
"Co",9726,4.75421415847484,0.943411317736453
"Co",9727,6.39264298530401,0.750849830033993
"Co",9728,8.63430612910733,0.409918016396721
"Co",9729,7.97611397525279,0.505298940211958
"Co",9730,8.40364397481738,0.43871225754849
"Co",9731,6.79073511292162,0.691661667666467
"Co",9732,10.1364179795862,0.246950609878024
"Co",9733,6.00288236713334,0.809838032393521
"Co",9734,6.2052844120619,0.779844031193761
"Co",9735,6.39268244847591,0.750849830033993
"Co",9736,13.705498749202,0.0577884423115377
"Co",9737,5.58017004230294,0.859028194361128
"Co",9738,6.22630587642166,0.775844831033793
"Co",9739,6.86462630035518,0.679864027194561
"Co",9740,11.8342597688006,0.128374325134973
"Co",9741,10.1326014709974,0.246950609878024
"Co",9742,6.65512705668971,0.710057988402319
"Co",9743,9.1236506814835,0.352129574085183
"Co",9744,7.45425535628769,0.585282943411318
"Co",9745,9.05337899349456,0.358928214357129
"Co",9746,13.7618244543602,0.0555888822235553
"Co",9747,6.70669305311222,0.703459308138372
"Co",9748,10.7776434540561,0.193561287742452
"Co",9749,5.51513708029762,0.865626874625075
"Co",9750,10.5394463466806,0.209158168366327
"Co",9751,6.68157619709507,0.70625874825035
"Co",9752,8.15814966495537,0.47630473905219
"Co",9753,12.8473899220809,0.0845830833833233
"Co",9754,9.31804646398973,0.330333933213357
"Co",9755,5.60532237063669,0.857028594281144
"Co",9756,7.82654990819015,0.526094781043791
"Co",9757,4.76760234873831,0.941611677664467
"Co",9758,7.3208451961917,0.605478904219156
"Co",9759,7.87271052840001,0.518496300739852
"Co",9760,5.98200469975336,0.813037392521496
"Co",9761,6.05789854018087,0.801839632073585
"Co",9762,10.84805985773,0.187762447510498
"Co",9763,9.21641066814405,0.343531293741252
"Co",9764,12.0782146842249,0.117576484703059
"Co",9765,6.59037802078964,0.72005598880224
"Co",9766,11.278127174408,0.161167766446711
"Co",9767,6.51077471523341,0.73245350929814
"Co",9768,7.67134994461497,0.548890221955609
"Co",9769,7.51454555912684,0.574685062987403
"Co",9770,7.09059273596694,0.643271345730854
"Co",9771,6.85775939995739,0.68126374725055
"Co",9772,11.3200198190658,0.157368526294741
"Co",9773,14.0062092836928,0.0503899220155969
"Co",9774,9.97702434441354,0.261747650469906
"Co",9775,7.10219164784681,0.641471705658868
"Co",9776,8.81296308868588,0.385522895420916
"Co",9777,4.36046400030366,0.966006798640272
"Co",9778,12.4499515560969,0.0997800439912018
"Co",9779,14.7868596999831,0.0365926814637073
"Co",9780,6.84062029136254,0.685062987402519
"Co",9781,10.6849855731568,0.199560087982404
"Co",9782,6.34724189876135,0.758648270345931
"Co",9783,4.61798077109592,0.951809638072385
"Co",9784,8.93541645091707,0.373125374925015
"Co",9785,7.4022396826478,0.591481703659268
"Co",9786,5.16480968219184,0.905818836232753
"Co",9787,9.35548580039537,0.327334533093381
"Co",9788,11.2837561506524,0.160767846430714
"Co",9789,7.61968008648927,0.557288542291542
"Co",9790,8.36736700603564,0.445310937812438
"Co",9791,6.61793463254887,0.715656868626275
"Co",9792,7.6281690992065,0.556088782243551
"Co",9793,7.48068431021645,0.58128374325135
"Co",9794,6.24128728871304,0.773445310937812
"Co",9795,4.254597931251,0.970805838832234
"Co",9796,11.22961778146,0.16376724655069
"Co",9797,7.02507857971449,0.652669466106779
"Co",9798,4.17018616766151,0.975604879024195
"Co",9799,6.09308487622886,0.796640671865627
"Co",9800,18.2798959379201,0.00799840031993601
"Co",9801,10.407305387811,0.219356128774245
"Co",9802,6.30059382884406,0.765446910617876
"Co",9803,4.08563065568916,0.978204359128174
"Co",9804,5.6854814594526,0.847830433913217
"Co",9805,10.9293036092137,0.181563687262547
"Co",9806,5.28821565453197,0.891421715656869
"Co",9807,7.91085044114007,0.514497100579884
"Co",9808,10.8968438945395,0.183963207358528
"Co",9809,3.86172801432338,0.98500299940012
"Co",9810,9.34367960658767,0.328534293141372
"Co",9811,5.76506694171815,0.838432313537293
"Co",9812,7.83791302717177,0.524495100979804
"Co",9813,13.1374591340915,0.0721855628874225
"Co",9814,11.7889807748007,0.130573885222955
"Co",9815,7.89014876562428,0.516896620675865
"Co",9816,5.70775087247438,0.845230953809238
"Co",9817,6.99243618217079,0.658668266346731
"Co",9818,10.4968903754916,0.212157568486303
"Co",9819,9.73205428555372,0.288942211557688
"Co",9820,8.6262159350639,0.411117776444711
"Co",9821,6.5260537315618,0.729054189162168
"Co",9822,11.1652947282262,0.167366526694661
"Co",9823,7.02388415877101,0.652869426114777
"Co",9824,6.59864359375527,0.719056188762248
"Co",9825,8.54550497925146,0.421715656868626
"Co",9826,10.1229628792001,0.248950209958008
"Co",9827,8.55620391685693,0.420915816836633
"Co",9828,7.98223147551403,0.504499100179964
"Co",9829,11.9878222253389,0.121175764847031
"Co",9830,7.61491026500114,0.558288342331534
"Co",9831,3.88646623762628,0.984003199360128
"Co",9832,6.06741047686316,0.800239952009598
"Co",9833,10.3372716933897,0.2249550089982
"Co",9834,7.09886740170217,0.641671665666867
"Co",9835,13.0384639138128,0.0757848430313937
"Co",9836,5.73494130495069,0.842031593681264
"Co",9837,4.63624213566388,0.950409918016397
"Co",9838,4.95778785153348,0.922215556888622
"Co",9839,8.50692453839915,0.426914617076585
"Co",9840,8.57027103858292,0.418316336732653
"Co",9841,7.24035540924174,0.618476304739052
"Co",9842,15.2413662341616,0.0311937612477504
"Co",9843,4.73696154254594,0.944411117776445
"Co",9844,5.18641574315274,0.902619476104779
"Co",9845,11.1672549430151,0.167366526694661
"Co",9846,8.03559468020606,0.495500899820036
"Co",9847,11.8745654116677,0.126174765046991
"Co",9848,6.57929345129745,0.721655668866227
"Co",9849,12.7577228217686,0.0883823235352929
"Co",9850,12.2186927441602,0.111177764447111
"Co",9851,11.8165656861484,0.129374125174965
"Co",9852,6.09132680969233,0.796640671865627
"Co",9853,10.110101139867,0.249750049990002
"Co",9854,5.36114225266229,0.883623275344931
"Co",9855,9.49164038469323,0.311737652469506
"Co",9856,6.59634164737545,0.719856028794241
"Co",9857,10.43072346488,0.217956408718256
"Co",9858,6.38724959706536,0.751649670065987
"Co",9859,3.9307454998623,0.982803439312138
"Co",9860,6.00372448510745,0.809638072385523
"Co",9861,4.74467417392688,0.943811237752449
"Co",9862,5.31368394360661,0.889422115576885
"Co",9863,5.78440009613595,0.836432713457309
"Co",9864,6.00514454472335,0.809238152369526
"Co",9865,15.6730157599541,0.0253949210157968
"Co",9866,12.2172545670809,0.111177764447111
"Co",9867,8.19274362100185,0.470905818836233
"Co",9868,11.6756541262285,0.135572885422915
"Co",9869,4.56928594094967,0.95500899820036
"Co",9870,13.6432433162541,0.0587882423515297
"Co",9871,6.91948824678582,0.671065786842632
"Co",9872,5.72110934863349,0.844031193761248
"Co",9873,12.9020622953573,0.0811837632473505
"Co",9874,8.81112870360943,0.385522895420916
"Co",9875,7.27681494819342,0.612077584483103
"Co",9876,6.17673706343729,0.783643271345731
"Co",9877,9.89307136501637,0.271545690861828
"Co",9878,11.9954974666697,0.120975804839032
"Co",9879,10.7826952775954,0.193161367726455
"Co",9880,9.12147421324616,0.352129574085183
"Co",9881,8.21267632957105,0.468306338732254
"Co",9882,7.88754069882231,0.516896620675865
"Co",9883,4.53446344219765,0.957208558288342
"Co",9884,7.8180189834292,0.527694461107778
"Co",9885,15.9996529855281,0.021995600879824
"Co",9886,9.05887871990581,0.35872825434913
"Co",9887,6.36712250671067,0.754249150169966
"Co",9888,7.6932680789005,0.545290941811638
"Co",9889,16.6439324278455,0.0175964807038592
"Co",9890,10.2172282389803,0.237152569486103
"Co",9891,9.72531095807383,0.290141971605679
"Co",9892,10.9453690390804,0.180563887222555
"Co",9893,9.23261638544744,0.341931613677265
"Co",9894,13.3179362338294,0.0661867626474705
"Co",9895,5.35432470145574,0.884423115376925
"Co",9896,11.0885139897047,0.171165766846631
"Co",9897,12.0277464134418,0.119376124775045
"Co",9898,14.1638474436544,0.0459908018396321
"Co",9899,20.4707689745358,0.00399920015996801
"Co",9900,6.03791387378544,0.804039192161568
"Co",9901,9.45813382955262,0.314937012597481
"Co",9902,16.3953832369766,0.01999600079984
"Co",9903,8.34673141670507,0.448310337932414
"Co",9904,6.13433939090504,0.789442111577685
"Co",9905,12.0330296364058,0.119376124775045
"Co",9906,10.2660624022664,0.231353729254149
"Co",9907,8.71591993919131,0.397720455908818
"Co",9908,9.18798454528329,0.345330933813237
"Co",9909,5.44700268988046,0.873825234953009
"Co",9910,9.77349461157056,0.283143371325735
"Co",9911,7.43979530764861,0.58628274345131
"Co",9912,7.36221291700713,0.597280543891222
"Co",9913,4.54912078799444,0.956608678264347
"Co",9914,8.46094902701137,0.431913617276545
"Co",9915,7.76892423446093,0.535892821435713
"Co",9916,8.70202255190759,0.399720055988802
"Co",9917,6.50918421740062,0.732853429314137
"Co",9918,7.4631900420145,0.583883223355329
"Co",9919,5.31638358255418,0.888822235552889
"Co",9920,10.4085345623263,0.219156168766247
"Co",9921,7.10120234762755,0.641671665666867
"Co",9922,12.4236769836902,0.100179964007199
"Co",9923,6.94110757734654,0.668466306738652
"Co",9924,9.64753910145524,0.298340331933613
"Co",9925,10.4798253443583,0.213957208558288
"Co",9926,6.76279922169928,0.696060787842432
"Co",9927,7.0967507836445,0.642271545690862
"Co",9928,12.2574422968255,0.108378324335133
"Co",9929,14.6469359143028,0.0385922815436913
"Co",9930,13.893934618622,0.0525894821035793
"Co",9931,8.64462553981983,0.40751849630074
"Co",9932,7.10194992547403,0.641671665666867
"Co",9933,11.3987889190209,0.151769646070786
"Co",9934,6.45013267418739,0.74245150969806
"Co",9935,8.91118790685545,0.375524895020996
"Co",9936,4.83055048083659,0.937812437512498
"Co",9937,14.5208137394661,0.0401919616076785
"Co",9938,8.76231873341351,0.39252149570086
"Co",9939,8.29200620746559,0.45750849830034
"Co",9940,5.07934439341943,0.913617276544691
"Co",9941,8.16801952074943,0.474905018996201
"Co",9942,4.93765339342349,0.924615076984603
"Co",9943,9.95248867657671,0.265346930613877
"Co",9944,7.43679614841201,0.586682663467307
"Co",9945,12.3158465319368,0.105778844231154
"Co",9946,11.8490447194507,0.127774445110978
"Co",9947,5.12925586826378,0.908418316336733
"Co",9948,9.46687256676091,0.314337132573485
"Co",9949,9.37754948505102,0.325534893021396
"Co",9950,5.65324429436356,0.851029794041192
"Co",9951,8.47986221102201,0.429314137172566
"Co",9952,7.98103785939054,0.504499100179964
"Co",9953,9.48399320930238,0.312337532493501
"Co",9954,8.45005806638264,0.433113377324535
"Co",9955,7.3202837674242,0.605478904219156
"Co",9956,9.81240449132284,0.279744051189762
"Co",9957,7.07420905390083,0.64627074585083
"Co",9958,8.72116788093859,0.39752049590082
"Co",9959,12.4824713117733,0.0987802439512098
"Co",9960,4.78706572231025,0.939612077584483
"Co",9961,4.98231028713312,0.920615876824635
"Co",9962,5.50107379408584,0.867426514697061
"Co",9963,4.43706915101339,0.961807638472306
"Co",9964,14.0512622907527,0.0491901619676065
"Co",9965,15.2173053845572,0.0317936412717457
"Co",9966,4.9037569824975,0.929814037192562
"Co",9967,5.57503235341844,0.859828034393121
"Co",9968,6.32782302695767,0.761847630473905
"Co",9969,7.52308477523184,0.572885422915417
"Co",9970,4.51118366428719,0.958608278344331
"Co",9971,7.37323162710439,0.596080783843231
"Co",9972,6.55865511098631,0.724855028994201
"Co",9973,12.8431505207597,0.0845830833833233
"Co",9974,15.0334848031568,0.0341931613677265
"Co",9975,8.16747106586433,0.474905018996201
"Co",9976,7.37372208650811,0.596080783843231
"Co",9977,6.03149890122548,0.804639072185563
"Co",9978,10.2796302562831,0.229754049190162
"Co",9979,10.7156678381045,0.197960407918416
"Co",9980,4.36864062420059,0.965806838632274
"Co",9981,9.47816528146788,0.312337532493501
"Co",9982,9.40113160999934,0.321135772845431
"Co",9983,7.23278465811195,0.619076184763047
"Co",9984,6.68405917594015,0.70625874825035
"Co",9985,6.63468519870216,0.712857428514297
"Co",9986,7.14813700754161,0.632673465306939
"Co",9987,8.89455078028624,0.37752449510098
"Co",9988,7.67921068769809,0.547290541891622
"Co",9989,5.35990459287945,0.883823235352929
"Co",9990,7.62709472424538,0.556088782243551
"Co",9991,3.04068532924256,0.997400519896021
"Co",9992,9.75203090982239,0.286942611477704
"Co",9993,9.04349004062351,0.360527894421116
"Co",9994,10.3048435921177,0.227354529094181
"Co",9995,12.1006585248495,0.116776644671066
"Co",9996,4.12866312699379,0.977004599080184
"Co",9997,9.98742563399406,0.260347930413917
"Co",9998,8.08690326947209,0.488302339532094
"Co",9999,9.9231126247978,0.268346330733853
"Co",10000,9.09257621372871,0.355528894221156
