"tolerance_type","tolerance","is_primary","k_reference","n_valid","pct_in_reference","pct_largest_competitor","competitor_centre","median_k","iqr_k","ci_lo","ci_hi","stability_class"
"relative",0.01,FALSE,31.3265306122449,80,1,0,NA,31.3265306122449,0.103391356542627,31.1356542617047,31.4855942376951,"high"
"relative",0.02,TRUE,31.3265306122449,80,1,0,NA,31.3265306122449,0.103391356542627,31.1356542617047,31.4855942376951,"high"
"relative",0.05,FALSE,31.3265306122449,80,1,0,NA,31.3265306122449,0.103391356542627,31.1356542617047,31.4855942376951,"high"
"absolute",0.15906362545018,FALSE,31.3265306122449,80,0.8625,NA,NA,31.3265306122449,0.103391356542627,31.1356542617047,31.4855942376951,"high"
